TIPO_OBJETO,TABLA,NOMBRE,TIPO_DATO,EXPRESION,FORMATO,CARPETA,VISIBLE,LINEAGE_TAG,DEPENDENCIAS,OBSERVACION
TABLA,Fact_Pedidos_Auditoria,Fact_Pedidos_Auditoria,,,,,SI,60de4c02-af37-476f-9d67-4dd35cd7406c,,partition=1
COLUMNA,Fact_Pedidos_Auditoria,PED_NUMERO_PEDIDO,string,,,,SI,87df1d64-8070-4e16-96d0-375f023e007c,,sourceColumn=PED_NUMERO_PEDIDO
COLUMNA,Fact_Pedidos_Auditoria,PED_CODIGO_CLIENTE,string,,,,SI,fe299c65-0c8c-449b-8abc-91920050a88f,,sourceColumn=PED_CODIGO_CLIENTE
COLUMNA,Fact_Pedidos_Auditoria,PED_RESPONSABLE,string,,,,SI,ae85fa31-f68f-4c4f-acfb-26c6d30ecf69,,sourceColumn=PED_RESPONSABLE
COLUMNA,Fact_Pedidos_Auditoria,PED_CENTRO,string,,,,SI,d4fc354e-ed20-41d2-9814-24b3dae0117f,,sourceColumn=PED_CENTRO
COLUMNA,Fact_Pedidos_Auditoria,PED_CIUDAD,string,,,,SI,50b89842-8dde-40ea-9aaa-9ce81cba9ee5,,sourceColumn=PED_CIUDAD
COLUMNA,Fact_Pedidos_Auditoria,PED_REGION,string,,,,SI,ac68d2b4-faa0-4f12-b195-242f9f84def3,,sourceColumn=PED_REGION
COLUMNA,Fact_Pedidos_Auditoria,PED_CONDICION_EXPEDICION_CODIGO,string,,,,SI,490b7b4e-fa21-4a70-820d-343f3212263a,,sourceColumn=PED_CONDICION_EXPEDICION_CODIGO
COLUMNA,Fact_Pedidos_Auditoria,PED_CONDICION_EXPEDICION,string,,,,SI,2040b468-22e2-4bcb-abd9-3b6ccac3ad89,,sourceColumn=PED_CONDICION_EXPEDICION
COLUMNA,Fact_Pedidos_Auditoria,PED_ORDEN_COMPRA_CLIENTE,string,,,,SI,4482d800-3ff1-44c6-b7a3-219f0fd6f272,,sourceColumn=PED_ORDEN_COMPRA_CLIENTE
COLUMNA,Fact_Pedidos_Auditoria,PED_CANAL_CODIGO,string,,,,SI,3f7e4186-dcd7-47f4-bf73-5c93a7dd0f3c,,sourceColumn=PED_CANAL_CODIGO
COLUMNA,Fact_Pedidos_Auditoria,PED_CANAL,string,,,,SI,d6024118-43b8-4074-b054-d68273b3dbda,,sourceColumn=PED_CANAL
COLUMNA,Fact_Pedidos_Auditoria,PED_VALOR_NETO,double,,,,SI,b9810779-c7e7-4aee-b7c4-37f3b73fbaed,,sourceColumn=PED_VALOR_NETO
COLUMNA,Fact_Pedidos_Auditoria,PED_MONEDA,string,,,,SI,373fa968-da8a-4932-a6fa-c583bd7dc58b,,sourceColumn=PED_MONEDA
COLUMNA,Fact_Pedidos_Auditoria,PED_BLOQUEO_ENTREGA,string,,,,SI,9d7acd69-8e6b-419c-b534-7aee34f3fee8,,sourceColumn=PED_BLOQUEO_ENTREGA
COLUMNA,Fact_Pedidos_Auditoria,PED_ESTADO_CREDITO,string,,,,SI,ee9e7b14-e078-4650-b140-f9e2d857ba3b,,sourceColumn=PED_ESTADO_CREDITO
COLUMNA,Fact_Pedidos_Auditoria,SERV_TIPO_SERVICIO,string,,,,SI,8a593753-e13b-44c1-a1cb-3f75065b0cd7,,sourceColumn=SERV_TIPO_SERVICIO
COLUMNA,Fact_Pedidos_Auditoria,SERV_TIPO_SERVICIO_PLANIFICADO,string,,,,SI,f6a84535-17f5-4927-a937-5cf26b90f9a0,,sourceColumn=SERV_TIPO_SERVICIO_PLANIFICADO
COLUMNA,Fact_Pedidos_Auditoria,OTIF_ESTADO_PEDIDO,string,,,,SI,d027be74-1933-4c8e-a08a-b245fc1b9316,,sourceColumn=OTIF_ESTADO_PEDIDO
COLUMNA,Fact_Pedidos_Auditoria,PED_TEXTO_ESTADO,string,,,,SI,0119a0e2-d408-4794-be34-1bb6a0c4dac5,,sourceColumn=PED_TEXTO_ESTADO
COLUMNA,Fact_Pedidos_Auditoria,CED_CANTIDAD_COPIAS,string,,,,SI,ad494fe5-87cd-4a20-a64e-20225abe4154,,sourceColumn=CED_CANTIDAD_COPIAS
COLUMNA,Fact_Pedidos_Auditoria,ES_FES,boolean,,"""""""TRUE"""";""""TRUE"""";""""FALSE""""""",,SI,5234835c-31f4-4ee2-ba23-a81ab1cea447,,sourceColumn=ES_FES
COLUMNA,Fact_Pedidos_Auditoria,ES_SALDO,boolean,,"""""""TRUE"""";""""TRUE"""";""""FALSE""""""",,SI,a2661916-f9db-4452-b8b6-d8c1de95cafc,,sourceColumn=ES_SALDO
COLUMNA,Fact_Pedidos_Auditoria,PRIMERA_FECHA_PEDIDO_POSTERIOR,dateTime,,General Date,,SI,985786a8-9a6c-4a36-bb6a-03c86415a7cd,,sourceColumn=PRIMERA_FECHA_PEDIDO_POSTERIOR
COLUMNA,Fact_Pedidos_Auditoria,ULTIMA_FECHA_PEDIDO_POSTERIOR,dateTime,,General Date,,SI,3b4e9a09-697a-43ac-9193-912bc996b789,,sourceColumn=ULTIMA_FECHA_PEDIDO_POSTERIOR
COLUMNA,Fact_Pedidos_Auditoria,PRIMERA_FECHA_ENTREGA_POSTERIOR,dateTime,,General Date,,SI,bb27dfd8-43cd-41e1-991e-a4bf6b75318c,,sourceColumn=PRIMERA_FECHA_ENTREGA_POSTERIOR
COLUMNA,Fact_Pedidos_Auditoria,ULTIMA_FECHA_ENTREGA_POSTERIOR,dateTime,,General Date,,SI,8bceb4f5-756e-4740-9ddc-5ca8c82b33e3,,sourceColumn=ULTIMA_FECHA_ENTREGA_POSTERIOR
COLUMNA,Fact_Pedidos_Auditoria,PRIMERA_FECHA_MANIFIESTO,dateTime,,General Date,,SI,2514413b-98e9-4c7f-8475-7fe712b19faf,,sourceColumn=PRIMERA_FECHA_MANIFIESTO
COLUMNA,Fact_Pedidos_Auditoria,ULTIMA_FECHA_MANIFIESTO,dateTime,,General Date,,SI,6a64fa13-1193-482b-a584-fc1b923675ab,,sourceColumn=ULTIMA_FECHA_MANIFIESTO
COLUMNA,Fact_Pedidos_Auditoria,REGLA_CLASIFICACION_FES,string,,,,SI,bdc3e811-19e2-4afd-abd7-068c55b473ef,,sourceColumn=REGLA_CLASIFICACION_FES
COLUMNA,Fact_Pedidos_Auditoria,REGLA_CLASIFICACION_SALDO,string,,,,SI,383592c9-f5f0-4933-a85c-9e543f71eee2,,sourceColumn=REGLA_CLASIFICACION_SALDO
COLUMNA,Fact_Pedidos_Auditoria,SEGMENTO_ANALISIS,string,,,,SI,19f5783c-e115-42a8-89dd-af41e444b4e1,,sourceColumn=SEGMENTO_ANALISIS
COLUMNA,Fact_Pedidos_Auditoria,INCLUIR_SLA_NORMAL,boolean,,"""""""TRUE"""";""""TRUE"""";""""FALSE""""""",,SI,79ce6176-5b8c-42ac-8ec1-5125b2769096,,sourceColumn=INCLUIR_SLA_NORMAL
COLUMNA,Fact_Pedidos_Auditoria,PDA_P_FECHA_HORA,dateTime,,General Date,,SI,3bcbbfc3-7016-4fdf-98d8-af91ed5c9c2d,,sourceColumn=PDA_P_FECHA_HORA
COLUMNA,Fact_Pedidos_Auditoria,PED_FECHA_HORA,dateTime,,General Date,,SI,baaff59d-49f1-4abb-8e5d-1d1b2f873fa1,,sourceColumn=PED_FECHA_HORA
COLUMNA,Fact_Pedidos_Auditoria,COM_P_FECHA_HORA,dateTime,,General Date,,SI,1275571c-101a-4f1d-86bf-18025c3a5178,,sourceColumn=COM_P_FECHA_HORA
COLUMNA,Fact_Pedidos_Auditoria,COM_U_FECHA_HORA,dateTime,,General Date,,SI,1ff0146d-c53f-43e9-8a4a-a4044ec03e3a,,sourceColumn=COM_U_FECHA_HORA
COLUMNA,Fact_Pedidos_Auditoria,CRD_P_FECHA_HORA,dateTime,,General Date,,SI,231637fa-3aa8-45d3-abd2-c9328935dbed,,sourceColumn=CRD_P_FECHA_HORA
COLUMNA,Fact_Pedidos_Auditoria,GER_P_FECHA_HORA,dateTime,,General Date,,SI,e8768d39-f376-44e9-8eb2-a557b591e46d,,sourceColumn=GER_P_FECHA_HORA
COLUMNA,Fact_Pedidos_Auditoria,ENT_P_FECHA_HORA,dateTime,,General Date,,SI,3bc9dd45-a2c4-4d67-a9df-76eb7ca101ad,,sourceColumn=ENT_P_FECHA_HORA
COLUMNA,Fact_Pedidos_Auditoria,ENT_U_FECHA_HORA,dateTime,,General Date,,SI,e00906f5-8a28-4366-b919-d4a7125a749f,,sourceColumn=ENT_U_FECHA_HORA
COLUMNA,Fact_Pedidos_Auditoria,PIC_P_FECHA_HORA,dateTime,,General Date,,SI,dca7344c-b46d-4345-87f3-534aa6b956c7,,sourceColumn=PIC_P_FECHA_HORA
COLUMNA,Fact_Pedidos_Auditoria,PIC_U_FECHA_HORA,dateTime,,General Date,,SI,432bf048-86a2-4232-95d9-495066192d18,,sourceColumn=PIC_U_FECHA_HORA
COLUMNA,Fact_Pedidos_Auditoria,PAC_P_FECHA_HORA,dateTime,,General Date,,SI,9d17f76c-9f96-4b58-8f29-cde021c11ced,,sourceColumn=PAC_P_FECHA_HORA
COLUMNA,Fact_Pedidos_Auditoria,PAC_U_FECHA_HORA,dateTime,,General Date,,SI,f6381bad-1412-4308-bc4c-b1271af041bd,,sourceColumn=PAC_U_FECHA_HORA
COLUMNA,Fact_Pedidos_Auditoria,FAC_P_FECHA_HORA_REAL,dateTime,,General Date,,SI,441d7f9d-da03-4480-8a1c-b8d91301590a,,sourceColumn=FAC_P_FECHA_HORA_REAL
COLUMNA,Fact_Pedidos_Auditoria,FAC_U_FECHA_HORA,dateTime,,General Date,,SI,520e4fd4-da54-430b-b5e2-a5fab99f2532,,sourceColumn=FAC_U_FECHA_HORA
COLUMNA,Fact_Pedidos_Auditoria,TRP_P_FECHA_HORA,dateTime,,General Date,,SI,1b46c6b9-3263-4367-922e-00b4efbf61ec,,sourceColumn=TRP_P_FECHA_HORA
COLUMNA,Fact_Pedidos_Auditoria,TRP_U_FECHA_HORA,dateTime,,General Date,,SI,46425e87-289a-4244-bcbe-a2243f2a9858,,sourceColumn=TRP_U_FECHA_HORA
COLUMNA,Fact_Pedidos_Auditoria,TSTTO_P_FECHA_HORA,dateTime,,General Date,,SI,c0cdcc6a-4dd4-4088-b258-8e1613c9c504,,sourceColumn=TSTTO_P_FECHA_HORA
COLUMNA,Fact_Pedidos_Auditoria,TSTTO_U_FECHA_HORA,dateTime,,General Date,,SI,6d886005-bc1a-4959-b0f5-3d15fb7a5bcb,,sourceColumn=TSTTO_U_FECHA_HORA
COLUMNA,Fact_Pedidos_Auditoria,CED_P_FECHA_HORA,dateTime,,General Date,,SI,252ef454-1170-4552-ad1f-1e0445a06141,,sourceColumn=CED_P_FECHA_HORA
COLUMNA,Fact_Pedidos_Auditoria,CED_U_FECHA_HORA,dateTime,,General Date,,SI,272bb00b-e897-473a-aa70-759d2903ea17,,sourceColumn=CED_U_FECHA_HORA
COLUMNA,Fact_Pedidos_Auditoria,FAC_FECHA_OPERATIVA_AJUSTADA,dateTime,,General Date,,SI,029fa199-a57a-43ee-989f-e1b7d0cf0186,,sourceColumn=FAC_FECHA_OPERATIVA_AJUSTADA
COLUMNA,Fact_Pedidos_Auditoria,FES_FECHA_CIERRE_OPERATIVO_100,dateTime,,General Date,,SI,66be51d6-06c3-42e4-a37c-019d5aa8bfe3,,sourceColumn=FES_FECHA_CIERRE_OPERATIVO_100
COLUMNA,Fact_Pedidos_Auditoria,HRS_COMERCIAL_PDA_SAC,double,,,,SI,54f7cca2-954d-4f89-bc1e-ea946599f6ba,,sourceColumn=HRS_COMERCIAL_PDA_SAC
COLUMNA,Fact_Pedidos_Auditoria,DIAS_EQ_COMERCIAL_9_5H,double,,,,SI,945bb523-7790-4cf2-8af1-bcc7d4a40e92,,sourceColumn=DIAS_EQ_COMERCIAL_9_5H
COLUMNA,Fact_Pedidos_Auditoria,DH_COMERCIAL_PDA_SAC,int64,,0,,SI,b2ac951a-3672-4444-bda0-409999ad94d2,,sourceColumn=DH_COMERCIAL_PDA_SAC
COLUMNA,Fact_Pedidos_Auditoria,DH_CREDITO_COBRANZAS,int64,,0,,SI,350e0a59-fc30-4095-9115-b263b0f47208,,sourceColumn=DH_CREDITO_COBRANZAS
COLUMNA,Fact_Pedidos_Auditoria,DH_OPERACION_INTERNA,int64,,0,,SI,aef1bc81-5c1e-483b-b1eb-8890b72e71aa,,sourceColumn=DH_OPERACION_INTERNA
COLUMNA,Fact_Pedidos_Auditoria,DH_CREDITO_A_PRIMERA_ENTREGA,int64,,0,,SI,4a166755-72c4-4a4e-aa60-d4fb93cddfb0,,sourceColumn=DH_CREDITO_A_PRIMERA_ENTREGA
COLUMNA,Fact_Pedidos_Auditoria,DH_PRIMERA_ENTREGA_A_PRIMER_PICKING,int64,,0,,SI,1cecbf67-f3c1-4b69-9fbf-40afc3c445c6,,sourceColumn=DH_PRIMERA_ENTREGA_A_PRIMER_PICKING
COLUMNA,Fact_Pedidos_Auditoria,DH_PRIMER_PICKING_A_PRIMER_PACKING,int64,,0,,SI,a5e859ca-d070-45e7-a00d-b40e4731f912,,sourceColumn=DH_PRIMER_PICKING_A_PRIMER_PACKING
COLUMNA,Fact_Pedidos_Auditoria,DH_PRIMER_PACKING_A_PRIMERA_FACTURA,int64,,0,,SI,4a601350-0cce-4863-9fb2-7de9dd2f26aa,,sourceColumn=DH_PRIMER_PACKING_A_PRIMERA_FACTURA
COLUMNA,Fact_Pedidos_Auditoria,DH_PRIMER_PICKING_A_PRIMERA_FACTURA,int64,,0,,SI,297d4542-b44f-4df9-82dc-0cca859f9197,,sourceColumn=DH_PRIMER_PICKING_A_PRIMERA_FACTURA
COLUMNA,Fact_Pedidos_Auditoria,DH_DESPACHO,int64,,0,,SI,7e239870-d933-44b6-a734-dfb989e27805,,sourceColumn=DH_DESPACHO
COLUMNA,Fact_Pedidos_Auditoria,DH_LEAD_NORMAL,int64,,0,,SI,3424c792-69aa-453c-8afd-bff2ce568c3d,,sourceColumn=DH_LEAD_NORMAL
COLUMNA,Fact_Pedidos_Auditoria,ESTADO_SLA_NORMAL,string,,,,SI,df90df40-150d-41a0-9b46-51b77bc4c276,,sourceColumn=ESTADO_SLA_NORMAL
COLUMNA,Fact_Pedidos_Auditoria,PROCESO_DOMINANTE_NORMAL,string,,,,SI,580de198-94f5-4dc9-be18-05ef80417582,,sourceColumn=PROCESO_DOMINANTE_NORMAL
COLUMNA,Fact_Pedidos_Auditoria,DH_FES_CREDITO_A_PRIMER_DESPACHO,int64,,0,,SI,8355f48b-a0e8-49e3-9e03-b0ce18e879c6,,sourceColumn=DH_FES_CREDITO_A_PRIMER_DESPACHO
COLUMNA,Fact_Pedidos_Auditoria,DH_FES_FACTURA_A_PRIMER_DESPACHO,int64,,0,,SI,f06b4f02-094e-4615-8e14-ff8f7a7970cb,,sourceColumn=DH_FES_FACTURA_A_PRIMER_DESPACHO
COLUMNA,Fact_Pedidos_Auditoria,DH_FES_FACTURA_A_PRIMER_PEDIDO_POSTERIOR,int64,,0,,SI,4e0f4cf7-21e2-4402-9604-e7bfb3aeefca,,sourceColumn=DH_FES_FACTURA_A_PRIMER_PEDIDO_POSTERIOR
COLUMNA,Fact_Pedidos_Auditoria,DH_FES_PRIMER_PEDIDO_A_PRIMERA_ENTREGA_POSTERIOR,int64,,0,,SI,ed3c5a5e-9933-4fbd-80b4-46014c407f65,,sourceColumn=DH_FES_PRIMER_PEDIDO_A_PRIMERA_ENTREGA_POSTERIOR
COLUMNA,Fact_Pedidos_Auditoria,DH_FES_PRIMERA_ENTREGA_A_PRIMER_MANIFIESTO,int64,,0,,SI,6b394746-b30a-4ba8-8d36-a62d9eb039a7,,sourceColumn=DH_FES_PRIMERA_ENTREGA_A_PRIMER_MANIFIESTO
COLUMNA,Fact_Pedidos_Auditoria,DH_FES_FACTURA_A_PRIMER_MANIFIESTO,int64,,0,,SI,cf56fc13-5fa0-4702-8e85-b2c59a65a967,,sourceColumn=DH_FES_FACTURA_A_PRIMER_MANIFIESTO
COLUMNA,Fact_Pedidos_Auditoria,DH_FES_FACTURA_A_ULTIMO_MANIFIESTO,int64,,0,,SI,16a3efbc-5986-4e1d-8cdb-a18ea79ad461,,sourceColumn=DH_FES_FACTURA_A_ULTIMO_MANIFIESTO
COLUMNA,Fact_Pedidos_Auditoria,DH_FES_BRECHA_PRIMER_ULTIMO_MANIFIESTO,int64,,0,,SI,513c416b-68c5-487e-a67c-8b792caf169c,,sourceColumn=DH_FES_BRECHA_PRIMER_ULTIMO_MANIFIESTO
COLUMNA,Fact_Pedidos_Auditoria,DH_ENTREGA_COMPLETA_100,int64,,0,,SI,d86f9c3c-918b-4865-80e1-8060ba934fe7,,sourceColumn=DH_ENTREGA_COMPLETA_100
COLUMNA,Fact_Pedidos_Auditoria,DH_BRECHA_PRIMER_ULTIMO_DESPACHO,int64,,0,,SI,8804ae8a-27e9-435a-82f2-464d6847eb09,,sourceColumn=DH_BRECHA_PRIMER_ULTIMO_DESPACHO
COLUMNA,Fact_Pedidos_Auditoria,DH_PRIMERA_FACTURA_A_ULTIMO_DESPACHO,int64,,0,,SI,6ee873d9-cc1a-42b6-9491-b0d21b557ccb,,sourceColumn=DH_PRIMERA_FACTURA_A_ULTIMO_DESPACHO
COLUMNA,Fact_Pedidos_Auditoria,DH_ENT_PRIMERA_ULTIMA,int64,,0,,SI,cc71c9f5-a3ef-4d35-a3c7-6defa47bd5e8,,sourceColumn=DH_ENT_PRIMERA_ULTIMA
COLUMNA,Fact_Pedidos_Auditoria,DH_PIC_PRIMERO_ULTIMO,int64,,0,,SI,8532866c-41d5-4275-9c40-145820d68101,,sourceColumn=DH_PIC_PRIMERO_ULTIMO
COLUMNA,Fact_Pedidos_Auditoria,DH_PAC_PRIMERO_ULTIMO,int64,,0,,SI,b0b5881b-6839-48c6-83fc-9a07494a80fe,,sourceColumn=DH_PAC_PRIMERO_ULTIMO
COLUMNA,Fact_Pedidos_Auditoria,DH_FAC_PRIMERA_ULTIMA,int64,,0,,SI,89649825-2483-4cbf-8155-132cbaff624e,,sourceColumn=DH_FAC_PRIMERA_ULTIMA
COLUMNA,Fact_Pedidos_Auditoria,DH_DESPACHO_A_CEDIBLE,int64,,0,,SI,5f8d9518-2a19-44f1-913d-cc22536c74e5,,sourceColumn=DH_DESPACHO_A_CEDIBLE
COLUMNA,Fact_Pedidos_Auditoria,DH_CREACION_A_CEDIBLE,int64,,0,,SI,737cef82-0a9e-4cfd-a4c5-d6b680d52c40,,sourceColumn=DH_CREACION_A_CEDIBLE
COLUMNA,Fact_Pedidos_Auditoria,MES_CREACION,string,,,,SI,886880ef-8766-4bf1-8b26-766886cc1230,,sourceColumn=MES_CREACION
COLUMNA,Fact_Pedidos_Auditoria,DIA_MES_CREACION,int64,,0,,SI,8975bd0b-3583-4976-a1ad-63f0749ce219,,sourceColumn=DIA_MES_CREACION
COLUMNA,Fact_Pedidos_Auditoria,TRAMO_MES_CALENDARIO,string,,,,SI,b620cb3a-170c-42fb-905a-b2d399e932be,,sourceColumn=TRAMO_MES_CALENDARIO
COLUMNA,Fact_Pedidos_Auditoria,ES_ULTIMOS_7_DIAS_HABILES_MES,boolean,,"""""""TRUE"""";""""TRUE"""";""""FALSE""""""",,SI,e0b84ad9-1734-4ffe-8e8e-8e212e019263,,sourceColumn=ES_ULTIMOS_7_DIAS_HABILES_MES
COLUMNA,Fact_Pedidos_Auditoria,AUD_TIENE_PDA,boolean,,"""""""TRUE"""";""""TRUE"""";""""FALSE""""""",,SI,3818ba12-4b07-4a7c-9a12-6a748326b288,,sourceColumn=AUD_TIENE_PDA
COLUMNA,Fact_Pedidos_Auditoria,AUD_TIENE_PED,boolean,,"""""""TRUE"""";""""TRUE"""";""""FALSE""""""",,SI,b0524b8c-0333-46e6-be7a-f3d918a08c37,,sourceColumn=AUD_TIENE_PED
COLUMNA,Fact_Pedidos_Auditoria,AUD_TIENE_COM_P,boolean,,"""""""TRUE"""";""""TRUE"""";""""FALSE""""""",,SI,756a9cbc-daa2-473f-8d4b-9216ee6a532a,,sourceColumn=AUD_TIENE_COM_P
COLUMNA,Fact_Pedidos_Auditoria,AUD_TIENE_CRD_P,boolean,,"""""""TRUE"""";""""TRUE"""";""""FALSE""""""",,SI,35d8def2-2484-49f4-b938-91f18756139e,,sourceColumn=AUD_TIENE_CRD_P
COLUMNA,Fact_Pedidos_Auditoria,AUD_TIENE_ENT_P,boolean,,"""""""TRUE"""";""""TRUE"""";""""FALSE""""""",,SI,cc468339-c122-4aab-9168-b93463e62236,,sourceColumn=AUD_TIENE_ENT_P
COLUMNA,Fact_Pedidos_Auditoria,AUD_TIENE_PIC_P,boolean,,"""""""TRUE"""";""""TRUE"""";""""FALSE""""""",,SI,d46a40e4-4d9b-475c-8e7a-45808f886fa0,,sourceColumn=AUD_TIENE_PIC_P
COLUMNA,Fact_Pedidos_Auditoria,AUD_TIENE_PAC_P,boolean,,"""""""TRUE"""";""""TRUE"""";""""FALSE""""""",,SI,78063c69-51e9-408c-8bb5-04f61d012c39,,sourceColumn=AUD_TIENE_PAC_P
COLUMNA,Fact_Pedidos_Auditoria,AUD_TIENE_FAC_P,boolean,,"""""""TRUE"""";""""TRUE"""";""""FALSE""""""",,SI,9aa83c49-0377-4176-ab05-b82e9e94e67a,,sourceColumn=AUD_TIENE_FAC_P
COLUMNA,Fact_Pedidos_Auditoria,AUD_TIENE_TRP_P,boolean,,"""""""TRUE"""";""""TRUE"""";""""FALSE""""""",,SI,de13eb00-cf20-484c-afe6-38c0293c2be3,,sourceColumn=AUD_TIENE_TRP_P
COLUMNA,Fact_Pedidos_Auditoria,AUD_TIENE_TSTTO_P,boolean,,"""""""TRUE"""";""""TRUE"""";""""FALSE""""""",,SI,183cdf36-d200-4d37-9a74-1828785422ff,,sourceColumn=AUD_TIENE_TSTTO_P
COLUMNA,Fact_Pedidos_Auditoria,AUD_TIENE_CED_P,boolean,,"""""""TRUE"""";""""TRUE"""";""""FALSE""""""",,SI,81fc9946-45eb-4366-9a54-8c1bd8ff04e5,,sourceColumn=AUD_TIENE_CED_P
COLUMNA,Fact_Pedidos_Auditoria,AUD_INC_PDA_DESPUES_PED,boolean,,"""""""TRUE"""";""""TRUE"""";""""FALSE""""""",,SI,77b99974-348e-43ad-ae93-058156c7b512,,sourceColumn=AUD_INC_PDA_DESPUES_PED
COLUMNA,Fact_Pedidos_Auditoria,AUD_INC_COM_ANTES_PED,boolean,,"""""""TRUE"""";""""TRUE"""";""""FALSE""""""",,SI,db12d63d-bfaf-4610-87ef-39f5fce9c6bc,,sourceColumn=AUD_INC_COM_ANTES_PED
COLUMNA,Fact_Pedidos_Auditoria,AUD_INC_CRD_ANTES_PED,boolean,,"""""""TRUE"""";""""TRUE"""";""""FALSE""""""",,SI,80b2ca83-d950-438f-9925-c6e52378158c,,sourceColumn=AUD_INC_CRD_ANTES_PED
COLUMNA,Fact_Pedidos_Auditoria,AUD_INC_ENT_ANTES_PED,boolean,,"""""""TRUE"""";""""TRUE"""";""""FALSE""""""",,SI,31876293-4219-4f74-8622-ccc8f60d420e,,sourceColumn=AUD_INC_ENT_ANTES_PED
COLUMNA,Fact_Pedidos_Auditoria,AUD_INC_PIC_ANTES_ENT,boolean,,"""""""TRUE"""";""""TRUE"""";""""FALSE""""""",,SI,c77f8125-fb33-4550-be55-3ed23e45d5d1,,sourceColumn=AUD_INC_PIC_ANTES_ENT
COLUMNA,Fact_Pedidos_Auditoria,AUD_INC_PAC_ANTES_PIC,boolean,,"""""""TRUE"""";""""TRUE"""";""""FALSE""""""",,SI,8e24f01a-69c8-4596-b8ac-5a4603ce296b,,sourceColumn=AUD_INC_PAC_ANTES_PIC
COLUMNA,Fact_Pedidos_Auditoria,AUD_INC_FAC_ANTES_PIC,boolean,,"""""""TRUE"""";""""TRUE"""";""""FALSE""""""",,SI,78722f5b-989d-4b3e-8490-4243eb726411,,sourceColumn=AUD_INC_FAC_ANTES_PIC
COLUMNA,Fact_Pedidos_Auditoria,AUD_INC_TRP_ANTES_FAC,boolean,,"""""""TRUE"""";""""TRUE"""";""""FALSE""""""",,SI,e513ac6d-7a1c-4563-9c97-0ce85b78df56,,sourceColumn=AUD_INC_TRP_ANTES_FAC
COLUMNA,Fact_Pedidos_Auditoria,AUD_INC_CED_ANTES_TRP,boolean,,"""""""TRUE"""";""""TRUE"""";""""FALSE""""""",,SI,2d82b2a3-37df-416d-87a0-979cd7f8cd52,,sourceColumn=AUD_INC_CED_ANTES_TRP
COLUMNA,Fact_Pedidos_Auditoria,AUD_INC_COM_U_ANTES_COM_P,boolean,,"""""""TRUE"""";""""TRUE"""";""""FALSE""""""",,SI,57f7bc03-babe-457a-b4fb-844f48171c7f,,sourceColumn=AUD_INC_COM_U_ANTES_COM_P
COLUMNA,Fact_Pedidos_Auditoria,AUD_INC_ENT_U_ANTES_ENT_P,boolean,,"""""""TRUE"""";""""TRUE"""";""""FALSE""""""",,SI,4f8275fd-bd3d-4816-b183-60209c012168,,sourceColumn=AUD_INC_ENT_U_ANTES_ENT_P
COLUMNA,Fact_Pedidos_Auditoria,AUD_INC_PIC_U_ANTES_PIC_P,boolean,,"""""""TRUE"""";""""TRUE"""";""""FALSE""""""",,SI,b4b0b6e5-f878-4700-b66d-25a63c5185e6,,sourceColumn=AUD_INC_PIC_U_ANTES_PIC_P
COLUMNA,Fact_Pedidos_Auditoria,AUD_INC_PAC_U_ANTES_PAC_P,boolean,,"""""""TRUE"""";""""TRUE"""";""""FALSE""""""",,SI,f374e4e5-0642-44e4-b03b-d6c97f179079,,sourceColumn=AUD_INC_PAC_U_ANTES_PAC_P
COLUMNA,Fact_Pedidos_Auditoria,AUD_INC_FAC_U_ANTES_FAC_P,boolean,,"""""""TRUE"""";""""TRUE"""";""""FALSE""""""",,SI,a3ffa32a-8170-421d-88cd-b4720d1a465b,,sourceColumn=AUD_INC_FAC_U_ANTES_FAC_P
COLUMNA,Fact_Pedidos_Auditoria,AUD_INC_TRP_U_ANTES_TRP_P,boolean,,"""""""TRUE"""";""""TRUE"""";""""FALSE""""""",,SI,54474b53-90a9-4a06-ac09-da14e26ee73d,,sourceColumn=AUD_INC_TRP_U_ANTES_TRP_P
COLUMNA,Fact_Pedidos_Auditoria,AUD_INC_TSTTO_U_ANTES_TSTTO_P,boolean,,"""""""TRUE"""";""""TRUE"""";""""FALSE""""""",,SI,d2511153-029b-44ce-80c1-378393542dc6,,sourceColumn=AUD_INC_TSTTO_U_ANTES_TSTTO_P
COLUMNA,Fact_Pedidos_Auditoria,AUD_INC_CED_U_ANTES_CED_P,boolean,,"""""""TRUE"""";""""TRUE"""";""""FALSE""""""",,SI,b060aa39-6939-42ee-a046-06106ccb7c4f,,sourceColumn=AUD_INC_CED_U_ANTES_CED_P
COLUMNA,Fact_Pedidos_Auditoria,AUD_INC_FAC_MAS_30_DIAS_ANTES_PED,boolean,,"""""""TRUE"""";""""TRUE"""";""""FALSE""""""",,SI,a3eb0a78-a0aa-4304-a373-6aa0bd020b3c,,sourceColumn=AUD_INC_FAC_MAS_30_DIAS_ANTES_PED
COLUMNA,Fact_Pedidos_Auditoria,AUD_INC_TRP_MAS_30_DIAS_ANTES_PED,boolean,,"""""""TRUE"""";""""TRUE"""";""""FALSE""""""",,SI,e1e106b9-9594-4d79-801c-f15a7935de7c,,sourceColumn=AUD_INC_TRP_MAS_30_DIAS_ANTES_PED
COLUMNA,Fact_Pedidos_Auditoria,AUD_INC_FAC_MAS_365_DIAS_DESPUES_PED,boolean,,"""""""TRUE"""";""""TRUE"""";""""FALSE""""""",,SI,73ec104b-3b95-4c7e-8e3a-d804dc2ca4aa,,sourceColumn=AUD_INC_FAC_MAS_365_DIAS_DESPUES_PED
COLUMNA,Fact_Pedidos_Auditoria,AUD_INC_TRP_MAS_365_DIAS_DESPUES_PED,boolean,,"""""""TRUE"""";""""TRUE"""";""""FALSE""""""",,SI,c6ea0425-6aed-431a-a6ff-1662dcc6b11f,,sourceColumn=AUD_INC_TRP_MAS_365_DIAS_DESPUES_PED
COLUMNA,Fact_Pedidos_Auditoria,AUD_INC_HITO_FECHA_FUTURA,boolean,,"""""""TRUE"""";""""TRUE"""";""""FALSE""""""",,SI,55c09a7a-ef22-4bf9-9007-91d9ab913b34,,sourceColumn=AUD_INC_HITO_FECHA_FUTURA
COLUMNA,Fact_Pedidos_Auditoria,AUD_HORA_00_PED,boolean,,"""""""TRUE"""";""""TRUE"""";""""FALSE""""""",,SI,26d9d78b-4f12-49e4-8e64-4a2e28a1a3a9,,sourceColumn=AUD_HORA_00_PED
COLUMNA,Fact_Pedidos_Auditoria,AUD_HORA_00_COM,boolean,,"""""""TRUE"""";""""TRUE"""";""""FALSE""""""",,SI,0f19a0a4-1e08-4d1e-b064-132b0e3fa717,,sourceColumn=AUD_HORA_00_COM
COLUMNA,Fact_Pedidos_Auditoria,AUD_HORA_00_CRD,boolean,,"""""""TRUE"""";""""TRUE"""";""""FALSE""""""",,SI,47666b0b-d52a-4e56-93fe-d59676f6d803,,sourceColumn=AUD_HORA_00_CRD
COLUMNA,Fact_Pedidos_Auditoria,AUD_HORA_00_ENT,boolean,,"""""""TRUE"""";""""TRUE"""";""""FALSE""""""",,SI,48b5402b-0ae0-47a1-9ff0-9e373a348e76,,sourceColumn=AUD_HORA_00_ENT
COLUMNA,Fact_Pedidos_Auditoria,AUD_HORA_00_PIC,boolean,,"""""""TRUE"""";""""TRUE"""";""""FALSE""""""",,SI,b06e42a7-40da-4c4e-b696-4eae3228ee68,,sourceColumn=AUD_HORA_00_PIC
COLUMNA,Fact_Pedidos_Auditoria,AUD_HORA_00_PAC,boolean,,"""""""TRUE"""";""""TRUE"""";""""FALSE""""""",,SI,b9466c51-d821-441e-aa88-fd650c8cdba7,,sourceColumn=AUD_HORA_00_PAC
COLUMNA,Fact_Pedidos_Auditoria,AUD_HORA_00_FAC,boolean,,"""""""TRUE"""";""""TRUE"""";""""FALSE""""""",,SI,511b75c7-9689-413e-a9a8-bc5467a34aa0,,sourceColumn=AUD_HORA_00_FAC
COLUMNA,Fact_Pedidos_Auditoria,AUD_HORA_00_TRP,boolean,,"""""""TRUE"""";""""TRUE"""";""""FALSE""""""",,SI,78f80ff8-0f03-4921-92d3-4b4394e3c4e9,,sourceColumn=AUD_HORA_00_TRP
COLUMNA,Fact_Pedidos_Auditoria,AUD_HORA_00_CED,boolean,,"""""""TRUE"""";""""TRUE"""";""""FALSE""""""",,SI,086a5d28-ee40-4966-97ad-31437f25fe5c,,sourceColumn=AUD_HORA_00_CED
COLUMNA,Fact_Pedidos_Auditoria,AUD_FES_SIN_FECHA_PEDIDO_POSTERIOR,boolean,,"""""""TRUE"""";""""TRUE"""";""""FALSE""""""",,SI,b5b036c9-a848-4e01-bd46-82545228e135,,sourceColumn=AUD_FES_SIN_FECHA_PEDIDO_POSTERIOR
COLUMNA,Fact_Pedidos_Auditoria,AUD_FES_SIN_ENTREGA_POSTERIOR,boolean,,"""""""TRUE"""";""""TRUE"""";""""FALSE""""""",,SI,39e861e3-c227-49ea-a4ab-4dd689bb4bb6,,sourceColumn=AUD_FES_SIN_ENTREGA_POSTERIOR
COLUMNA,Fact_Pedidos_Auditoria,AUD_FES_SIN_MANIFIESTO,boolean,,"""""""TRUE"""";""""TRUE"""";""""FALSE""""""",,SI,04ac84ba-29c0-4af0-8d87-518d6d0f92dc,,sourceColumn=AUD_FES_SIN_MANIFIESTO
COLUMNA,Fact_Pedidos_Auditoria,AUD_FES_PEDIDO_POST_ANTES_FACTURA,boolean,,"""""""TRUE"""";""""TRUE"""";""""FALSE""""""",,SI,0470679b-b93e-48e7-812b-9ba4c9116be9,,sourceColumn=AUD_FES_PEDIDO_POST_ANTES_FACTURA
COLUMNA,Fact_Pedidos_Auditoria,AUD_FES_ENTREGA_ANTES_PEDIDO_POST,boolean,,"""""""TRUE"""";""""TRUE"""";""""FALSE""""""",,SI,9cd1fe15-1bd6-4c28-8a89-a27a5729bb74,,sourceColumn=AUD_FES_ENTREGA_ANTES_PEDIDO_POST
COLUMNA,Fact_Pedidos_Auditoria,AUD_FES_MANIFIESTO_ANTES_ENTREGA,boolean,,"""""""TRUE"""";""""TRUE"""";""""FALSE""""""",,SI,68029d38-7b9a-402e-8514-585197e7c608,,sourceColumn=AUD_FES_MANIFIESTO_ANTES_ENTREGA
COLUMNA,Fact_Pedidos_Auditoria,AUD_FES_ULT_PEDIDO_ANTES_PRIMERO,boolean,,"""""""TRUE"""";""""TRUE"""";""""FALSE""""""",,SI,d7737c49-ceb5-4615-95f4-3542a1fae73f,,sourceColumn=AUD_FES_ULT_PEDIDO_ANTES_PRIMERO
COLUMNA,Fact_Pedidos_Auditoria,AUD_FES_ULT_ENTREGA_ANTES_PRIMERA,boolean,,"""""""TRUE"""";""""TRUE"""";""""FALSE""""""",,SI,1f2c0b1e-bfb0-48e6-b6b5-573cdfbee84e,,sourceColumn=AUD_FES_ULT_ENTREGA_ANTES_PRIMERA
COLUMNA,Fact_Pedidos_Auditoria,AUD_FES_ULT_MANIFIESTO_ANTES_PRIMERO,boolean,,"""""""TRUE"""";""""TRUE"""";""""FALSE""""""",,SI,2ce3bf35-4c6d-48a2-bf39-299287d5fb02,,sourceColumn=AUD_FES_ULT_MANIFIESTO_ANTES_PRIMERO
COLUMNA,Fact_Pedidos_Auditoria,AUD_FES_CICLO_MAYOR_60_DIAS,boolean,,"""""""TRUE"""";""""TRUE"""";""""FALSE""""""",,SI,12588bb5-89dc-4c89-a367-fc0ad6d354a5,,sourceColumn=AUD_FES_CICLO_MAYOR_60_DIAS
COLUMNA,Fact_Pedidos_Auditoria,AUD_NO_FES_CON_FECHAS_FES,boolean,,"""""""TRUE"""";""""TRUE"""";""""FALSE""""""",,SI,5995a1e4-ba37-4bb5-bb57-5ef9f7d61872,,sourceColumn=AUD_NO_FES_CON_FECHAS_FES
COLUMNA,Fact_Pedidos_Auditoria,AUD_NO_FES_CON_METRICAS_FES,boolean,,"""""""TRUE"""";""""TRUE"""";""""FALSE""""""",,SI,0ade4024-31ce-4e89-aa50-0acdb4384b08,,sourceColumn=AUD_NO_FES_CON_METRICAS_FES
COLUMNA,Fact_Pedidos_Auditoria,AUD_SALDO_SIN_FAC_P,boolean,,"""""""TRUE"""";""""TRUE"""";""""FALSE""""""",,SI,dd2d1d7f-a452-40e4-9eb8-0966b348618c,,sourceColumn=AUD_SALDO_SIN_FAC_P
COLUMNA,Fact_Pedidos_Auditoria,AUD_SALDO_SIN_FAC_U,boolean,,"""""""TRUE"""";""""TRUE"""";""""FALSE""""""",,SI,5fddd02c-392f-4da7-b2c9-379881d73d83,,sourceColumn=AUD_SALDO_SIN_FAC_U
COLUMNA,Fact_Pedidos_Auditoria,AUD_SALDO_SIN_TRP_U,boolean,,"""""""TRUE"""";""""TRUE"""";""""FALSE""""""",,SI,6d2f1d76-6402-4f26-aaa1-904cac6c7c91,,sourceColumn=AUD_SALDO_SIN_TRP_U
COLUMNA,Fact_Pedidos_Auditoria,AUD_SALDO_FAC_U_ANTES_FAC_P,boolean,,"""""""TRUE"""";""""TRUE"""";""""FALSE""""""",,SI,a2ed8038-3f2b-483f-b87f-be553662a197,,sourceColumn=AUD_SALDO_FAC_U_ANTES_FAC_P
COLUMNA,Fact_Pedidos_Auditoria,AUD_SALDO_TRP_U_ANTES_TRP_P,boolean,,"""""""TRUE"""";""""TRUE"""";""""FALSE""""""",,SI,e01599f6-5223-430b-85ae-abd9f7fc9bb1,,sourceColumn=AUD_SALDO_TRP_U_ANTES_TRP_P
COLUMNA,Fact_Pedidos_Auditoria,PARAM_FECHA_DESDE,dateTime,,General Date,,SI,f466836d-82cd-484a-b9de-ccd2bb4c8ba4,,sourceColumn=PARAM_FECHA_DESDE
COLUMNA,Fact_Pedidos_Auditoria,PARAM_FECHA_HASTA,dateTime,,General Date,,SI,1a5dbff1-a8b2-46cd-bd34-a183c751e712,,sourceColumn=PARAM_FECHA_HASTA
COLUMNA,Fact_Pedidos_Auditoria,FECHA_CARGA_MASTER,dateTime,,General Date,,SI,fc475349-99da-49bc-848a-f3f41d1ef5a7,,sourceColumn=FECHA_CARGA_MASTER
COLUMNA,Fact_Pedidos_Auditoria,AUD_HITOS_OBLIGATORIOS_ESPERADOS,int64,,0,,SI,77092f6f-903b-4da0-a9d0-c57a7ec62904,,sourceColumn=AUD_HITOS_OBLIGATORIOS_ESPERADOS
COLUMNA,Fact_Pedidos_Auditoria,AUD_CANTIDAD_HITOS_PRESENTES,int64,,0,,SI,949d3570-79e0-4f62-90ed-109494c7c79d,,sourceColumn=AUD_CANTIDAD_HITOS_PRESENTES
COLUMNA,Fact_Pedidos_Auditoria,AUD_CANTIDAD_HITOS_FALTANTES,int64,,0,,SI,f961e736-a848-4e03-b647-dd0a4f20913a,,sourceColumn=AUD_CANTIDAD_HITOS_FALTANTES
COLUMNA,Fact_Pedidos_Auditoria,AUD_PCT_COBERTURA_HITOS,double,,,,SI,f740618d-4bac-41ba-bdab-7bcb28b3337f,,sourceColumn=AUD_PCT_COBERTURA_HITOS
COLUMNA,Fact_Pedidos_Auditoria,AUD_HITOS_OPCIONALES_ESPERADOS,int64,,0,,SI,62b47b19-5a61-482e-b66e-98967aa1f500,,sourceColumn=AUD_HITOS_OPCIONALES_ESPERADOS
COLUMNA,Fact_Pedidos_Auditoria,AUD_HITOS_OPCIONALES_PRESENTES,int64,,0,,SI,73f2c0ea-ffe8-48a2-a735-a2f1ed9c646e,,sourceColumn=AUD_HITOS_OPCIONALES_PRESENTES
COLUMNA,Fact_Pedidos_Auditoria,AUD_HITOS_OPCIONALES_FALTANTES,int64,,0,,SI,f2214f13-1d5d-4b31-b5c7-e8120307ea58,,sourceColumn=AUD_HITOS_OPCIONALES_FALTANTES
COLUMNA,Fact_Pedidos_Auditoria,AUD_PCT_COBERTURA_OPCIONAL,double,,,,SI,307a01aa-a093-4aa3-97c2-e150fca4387b,,sourceColumn=AUD_PCT_COBERTURA_OPCIONAL
COLUMNA,Fact_Pedidos_Auditoria,AUD_CRITICAS_FLUJO_NORMAL,int64,,0,,SI,c9d47777-45af-4b47-bccb-28472a7c3a5f,,sourceColumn=AUD_CRITICAS_FLUJO_NORMAL
COLUMNA,Fact_Pedidos_Auditoria,AUD_ADVERTENCIAS_FLUJO_NORMAL,int64,,0,,SI,edd3a2bd-7b4a-452f-8d84-759d6414d789,,sourceColumn=AUD_ADVERTENCIAS_FLUJO_NORMAL
COLUMNA,Fact_Pedidos_Auditoria,AUD_CRITICAS_PRIMERO_ULTIMO,int64,,0,,SI,54e5381e-d464-46b4-9b79-c953aed4f2ce,,sourceColumn=AUD_CRITICAS_PRIMERO_ULTIMO
COLUMNA,Fact_Pedidos_Auditoria,AUD_ADVERTENCIAS_PRIMERO_ULTIMO,int64,,0,,SI,0acffc7b-a907-47b5-84da-5c17f4890149,,sourceColumn=AUD_ADVERTENCIAS_PRIMERO_ULTIMO
COLUMNA,Fact_Pedidos_Auditoria,AUD_ALERTAS_FECHAS_ATIPICAS,int64,,0,,SI,c7403c8f-388e-4f44-84bf-56767634db8f,,sourceColumn=AUD_ALERTAS_FECHAS_ATIPICAS
COLUMNA,Fact_Pedidos_Auditoria,AUD_ALERTAS_HORA_00,int64,,0,,SI,8c57cee7-142e-4ec4-a696-2d216d8f0c37,,sourceColumn=AUD_ALERTAS_HORA_00
COLUMNA,Fact_Pedidos_Auditoria,AUD_CRITICAS_FES,int64,,0,,SI,24f386d2-6e4f-40b5-981e-0dbfffc7f6a0,,sourceColumn=AUD_CRITICAS_FES
COLUMNA,Fact_Pedidos_Auditoria,AUD_ADVERTENCIAS_FES,int64,,0,,SI,9f4fbeea-0f2d-4444-9a8d-018ce855abb7,,sourceColumn=AUD_ADVERTENCIAS_FES
COLUMNA,Fact_Pedidos_Auditoria,AUD_FALTANTES_FES,int64,,0,,SI,6d7b765f-970f-4dc1-8262-a684e48f718c,,sourceColumn=AUD_FALTANTES_FES
COLUMNA,Fact_Pedidos_Auditoria,AUD_CRITICAS_SALDO,int64,,0,,SI,1a78a63a-bb3e-4119-8fb9-f211c7251713,,sourceColumn=AUD_CRITICAS_SALDO
COLUMNA,Fact_Pedidos_Auditoria,AUD_ADVERTENCIAS_SALDO,int64,,0,,SI,61582d7e-ce25-4c8b-a4d2-07ceec8e96e0,,sourceColumn=AUD_ADVERTENCIAS_SALDO
COLUMNA,Fact_Pedidos_Auditoria,AUD_FALTANTES_SALDO,int64,,0,,SI,c7acd00d-fa93-4004-b1fe-2a63b01a4381,,sourceColumn=AUD_FALTANTES_SALDO
COLUMNA,Fact_Pedidos_Auditoria,AUD_OBS_PDA_DESPUES_PEDIDO,boolean,,"""""""TRUE"""";""""TRUE"""";""""FALSE""""""",,SI,40ae552d-e978-45e3-916d-c0ae349787d6,,sourceColumn=AUD_OBS_PDA_DESPUES_PEDIDO
COLUMNA,Fact_Pedidos_Auditoria,AUD_TOTAL_CRITICAS,int64,,0,,SI,077a5fb2-406c-444c-ae17-ca97d6fd8100,,sourceColumn=AUD_TOTAL_CRITICAS
COLUMNA,Fact_Pedidos_Auditoria,AUD_TOTAL_ADVERTENCIAS,int64,,0,,SI,91b87181-6cfb-49f8-a7fb-636933728096,,sourceColumn=AUD_TOTAL_ADVERTENCIAS
COLUMNA,Fact_Pedidos_Auditoria,AUD_TOTAL_INCONGRUENCIAS,int64,,0,,SI,ae421a99-b2a8-446b-9972-e6d3ff9d99b7,,sourceColumn=AUD_TOTAL_INCONGRUENCIAS
COLUMNA,Fact_Pedidos_Auditoria,AUD_REQUIERE_REVISION,boolean,,"""""""TRUE"""";""""TRUE"""";""""FALSE""""""",,SI,5b38778b-924e-4b74-bcc3-faed80678db0,,sourceColumn=AUD_REQUIERE_REVISION
COLUMNA,Fact_Pedidos_Auditoria,AUD_ESTADO_FLUJO_NORMAL,string,,,,SI,00f87d94-97de-4249-a411-f0565d06ae6a,,sourceColumn=AUD_ESTADO_FLUJO_NORMAL
COLUMNA,Fact_Pedidos_Auditoria,AUD_ESTADO_FLUJO_FES,string,,,,SI,c55e3b18-6e9b-4fa0-9e4b-a1fc027753af,,sourceColumn=AUD_ESTADO_FLUJO_FES
COLUMNA,Fact_Pedidos_Auditoria,AUD_ESTADO_FLUJO_SALDO,string,,,,SI,349d83a9-1937-42f0-8f6c-6876b8481bbd,,sourceColumn=AUD_ESTADO_FLUJO_SALDO
COLUMNA,Fact_Pedidos_Auditoria,AUD_ESTADO_GENERAL,string,,,,SI,971ce9de-73e1-4038-833d-686560fe31d0,,sourceColumn=AUD_ESTADO_GENERAL
COLUMNA,Fact_Pedidos_Auditoria,AUD_PRINCIPAL_INCONGRUENCIA,string,,,,SI,f617e63c-496c-4fcd-81fb-3cf05ec60e4f,,sourceColumn=AUD_PRINCIPAL_INCONGRUENCIA
PARTICION,Fact_Pedidos_Auditoria,Fact_Pedidos_Auditoria,,,,,SI,,,mode=import; fuente=M
TABLA,auditoria,auditoria,,,,,SI,8da24b33-9996-4edc-93d0-7e344d43bf52,,partition=1
COLUMNA,auditoria,Columna,string,,,,SI,3c6cdb60-8bf1-4986-9b99-684f87ddb6ca,,sourceColumn=Columna
COLUMNA,auditoria,Tipo_Dato,string,,,,SI,f19fafe4-5e7a-44f1-9237-b16633cc81ee,,sourceColumn=Tipo_Dato
COLUMNA,auditoria,Categoria_Tipo,string,,,,SI,2ed68b86-4964-4590-89c0-d39a4e3386a7,,sourceColumn=Categoria_Tipo
COLUMNA,auditoria,Permite_Nulos,boolean,,"""""""TRUE"""";""""TRUE"""";""""FALSE""""""",,SI,3598bbb0-06b2-41fa-9392-3a3a089b10bc,,sourceColumn=Permite_Nulos
COLUMNA,auditoria,Posicion,double,,,,SI,9bcce6d8-dfbb-47bc-8928-b419b8a67664,,sourceColumn=Posicion
PARTICION,auditoria,auditoria,,,,,SI,,,mode=import; fuente=M
TABLA,Fact_Pedidos,Fact_Pedidos,,,,,SI,e3d18d01-eedf-4de2-b8a3-e6d8bbdf7079,,partition=1
COLUMNA,Fact_Pedidos,PED_NUMERO_PEDIDO,string,,,,SI,b734d041-131d-4b55-9a95-f5a90478d837,,sourceColumn=PED_NUMERO_PEDIDO
COLUMNA,Fact_Pedidos,PED_CODIGO_CLIENTE,string,,,,SI,3ea41b5d-6935-4ebf-af00-487590073a7f,,sourceColumn=PED_CODIGO_CLIENTE
COLUMNA,Fact_Pedidos,PED_RESPONSABLE,string,,,,SI,6f2f0a81-8df2-4444-9eaa-47584c9bcba0,,sourceColumn=PED_RESPONSABLE
COLUMNA,Fact_Pedidos,PED_CENTRO,string,,,,SI,ac57e46e-b025-411a-b9f7-2a9a93a8dbec,,sourceColumn=PED_CENTRO
COLUMNA,Fact_Pedidos,PED_CIUDAD,string,,,,SI,65051861-e044-4fd3-901b-8137affe6df0,,sourceColumn=PED_CIUDAD
COLUMNA,Fact_Pedidos,PED_REGION,string,,,,SI,2049ee31-825f-4c4d-ad37-f89cfa1a48a2,,sourceColumn=PED_REGION
COLUMNA,Fact_Pedidos,PED_CONDICION_EXPEDICION_CODIGO,string,,,,SI,69165222-c0cc-4183-bfc2-dfd754b43e86,,sourceColumn=PED_CONDICION_EXPEDICION_CODIGO
COLUMNA,Fact_Pedidos,PED_CONDICION_EXPEDICION,string,,,,SI,58a588ca-f5e1-4424-a9e7-fe0ea21eb808,,sourceColumn=PED_CONDICION_EXPEDICION
COLUMNA,Fact_Pedidos,PED_ORDEN_COMPRA_CLIENTE,string,,,,SI,aa35f3da-c51c-45de-a0e6-f0981d268fb0,,sourceColumn=PED_ORDEN_COMPRA_CLIENTE
COLUMNA,Fact_Pedidos,PED_CANAL_CODIGO,string,,,,SI,45f8e9db-44c0-46af-ae0e-a42d433d8522,,sourceColumn=PED_CANAL_CODIGO
COLUMNA,Fact_Pedidos,PED_CANAL,string,,,,SI,5707eebd-88af-4f4d-b759-8980481f26e7,,sourceColumn=PED_CANAL
COLUMNA,Fact_Pedidos,PED_VALOR_NETO,decimal,,"""CLP $"" #,0;-""CLP $"" #,0;""CLP $"" 0",,SI,75be1ab2-3f29-4a64-990c-74b9293c1109,,sourceColumn=PED_VALOR_NETO
COLUMNA,Fact_Pedidos,PED_MONEDA,string,,,,SI,411047fd-9164-49ee-b9c3-5c34200b1afb,,sourceColumn=PED_MONEDA
COLUMNA,Fact_Pedidos,PED_BLOQUEO_ENTREGA,string,,,,SI,533edf09-d9eb-4dcf-a83a-a3d694104506,,sourceColumn=PED_BLOQUEO_ENTREGA
COLUMNA,Fact_Pedidos,PED_ESTADO_CREDITO,string,,,,SI,ac61ef1f-cb4e-481c-9cda-0890562d5006,,sourceColumn=PED_ESTADO_CREDITO
COLUMNA,Fact_Pedidos,SERV_TIPO_SERVICIO,string,,,,SI,5b5b54a9-6771-48d4-990f-4a00e12923f8,,sourceColumn=SERV_TIPO_SERVICIO
COLUMNA,Fact_Pedidos,SERV_TIPO_SERVICIO_PLANIFICADO,string,,,,SI,e19ec2a7-c4b0-4a96-8478-85e752f0b2a2,,sourceColumn=SERV_TIPO_SERVICIO_PLANIFICADO
COLUMNA,Fact_Pedidos,OTIF_ESTADO_PEDIDO,string,,,,SI,614a17ce-bca1-474b-8452-f9fb46186752,,sourceColumn=OTIF_ESTADO_PEDIDO
COLUMNA,Fact_Pedidos,PED_TEXTO_ESTADO,string,,,,SI,deb177d7-b4dc-4d84-8440-b7180ef1399d,,sourceColumn=PED_TEXTO_ESTADO
COLUMNA,Fact_Pedidos,ES_FES,boolean,,"""""""TRUE"""";""""TRUE"""";""""FALSE""""""",,SI,1a2468c9-d54f-4732-a6c7-a002f5521791,,sourceColumn=ES_FES
COLUMNA,Fact_Pedidos,ES_SALDO,boolean,,"""""""TRUE"""";""""TRUE"""";""""FALSE""""""",,SI,7f24a857-8851-4800-a2a5-77082068b2b8,,sourceColumn=ES_SALDO
COLUMNA,Fact_Pedidos,SEGMENTO_ANALISIS,string,,,,SI,9df15f27-e578-462d-b62d-5a461ce0f833,,sourceColumn=SEGMENTO_ANALISIS
COLUMNA,Fact_Pedidos,INCLUIR_SLA_NORMAL,boolean,,"""""""TRUE"""";""""TRUE"""";""""FALSE""""""",,SI,f5a66250-fcb8-474f-95a2-d5f91d64394c,,sourceColumn=INCLUIR_SLA_NORMAL
COLUMNA,Fact_Pedidos,PED_FECHA_HORA,dateTime,,General Date,,SI,3bad72d7-e4f8-4604-9777-41d6498ce569,,sourceColumn=PED_FECHA_HORA
COLUMNA,Fact_Pedidos,CRD_P_FECHA_HORA,dateTime,,General Date,,SI,1b150dfc-1cd2-46c1-9022-ca21e64ef0be,,sourceColumn=CRD_P_FECHA_HORA
COLUMNA,Fact_Pedidos,ENT_P_FECHA_HORA,dateTime,,General Date,,SI,fe18c770-2b2a-4d5a-8f51-4a8d8ebd04ff,,sourceColumn=ENT_P_FECHA_HORA
COLUMNA,Fact_Pedidos,PIC_P_FECHA_HORA,dateTime,,General Date,,SI,66554448-cd6b-4c4c-9e12-65aa3cc89982,,sourceColumn=PIC_P_FECHA_HORA
COLUMNA,Fact_Pedidos,FAC_P_FECHA_HORA_REAL,dateTime,,General Date,,SI,d6502371-3cfd-4b5e-9429-e46559d9d574,,sourceColumn=FAC_P_FECHA_HORA_REAL
COLUMNA,Fact_Pedidos,FAC_U_FECHA_HORA,dateTime,,General Date,,SI,5e4f3bd5-835c-4934-aa42-167398d6d5a8,,sourceColumn=FAC_U_FECHA_HORA
COLUMNA,Fact_Pedidos,TRP_P_FECHA_HORA,dateTime,,General Date,,SI,12e0b784-16ff-4cbe-bd5b-d9a427774dac,,sourceColumn=TRP_P_FECHA_HORA
COLUMNA,Fact_Pedidos,TRP_U_FECHA_HORA,dateTime,,General Date,,SI,c9ea24d5-9808-4a7d-ae7f-c2ed44ddd283,,sourceColumn=TRP_U_FECHA_HORA
COLUMNA,Fact_Pedidos,DH_CREDITO_COBRANZAS,int64,,0,,SI,7a1ff926-b8de-463f-9f31-2e23e21b3377,,sourceColumn=DH_CREDITO_COBRANZAS
COLUMNA,Fact_Pedidos,DH_OPERACION_INTERNA,int64,,0,,SI,eec1088f-8ed5-4c96-8c0c-09a7a24d33cf,,sourceColumn=DH_OPERACION_INTERNA
COLUMNA,Fact_Pedidos,DH_CREDITO_A_PRIMERA_ENTREGA,int64,,0,,SI,14264b19-7f26-4c66-8ddf-279c71e51a45,,sourceColumn=DH_CREDITO_A_PRIMERA_ENTREGA
COLUMNA,Fact_Pedidos,DH_PRIMERA_ENTREGA_A_PRIMER_PICKING,int64,,0,,SI,6252ea60-0813-40b6-90c6-8097812a3322,,sourceColumn=DH_PRIMERA_ENTREGA_A_PRIMER_PICKING
COLUMNA,Fact_Pedidos,DH_PRIMER_PICKING_A_PRIMERA_FACTURA,int64,,0,,SI,a1335546-9d88-4e06-8d7e-664163ad034e,,sourceColumn=DH_PRIMER_PICKING_A_PRIMERA_FACTURA
COLUMNA,Fact_Pedidos,DH_DESPACHO,int64,,0,,SI,190f3209-e06d-421b-aa5e-401fa7fdf2b5,,sourceColumn=DH_DESPACHO
COLUMNA,Fact_Pedidos,DH_LEAD_NORMAL,double,,0,,SI,922c76d8-c655-48b7-90a6-388f74a60bfb,,sourceColumn=DH_LEAD_NORMAL
COLUMNA,Fact_Pedidos,ESTADO_SLA_NORMAL,string,,,,SI,cb0af282-8e0c-402f-806d-779b78991ff2,,sourceColumn=ESTADO_SLA_NORMAL
COLUMNA,Fact_Pedidos,PROCESO_DOMINANTE_NORMAL,string,,,,SI,a6d412e3-ca9f-4bdb-a3eb-d94f63ec6d28,,sourceColumn=PROCESO_DOMINANTE_NORMAL
COLUMNA,Fact_Pedidos,MES_CREACION,string,,,,SI,49dd30a5-e7ee-440e-8fb0-66b34381b25c,,sourceColumn=MES_CREACION
COLUMNA,Fact_Pedidos,DIA_MES_CREACION,int64,,0,,SI,eb2568d1-86cd-45d9-9a9e-13466fa76aac,,sourceColumn=DIA_MES_CREACION
COLUMNA,Fact_Pedidos,TRAMO_MES_CALENDARIO,string,,,,SI,99bffce0-7de8-4c50-b888-854f7941049a,,sourceColumn=TRAMO_MES_CALENDARIO
COLUMNA,Fact_Pedidos,ES_ULTIMOS_7_DIAS_HABILES_MES,boolean,,"""""""TRUE"""";""""TRUE"""";""""FALSE""""""",,SI,97354492-ad34-42c7-b45a-37bb4008ac30,,sourceColumn=ES_ULTIMOS_7_DIAS_HABILES_MES
COLUMNA,Fact_Pedidos,AUD_PCT_COBERTURA_HITOS,double,,,,SI,9a540910-f840-468e-9d8d-6415aa35a203,,sourceColumn=AUD_PCT_COBERTURA_HITOS
COLUMNA,Fact_Pedidos,AUD_TOTAL_CRITICAS,int64,,0,,SI,2110d91c-7792-4b5f-b3f2-6205cfce6cc0,,sourceColumn=AUD_TOTAL_CRITICAS
COLUMNA,Fact_Pedidos,AUD_TOTAL_ADVERTENCIAS,int64,,0,,SI,bb8e4699-2f8d-47ea-b02f-d227e03e2bb9,,sourceColumn=AUD_TOTAL_ADVERTENCIAS
COLUMNA,Fact_Pedidos,AUD_TOTAL_INCONGRUENCIAS,int64,,0,,SI,10d5f204-4110-4401-90b6-2c50d77d08c0,,sourceColumn=AUD_TOTAL_INCONGRUENCIAS
COLUMNA,Fact_Pedidos,AUD_REQUIERE_REVISION,boolean,,"""""""TRUE"""";""""TRUE"""";""""FALSE""""""",,SI,d6bc1472-e3dc-4e79-8df6-3c07e4784dc8,,sourceColumn=AUD_REQUIERE_REVISION
COLUMNA,Fact_Pedidos,AUD_ESTADO_FLUJO_NORMAL,string,,,,SI,6247732e-ea4d-4713-878a-7bf153a5dadf,,sourceColumn=AUD_ESTADO_FLUJO_NORMAL
COLUMNA,Fact_Pedidos,AUD_ESTADO_FLUJO_FES,string,,,,SI,6c06b5b6-08f5-4dfc-b0fa-e8df73cbc721,,sourceColumn=AUD_ESTADO_FLUJO_FES
COLUMNA,Fact_Pedidos,AUD_ESTADO_FLUJO_SALDO,string,,,,SI,ea549dfa-d2d2-43d9-88b4-e913b5393681,,sourceColumn=AUD_ESTADO_FLUJO_SALDO
COLUMNA,Fact_Pedidos,AUD_ESTADO_GENERAL,string,,,,SI,3a706e8c-a5b8-461a-ad83-d228d1330753,,sourceColumn=AUD_ESTADO_GENERAL
COLUMNA,Fact_Pedidos,AUD_PRINCIPAL_INCONGRUENCIA,string,,,,SI,724becd7-6d99-41f9-9472-d4e22e2182ce,,sourceColumn=AUD_PRINCIPAL_INCONGRUENCIA
COLUMNA,Fact_Pedidos,PED_FECHA,dateTime,,Long Date,,SI,e2361fbc-7b75-4e0b-ae70-13878f70d6f8,,sourceColumn=PED_FECHA
COLUMNA,Fact_Pedidos,PED_ANIO_MES,string,,,,SI,f24a2d5c-db34-49c9-b541-74b8271ebe0d,,sourceColumn=PED_ANIO_MES
COLUMNA,Fact_Pedidos,PED_ANIO,int64,,0,,SI,2507e528-3df9-4ae3-a953-cfbdb23c6900,,sourceColumn=PED_ANIO
COLUMNA,Fact_Pedidos,PED_MES_NUMERO,int64,,0,,SI,21f9ffa1-9a65-4d82-af0f-3fc0e2dfc7d7,,sourceColumn=PED_MES_NUMERO
COLUMNA,Fact_Pedidos,PED_MES_NOMBRE,string,,,,SI,cbcb07fd-e21c-42ce-a000-df22f6b94e03,,sourceColumn=PED_MES_NOMBRE
PARTICION,Fact_Pedidos,Fact_Pedidos,,,,,SI,,,mode=import; fuente=M
TABLA,Fact_Tiempos_Hitos,Fact_Tiempos_Hitos,,,,,SI,189672ba-8c8b-4452-81a8-57519f3952f1,,partition=1
COLUMNA,Fact_Tiempos_Hitos,PED_NUMERO_PEDIDO,string,,,,SI,1021674a-4024-49e3-93da-c393cd75dccd,,sourceColumn=PED_NUMERO_PEDIDO
COLUMNA,Fact_Tiempos_Hitos,PED_CODIGO_CLIENTE,string,,,,SI,915f0306-e3b2-4d0d-9d81-1906121565fb,,sourceColumn=PED_CODIGO_CLIENTE
COLUMNA,Fact_Tiempos_Hitos,PED_RESPONSABLE,string,,,,SI,f90eeed6-982a-42e8-be41-f8e579e90045,,sourceColumn=PED_RESPONSABLE
COLUMNA,Fact_Tiempos_Hitos,PED_CONDICION_EXPEDICION_CODIGO,string,,,,SI,0c1767db-318f-4339-add8-ce5a3b90f795,,sourceColumn=PED_CONDICION_EXPEDICION_CODIGO
COLUMNA,Fact_Tiempos_Hitos,PED_CANAL_CODIGO,string,,,,SI,0e22be94-1782-4264-ac38-000371628414,,sourceColumn=PED_CANAL_CODIGO
COLUMNA,Fact_Tiempos_Hitos,PED_VALOR_NETO,decimal,,"""CLP $"" #,0;-""CLP $"" #,0;""CLP $"" 0",,SI,3179f29f-d3e8-4c9d-bf34-869bd30261d8,,sourceColumn=PED_VALOR_NETO
COLUMNA,Fact_Tiempos_Hitos,SEGMENTO_ANALISIS,string,,,,SI,bbe27b4b-7248-4866-b981-fa1b52a902c0,,sourceColumn=SEGMENTO_ANALISIS
COLUMNA,Fact_Tiempos_Hitos,AUD_ESTADO_GENERAL,string,,,,SI,6de849a9-1fa5-4906-a521-06ef95730e74,,sourceColumn=AUD_ESTADO_GENERAL
COLUMNA,Fact_Tiempos_Hitos,PED_FECHA,dateTime,,Short Date,,SI,dcc3fb43-3d88-484f-b44f-c4a6fb14d707,,sourceColumn=PED_FECHA
COLUMNA,Fact_Tiempos_Hitos,METRICA_CODIGO,string,,,,SI,572ac2db-6fcf-49a4-9375-351696eae4c9,,sourceColumn=METRICA_CODIGO
COLUMNA,Fact_Tiempos_Hitos,DIAS_HABILES,int64,,0,,SI,c27df62a-b476-494f-b4d5-ae3ac879c3cd,,sourceColumn=DIAS_HABILES
COLUMNA,Fact_Tiempos_Hitos,TIENE_DATO,boolean,,"""""""Sí"""";""""Sí"""";""""No""""""",,SI,2e0ee0da-95ae-41e6-8159-e60b85b771ee,,sourceColumn=TIENE_DATO
COLUMNA,Fact_Tiempos_Hitos,RANGO_DIAS,string,,,,SI,cf09aece-0841-4023-a52d-5647d4145f3e,,sourceColumn=RANGO_DIAS
COLUMNA,Fact_Tiempos_Hitos,ORDEN_RANGO,int64,,0,,SI,1bf4eb3b-7f4e-4f56-8f41-59a8984776be,,sourceColumn=ORDEN_RANGO
PARTICION,Fact_Tiempos_Hitos,Fact_Tiempos_Hitos,,,,,SI,,,mode=import; fuente=M
TABLA,Dim_Hito,Dim_Hito,,,,,SI,23279f65-ca72-41ef-8b9c-0f5a50d33ff4,,partition=1
COLUMNA,Dim_Hito,METRICA_CODIGO,string,,,,SI,f9412230-a170-480f-bbe0-4b0c0050daf3,,sourceColumn=METRICA_CODIGO
COLUMNA,Dim_Hito,TIPO_FLUJO,string,,,,SI,e7e1dda5-d100-4fea-8b50-c662800576c7,,sourceColumn=TIPO_FLUJO
COLUMNA,Dim_Hito,GRUPO_PROCESO,string,,,,SI,ecdd6105-77a5-49d8-8de5-a87446f69ea5,,sourceColumn=GRUPO_PROCESO
COLUMNA,Dim_Hito,ORDEN_HITO,int64,,0,,SI,5d1297c2-ee0b-4570-8954-481c31cb0454,,sourceColumn=ORDEN_HITO
COLUMNA,Dim_Hito,HITO,string,,,,SI,376585d8-c1ef-44b3-9d45-43e9936d658f,,sourceColumn=HITO
COLUMNA,Dim_Hito,DESCRIPCION,string,,,,SI,02da57c3-8365-49c5-9e6b-8af12b1b8abe,,sourceColumn=DESCRIPCION
COLUMNA,Dim_Hito,UNIDAD,string,,,,SI,c6da361f-77f0-45ba-a57d-c0d88db928f0,,sourceColumn=UNIDAD
COLUMNA,Dim_Hito,ES_ETAPA_CUELLO,boolean,,"""""""Sí"""";""""Sí"""";""""No""""""",,SI,24000000-0000-4000-8000-000000000001,,sourceColumn=ES_ETAPA_CUELLO
PARTICION,Dim_Hito,Dim_Hito,,,,,SI,,,mode=import; fuente=M
TABLA,Dim_Fecha,Dim_Fecha,,,,,SI,a6fee08c-b686-4fa7-bcc6-016e4998d342,,partition=1
COLUMNA,Dim_Fecha,Fecha,dateTime,,Short Date,,SI,dc40e0de-4ce2-49db-bfa2-4e406600a581,,sourceColumn=Fecha
COLUMNA,Dim_Fecha,Anio,int64,,0,,SI,c84a5422-0e0a-4fb9-950d-43b19e44125e,,sourceColumn=Anio
COLUMNA,Dim_Fecha,Mes_Numero,int64,,0,,SI,5fa20913-c552-4dc2-954b-1369b25b4c2a,,sourceColumn=Mes_Numero
COLUMNA,Dim_Fecha,Mes,string,,,,SI,b3ed0feb-4dad-45f0-90ce-91ea00af4fd6,,sourceColumn=Mes
COLUMNA,Dim_Fecha,AnioMes,string,,,,SI,d6ad53f8-4626-4e4c-b999-e37749f15e58,,sourceColumn=AnioMes
COLUMNA,Dim_Fecha,Orden_AnioMes,int64,,0,,SI,da3d5533-45cf-4fe7-9035-5a0543514516,,sourceColumn=Orden_AnioMes
COLUMNA,Dim_Fecha,Trimestre,string,,,,SI,2c219770-a654-4fb1-986b-ad704180d6b7,,sourceColumn=Trimestre
COLUMNA,Dim_Fecha,Trimestre_Numero,int64,,0,,SI,9803e755-76b9-4e2a-beae-fe3b2b6896c8,,sourceColumn=Trimestre_Numero
COLUMNA,Dim_Fecha,Semana_Anio,int64,,0,,SI,a1a2e1fa-dc69-476d-af9f-e80b9746fc37,,sourceColumn=Semana_Anio
COLUMNA,Dim_Fecha,Dia_Mes,int64,,0,,SI,c0dd31e0-5aca-4cce-91d6-0d4d2b6b5972,,sourceColumn=Dia_Mes
COLUMNA,Dim_Fecha,Dia_Semana_Numero,int64,,0,,SI,4380e7f1-f166-4f3f-8a7c-3040d22a0f57,,sourceColumn=Dia_Semana_Numero
COLUMNA,Dim_Fecha,Dia_Semana,string,,,,SI,62d91f10-1fce-4c83-97de-9eac45e7d51e,,sourceColumn=Dia_Semana
COLUMNA,Dim_Fecha,Es_Fin_Semana,boolean,,"""""""TRUE"""";""""TRUE"""";""""FALSE""""""",,SI,c5672931-5738-44ac-8f97-2670d1363f0d,,sourceColumn=Es_Fin_Semana
COLUMNA,Dim_Fecha,Es_Dia_Habil,boolean,,"""""""TRUE"""";""""TRUE"""";""""FALSE""""""",,SI,19e7ae20-4e0c-4598-babd-cae3bed4e06d,,sourceColumn=Es_Dia_Habil
COLUMNA,Dim_Fecha,Es_Feriado,boolean,,"""""""TRUE"""";""""TRUE"""";""""FALSE""""""",,SI,c56ed721-1730-4e97-a73b-231819690001,,sourceColumn=Es_Feriado
COLUMNA,Dim_Fecha,Nombre_Feriado,string,,,,SI,1a35a741-b28a-41d7-97e6-eef31ddf0002,,sourceColumn=Nombre_Feriado
COLUMNA,Dim_Fecha,Tipo_Dia,string,,,,SI,f1b6bb8c-3a74-4810-a70a-2c4a100c0003,,sourceColumn=Tipo_Dia
COLUMNA,Dim_Fecha,Semana_Mes,string,,,,SI,d310b2a1-2ae4-4ca0-bb45-65b55db99401,,sourceColumn=Semana_Mes
COLUMNA,Dim_Fecha,Orden_Semana_Mes,int64,,0,,SI,eaf03fe9-ab70-48bd-ab40-ad158ed99402,,sourceColumn=Orden_Semana_Mes
COLUMNA,Dim_Fecha,DH_Acumulados_Mes,int64,,0,,SI,87a8151b-333d-4ae6-bddb-eebf35d99403,,sourceColumn=DH_Acumulados_Mes
COLUMNA,Dim_Fecha,DH_Restantes_Mes,int64,,0,,SI,e3f34c0e-71dd-4cad-91cb-468f80d99404,,sourceColumn=DH_Restantes_Mes
COLUMNA,Dim_Fecha,Es_Primeros_7_DH,boolean,,"""""""Sí"""";""""Sí"""";""""No""""""",,SI,039c74f5-f89d-4e80-a552-21511ad99405,,sourceColumn=Es_Primeros_7_DH
COLUMNA,Dim_Fecha,Es_Ultimos_7_DH,boolean,,"""""""Sí"""";""""Sí"""";""""No""""""",,SI,88c50427-134c-4113-b07d-7ed9ab799406,,sourceColumn=Es_Ultimos_7_DH
COLUMNA,Dim_Fecha,Momento_Mes,string,,,,SI,57000000-0000-4000-8000-000000000001,,sourceColumn=Momento_Mes
COLUMNA,Dim_Fecha,Orden_Momento_Mes,int64,,0,,SI,57000000-0000-4000-8000-000000000002,,sourceColumn=Orden_Momento_Mes
PARTICION,Dim_Fecha,Dim_Fecha,,,,,SI,,,mode=import; fuente=M
TABLA,Dim_Periodo_3M,Dim_Periodo_3M,,,,,SI,39000000-0000-4000-8000-000000000001,,partition=1
COLUMNA,Dim_Periodo_3M,PeriodoKey,int64,,0,,SI,39000000-0000-4000-8000-000000000002,,sourceColumn=PeriodoKey
COLUMNA,Dim_Periodo_3M,Etiqueta,string,,,,SI,39000000-0000-4000-8000-000000000003,,sourceColumn=Etiqueta
COLUMNA,Dim_Periodo_3M,AnioMes,string,,,,SI,39000000-0000-4000-8000-000000000004,,sourceColumn=AnioMes
COLUMNA,Dim_Periodo_3M,Orden,int64,,0,,SI,39000000-0000-4000-8000-000000000005,,sourceColumn=Orden
COLUMNA,Dim_Periodo_3M,FechaInicio,dateTime,,Short Date,,SI,39000000-0000-4000-8000-000000000006,,sourceColumn=FechaInicio
COLUMNA,Dim_Periodo_3M,FechaFin,dateTime,,Short Date,,SI,39000000-0000-4000-8000-000000000007,,sourceColumn=FechaFin
PARTICION,Dim_Periodo_3M,Dim_Periodo_3M,,,,,SI,,,mode=import; fuente=M
TABLA,Dim_Mes_Trend,Dim_Mes_Trend,,,,,SI,39000000-0000-4000-8000-000000000011,,partition=1
COLUMNA,Dim_Mes_Trend,PeriodoKey,int64,,0,,SI,39000000-0000-4000-8000-000000000012,,sourceColumn=PeriodoKey
COLUMNA,Dim_Mes_Trend,Etiqueta,string,,,,SI,39000000-0000-4000-8000-000000000013,,sourceColumn=Etiqueta
COLUMNA,Dim_Mes_Trend,AnioMes,string,,,,SI,39000000-0000-4000-8000-000000000014,,sourceColumn=AnioMes
COLUMNA,Dim_Mes_Trend,Orden,int64,,0,,SI,39000000-0000-4000-8000-000000000015,,sourceColumn=Orden
PARTICION,Dim_Mes_Trend,Dim_Mes_Trend,,,,,SI,,,mode=import; fuente=M
TABLA,Dim_Cliente,Dim_Cliente,,,,,SI,7f11bc1c-7498-4998-8dda-a62d380ee02b,,partition=1
COLUMNA,Dim_Cliente,CLIENTE_CODIGO,string,,,,SI,0d1a83fb-0d57-47b6-a9aa-74c013600f0d,,sourceColumn=CLIENTE_CODIGO
COLUMNA,Dim_Cliente,CLIENTE_CIUDAD,string,,,,SI,a7875b33-fc1f-46b3-9ce4-44eb60ac2cb9,,sourceColumn=CLIENTE_CIUDAD
COLUMNA,Dim_Cliente,CLIENTE_REGION,string,,,,SI,d6fabf0a-c12d-4286-8b0e-0ca4e234edd4,,sourceColumn=CLIENTE_REGION
COLUMNA,Dim_Cliente,CLIENTE_NOMBRE,string,,,,SI,53ef21e1-e20c-4827-87a5-758d2aa74a01,,sourceColumn=CLIENTE_NOMBRE
COLUMNA,Dim_Cliente,VENDEDOR_NOMBRE,string,,,,SI,2861c3d5-7799-4df5-9ea6-3744980610e2,,sourceColumn=VENDEDOR_NOMBRE
COLUMNA,Dim_Cliente,CLIENTE_ETIQUETA,string,,,,SI,ac444bad-7bd2-4792-8aee-cf056a5d5b50,,sourceColumn=CLIENTE_ETIQUETA
PARTICION,Dim_Cliente,Dim_Cliente,,,,,SI,,,mode=import; fuente=M
TABLA,Dim_Canal,Dim_Canal,,,,,SI,b8faf44b-000e-4f1c-9b8a-d7f0f5a06e53,,partition=1
COLUMNA,Dim_Canal,CANAL_CODIGO,string,,,,SI,2a06b593-dcdc-4cf5-ba3f-5998e4254c6f,,sourceColumn=CANAL_CODIGO
COLUMNA,Dim_Canal,CANAL,string,,,,SI,d7b1acc2-de28-4230-a213-da7ae4b04d66,,sourceColumn=CANAL
COLUMNA,Dim_Canal,CATEGORIA_ANALISIS,string,,,,SI,0dc3f30c-da36-48dc-8b3d-c646a55c1010,,sourceColumn=CATEGORIA_ANALISIS
COLUMNA,Dim_Canal,INCLUIR_NS,boolean,,"""""""Sí"""";""""Sí"""";""""No""""""",,SI,3b41766d-f62b-4d34-becf-b34539d21011,,sourceColumn=INCLUIR_NS
PARTICION,Dim_Canal,Dim_Canal,,,,,SI,,,mode=import; fuente=M
TABLA,Dim_Responsable,Dim_Responsable,,,,,SI,0ff6a588-e94f-4361-90f8-886b097b427a,,partition=1
COLUMNA,Dim_Responsable,RESPONSABLE_CODIGO,string,,,,SI,a0c5b9ce-0b60-4085-9c0e-0cc54d526cd1,,sourceColumn=RESPONSABLE_CODIGO
PARTICION,Dim_Responsable,Dim_Responsable,,,,,SI,,,mode=import; fuente=M
TABLA,Dim_Condicion_Expedicion,Dim_Condicion_Expedicion,,,,,SI,f73cd343-0673-4f8a-b046-67fb71016363,,partition=1
COLUMNA,Dim_Condicion_Expedicion,CONDICION_EXPEDICION_CODIGO,string,,,,SI,0cea890d-af3b-4ae1-a633-0ada9d05325d,,sourceColumn=CONDICION_EXPEDICION_CODIGO
COLUMNA,Dim_Condicion_Expedicion,CONDICION_EXPEDICION,string,,,,SI,71ecbe86-9f2a-4bab-a15a-1b3478fba87f,,sourceColumn=CONDICION_EXPEDICION
PARTICION,Dim_Condicion_Expedicion,Dim_Condicion_Expedicion,,,,,SI,,,mode=import; fuente=M
TABLA,Medidas,Medidas,,,,,SI,ced1aa5b-7fc8-4bac-a655-0f0abfcaec8a,,partition=1
COLUMNA,Medidas,__Medida,int64,,0,,SI,a999e59e-35e3-4a38-82ae-fee350894158,,sourceColumn=__Medida
MEDIDA,Medidas,Pedidos = [U Pedidos universo],,,"#,0",01. Universo Único\Compatibilidad,SI,0121c9cd-bb46-48d1-bdac-27530abbc73a,,
MEDIDA,Medidas,'OP Pedidos Hito' = DISTINCTCOUNT(Fact_Hitos_Operacionales[PED_NUMERO_PEDIDO]),,,"#,0",03. Operación por Hitos\Volumen,SI,42f52cba-27be-4b8f-b20e-47b65a070001,,
MEDIDA,Medidas,"'OP Pedidos con Dato' = CALCULATE([OP Pedidos Hito], Fact_Hitos_Operacionales[TIENE_DATO] = TRUE())",,,"#,0",03. Operación por Hitos\Calidad,SI,665ac37a-e177-4231-8723-2218398d0003,,
MEDIDA,Medidas,"'OP Cobertura Hitos %' = DIVIDE([OP Pedidos con Dato], [OP Pedidos Hito])",,,0.0%,03. Operación por Hitos\Calidad,SI,6a1c613a-8cac-4471-a80a-70c76e5c0004,,
MEDIDA,Medidas,"'OP Pedidos Cumple KPI' = CALCULATE([OP Pedidos Hito], Fact_Hitos_Operacionales[CUMPLE_KPI] = TRUE())",,,"#,0",03. Operación por Hitos\Cumplimiento,SI,e56151f7-31f3-4bea-9423-a57a40350005,,
MEDIDA,Medidas,"'OP Pedidos Fuera KPI' = CALCULATE([OP Pedidos Hito], Fact_Hitos_Operacionales[TIENE_DATO] = TRUE(), Fact_Hitos_Operacionales[CUMPLE_KPI] = FALSE())",,,"#,0",03. Operación por Hitos\Cumplimiento,SI,a16b52b6-1bca-4e93-8fb6-9ea615230006,,
MEDIDA,Medidas,"'OP % Cumplimiento Hito' = DIVIDE([OP Pedidos Cumple KPI], [OP Pedidos Cumple KPI] + [OP Pedidos Fuera KPI])",,,0.0%,03. Operación por Hitos\Cumplimiento,SI,2a2b0405-14dd-4654-90f2-d8e5b8490007,,
MEDIDA,Medidas,"'OP Promedio Hito DH' = CALCULATE(AVERAGE(Fact_Hitos_Operacionales[DIAS_HABILES]), TREATAS(VALUES(Dim_Vista_Ejecutiva[METRICA_CODIGO]), Fact_Hitos_Operacionales[METRICA_CODIGO]))",,,0.0,03. Operación por Hitos\Estadística,SI,e7767cb8-8363-4ca6-9124-88728f6b0008,,
MEDIDA,Medidas,'OP P90 Hito DH' =,,,0.0,03. Operación por Hitos\Estadística,SI,14419748-3d93-47a9-b378-aed6e82a000a,,
MEDIDA,Medidas,'OP SLA Hito DH' = SELECTEDVALUE(Config_SLA_Hitos[SLA_DH]),,,0,03. Operación por Hitos\Configuración,SI,95b3780c-d2d9-4984-8aa0-87a7e5b9000c,,
MEDIDA,Medidas,'OP Días Exceso' = SUM(Fact_Hitos_Operacionales[EXCESO_DH]),,,"#,0",03. Operación por Hitos\Impacto,SI,cbf0c984-f1ce-4aa8-915e-68ef8738000d,,
MEDIDA,Medidas,'OP Valor Afectado' =,,,"""CLP $"" #,0;-""CLP $"" #,0;""CLP $"" 0",03. Operación por Hitos\Impacto,SI,a8b2d9f3-b002-435d-a84a-37d9064d000e,,
MEDIDA,Medidas,"'OP Meses Incumplimiento Cliente' = CALCULATE(DISTINCTCOUNT(Fact_Hitos_Operacionales[MES_CREACION]), Fact_Hitos_Operacionales[TIENE_DATO] = TRUE(), Fact_Hitos_Operacionales[CUMPLE_KPI] = FALSE())",,,"#,0",04. Clientes por Hito\Reincidencia,SI,468c138f-a147-4b6c-809a-9ad779a90010,,
MEDIDA,Medidas,'OP Clientes Recurrentes' =,,,"#,0",04. Clientes por Hito\Reincidencia,SI,5e482395-4048-4a7f-8099-d30e33f00013,,
MEDIDA,Medidas,'OP Score Cuello Hito' =,,,0.0,05. Cuello Operacional\Score,SI,254684c9-1ce0-44f9-8078-470488aa0014,,
MEDIDA,Medidas,'OP Cuello de Botella' =,,,,05. Cuello Operacional\Diagnóstico,SI,38a22951-f0a7-4a59-a987-93c501040016,,
MEDIDA,Medidas,'OP Principal Cliente Fuera KPI' =,,,,04. Clientes por Hito\Diagnóstico,SI,02cb766b-ad22-478a-849f-64e4d73c0017,,
MEDIDA,Medidas,'OP Prioridad Hallazgo' =,,,,06. Hallazgos y Acciones\Prioridad,SI,69899b6a-cd66-424f-a84c-ce14a89f001e,,
MEDIDA,Medidas,'OP Hallazgo Dinámico' =,,,,06. Hallazgos y Acciones\Narrativa,SI,12e559eb-8ca8-4c11-a47d-d9cce7f8001f,,
MEDIDA,Medidas,'OP Plan de Acción Dinámico' =,,,,06. Hallazgos y Acciones\Narrativa,SI,1c088779-c49d-4cbd-a0d9-152638b00020,,
MEDIDA,Medidas,'Normal evaluados' =,,,"#,0",01. Universo Único\Compatibilidad,SI,16000000-0000-4000-8000-000000000102,,
MEDIDA,Medidas,'Preparación P90 DH' =,,,0.0,01. Universo Único\Servicio,SI,16000000-0000-4000-8000-000000000106,,
MEDIDA,Medidas,'Tránsito mínimo DH' =,,,0,07. Promesa Cliente\Configuración,SI,16000000-0000-4000-8000-000000000108,,
MEDIDA,Medidas,'Tránsito máximo DH' =,,,0,07. Promesa Cliente\Configuración,SI,16000000-0000-4000-8000-000000000109,,
MEDIDA,Medidas,'Promesa mínima DH' =,,,0,07. Promesa Cliente\Configuración,SI,16000000-0000-4000-8000-000000000110,,
MEDIDA,Medidas,'Promesa máxima DH' =,,,0,07. Promesa Cliente\Configuración,SI,16000000-0000-4000-8000-000000000111,,
MEDIDA,Medidas,'Promesa oficial' =,,,,07. Promesa Cliente\Configuración,SI,16000000-0000-4000-8000-000000000112,,
MEDIDA,Medidas,'NS preparación %' = [U NS observado interno],,,0.0%,01. Universo Único\Servicio,SI,16000000-0000-4000-8000-000000000113,,
MEDIDA,Medidas,"'AUD Pedido seleccionado' = SELECTEDVALUE(Fact_Hitos_Operacionales[PED_NUMERO_PEDIDO], ""Seleccione un pedido"")",,,,08. Auditoría 360\Contexto,SI,17000000-0000-4000-8000-000000000101,,
MEDIDA,Medidas,'AUD Cliente seleccionado' =,,,,08. Auditoría 360\Contexto,SI,17000000-0000-4000-8000-000000000102,,
MEDIDA,Medidas,'AUD Vendedor seleccionado' =,,,,08. Auditoría 360\Contexto,SI,17000000-0000-4000-8000-000000000103,,
MEDIDA,Medidas,'AUD Máximo exceso DH' =,,,0,08. Auditoría 360\Diagnóstico,SI,17000000-0000-4000-8000-000000000106,,
MEDIDA,Medidas,'AUD Hitos fuera KPI' =,,,0,08. Auditoría 360\Diagnóstico,SI,17000000-0000-4000-8000-000000000107,,
MEDIDA,Medidas,'AUD Hito crítico' =,,,,08. Auditoría 360\Diagnóstico,SI,17000000-0000-4000-8000-000000000108,,
MEDIDA,Medidas,'AUD Semáforo general' =,,,,08. Auditoría 360\Semáforo,SI,17000000-0000-4000-8000-000000000110,,
MEDIDA,Medidas,'AUD Semáforo hito' =,,,,08. Auditoría 360\Semáforo,SI,17000000-0000-4000-8000-000000000111,,
MEDIDA,Medidas,'AUD Días reales' = MAX(Fact_Hitos_Operacionales[DIAS_HABILES]),,,0,08. Auditoría 360\Detalle del hito,SI,17000000-0000-4000-8000-000000000112,,
MEDIDA,Medidas,'AUD SLA objetivo' = MAX(Fact_Hitos_Operacionales[SLA_DH]),,,0,08. Auditoría 360\Detalle del hito,SI,17000000-0000-4000-8000-000000000113,,
MEDIDA,Medidas,'AUD Exceso sobre SLA' = MAX(Fact_Hitos_Operacionales[EXCESO_DH]),,,0,08. Auditoría 360\Detalle del hito,SI,17000000-0000-4000-8000-000000000114,,
MEDIDA,Medidas,'AUD Pedidos fuera KPI' =,,,0,08. Auditoría 360\Detalle del hito,SI,17000000-0000-4000-8000-000000000115,,
MEDIDA,Medidas,'AUD Valor métrica seleccionada' =,,,0,08. Auditoría 360\Selector,SI,17000000-0000-4000-8000-000000000116,,
MEDIDA,Medidas,"'AUD Fecha inicio' = FORMAT(MIN(Fact_Hitos_Operacionales[FECHA_INICIO]), ""dd-MM-yyyy HH:mm"")",,,,08. Auditoría 360\Detalle del hito,SI,17000000-0000-4000-8000-000000000118,,
MEDIDA,Medidas,"'AUD Fecha fin' = FORMAT(MAX(Fact_Hitos_Operacionales[FECHA_FIN]), ""dd-MM-yyyy HH:mm"")",,,,08. Auditoría 360\Detalle del hito,SI,17000000-0000-4000-8000-000000000119,,
MEDIDA,Medidas,"'AUD Regla aplicada' = SELECTEDVALUE(Fact_Hitos_Operacionales[REGLA_FECHA_FIN], ""—"")",,,,08. Auditoría 360\Detalle del hito,SI,17000000-0000-4000-8000-000000000120,,
MEDIDA,Medidas,'AUD Promesa del pedido' =,,,,08. Auditoría 360\Narrativa,SI,17000000-0000-4000-8000-000000000122,,
MEDIDA,Medidas,"'UI Indicador seleccionado' = SELECTEDVALUE(Dim_Indicador_Ejecutivo[Indicador], ""Pedidos"")",,,,09. Experiencia Ejecutiva\Selector,SI,18000000-0000-4000-8000-000000000101,,
MEDIDA,Medidas,'UI Valor contexto CLP' = SUM(Fact_Tracking[PED_VALOR_NETO]),,,"""CLP $"" #,0;-""CLP $"" #,0;""CLP $"" 0",09. Experiencia Ejecutiva\Indicadores,SI,18000000-0000-4000-8000-000000000102,,
MEDIDA,Medidas,'UI Indicador formateado' =,,,,09. Experiencia Ejecutiva\Indicadores,SI,18000000-0000-4000-8000-000000000104,,
MEDIDA,Medidas,"'UI Zona actual' = SELECTEDVALUE(Fact_Hitos_Operacionales[Zona], ""Total Mayorista"")",,,,09. Experiencia Ejecutiva\Tooltip,SI,18000000-0000-4000-8000-000000000109,,
MEDIDA,Medidas,'UI Tooltip ejecutivo' =,,,,09. Experiencia Ejecutiva\Tooltip,SI,18000000-0000-4000-8000-000000000111,,
MEDIDA,Medidas,'UI Indicador ejecutivo SVG' =,,,,09. Experiencia Ejecutiva\SVG,SI,18000000-0000-4000-8000-000000000112,,
MEDIDA,Medidas,'AUD Semáforo SVG' =,,,,08. Auditoría 360\Semáforo,SI,18000000-0000-4000-8000-000000000113,,
MEDIDA,Medidas,'AUD Semáforo general SVG' =,,,,08. Auditoría 360\Semáforo,SI,18000000-0000-4000-8000-000000000114,,
MEDIDA,Medidas,'TR Contexto ruta' =,,,,10. Ruta Dinámica\Contexto,SI,19000000-0000-4000-8000-000000000103,,
MEDIDA,Medidas,'TR Días ruta DH' =,,,0.0,10. Ruta Dinámica\Métricas,SI,19000000-0000-4000-8000-000000000104,,
MEDIDA,Medidas,'TR SLA ruta DH' =,,,0,10. Ruta Dinámica\Métricas,SI,19000000-0000-4000-8000-000000000105,,
MEDIDA,Medidas,'TR NS ruta %' =,,,0.0%,10. Ruta Dinámica\Métricas,SI,19000000-0000-4000-8000-000000000106,,
MEDIDA,Medidas,'TR Proyección entrega' =,,,,10. Ruta Dinámica\Métricas,SI,19000000-0000-4000-8000-000000000108,,
MEDIDA,Medidas,'TR Ruta camión SVG' =,,,,10. Ruta Dinámica\SVG,SI,19000000-0000-4000-8000-000000000110,,
MEDIDA,Medidas,'TR NS ruta SVG' =,,,,10. Ruta Dinámica\SVG,SI,19000000-0000-4000-8000-000000000111,,
MEDIDA,Medidas,'HT Hito seleccionado' =,,,,11. Tooltip por Hito\01. Contexto,SI,23000000-0000-4000-8000-000000000101,,
MEDIDA,Medidas,'HT Resumen hito' =,,,,11. Tooltip por Hito\01. Contexto,SI,23000000-0000-4000-8000-000000000102,,
MEDIDA,Medidas,'HT Días hito' = MAX(Fact_Hitos_Operacionales[DIAS_HABILES]),,,"0 ""DH""",11. Tooltip por Hito\02. Ranking,SI,23000000-0000-4000-8000-000000000103,,
MEDIDA,Medidas,'HT SLA hito' =,,,"0 ""DH""",11. Tooltip por Hito\02. Ranking,SI,23000000-0000-4000-8000-000000000104,,
MEDIDA,Medidas,'HT Exceso hito' = MAX(Fact_Hitos_Operacionales[EXCESO_DH]),,,"0 ""DH""",11. Tooltip por Hito\02. Ranking,SI,23000000-0000-4000-8000-000000000105,,
MEDIDA,Medidas,'HT Días hito Top 10' =,,,"0 ""DH""",11. Tooltip por Hito\02. Ranking,SI,23000000-0000-4000-8000-000000000106,,
MEDIDA,Medidas,"'HT SLA Top 10' = IF(NOT ISBLANK([HT Días hito Top 10]), [HT SLA hito])",,,"0 ""DH""",11. Tooltip por Hito\02. Ranking,SI,23000000-0000-4000-8000-000000000107,,
MEDIDA,Medidas,"'HT Exceso Top 10' = IF(NOT ISBLANK([HT Días hito Top 10]), [HT Exceso hito])",,,"0 ""DH""",11. Tooltip por Hito\02. Ranking,SI,23000000-0000-4000-8000-000000000108,,
MEDIDA,Medidas,'HT Tipo pedido Top 10' =,,,,11. Tooltip por Hito\03. Identificación,SI,23000000-0000-4000-8000-000000000109,,
MEDIDA,Medidas,'HT Cliente Top 10' =,,,,11. Tooltip por Hito\03. Identificación,SI,23000000-0000-4000-8000-000000000110,,
MEDIDA,Medidas,'HT Vendedor Top 10' =,,,,11. Tooltip por Hito\03. Identificación,SI,23000000-0000-4000-8000-000000000111,,
MEDIDA,Medidas,'HT Creación Top 10' =,,,dd-MM-yyyy HH:mm,11. Tooltip por Hito\04. Fechas auditables,SI,23000000-0000-4000-8000-000000000112,,
MEDIDA,Medidas,'HT Inicio hito Top 10' =,,,dd-MM-yyyy HH:mm,11. Tooltip por Hito\04. Fechas auditables,SI,23000000-0000-4000-8000-000000000113,,
MEDIDA,Medidas,'HT Fin hito Top 10' =,,,dd-MM-yyyy HH:mm,11. Tooltip por Hito\04. Fechas auditables,SI,23000000-0000-4000-8000-000000000114,,
MEDIDA,Medidas,'HT Primera factura Top 10' =,,,dd-MM-yyyy HH:mm,11. Tooltip por Hito\04. Fechas auditables,SI,23000000-0000-4000-8000-000000000115,,
MEDIDA,Medidas,'HT Última factura Top 10' =,,,dd-MM-yyyy HH:mm,11. Tooltip por Hito\04. Fechas auditables,SI,23000000-0000-4000-8000-000000000116,,
MEDIDA,Medidas,'HT Despacho Top 10' =,,,dd-MM-yyyy HH:mm,11. Tooltip por Hito\04. Fechas auditables,SI,23000000-0000-4000-8000-000000000117,,
MEDIDA,Medidas,'HT Brecha facturas Top 10' =,,,"0 ""días calendario""",11. Tooltip por Hito\05. Control Saldo,SI,23000000-0000-4000-8000-000000000118,,
MEDIDA,Medidas,'HT Validación saldo Top 10' =,,,,11. Tooltip por Hito\05. Control Saldo,SI,23000000-0000-4000-8000-000000000119,,
MEDIDA,Medidas,'HT Estado hito Top 10' =,,,,11. Tooltip por Hito\02. Ranking,SI,23000000-0000-4000-8000-000000000121,,
MEDIDA,Medidas,'U Pedidos universo' = DISTINCTCOUNT(Fact_Tracking[PED_NUMERO_PEDIDO]),,,"#,0",01. Universo Único\Volumen,SI,26000000-0000-4000-8000-000000003001,,
MEDIDA,Medidas,"'U Pedidos cerrados' = CALCULATE([U Pedidos universo], Fact_Tracking[ES_CERRADO]=TRUE())",,,"#,0",01. Universo Único\Volumen,SI,26000000-0000-4000-8000-000000003002,,
MEDIDA,Medidas,"'U Pedidos abiertos' = CALCULATE([U Pedidos universo], Fact_Tracking[ES_CERRADO]=FALSE())",,,"#,0",01. Universo Único\Volumen,SI,26000000-0000-4000-8000-000000003003,,
MEDIDA,Medidas,"'U Pendientes factura' = CALCULATE([U Pedidos universo], Fact_Tracking[PENDIENTE_FACTURA]=TRUE())",,,"#,0",01. Universo Único\Backlog,SI,26000000-0000-4000-8000-000000003004,,
MEDIDA,Medidas,"'U Pendientes despacho' = CALCULATE([U Pedidos universo], Fact_Tracking[PENDIENTE_DESPACHO]=TRUE())",,,"#,0",01. Universo Único\Backlog,SI,26000000-0000-4000-8000-000000003005,,
MEDIDA,Medidas,"'U Pedidos vencidos' = CALCULATE([U Pedidos universo], Fact_Tracking[ES_CERRADO]=FALSE(), Fact_Tracking[DIAS_RESTANTES_DH] < 0)",,,"#,0",01. Universo Único\Backlog,SI,26000000-0000-4000-8000-000000003006,,
MEDIDA,Medidas,"'U Valor abierto CLP' = CALCULATE(SUM(Fact_Tracking[PED_VALOR_NETO]), Fact_Tracking[ES_CERRADO]=FALSE())",,,"""CLP $"" #,0;-""CLP $"" #,0;""CLP $"" 0",01. Universo Único\Backlog,SI,26000000-0000-4000-8000-000000003007,,
MEDIDA,Medidas,"'U Valor en riesgo CLP' = CALCULATE(SUM(Fact_Tracking[PED_VALOR_NETO]), Fact_Tracking[ES_CERRADO]=FALSE(), Fact_Tracking[DIAS_RESTANTES_DH] <= 1)",,,"""CLP $"" #,0;-""CLP $"" #,0;""CLP $"" 0",01. Universo Único\Backlog,SI,26000000-0000-4000-8000-000000003008,,
MEDIDA,Medidas,'U NS comprometido interno' = 0.9,,,0.0%,01. Universo Único\Servicio,SI,26000000-0000-4000-8000-000000003009,,
MEDIDA,Medidas,"'U Pedidos cerrados en SLA' = CALCULATE([U Pedidos universo], Fact_Tracking[ES_CERRADO]=TRUE(), Fact_Tracking[CUMPLE_SLA_INTERNO]=TRUE())",,,"#,0",01. Universo Único\Servicio,SI,26000000-0000-4000-8000-000000003010,,
MEDIDA,Medidas,"'U NS observado interno' = DIVIDE([U Pedidos cerrados en SLA],[U Pedidos cerrados])",,,0.0%,01. Universo Único\Servicio,SI,26000000-0000-4000-8000-000000003011,,
MEDIDA,Medidas,'U Brecha NS' = [U NS observado interno] - [U NS comprometido interno],,,0.0%;-0.0%;0.0%,01. Universo Único\Servicio,SI,26000000-0000-4000-8000-000000003012,,
MEDIDA,Medidas,'U Promedio interno DH' = AVERAGE(Fact_Tracking[DIAS_INTERNOS_DH]),,,"0.0 ""DH""",01. Universo Único\Servicio,SI,26000000-0000-4000-8000-000000003013,,
MEDIDA,Medidas,"'U P90 interno DH' = PERCENTILEX.INC(FILTER(Fact_Tracking, Fact_Tracking[ES_CERRADO]=TRUE() && NOT ISBLANK(Fact_Tracking[DIAS_INTERNOS_DH])), Fact_Tracking[DIAS_INTERNOS_DH], 0.9)",,,"0.0 ""DH""",01. Universo Único\Servicio,SI,26000000-0000-4000-8000-000000003014,,
MEDIDA,Medidas,"'U P90 estado' = VAR ExcesoP90 = PERCENTILEX.INC(FILTER(Fact_Tracking, Fact_Tracking[ES_CERRADO]=TRUE() && NOT ISBLANK(Fact_Tracking[EXCESO_SLA_INTERNO_DH])), Fact_Tracking[EXCESO_SLA_INTERNO_DH], 0.9) RETURN IF(ISBLANK(ExcesoP90),""SIN DATO"",IF(ExcesoP90<=0,""P90 DENTRO DEL SLA ZONAL"",""P90 SUPERA SLA ZONAL EN ""&FORMAT(ExcesoP90,""0.0"")&"" DH""))",,,,01. Universo Único\Servicio,SI,26000000-0000-4000-8000-000000003015,,
MEDIDA,Medidas,'U Fecha mínima creación' = MIN(Fact_Tracking[PED_FECHA_HORA]),,,dd-MM-yyyy,01. Universo Único\Periodo,SI,26000000-0000-4000-8000-000000003016,,
MEDIDA,Medidas,'U Fecha máxima creación' = MAX(Fact_Tracking[PED_FECHA_HORA]),,,dd-MM-yyyy,01. Universo Único\Periodo,SI,26000000-0000-4000-8000-000000003017,,
MEDIDA,Medidas,'U Fecha mínima factura' = MIN(Fact_Tracking[FECHA_PRIMERA_FACTURA]),,,dd-MM-yyyy,01. Universo Único\Periodo,SI,26000000-0000-4000-8000-000000003018,,
MEDIDA,Medidas,'U Fecha máxima factura' = MAX(Fact_Tracking[FECHA_ULTIMA_FACTURA]),,,dd-MM-yyyy,01. Universo Único\Periodo,SI,26000000-0000-4000-8000-000000003019,,
MEDIDA,Medidas,'U Fecha mínima despacho' = MIN(Fact_Tracking[FECHA_DESPACHO]),,,dd-MM-yyyy,01. Universo Único\Periodo,SI,26000000-0000-4000-8000-000000003020,,
MEDIDA,Medidas,'U Fecha máxima despacho' = MAX(Fact_Tracking[FECHA_DESPACHO]),,,dd-MM-yyyy,01. Universo Único\Periodo,SI,26000000-0000-4000-8000-000000003021,,
MEDIDA,Medidas,"'U Fecha actualización' = CALCULATE(MAX(Fact_Tracking[FECHA_ACTUALIZACION]), REMOVEFILTERS())",,,dd-MM-yyyy HH:mm,01. Universo Único\Periodo,SI,26000000-0000-4000-8000-000000003022,,
MEDIDA,Medidas,"'U Último pedido creado' = CALCULATE(MAX(Fact_Tracking[PED_FECHA_HORA]), REMOVEFILTERS())",,,dd-MM-yyyy HH:mm,12. Gobierno del reporte\Actualización,SI,28000000-0000-4000-8000-000000000101,,
MEDIDA,Medidas,'U Estado datos' =,,,,12. Gobierno del reporte\Actualización,SI,28000000-0000-4000-8000-000000000102,,
MEDIDA,Medidas,'U Periodo completo' =,,,,12. Gobierno del reporte\Actualización,SI,26000000-0000-4000-8000-000000003023,,
MEDIDA,Medidas,'U Pedidos hito' = DISTINCTCOUNT(Fact_Hitos_Operacionales[PED_NUMERO_PEDIDO]),,,"#,0",01. Universo Único\Hitos,SI,26000000-0000-4000-8000-000000003024,,
MEDIDA,Medidas,'U Promedio hito DH' = AVERAGE(Fact_Hitos_Operacionales[DIAS_TRANSCURRIDOS]),,,"0.0 ""DH""",01. Universo Único\Hitos,SI,26000000-0000-4000-8000-000000003026,,
MEDIDA,Medidas,"'U NS hito actual' = DIVIDE(CALCULATE([U Pedidos hito], Fact_Hitos_Operacionales[CUMPLE_ACTUAL]=TRUE()), CALCULATE([U Pedidos hito], NOT ISBLANK(Fact_Hitos_Operacionales[CUMPLE_ACTUAL])))",,,0.0%,01. Universo Único\Hitos,SI,26000000-0000-4000-8000-000000003027,,
MEDIDA,Medidas,'RE Pedidos contexto' =,,,"#,0",02. Resumen Ejecutivo\01. Cohorte,SI,27000000-0000-4000-8000-000000000101,,
MEDIDA,Medidas,'RE Pedidos en SLA contexto' =,,,"#,0",02. Resumen Ejecutivo\01. Cohorte,SI,27000000-0000-4000-8000-000000000102,,
MEDIDA,Medidas,'RE Pedidos fuera SLA contexto' = [RE Pedidos contexto] - [RE Pedidos en SLA contexto],,,"#,0",02. Resumen Ejecutivo\01. Cohorte,SI,27000000-0000-4000-8000-000000000103,,
MEDIDA,Medidas,"'RE NS contexto' = DIVIDE([RE Pedidos en SLA contexto], [RE Pedidos contexto])",,,0.0%;-0.0%;0.0%,02. Resumen Ejecutivo\02. Servicio,SI,27000000-0000-4000-8000-000000000104,,
MEDIDA,Medidas,'RE Valor contexto' =,,,"#,##0",02. Resumen Ejecutivo\01. Cohorte,SI,27000000-0000-4000-8000-000000000105,,
MEDIDA,Medidas,'RE Valor en SLA contexto' =,,,"#,##0",02. Resumen Ejecutivo\01. Cohorte,SI,27000000-0000-4000-8000-000000000106,,
MEDIDA,Medidas,'RE Valor fuera SLA contexto' = [RE Valor contexto] - [RE Valor en SLA contexto],,,"#,##0",02. Resumen Ejecutivo\01. Cohorte,SI,27000000-0000-4000-8000-000000000107,,
MEDIDA,Medidas,'RE Promedio contexto DH' =,,,"0.0 ""DH""",02. Resumen Ejecutivo\02. Servicio,SI,27000000-0000-4000-8000-000000000108,,
MEDIDA,Medidas,'RE P90 contexto DH' =,,,"0.0 ""DH""",02. Resumen Ejecutivo\02. Servicio,SI,27000000-0000-4000-8000-000000000109,,
MEDIDA,Medidas,'RE Participación flujo %' =,,,0.0%;-0.0%;0.0%,02. Resumen Ejecutivo\03. Flujo,SI,27000000-0000-4000-8000-000000000110,,
MEDIDA,Medidas,'RE Participación rango %' =,,,0.0%;-0.0%;0.0%,02. Resumen Ejecutivo\04. Zona,SI,27000000-0000-4000-8000-000000000111,,
MEDIDA,Medidas,"'RE NS zona %' = IF(ISINSCOPE(Dim_Rango_Entrega[Rango]), BLANK(), [RE NS contexto])",,,0.0%;-0.0%;0.0%,02. Resumen Ejecutivo\04. Zona,SI,27000000-0000-4000-8000-000000000112,,
MEDIDA,Medidas,'RE Estado zona SVG' =,,,,02. Resumen Ejecutivo\04. Zona,SI,27000000-0000-4000-8000-000000000113,,
MEDIDA,Medidas,'RE Pedidos matriz' = [RE Pedidos contexto],,,"#,0",02. Resumen Ejecutivo\05. Hitos,SI,27000000-0000-4000-8000-000000000114,,
MEDIDA,Medidas,'RE Código nivel matriz' =,,,,13. Matriz jerárquica\Soporte,SI,29000000-0000-4000-8000-000000000101,,
MEDIDA,Medidas,'RE SLA nivel DH' =,,,"0 ""DH""",13. Matriz jerárquica\Servicio,SI,29000000-0000-4000-8000-000000000102,,
MEDIDA,Medidas,'RE Pedidos hito con dato' =,,,"#,0",02. Resumen Ejecutivo\05. Hitos,SI,27000000-0000-4000-8000-000000000115,,
MEDIDA,Medidas,"'RE Cobertura hito %' = DIVIDE([RE Pedidos hito con dato], [RE Pedidos matriz])",,,0.0%;-0.0%;0.0%,02. Resumen Ejecutivo\05. Hitos,SI,27000000-0000-4000-8000-000000000116,,
MEDIDA,Medidas,'RE Pedidos hito cumplen' =,,,"#,0",02. Resumen Ejecutivo\05. Hitos,SI,27000000-0000-4000-8000-000000000117,,
MEDIDA,Medidas,"'RE NS hito %' = DIVIDE([RE Pedidos hito cumplen], [RE Pedidos matriz])",,,0.0%;-0.0%;0.0%,02. Resumen Ejecutivo\05. Hitos,SI,27000000-0000-4000-8000-000000000118,,
MEDIDA,Medidas,'RE Promedio hito DH' =,,,"0.0 ""DH""",02. Resumen Ejecutivo\05. Hitos,SI,27000000-0000-4000-8000-000000000119,,
MEDIDA,Medidas,'RE P90 hito DH' =,,,"0.0 ""DH""",02. Resumen Ejecutivo\05. Hitos,SI,27000000-0000-4000-8000-000000000120,,
MEDIDA,Medidas,'RE Periodo contexto' =,,,,02. Resumen Ejecutivo\06. Periodo,SI,27000000-0000-4000-8000-000000000121,,
MEDIDA,Medidas,'RE Subtítulo pedidos' =,,,,02. Resumen Ejecutivo\07. Texto,SI,27000000-0000-4000-8000-000000000122,,
MEDIDA,Medidas,'RE Subtítulo valor' =,,,,02. Resumen Ejecutivo\07. Texto,SI,27000000-0000-4000-8000-000000000123,,
MEDIDA,Medidas,'RE Subtítulo NS' =,,,,02. Resumen Ejecutivo\07. Texto,SI,27000000-0000-4000-8000-000000000124,,
MEDIDA,Medidas,"'RE Color NS' = SWITCH(TRUE(), ISBLANK([RE NS contexto]), ""#84807D"", [RE NS contexto] >= 0.9, ""#2E8B57"", [RE NS contexto] >= 0.8, ""#D5A000"", ""#D3392C"")",,,,02. Resumen Ejecutivo\07. Texto,SI,27000000-0000-4000-8000-000000000125,,
MEDIDA,Medidas,"'RE Promesa cliente' = ""Santiago: 4 DH internos + 1 última milla = 5 DH"" & UNICHAR(10) & ""Regiones: 5 DH internos + 2 última milla = 7 DH""",,,,02. Resumen Ejecutivo\07. Texto,SI,27000000-0000-4000-8000-000000000126,,
MEDIDA,Medidas,'RE Lectura ejecutiva' =,,,,02. Resumen Ejecutivo\07. Texto,SI,27000000-0000-4000-8000-000000000127,,
MEDIDA,Medidas,'RE TT Días Top 10' =,,,"0 ""DH""",02. Resumen Ejecutivo\09. Tooltip,SI,27000000-0000-4000-8000-000000000129,,
MEDIDA,Medidas,'RE TT Cliente' =,,,,02. Resumen Ejecutivo\09. Tooltip,SI,27000000-0000-4000-8000-000000000130,,
MEDIDA,Medidas,'RE TT Vendedor' =,,,,02. Resumen Ejecutivo\09. Tooltip,SI,27000000-0000-4000-8000-000000000131,,
MEDIDA,Medidas,'RE TT Estado SVG' =,,,,02. Resumen Ejecutivo\09. Tooltip,SI,27000000-0000-4000-8000-000000000132,,
MEDIDA,Medidas,"'RE TT Creación' = IF(NOT ISBLANK([RE TT Días Top 10]), MAX(Fact_Tracking[PED_FECHA_HORA]))",,,dd-MM-yyyy HH:mm,02. Resumen Ejecutivo\09. Tooltip,SI,27000000-0000-4000-8000-000000000133,,
MEDIDA,Medidas,"'RE TT Factura' = IF(NOT ISBLANK([RE TT Días Top 10]), MAX(Fact_Tracking[FECHA_PRIMERA_FACTURA]))",,,dd-MM-yyyy HH:mm,02. Resumen Ejecutivo\09. Tooltip,SI,27000000-0000-4000-8000-000000000134,,
MEDIDA,Medidas,"'RE TT Cierre' = IF(NOT ISBLANK([RE TT Días Top 10]), MAX(Fact_Tracking[FECHA_CIERRE]))",,,dd-MM-yyyy HH:mm,02. Resumen Ejecutivo\09. Tooltip,SI,27000000-0000-4000-8000-000000000135,,
MEDIDA,Medidas,'RE TT Título' =,,,,02. Resumen Ejecutivo\09. Tooltip,SI,27000000-0000-4000-8000-000000000136,,
MEDIDA,Medidas,"'RE Subtítulo gráfico' = [RE Periodo contexto] & ""  ·  Columnas: pedidos cohorte  ·  Líneas: NS interno y participación""",,,,02. Resumen Ejecutivo\07. Texto,SI,27000000-0000-4000-8000-000000000137,,
MEDIDA,Medidas,"'RE Subtítulo promesa' = ""*Incluye +2 DH estimados de tránsito  ·  sin POD/última milla""",,,,02. Resumen Ejecutivo\07. Texto,SI,27000000-0000-4000-8000-000000000138,,
MEDIDA,Medidas,'RE TT Hito crítico' =,,,,02. Resumen Ejecutivo\09. Tooltip,SI,34000000-0000-4000-8000-000000000101,,
MEDIDA,Medidas,'RE TT Exceso crítico DH' =,,,"0 ""DH""",02. Resumen Ejecutivo\09. Tooltip,SI,34000000-0000-4000-8000-000000000102,,
MEDIDA,Medidas,'RE TT Motivo operativo' =,,,,02. Resumen Ejecutivo\09. Tooltip,SI,34000000-0000-4000-8000-000000000103,,
MEDIDA,Medidas,"'RE Tarjeta pedidos' = FORMAT([RE Pedidos contexto], ""#,##0"", ""es-CL"")",,,,02. Resumen Ejecutivo\07. Tarjetas,SI,36000000-0000-4000-8000-000000000101,,
MEDIDA,Medidas,"'RE Tarjeta valor' = ""CLP "" & FORMAT(DIVIDE([RE Valor contexto], 1000000), ""#,##0.0"", ""es-CL"") & "" MM""",,,,02. Resumen Ejecutivo\07. Tarjetas,SI,36000000-0000-4000-8000-000000000102,,
MEDIDA,Medidas,"'RE Tarjeta NS' = FORMAT([RE NS contexto], ""0.0%"", ""es-CL"")",,,,02. Resumen Ejecutivo\07. Tarjetas,SI,36000000-0000-4000-8000-000000000103,,
MEDIDA,Medidas,'M3 Pedidos evaluados' =,,,"#,##0",02. Resumen Ejecutivo\08. Comparación mensual,SI,39000000-0000-4000-8000-000000000101,,
MEDIDA,Medidas,'M3 Promedio total DH' =,,,"0.0 ""DH""",02. Resumen Ejecutivo\08. Comparación mensual,SI,39000000-0000-4000-8000-000000000102,,
MEDIDA,Medidas,'M3 Promedio administrativo DH' =,,,"0.0 ""DH""",02. Resumen Ejecutivo\08. Comparación mensual,SI,39000000-0000-4000-8000-000000000103,,
MEDIDA,Medidas,'M3 Promedio operaciones DH' =,,,"0.0 ""DH""",02. Resumen Ejecutivo\08. Comparación mensual,SI,39000000-0000-4000-8000-000000000104,,
MEDIDA,Medidas,'M3 NS interno %' =,,,0.0%,02. Resumen Ejecutivo\08. Comparación mensual,SI,39000000-0000-4000-8000-000000000105,,
MEDIDA,Medidas,'M3 Subtítulo' =,,,,02. Resumen Ejecutivo\08. Comparación mensual,SI,39000000-0000-4000-8000-000000000106,,
MEDIDA,Medidas,'TT Contexto pedido' =,,,,10. Tooltips\Contexto,SI,40000000-0000-4000-8000-000000000101,,
MEDIDA,Medidas,'TT Detalle hito' =,,,,10. Tooltips\Contexto,SI,40000000-0000-4000-8000-000000000102,,
MEDIDA,Medidas,'RE Fuera SLA %' = RETURN 1 - [RE NS contexto],,,0.0%,02. Resumen Ejecutivo\10. Diseño 2026,SI,a9386396-a0ab-4324-a968-dc0d62d08ec8,,
MEDIDA,Medidas,'RE KPI Pedidos SVG' =,,,,02. Resumen Ejecutivo\10. Diseño 2026,SI,b266ef8a-051c-44d0-9197-b24efc914350,,
MEDIDA,Medidas,'RE KPI Valor SVG' =,,,,02. Resumen Ejecutivo\10. Diseño 2026,SI,5c2e5747-f5a4-4334-8259-37e7b4d13e40,,
MEDIDA,Medidas,'RE KPI NS SVG' =,,,,02. Resumen Ejecutivo\10. Diseño 2026,SI,02251bd1-57cc-4174-b28f-b0a07fb345b9,,
MEDIDA,Medidas,'RE KPI Promesa SVG' =,,,,02. Resumen Ejecutivo\10. Diseño 2026,SI,2292f88d-f778-4725-a126-d86322decdf1,,
MEDIDA,Medidas,'RE Resumen Mes SVG' =,,,,02. Resumen Ejecutivo\10. Diseño 2026,SI,103f1db8-8cab-4c23-9eab-66af38a66072,,
MEDIDA,Medidas,'RE SLA Panel SVG' =,,,,02. Resumen Ejecutivo\10. Diseño 2026,SI,e578a723-2e9e-4f20-84ce-ef20c676b2db,,
MEDIDA,Medidas,'RE Promesa Lateral SVG' =,,,,02. Resumen Ejecutivo\10. Diseño 2026,SI,65d7fc24-8740-4f01-ad31-393c3c8c28d7,,
MEDIDA,Medidas,'RE Tooltip seleccionado texto' =,,,,02. Resumen Ejecutivo\10. Diseño 2026,SI,04d04d34-1e2e-43b1-b66a-13de29a711a5,,
MEDIDA,Medidas,'RE Pedidos 3M contexto' =,,,"#,##0",02. Resumen Ejecutivo\10. Diseño 2026,SI,44000000-0000-4000-8000-000000000101,,
MEDIDA,Medidas,'RE Pedidos en SLA 3M contexto' =,,,"#,##0",02. Resumen Ejecutivo\10. Diseño 2026,SI,44000000-0000-4000-8000-000000000102,,
MEDIDA,Medidas,'RE Pedidos fuera SLA 3M contexto' = [RE Pedidos 3M contexto] - [RE Pedidos en SLA 3M contexto],,,"#,##0",02. Resumen Ejecutivo\10. Diseño 2026,SI,44000000-0000-4000-8000-000000000103,,
MEDIDA,Medidas,"'RE NS 3M contexto' = DIVIDE([RE Pedidos en SLA 3M contexto], [RE Pedidos 3M contexto])",,,0.0%,02. Resumen Ejecutivo\10. Diseño 2026,SI,44000000-0000-4000-8000-000000000104,,
MEDIDA,Medidas,'RE Valor 3M contexto' =,,,"#,##0",02. Resumen Ejecutivo\10. Diseño 2026,SI,44000000-0000-4000-8000-000000000105,,
MEDIDA,Medidas,'RE Valor en SLA 3M contexto' =,,,"#,##0",02. Resumen Ejecutivo\10. Diseño 2026,SI,44000000-0000-4000-8000-000000000106,,
MEDIDA,Medidas,'RE Valor fuera SLA 3M contexto' = [RE Valor 3M contexto] - [RE Valor en SLA 3M contexto],,,"#,##0",02. Resumen Ejecutivo\10. Diseño 2026,SI,44000000-0000-4000-8000-000000000107,,
MEDIDA,Medidas,'RE Ventana 3M texto' =,,,,02. Resumen Ejecutivo\10. Diseño 2026,SI,44000000-0000-4000-8000-000000000108,,
MEDIDA,Medidas,'RE Distribución Flujo SVG' =,,,,02. Resumen Ejecutivo\10. Diseño 2026,SI,44000000-0000-4000-8000-000000000109,,
MEDIDA,Medidas,'RE Pedido Seleccionado SVG' =,,,,02. Resumen Ejecutivo\10. Diseño 2026,SI,44000000-0000-4000-8000-000000000110,,
MEDIDA,Medidas,'RE FES Total pedidos' =,,,"#,##0",02. Resumen Ejecutivo\11. Diagnóstico FES,SI,45000000-0000-4000-8000-000000000101,,
MEDIDA,Medidas,'RE FES Puro pedidos' =,,,"#,##0",02. Resumen Ejecutivo\11. Diagnóstico FES,SI,45000000-0000-4000-8000-000000000102,,
MEDIDA,Medidas,'RE FES con Saldo pedidos' =,,,"#,##0",02. Resumen Ejecutivo\11. Diagnóstico FES,SI,45000000-0000-4000-8000-000000000103,,
MEDIDA,Medidas,"'RE FES con Saldo %' = DIVIDE([RE FES con Saldo pedidos], [RE FES Total pedidos])",,,0.0%,02. Resumen Ejecutivo\11. Diagnóstico FES,SI,45000000-0000-4000-8000-000000000104,,
MEDIDA,Medidas,'RE FES Puro NS' =,,,0.0%,02. Resumen Ejecutivo\11. Diagnóstico FES,SI,45000000-0000-4000-8000-000000000105,,
MEDIDA,Medidas,'RE FES con Saldo NS' =,,,0.0%,02. Resumen Ejecutivo\11. Diagnóstico FES,SI,45000000-0000-4000-8000-000000000106,,
MEDIDA,Medidas,'RE FES Puro promedio DH' =,,,"0.0 ""DH""",02. Resumen Ejecutivo\11. Diagnóstico FES,SI,45000000-0000-4000-8000-000000000107,,
MEDIDA,Medidas,'RE FES con Saldo promedio DH' =,,,"0.0 ""DH""",02. Resumen Ejecutivo\11. Diagnóstico FES,SI,45000000-0000-4000-8000-000000000108,,
MEDIDA,Medidas,'RE FES Puro P90 DH' =,,,"0.0 ""DH""",02. Resumen Ejecutivo\11. Diagnóstico FES,SI,45000000-0000-4000-8000-000000000109,,
MEDIDA,Medidas,'RE FES con Saldo P90 DH' =,,,"0.0 ""DH""",02. Resumen Ejecutivo\11. Diagnóstico FES,SI,45000000-0000-4000-8000-000000000110,,
MEDIDA,Medidas,'RE FES Brecha facturación promedio DH' =,,,"0.0 ""DH""",02. Resumen Ejecutivo\11. Diagnóstico FES,SI,45000000-0000-4000-8000-000000000111,,
MEDIDA,Medidas,'RE FES Diferencia promedio DH' = [RE FES con Saldo promedio DH] - [RE FES Puro promedio DH],,,"+0.0;-0.0;0.0 ""DH""",02. Resumen Ejecutivo\11. Diagnóstico FES,SI,45000000-0000-4000-8000-000000000112,,
MEDIDA,Medidas,'RE FES Reconciliación' = [RE FES Total pedidos] - [RE FES Puro pedidos] - [RE FES con Saldo pedidos],,,"#,##0",12. Gobierno del reporte\Auditoría FES,SI,45000000-0000-4000-8000-000000000113,,
MEDIDA,Medidas,'RE FES Contexto texto' =,,,,02. Resumen Ejecutivo\11. Diagnóstico FES,SI,45000000-0000-4000-8000-000000000114,,
MEDIDA,Medidas,'RE FES Diagnóstico SVG' =,,,,02. Resumen Ejecutivo\11. Diagnóstico FES,SI,45000000-0000-4000-8000-000000000115,,
MEDIDA,Medidas,'RE Evolución 3M SVG' =,,,,02. Resumen Ejecutivo\08. Comparación mensual,SI,47000000-0000-4000-8000-000000000101,,
MEDIDA,Medidas,'TR Clasificación SVG' =,,,,03. Tracking Operativo\Diseño,SI,47000000-0000-4000-8000-000000000102,,
MEDIDA,Medidas,"'ML Pedidos pendientes' = CALCULATE(DISTINCTCOUNT(Resultado[PED_NUMERO_PEDIDO]), Resultado[ES_PENDIENTE] = TRUE())",,,"#,##0",13. Machine Learning\01. Operación,SI,7e63207c-0cc2-46de-a5b2-143f14601e5e,,
MEDIDA,Medidas,"'ML Pedidos alto riesgo' = CALCULATE([ML Pedidos pendientes], Resultado[RIESGO_ATRASO] IN {""ALTO"", ""ATRASADO""})",,,"#,##0",13. Machine Learning\01. Operación,SI,2dcb5e61-54b1-4517-8cc0-be6a20921e30,,
MEDIDA,Medidas,"'ML Valor alto riesgo' = CALCULATE(SUM(Resultado[VALOR_NETO]), Resultado[ES_PENDIENTE] = TRUE(), Resultado[RIESGO_ATRASO] IN {""ALTO"", ""ATRASADO""})",,,"'""CLP $"" #,0,,""MM""'",13. Machine Learning\01. Operación,SI,bb5765e2-c2f5-4763-805e-50deafb4b50e,,
MEDIDA,Medidas,"'ML Atrasos esperados' = CALCULATE(SUM(Resultado[PROB_ML_ATRASO]), Resultado[ES_PENDIENTE] = TRUE())",,,0.0,13. Machine Learning\01. Operación,SI,74087295-d44d-431b-8027-bc63a53e84a6,,
MEDIDA,Medidas,"'ML Probabilidad promedio' = CALCULATE(AVERAGE(Resultado[PROB_ML_ATRASO]), Resultado[ES_PENDIENTE] = TRUE())",,,0.0%,13. Machine Learning\01. Operación,SI,e23fdf27-7767-4e88-8a95-1e899219d144,,
MEDIDA,Medidas,"'ML Días predichos promedio' = CALCULATE(AVERAGE(Resultado[DH_PREDICHO_ML]), Resultado[ES_PENDIENTE] = TRUE())",,,"0.0 ""DH""",13. Machine Learning\01. Operación,SI,79b5091b-12c4-4e36-befd-295568277690,,
MEDIDA,Medidas,'ML AUC validación' = MAX(Resultado[AUC_TEST]),,,0.0%,13. Machine Learning\02. Auditoría,SI,a8ea93ca-9aed-4e3e-8321-144dd3695d2e,,
MEDIDA,Medidas,'ML MAE días validación' = MAX(Resultado[MAE_DIAS_TEST]),,,"0.00 ""DH""",13. Machine Learning\02. Auditoría,SI,71976632-0ab3-47ba-81b8-6f0b03e35dbc,,
MEDIDA,Medidas,'ML RMSE días validación' = MAX(Resultado[RMSE_DIAS_TEST]),,,"0.00 ""DH""",13. Machine Learning\02. Auditoría,SI,88810f47-3c05-4dd6-9da6-d8a39d99f688,,
MEDIDA,Medidas,'ML R2 días validación' = MAX(Resultado[R2_DIAS_TEST]),,,0.0%,13. Machine Learning\02. Auditoría,SI,4d02c785-bbe1-4aaa-8593-56ddf9319e9d,,
MEDIDA,Medidas,'ML Pedidos entrenamiento' = MAX(Resultado[N_ENTRENAMIENTO_FINAL]),,,"#,##0",13. Machine Learning\02. Auditoría,SI,c2e83ef0-73a3-4779-b025-0df257483f97,,
MEDIDA,Medidas,'ML Modelo versión' = MAX(Resultado[MODELO_VERSION]),,,,13. Machine Learning\02. Auditoría,SI,9efee9b7-5630-40e0-88db-9d40ca36b8bd,,
MEDIDA,Medidas,"'OP Pedidos Hito Real' = CALCULATE(DISTINCTCOUNT(Fact_Hitos_Operacionales[PED_NUMERO_PEDIDO]), TREATAS(VALUES(Dim_Vista_Ejecutiva[METRICA_CODIGO]), Fact_Hitos_Operacionales[METRICA_CODIGO]))",,,"#,0",03. Operación por Hitos\Volumen,SI,d631aea4-8b22-4911-ad28-0d294faf7a14,,
MEDIDA,Medidas,"'OP % Hito Real' = DIVIDE([OP Pedidos Hito Real], [Pedidos])",,,0.0%,03. Operación por Hitos\Volumen,SI,1ad9ed92-06d2-4c50-ab8f-9c776ce0431e,,
MEDIDA,Medidas,'FA Pedidos' = [RE Pedidos contexto],,,"#,0",04. Análisis Fuera SLA\KPIs,SI,b35d101b-8c00-4cd2-8ecb-95b7242d6b11,,
MEDIDA,Medidas,"'FA FES' = CALCULATE([RE Pedidos contexto], KEEPFILTERS(Fact_Tracking[CLASIFICACION] IN {""FES"", ""FES + SALDO""}))",,,"#,0",04. Análisis Fuera SLA\KPIs,SI,c04c0cd6-e662-41ee-b310-34f7a3df0119,,
MEDIDA,Medidas,"'FA Normal' = CALCULATE([RE Pedidos contexto], KEEPFILTERS(Fact_Tracking[CLASIFICACION] = ""NORMAL""))",,,"#,0",04. Análisis Fuera SLA\KPIs,SI,140c134a-f17d-4978-a428-dbc7da4fb84c,,
MEDIDA,Medidas,"'FA % FES' = DIVIDE([FA FES], [FA Pedidos])",,,0.0%,04. Análisis Fuera SLA\KPIs,SI,2da82992-1118-4651-b2a6-2133b10ae57c,,
MEDIDA,Medidas,'FA Fuera SLA' = [RE Pedidos fuera SLA contexto],,,"#,0",04. Análisis Fuera SLA\KPIs,SI,cc7a302d-43c7-4449-a6dd-c38e3ac0060b,,
MEDIDA,Medidas,"'FA FES Fuera SLA' = CALCULATE([RE Pedidos fuera SLA contexto], KEEPFILTERS(Fact_Tracking[CLASIFICACION] IN {""FES"", ""FES + SALDO""}))",,,"#,0",04. Análisis Fuera SLA\KPIs,SI,11a469de-f33d-46bb-bae1-d13c797d647c,,
MEDIDA,Medidas,"'FA FES Fin Mes' = CALCULATE([RE Pedidos contexto], KEEPFILTERS(Fact_Tracking[CLASIFICACION] IN {""FES"", ""FES + SALDO""}), KEEPFILTERS(Dim_Fecha[Es_Ultimos_7_DH] = TRUE()))",,,"#,0",04. Análisis Fuera SLA\KPIs,SI,49dacbab-c053-4687-946b-6343ec2c0efb,,
MEDIDA,Medidas,"'FA Cliente FES' = VAR Codigo = SELECTEDVALUE(Fact_Tracking[PED_CODIGO_CLIENTE]) VAR Nombre = LOOKUPVALUE(Dim_Cliente[CLIENTE_NOMBRE], Dim_Cliente[CLIENTE_CODIGO], Codigo) RETURN IF(NOT ISBLANK([FA FES]), COALESCE(Nombre, Codigo, ""Sin cliente""))",,,,04. Análisis Fuera SLA\Tooltip,SI,a06f51ed-c401-481d-a129-062ab42c8b6e,,
MEDIDA,Medidas,"'FA Meses FES Cliente' = CALCULATE(DISTINCTCOUNT(Fact_Pedidos_Auditoria[MES_CREACION]), Fact_Pedidos_Auditoria[ES_FES] = TRUE, TREATAS(VALUES(Fact_Tracking[PED_NUMERO_PEDIDO]), Fact_Pedidos_Auditoria[PED_NUMERO_PEDIDO]))",,,"#,0",04. Análisis Fuera SLA\Clientes,SI,4109ddd3-4c62-4d59-8995-306b93adfb8a,,
MEDIDA,Medidas,"'FA Pedidos Fuera SLA x Cliente' = CALCULATE(COUNTROWS(Fact_Tracking), Fact_Tracking[ES_CERRADO] = TRUE, Fact_Tracking[CUMPLE_SLA_INTERNO] = FALSE())",,,"#,0",04. Análisis Fuera SLA\Clientes,SI,eeb410dd-e4c1-4006-9024-3598ecea54e3,,
MEDIDA,Medidas,'FA DH Promedio' = [RE Promedio contexto DH],,,"0.0 ""DH""",04. Análisis Fuera SLA\Métricas,SI,c3413af1-c2ab-4cb7-be17-9d883609f700,,
MEDIDA,Medidas,"'FA Vendedor' = VAR Codigo = SELECTEDVALUE(Fact_Tracking[PED_RESPONSABLE]) RETURN IF(NOT ISBLANK([FA Pedidos]), COALESCE(Codigo, ""Sin vendedor""))",,,,04. Análisis Fuera SLA\Tooltip,SI,6545865c-f43a-4d90-80a6-e71f05b29b53,,
MEDIDA,Medidas,"'FA % Fuera SLA x Vendedor' = DIVIDE([FA Fuera SLA], [FA Pedidos])",,,0.0%,04. Análisis Fuera SLA\Clientes,SI,c641f3ce-d0a3-41c2-8005-c6c8968ac34b,,
MEDIDA,Medidas,"'FA % FES Fin Mes' = DIVIDE([FA FES Fin Mes], [FA FES])",,,0.0%,04. Análisis Fuera SLA\KPIs,SI,013e9096-b55e-4c8a-b52b-15045106881d,,
MEDIDA,Medidas,'FA Líneas' =,,,"#,0",04. Análisis Fuera SLA\KPIs,SI,705e4446-60a3-47f4-80fb-2c4a7a296ea5,,
MEDIDA,Medidas,'FA Unidades' =,,,"#,0",04. Análisis Fuera SLA\KPIs,SI,b6451c62-9d2e-4ca1-bcd0-a69f1b59c9fc,,
MEDIDA,Medidas,"'FA Líneas FES' = CALCULATE( [FA Líneas], KEEPFILTERS(Fact_Tracking[CLASIFICACION] IN {""FES"", ""FES + SALDO""}) )",,,"#,0",04. Análisis Fuera SLA\KPIs,SI,b4bb7b6d-8296-4859-a4cc-693d847bfb1f,,
MEDIDA,Medidas,"'FA Unidades FES' = CALCULATE( [FA Unidades], KEEPFILTERS(Fact_Tracking[CLASIFICACION] IN {""FES"", ""FES + SALDO""}) )",,,"#,0",04. Análisis Fuera SLA\KPIs,SI,f4582ff3-5b42-453f-a6bf-cdbeb2dc6fde,,
MEDIDA,Medidas,'FA DH Promedio FES' =,,,0.0,04. Análisis Fuera SLA\Métricas,SI,6a1e76e2-399b-44d6-b9ee-f80dfce18c05,,
MEDIDA,Medidas,'FA Líneas Fuera SLA' =,,,"#,0",04. Análisis Fuera SLA\KPIs,SI,7423c458-96f2-48a2-a002-4cb110f8f732,,
MEDIDA,Medidas,'FA Unidades Fuera SLA' =,,,"#,0",04. Análisis Fuera SLA\KPIs,SI,9ddf42d0-ded2-47d7-9039-90d860797098,,
MEDIDA,Medidas,'FA DH Promedio Normal' =,,,0.0,04. Análisis Fuera SLA\Métricas,SI,a69e655d-4b4c-4d9d-bbeb-3bdef8f7369b,,
MEDIDA,Medidas,"'FA Arrastre Mes Siguiente' = CALCULATE( [RE Pedidos contexto], KEEPFILTERS(Fact_Tracking[CLASIFICACION] IN {""FES"", ""FES + SALDO""}), KEEPFILTERS( FILTER( Fact_Tracking, NOT ISBLANK(Fact_Tracking[PED_FECHA]) && NOT ISBLANK(Fact_Tracking[FECHA_CIERRE]) && EOMONTH(Fact_Tracking[FECHA_CIERRE], 0) > EOMONTH(Fact_Tracking[PED_FECHA], 0) ) ) )",,,"#,0",04. Análisis Fuera SLA\KPIs,SI,051120fc-b9d9-4629-972b-78a7428be4ce,,
MEDIDA,Medidas,"'FA % Fuera SLA' = DIVIDE([FA Fuera SLA], [FA Pedidos])",,,0.0%,04. Análisis Fuera SLA\Métricas,SI,54000000-0000-4000-8000-000000000108,,
MEDIDA,Medidas,'FA Pedidos con Volumen' =,,,"#,0",04. Análisis Fuera SLA\Calidad,SI,53000000-0000-4000-8000-000000000101,,
MEDIDA,Medidas,"'FA Cobertura Volumen %' = DIVIDE([FA Pedidos con Volumen], [FA Pedidos])",,,0.0%,04. Análisis Fuera SLA\Calidad,SI,53000000-0000-4000-8000-000000000102,,
MEDIDA,Medidas,'FA Pedidos sin Volumen' = [FA Pedidos] - [FA Pedidos con Volumen],,,"#,0",04. Análisis Fuera SLA\Calidad,SI,53000000-0000-4000-8000-000000000103,,
MEDIDA,Medidas,"'U Pendientes manifiesto FES' = CALCULATE([U Pedidos universo], Fact_Tracking[PENDIENTE_MANIFIESTO_FES]=TRUE())",,,"#,0",01. Universo Único\Backlog,SI,26000000-0000-4000-8000-000000003033,,
MEDIDA,Medidas,'FA Meses Fuera SLA Cliente' =,,,"#,0",04. Análisis Fuera SLA\Recurrencia 3M,SI,56000000-0000-4000-8000-000000000001,,
MEDIDA,Medidas,"'FA Recurrencia Cliente' = SWITCH(TRUE(), [FA Meses Fuera SLA Cliente] >= 3, ""Recurrente 3M"", [FA Meses Fuera SLA Cliente] = 2, ""Recurrente 2M"", [FA Meses Fuera SLA Cliente] = 1, ""Puntual 1M"", ""Sin incumplimiento"")",,,,04. Análisis Fuera SLA\Recurrencia 3M,SI,56000000-0000-4000-8000-000000000002,,
MEDIDA,Medidas,"'FA Clientes Recurrentes 2M+' = COUNTROWS(FILTER(VALUES(Dim_Cliente[CLIENTE_CODIGO]), CALCULATE([FA Meses Fuera SLA Cliente]) >= 2))",,,"#,0",04. Análisis Fuera SLA\Recurrencia 3M,SI,56000000-0000-4000-8000-000000000003,,
MEDIDA,Medidas,"'FA Clientes Recurrentes 3M' = COUNTROWS(FILTER(VALUES(Dim_Cliente[CLIENTE_CODIGO]), CALCULATE([FA Meses Fuera SLA Cliente]) >= 3))",,,"#,0",04. Análisis Fuera SLA\Recurrencia 3M,SI,56000000-0000-4000-8000-000000000004,,
MEDIDA,Medidas,"'FA Días Factura Salida Promedio' = VAR FlujoSel = SELECTEDVALUE(Dim_Vista_Ejecutiva[Flujo]) VAR ZonaSel = SELECTEDVALUE(Dim_Rango_Entrega[Zona]) VAR BasePost = FILTER(Fact_Tracking, Fact_Tracking[ES_CERRADO] = TRUE() && NOT ISBLANK(Fact_Tracking[DIAS_POSTFACTURA_DH]) && (ISBLANK(FlujoSel) || (CONTAINSSTRING(FlujoSel, ""Flujo Normal"") && Fact_Tracking[CLASIFICACION] = ""NORMAL"") || (CONTAINSSTRING(FlujoSel, ""FES"") && Fact_Tracking[CLASIFICACION] IN {""FES"", ""FES + SALDO""}) || (CONTAINSSTRING(FlujoSel, ""Saldos"") && Fact_Tracking[CLASIFICACION] = ""SALDO"")) && (ISBLANK(ZonaSel) || Fact_Tracking[ZONA] = ZonaSel)) VAR Criticos15 = FILTER(BasePost, Fact_Tracking[DIAS_POSTFACTURA_DH] > 15) RETURN IF(COUNTROWS(Criticos15)=0, BLANK(), AVERAGEX(Criticos15, Fact_Tracking[DIAS_POSTFACTURA_DH]))",,,0.0,04. Análisis Fuera SLA\Permanencia CD,SI,56000000-0000-4000-8000-000000000005,,
MEDIDA,Medidas,"'FA P90 Días Factura Salida' = VAR FlujoSel = SELECTEDVALUE(Dim_Vista_Ejecutiva[Flujo]) VAR ZonaSel = SELECTEDVALUE(Dim_Rango_Entrega[Zona]) VAR BasePost = FILTER(Fact_Tracking, Fact_Tracking[ES_CERRADO] = TRUE() && NOT ISBLANK(Fact_Tracking[DIAS_POSTFACTURA_DH]) && (ISBLANK(FlujoSel) || (CONTAINSSTRING(FlujoSel, ""Flujo Normal"") && Fact_Tracking[CLASIFICACION] = ""NORMAL"") || (CONTAINSSTRING(FlujoSel, ""FES"") && Fact_Tracking[CLASIFICACION] IN {""FES"", ""FES + SALDO""}) || (CONTAINSSTRING(FlujoSel, ""Saldos"") && Fact_Tracking[CLASIFICACION] = ""SALDO"")) && (ISBLANK(ZonaSel) || Fact_Tracking[ZONA] = ZonaSel)) VAR Criticos15 = FILTER(BasePost, Fact_Tracking[DIAS_POSTFACTURA_DH] > 15) RETURN IF(COUNTROWS(Criticos15)=0, BLANK(), PERCENTILEX.INC(Criticos15, Fact_Tracking[DIAS_POSTFACTURA_DH], 0.9))",,,0.0,04. Análisis Fuera SLA\Permanencia CD,SI,56000000-0000-4000-8000-000000000006,,
MEDIDA,Medidas,"'FA Pedidos Facturados >15d' = VAR FlujoSel = SELECTEDVALUE(Dim_Vista_Ejecutiva[Flujo]) VAR ZonaSel = SELECTEDVALUE(Dim_Rango_Entrega[Zona]) VAR BasePost = FILTER(Fact_Tracking, Fact_Tracking[ES_CERRADO] = TRUE() && NOT ISBLANK(Fact_Tracking[DIAS_POSTFACTURA_DH]) && (ISBLANK(FlujoSel) || (CONTAINSSTRING(FlujoSel, ""Flujo Normal"") && Fact_Tracking[CLASIFICACION] = ""NORMAL"") || (CONTAINSSTRING(FlujoSel, ""FES"") && Fact_Tracking[CLASIFICACION] IN {""FES"", ""FES + SALDO""}) || (CONTAINSSTRING(FlujoSel, ""Saldos"") && Fact_Tracking[CLASIFICACION] = ""SALDO"")) && (ISBLANK(ZonaSel) || Fact_Tracking[ZONA] = ZonaSel)) VAR Criticos15 = FILTER(BasePost, Fact_Tracking[DIAS_POSTFACTURA_DH] > 15) VAR Resultado = COUNTROWS(Criticos15) RETURN IF(Resultado=0, BLANK(), Resultado)",,,"#,0",04. Análisis Fuera SLA\Permanencia CD,SI,56000000-0000-4000-8000-000000000007,,
MEDIDA,Medidas,"'FA Pedidos Facturados >20d' = VAR FlujoSel = SELECTEDVALUE(Dim_Vista_Ejecutiva[Flujo]) VAR ZonaSel = SELECTEDVALUE(Dim_Rango_Entrega[Zona]) VAR BasePost = FILTER(Fact_Tracking, Fact_Tracking[ES_CERRADO] = TRUE() && NOT ISBLANK(Fact_Tracking[DIAS_POSTFACTURA_DH]) && (ISBLANK(FlujoSel) || (CONTAINSSTRING(FlujoSel, ""Flujo Normal"") && Fact_Tracking[CLASIFICACION] = ""NORMAL"") || (CONTAINSSTRING(FlujoSel, ""FES"") && Fact_Tracking[CLASIFICACION] IN {""FES"", ""FES + SALDO""}) || (CONTAINSSTRING(FlujoSel, ""Saldos"") && Fact_Tracking[CLASIFICACION] = ""SALDO"")) && (ISBLANK(ZonaSel) || Fact_Tracking[ZONA] = ZonaSel)) VAR Criticos20 = FILTER(BasePost, Fact_Tracking[DIAS_POSTFACTURA_DH] > 20) VAR Resultado = COUNTROWS(Criticos20) RETURN IF(Resultado=0, BLANK(), Resultado)",,,"#,0",04. Análisis Fuera SLA\Permanencia CD,SI,56000000-0000-4000-8000-000000000008,,
MEDIDA,Medidas,"'FA Valor Retenido >15d' = VAR FlujoSel = SELECTEDVALUE(Dim_Vista_Ejecutiva[Flujo]) VAR ZonaSel = SELECTEDVALUE(Dim_Rango_Entrega[Zona]) VAR BasePost = FILTER(Fact_Tracking, Fact_Tracking[ES_CERRADO] = TRUE() && NOT ISBLANK(Fact_Tracking[DIAS_POSTFACTURA_DH]) && (ISBLANK(FlujoSel) || (CONTAINSSTRING(FlujoSel, ""Flujo Normal"") && Fact_Tracking[CLASIFICACION] = ""NORMAL"") || (CONTAINSSTRING(FlujoSel, ""FES"") && Fact_Tracking[CLASIFICACION] IN {""FES"", ""FES + SALDO""}) || (CONTAINSSTRING(FlujoSel, ""Saldos"") && Fact_Tracking[CLASIFICACION] = ""SALDO"")) && (ISBLANK(ZonaSel) || Fact_Tracking[ZONA] = ZonaSel)) VAR Criticos15 = FILTER(BasePost, Fact_Tracking[DIAS_POSTFACTURA_DH] > 15) RETURN IF(COUNTROWS(Criticos15)=0, BLANK(), SUMX(Criticos15, Fact_Tracking[PED_VALOR_NETO]))",,,"""$""#,0;(""$""#,0);""$""#,0",04. Análisis Fuera SLA\Permanencia CD,SI,56000000-0000-4000-8000-000000000009,,
MEDIDA,Medidas,'FA NS %' = [RE NS contexto],,,0.0%,04. Análisis Fuera SLA\Carga y SLA,SI,56000000-0000-4000-8000-000000000010,,
MEDIDA,Medidas,"'FA Pedidos Inicio Mes' = CALCULATE([FA Pedidos], KEEPFILTERS(FILTER(Dim_Fecha, Dim_Fecha[Dia_Mes] <= 7)))",,,"#,0",04. Análisis Fuera SLA\Carga y SLA,SI,56000000-0000-4000-8000-000000000011,,
MEDIDA,Medidas,"'FA DH Promedio Fuera SLA' = CALCULATE([RE Promedio contexto DH], KEEPFILTERS(Fact_Tracking[CUMPLE_SLA_INTERNO] = FALSE()))",,,"0.0 ""DH""",04. Análisis Fuera SLA\Recurrencia 3M,SI,57000000-0000-4000-8000-000000000101,,
MEDIDA,Medidas,"'FA Meses Fuera SLA Cliente Visible' = IF([FA Meses Fuera SLA Cliente] >= 2, [FA Meses Fuera SLA Cliente])",,,"#,0",04. Análisis Fuera SLA\Recurrencia 3M,SI,57000000-0000-4000-8000-000000000102,,
MEDIDA,Medidas,"'FA Recurrencia Cliente Visible' = IF([FA Meses Fuera SLA Cliente] >= 2, [FA Recurrencia Cliente])",,,,04. Análisis Fuera SLA\Recurrencia 3M,SI,57000000-0000-4000-8000-000000000103,,
MEDIDA,Medidas,"'FA Pedidos Fuera SLA Cliente Visible' = IF([FA Meses Fuera SLA Cliente] >= 2, [FA Fuera SLA])",,,"#,0",04. Análisis Fuera SLA\Recurrencia 3M,SI,57000000-0000-4000-8000-000000000104,,
MEDIDA,Medidas,"'FA % Fuera SLA Cliente Visible' = IF([FA Meses Fuera SLA Cliente] >= 2, [FA % Fuera SLA])",,,0.0%,04. Análisis Fuera SLA\Recurrencia 3M,SI,57000000-0000-4000-8000-000000000105,,
MEDIDA,Medidas,"'FA DH Fuera SLA Cliente Visible' = IF([FA Meses Fuera SLA Cliente] >= 2, [FA DH Promedio Fuera SLA])",,,"0.0 ""DH""",04. Análisis Fuera SLA\Recurrencia 3M,SI,57000000-0000-4000-8000-000000000106,,
MEDIDA,Medidas,"'FA Pedidos Postfactura Abiertos >15d' = VAR FlujoSel = SELECTEDVALUE(Dim_Vista_Ejecutiva[Flujo]) VAR ZonaSel = SELECTEDVALUE(Dim_Rango_Entrega[Zona]) VAR BasePost = FILTER(Fact_Tracking, Fact_Tracking[POSTFACTURA_ABIERTO] = TRUE() && NOT ISBLANK(Fact_Tracking[DIAS_POSTFACTURA_DH]) && Fact_Tracking[DIAS_POSTFACTURA_DH] > 15 && (ISBLANK(FlujoSel) || (CONTAINSSTRING(FlujoSel, ""Flujo Normal"") && Fact_Tracking[CLASIFICACION] = ""NORMAL"") || (CONTAINSSTRING(FlujoSel, ""FES"") && Fact_Tracking[CLASIFICACION] IN {""FES"", ""FES + SALDO""}) || (CONTAINSSTRING(FlujoSel, ""Saldos"") && Fact_Tracking[CLASIFICACION] = ""SALDO"")) && (ISBLANK(ZonaSel) || Fact_Tracking[ZONA] = ZonaSel)) VAR Resultado = COUNTROWS(BasePost) RETURN IF(Resultado=0, BLANK(), Resultado)",,,"#,0",04. Análisis Fuera SLA\Permanencia CD,SI,57000000-0000-4000-8000-000000000107,,
MEDIDA,Medidas,"'FA Clientes Recurrentes 3M Visible' = VAR Resultado = [FA Clientes Recurrentes 3M] RETURN IF(Resultado > 0, Resultado)",,,"#,0",04. Análisis Fuera SLA\Recurrencia 3M,SI,57000000-0000-4000-8000-000000000108,,
MEDIDA,Medidas,"'FA Clientes Recurrentes 2M+ Visible' = VAR Resultado = [FA Clientes Recurrentes 2M+] RETURN IF(Resultado > 0, Resultado)",,,"#,0",04. Análisis Fuera SLA\Recurrencia 3M,SI,57000000-0000-4000-8000-000000000109,,
MEDIDA,Medidas,"'FA Pedidos Fuera SLA Vendedor Recurrente' = VAR ClientesRec = FILTER(VALUES(Dim_Cliente[CLIENTE_CODIGO]), CALCULATE([FA Meses Fuera SLA Cliente]) >= 2) VAR Resultado = CALCULATE([FA Fuera SLA], KEEPFILTERS(ClientesRec)) RETURN IF(COUNTROWS(ClientesRec)>0 && Resultado>0, Resultado)",,,"#,0",04. Análisis Fuera SLA\Recurrencia 3M,SI,57000000-0000-4000-8000-000000000110,,
MEDIDA,Medidas,"'FA % Fuera SLA Vendedor Recurrente' = VAR ClientesRec = FILTER(VALUES(Dim_Cliente[CLIENTE_CODIGO]), CALCULATE([FA Meses Fuera SLA Cliente]) >= 2) VAR Fuera = CALCULATE([FA Fuera SLA], KEEPFILTERS(ClientesRec)) VAR Total = CALCULATE([FA Pedidos], KEEPFILTERS(ClientesRec)) RETURN IF(COUNTROWS(ClientesRec)>0, DIVIDE(Fuera, Total))",,,0.0%,04. Análisis Fuera SLA\Recurrencia 3M,SI,57000000-0000-4000-8000-000000000111,,
MEDIDA,Medidas,"'FA DH Fuera SLA Vendedor Recurrente' = VAR ClientesRec = FILTER(VALUES(Dim_Cliente[CLIENTE_CODIGO]), CALCULATE([FA Meses Fuera SLA Cliente]) >= 2) VAR Resultado = CALCULATE([FA DH Promedio Fuera SLA], KEEPFILTERS(ClientesRec)) RETURN IF(COUNTROWS(ClientesRec)>0, Resultado)",,,"0.0 ""DH""",04. Análisis Fuera SLA\Recurrencia 3M,SI,57000000-0000-4000-8000-000000000112,,
MEDIDA,Medidas,"'FA Líneas Fuera SLA Vendedor Recurrente' = VAR ClientesRec = FILTER(VALUES(Dim_Cliente[CLIENTE_CODIGO]), CALCULATE([FA Meses Fuera SLA Cliente]) >= 2) VAR Resultado = CALCULATE([FA Líneas Fuera SLA], KEEPFILTERS(ClientesRec)) RETURN IF(COUNTROWS(ClientesRec)>0, Resultado)",,,"#,0",04. Análisis Fuera SLA\Recurrencia 3M,SI,57000000-0000-4000-8000-000000000113,,
MEDIDA,Medidas,"'FA Carga Pedidos Creados' = VAR FlujoSel = SELECTEDVALUE(Dim_Vista_Ejecutiva[Flujo]) VAR ZonaSel = SELECTEDVALUE(Dim_Rango_Entrega[Zona]) RETURN CALCULATE(DISTINCTCOUNT(Fact_Tracking[PED_NUMERO_PEDIDO]), KEEPFILTERS(FILTER(Fact_Tracking, Fact_Tracking[ES_CERRADO] = TRUE() && NOT ISBLANK(Fact_Tracking[DIAS_INTERNOS_DH]) && (ISBLANK(FlujoSel) || (CONTAINSSTRING(FlujoSel, ""Flujo Normal"") && Fact_Tracking[CLASIFICACION] = ""NORMAL"") || (CONTAINSSTRING(FlujoSel, ""FES"") && Fact_Tracking[CLASIFICACION] IN {""FES"", ""FES + SALDO""}) || (CONTAINSSTRING(FlujoSel, ""Saldos"") && Fact_Tracking[CLASIFICACION] = ""SALDO"")) && (ISBLANK(ZonaSel) || Fact_Tracking[ZONA] = ZonaSel))))",,,"#,0",04. Análisis Fuera SLA\Carga y SLA,SI,58000000-0000-4000-8000-000000000201,,
MEDIDA,Medidas,"'FA Carga Pedidos FES' = CALCULATE([FA Carga Pedidos Creados], KEEPFILTERS(Fact_Tracking[CLASIFICACION] IN {""FES"", ""FES + SALDO""}))",,,"#,0",04. Análisis Fuera SLA\Carga y SLA,SI,58000000-0000-4000-8000-000000000202,,
MEDIDA,Medidas,"'FA Carga % FES' = DIVIDE([FA Carga Pedidos FES], [FA Carga Pedidos Creados])",,,0.0%,04. Análisis Fuera SLA\Carga y SLA,SI,58000000-0000-4000-8000-000000000203,,
MEDIDA,Medidas,"'FA Carga % del Mes' = VAR TotalMes = CALCULATE([FA Carga Pedidos Creados], REMOVEFILTERS(Dim_Fecha[Momento_Mes])) RETURN DIVIDE([FA Carga Pedidos Creados], TotalMes)",,,0.0%,04. Análisis Fuera SLA\Carga y SLA,SI,58000000-0000-4000-8000-000000000204,,
MEDIDA,Medidas,"'FA Carga Líneas' = VAR FlujoSel = SELECTEDVALUE(Dim_Vista_Ejecutiva[Flujo]) VAR ZonaSel = SELECTEDVALUE(Dim_Rango_Entrega[Zona]) VAR PedidosCarga = CALCULATETABLE(VALUES(Fact_Tracking[PED_NUMERO_PEDIDO]), KEEPFILTERS(FILTER(Fact_Tracking, Fact_Tracking[ES_CERRADO] = TRUE() && NOT ISBLANK(Fact_Tracking[DIAS_INTERNOS_DH]) && (ISBLANK(FlujoSel) || (CONTAINSSTRING(FlujoSel, ""Flujo Normal"") && Fact_Tracking[CLASIFICACION] = ""NORMAL"") || (CONTAINSSTRING(FlujoSel, ""FES"") && Fact_Tracking[CLASIFICACION] IN {""FES"", ""FES + SALDO""}) || (CONTAINSSTRING(FlujoSel, ""Saldos"") && Fact_Tracking[CLASIFICACION] = ""SALDO"")) && (ISBLANK(ZonaSel) || Fact_Tracking[ZONA] = ZonaSel)))) RETURN CALCULATE(SUM(Lineas_y_unidades_por_pedidos[Lineas]), TREATAS(PedidosCarga, Lineas_y_unidades_por_pedidos[Pedido]))",,,"#,0",04. Análisis Fuera SLA\Carga y SLA,SI,58000000-0000-4000-8000-000000000205,,
MEDIDA,Medidas,"'FA Carga Unidades' = VAR FlujoSel = SELECTEDVALUE(Dim_Vista_Ejecutiva[Flujo]) VAR ZonaSel = SELECTEDVALUE(Dim_Rango_Entrega[Zona]) VAR PedidosCarga = CALCULATETABLE(VALUES(Fact_Tracking[PED_NUMERO_PEDIDO]), KEEPFILTERS(FILTER(Fact_Tracking, Fact_Tracking[ES_CERRADO] = TRUE() && NOT ISBLANK(Fact_Tracking[DIAS_INTERNOS_DH]) && (ISBLANK(FlujoSel) || (CONTAINSSTRING(FlujoSel, ""Flujo Normal"") && Fact_Tracking[CLASIFICACION] = ""NORMAL"") || (CONTAINSSTRING(FlujoSel, ""FES"") && Fact_Tracking[CLASIFICACION] IN {""FES"", ""FES + SALDO""}) || (CONTAINSSTRING(FlujoSel, ""Saldos"") && Fact_Tracking[CLASIFICACION] = ""SALDO"")) && (ISBLANK(ZonaSel) || Fact_Tracking[ZONA] = ZonaSel)))) RETURN CALCULATE(SUM(Lineas_y_unidades_por_pedidos[Suma_Unidades]), TREATAS(PedidosCarga, Lineas_y_unidades_por_pedidos[Pedido]))",,,"#,0",04. Análisis Fuera SLA\Carga y SLA,SI,58000000-0000-4000-8000-000000000206,,
MEDIDA,Medidas,"'FA Carga Líneas x Pedido' = DIVIDE([FA Carga Líneas], [FA Carga Pedidos Creados])",,,0.0,04. Análisis Fuera SLA\Carga y SLA,SI,58000000-0000-4000-8000-000000000207,,
MEDIDA,Medidas,"'FA Carga Unidades x Pedido' = DIVIDE([FA Carga Unidades], [FA Carga Pedidos Creados])",,,"#,0",04. Análisis Fuera SLA\Carga y SLA,SI,58000000-0000-4000-8000-000000000208,,
MEDIDA,Medidas,'FA Madurez Cohorte SLA %' = 1.0,,,0.0%,04. Análisis Fuera SLA\Carga y SLA,SI,58000000-0000-4000-8000-000000000209,,
MEDIDA,Medidas,"'FA Delta NS vs Resto' = VAR NSActual = [FA NS %] VAR NSResto = CALCULATE([FA NS %], REMOVEFILTERS(Dim_Fecha[Momento_Mes]), TREATAS({""Resto del mes""}, Dim_Fecha[Momento_Mes])) RETURN IF(ISBLANK(NSActual) || ISBLANK(NSResto), BLANK(), NSActual - NSResto)",,,+0.0%;-0.0%;0.0%,04. Análisis Fuera SLA\Carga y SLA,SI,58000000-0000-4000-8000-000000000210,,
MEDIDA,Medidas,"'FA Lectura Carga SLA' = VAR Momento = SELECTEDVALUE(Dim_Fecha[Momento_Mes]) VAR Carga = [FA Carga % del Mes] VAR PorcFES = [FA Carga % FES] VAR DeltaNS = [FA Delta NS vs Resto] RETURN SWITCH(TRUE(), ISBLANK([FA Carga Pedidos Creados]), BLANK(), Momento = ""Resto del mes"", ""BASE DE COMPARACIÓN"", Momento = ""Cierre · últimos 7 DH"" && DeltaNS <= -0.10 && PorcFES >= 0.35 && Carga >= 0.35, ""FES + ALTA CARGA COINCIDEN CON CAÍDA"", DeltaNS <= -0.10 && Carga >= 0.35, ""ALTA CARGA COINCIDE CON CAÍDA"", Momento = ""Inicio · primeros 7 DH"" && DeltaNS <= -0.08, ""ARRASTRE VISIBLE AL INICIO"", PorcFES >= 0.35 && DeltaNS > -0.05, ""FES ALTA SIN CAÍDA RELEVANTE"", ""SIN DETERIORO RELEVANTE"")",,,,04. Análisis Fuera SLA\Carga y SLA,SI,58000000-0000-4000-8000-000000000211,,
MEDIDA,Medidas,"'RE SLA interno objetivo DH' = VAR Zona = SELECTEDVALUE(Dim_Rango_Entrega[Zona]) RETURN IF(Zona=""Santiago"",4,IF(Zona=""Regiones"",5,BLANK()))",,,"0 ""DH""",02. Resumen Ejecutivo\02. Servicio,SI,27000000-0000-4000-8000-000000000140,,
MEDIDA,Medidas,"'RE SLA cliente objetivo DH' = VAR Zona = SELECTEDVALUE(Dim_Rango_Entrega[Zona]) RETURN IF(Zona=""Santiago"",5,IF(Zona=""Regiones"",7,BLANK()))",,,"0 ""DH""",02. Resumen Ejecutivo\02. Servicio,SI,27000000-0000-4000-8000-000000000141,,
PARTICION,Medidas,Medidas,,,,,SI,,,mode=import; fuente=M
TABLA,Cliente_Vendedor,Cliente_Vendedor,,,,,SI,aff9a8a2-01b2-4b83-b36e-480b4616b2bc,,partition=1
COLUMNA,Cliente_Vendedor,VCLT_SUCURSAL,string,,,,SI,a9a7b1b9-0e90-432b-8189-bec014503594,,sourceColumn=VCLT_SUCURSAL
COLUMNA,Cliente_Vendedor,VEN_NOMBRE,string,,,,SI,4d22e207-f10b-4556-9f18-12eefc6da0f3,,sourceColumn=VEN_NOMBRE
COLUMNA,Cliente_Vendedor,Recuento,int64,,0,,SI,7e41e0ea-031a-4329-b561-3fb502116e23,,sourceColumn=Recuento
COLUMNA,Cliente_Vendedor,SUCURSAL_NORMALIZADA,string,,,,SI,5c34a666-aa63-449a-8698-ec7bb12f0d8d,,sourceColumn=SUCURSAL_NORMALIZADA
PARTICION,Cliente_Vendedor,Cliente_Vendedor,,,,,SI,,,mode=import; fuente=M
TABLA,Dim_Feriados_Chile,Dim_Feriados_Chile,,,,,SI,7d9e9bb7-83f7-49ac-b25f-237bf02ac501,,partition=1
COLUMNA,Dim_Feriados_Chile,Fecha,dateTime,,Short Date,,SI,4ea4ba92-18ef-4fd0-8924-7eb816116501,,sourceColumn=Fecha
COLUMNA,Dim_Feriados_Chile,Feriado,string,,,,SI,e24c0b1e-acde-48d4-9593-a80a61272065,,sourceColumn=Feriado
COLUMNA,Dim_Feriados_Chile,Anio,int64,,0,,SI,b0712115-caba-4d87-9454-a62a74327665,,sourceColumn=Anio
COLUMNA,Dim_Feriados_Chile,Ambito,string,,,,SI,4607765a-cbd2-4c76-b070-a54b6d7c4f42,,sourceColumn=Ambito
COLUMNA,Dim_Feriados_Chile,Fuente,string,,,,SI,736ba7a4-996c-40ba-9175-a7af44557a97,,sourceColumn=Fuente
PARTICION,Dim_Feriados_Chile,Dim_Feriados_Chile,,,,,SI,,,mode=import; fuente=M
TABLA,Config_SLA_Hitos,Config_SLA_Hitos,,,,,SI,c4cbf88e-6222-4d6c-b8e6-667688f94200,,partition=1
COLUMNA,Config_SLA_Hitos,METRICA_CODIGO,string,,,,SI,58af26e2-cfa8-4a54-b2be-9d39c5a64e00,,sourceColumn=METRICA_CODIGO
COLUMNA,Config_SLA_Hitos,HITO,string,,,,SI,d4b79795-8a9a-4372-9e62-82bf52dc9200,,sourceColumn=HITO
COLUMNA,Config_SLA_Hitos,MACROETAPA,string,,,,SI,cde9a32f-a2c3-4c6f-aeb1-bd17fc700200,,sourceColumn=MACROETAPA
COLUMNA,Config_SLA_Hitos,AREA_RESPONSABLE,string,,,,SI,57d8b582-8582-4f03-b02a-20d9223e1200,,sourceColumn=AREA_RESPONSABLE
COLUMNA,Config_SLA_Hitos,ORDEN_HITO,int64,,0,,SI,1f54e31b-67ef-4521-a66f-45681f075200,,sourceColumn=ORDEN_HITO
COLUMNA,Config_SLA_Hitos,SLA_DH,int64,,0,,SI,fc433785-a4e8-4f6c-a29f-a86af1083200,,sourceColumn=SLA_DH
COLUMNA,Config_SLA_Hitos,TIPO_KPI,string,,,,SI,eba22f76-348a-4542-9599-41fccf183200,,sourceColumn=TIPO_KPI
COLUMNA,Config_SLA_Hitos,ACTIVO_CUELLO,boolean,,"""""""Sí"""";""""Sí"""";""""No""""""",,SI,18eb945a-fd13-4345-acd1-d7ed41685200,,sourceColumn=ACTIVO_CUELLO
COLUMNA,Config_SLA_Hitos,OBSERVACION,string,,,,SI,f77d64f6-37b2-46d2-b0e6-7ec8add6f200,,sourceColumn=OBSERVACION
PARTICION,Config_SLA_Hitos,Config_SLA_Hitos,,,,,SI,,,mode=import; fuente=M
TABLA,Config_Promesa_Entrega,Config_Promesa_Entrega,,,,,SI,15000000-0000-4000-8000-000000000001,,partition=1
COLUMNA,Config_Promesa_Entrega,Zona,string,,,,SI,15000000-0000-4000-8000-000000000002,,sourceColumn=ZONA
COLUMNA,Config_Promesa_Entrega,'Preparación mínima DH',int64,,0,,SI,15000000-0000-4000-8000-000000000003,,sourceColumn=PREPARACION_MIN_DH
COLUMNA,Config_Promesa_Entrega,'Preparación máxima DH',int64,,0,,SI,15000000-0000-4000-8000-000000000004,,sourceColumn=PREPARACION_MAX_DH
COLUMNA,Config_Promesa_Entrega,'Tránsito mínimo DH',int64,,0,,SI,15000000-0000-4000-8000-000000000005,,sourceColumn=TRANSITO_MIN_DH
COLUMNA,Config_Promesa_Entrega,'Tránsito máximo DH',int64,,0,,SI,15000000-0000-4000-8000-000000000006,,sourceColumn=TRANSITO_MAX_DH
COLUMNA,Config_Promesa_Entrega,'Promesa mínima DH',int64,,0,,SI,15000000-0000-4000-8000-000000000007,,sourceColumn=PROMESA_MIN_DH
COLUMNA,Config_Promesa_Entrega,'Promesa máxima DH',int64,,0,,SI,15000000-0000-4000-8000-000000000008,,sourceColumn=PROMESA_MAX_DH
COLUMNA,Config_Promesa_Entrega,'Hora corte lunes a jueves',string,,,,SI,15000000-0000-4000-8000-000000000009,,sourceColumn=CORTE_LJ
COLUMNA,Config_Promesa_Entrega,'Hora corte viernes',string,,,,SI,15000000-0000-4000-8000-000000000010,,sourceColumn=CORTE_VIERNES
COLUMNA,Config_Promesa_Entrega,Alcance,string,,,,SI,15000000-0000-4000-8000-000000000011,,sourceColumn=ALCANCE
PARTICION,Config_Promesa_Entrega,Config_Promesa_Entrega,,,,,SI,,,mode=import; fuente=M
TABLA,Fact_Hitos_Operacionales,Fact_Hitos_Operacionales,,,,,SI,64bfb264-94b6-4e61-9243-33ec73f6c100,,partition=1
COLUMNA,Fact_Hitos_Operacionales,PED_NUMERO_PEDIDO,string,,,,SI,1d53cb87-59ab-46f8-8b58-8e9a746ee101,,sourceColumn=PED_NUMERO_PEDIDO
COLUMNA,Fact_Hitos_Operacionales,PED_CODIGO_CLIENTE,string,,,,SI,6ad95d82-7053-4302-99bf-a04c045f8102,,sourceColumn=PED_CODIGO_CLIENTE
COLUMNA,Fact_Hitos_Operacionales,PED_RESPONSABLE,string,,,,SI,fa242c54-9b4d-4ed2-91ae-2e103b601103,,sourceColumn=PED_RESPONSABLE
COLUMNA,Fact_Hitos_Operacionales,PED_CIUDAD,string,,,,SI,14000000-0000-4000-8000-000000000001,,sourceColumn=PED_CIUDAD
COLUMNA,Fact_Hitos_Operacionales,PED_REGION,string,,,,SI,14000000-0000-4000-8000-000000000002,,sourceColumn=PED_REGION
COLUMNA,Fact_Hitos_Operacionales,Zona,string,,,,SI,14000000-0000-4000-8000-000000000003,,sourceColumn=ZONA_GEOGRAFICA
COLUMNA,Fact_Hitos_Operacionales,ORDEN_ZONA_GEOGRAFICA,int64,,0,,SI,14000000-0000-4000-8000-000000000004,,sourceColumn=ORDEN_ZONA_GEOGRAFICA
COLUMNA,Fact_Hitos_Operacionales,PED_CANAL_CODIGO,string,,,,SI,73993f67-e42e-49db-acaf-123b117ce104,,sourceColumn=PED_CANAL_CODIGO
COLUMNA,Fact_Hitos_Operacionales,PED_CONDICION_EXPEDICION_CODIGO,string,,,,SI,349093eb-9385-4ab8-8d69-f788776d7105,,sourceColumn=PED_CONDICION_EXPEDICION_CODIGO
COLUMNA,Fact_Hitos_Operacionales,PED_VALOR_NETO,double,,"""CLP $"" #,0;-""CLP $"" #,0;""CLP $"" 0",,SI,43c25710-cdf7-4689-ae19-e3e1201a2106,,sourceColumn=PED_VALOR_NETO
COLUMNA,Fact_Hitos_Operacionales,PED_FECHA,dateTime,,Short Date,,SI,499f60c0-48dc-457b-8fa6-d453fcf23107,,sourceColumn=PED_FECHA
COLUMNA,Fact_Hitos_Operacionales,MES_CREACION,string,,,,SI,7b984943-403b-4541-82ca-e6d2a6a12108,,sourceColumn=MES_CREACION
COLUMNA,Fact_Hitos_Operacionales,FECHA_INGRESO_SLA,dateTime,,Short Date,,SI,16000000-0000-4000-8000-000000000001,,sourceColumn=FECHA_INGRESO_SLA
COLUMNA,Fact_Hitos_Operacionales,PED_FECHA_HORA,dateTime,,General Date,,SI,16000000-0000-4000-8000-000000000011,,sourceColumn=PED_FECHA_HORA
COLUMNA,Fact_Hitos_Operacionales,REGLA_CORTE_INGRESO,string,,,,SI,16000000-0000-4000-8000-000000000002,,sourceColumn=REGLA_CORTE_INGRESO
COLUMNA,Fact_Hitos_Operacionales,DIFERIDO_POR_CORTE,boolean,,"""""""Sí"""";""""Sí"""";""""No""""""",,SI,16000000-0000-4000-8000-000000000003,,sourceColumn=DIFERIDO_POR_CORTE
COLUMNA,Fact_Hitos_Operacionales,PREPARACION_SLA_DH,int64,,0,,SI,16000000-0000-4000-8000-000000000004,,sourceColumn=PREPARACION_SLA_DH
COLUMNA,Fact_Hitos_Operacionales,PREPARACION_MAX_DH,int64,,0,,SI,16000000-0000-4000-8000-000000000005,,sourceColumn=PREPARACION_MAX_DH
COLUMNA,Fact_Hitos_Operacionales,PROMESA_MIN_DH,int64,,0,,SI,16000000-0000-4000-8000-000000000006,,sourceColumn=PROMESA_MIN_DH
COLUMNA,Fact_Hitos_Operacionales,PROMESA_MAX_DH,int64,,0,,SI,16000000-0000-4000-8000-000000000007,,sourceColumn=PROMESA_MAX_DH
COLUMNA,Fact_Hitos_Operacionales,FECHA_PROMETIDA_MIN,dateTime,,Short Date,,SI,16000000-0000-4000-8000-000000000008,,sourceColumn=FECHA_PROMETIDA_MIN
COLUMNA,Fact_Hitos_Operacionales,FECHA_PROMETIDA_MAX,dateTime,,Short Date,,SI,16000000-0000-4000-8000-000000000009,,sourceColumn=FECHA_PROMETIDA_MAX
COLUMNA,Fact_Hitos_Operacionales,CUMPLE_PREPARACION,boolean,,"""""""Sí"""";""""Sí"""";""""No""""""",,SI,16000000-0000-4000-8000-000000000010,,sourceColumn=CUMPLE_PREPARACION
COLUMNA,Fact_Hitos_Operacionales,SEGMENTO_EXCLUSIVO,string,,,,SI,c8b7100c-8c5f-4f16-823a-f4627f792109,,sourceColumn=SEGMENTO_EXCLUSIVO
COLUMNA,Fact_Hitos_Operacionales,METRICA_CODIGO,string,,,,SI,6d2517b8-67c8-487f-8671-59e2a14e410a,,sourceColumn=METRICA_CODIGO
COLUMNA,Fact_Hitos_Operacionales,FECHA_INICIO,dateTime,,General Date,,SI,2ccfd2f4-46d3-4075-a5f2-e7d9bbe0910b,,sourceColumn=FECHA_INICIO
COLUMNA,Fact_Hitos_Operacionales,FECHA_FIN,dateTime,,General Date,,SI,9737127b-276e-4cbe-8b6d-c38554fb910c,,sourceColumn=FECHA_FIN
COLUMNA,Fact_Hitos_Operacionales,REGLA_FECHA_FIN,string,,,,SI,ad9d1f35-0da7-45e9-b42f-bb470745510d,,sourceColumn=REGLA_FECHA_FIN
COLUMNA,Fact_Hitos_Operacionales,HITO_OMITIDO,boolean,,"""""""Sí"""";""""Sí"""";""""No""""""",,SI,19d414db-0b99-4ca1-b78d-6c5bd3b3a7a1,,sourceColumn=HITO_OMITIDO
COLUMNA,Fact_Hitos_Operacionales,FUENTE_FECHA,string,,,,SI,52c4e4cf-fc73-476b-901d-0d6ae73b610e,,sourceColumn=FUENTE_FECHA
COLUMNA,Fact_Hitos_Operacionales,HITO,string,,,,SI,73620959-0a22-46a5-b24a-8b17411a710f,,sourceColumn=HITO
COLUMNA,Fact_Hitos_Operacionales,MACROETAPA,string,,,,SI,20f63d26-1772-4fa7-b35c-4776c62a7110,,sourceColumn=MACROETAPA
COLUMNA,Fact_Hitos_Operacionales,AREA_RESPONSABLE,string,,,,SI,b0741480-9723-4793-97ba-98ef52e0a111,,sourceColumn=AREA_RESPONSABLE
COLUMNA,Fact_Hitos_Operacionales,ORDEN_HITO,int64,,0,,SI,355954e3-0c98-44f3-9b91-baeaaee38112,,sourceColumn=ORDEN_HITO
COLUMNA,Fact_Hitos_Operacionales,SLA_DH,int64,,0,,SI,88032b0e-5dd3-4309-8d95-d8ec97621113,,sourceColumn=SLA_DH
COLUMNA,Fact_Hitos_Operacionales,TIPO_KPI,string,,,,SI,cb14862a-863a-41f3-a9c8-4e742a16c114,,sourceColumn=TIPO_KPI
COLUMNA,Fact_Hitos_Operacionales,ACTIVO_CUELLO,boolean,,"""""""Sí"""";""""Sí"""";""""No""""""",,SI,2afaf329-d430-408d-baa8-34d1f138d115,,sourceColumn=ACTIVO_CUELLO
COLUMNA,Fact_Hitos_Operacionales,DIAS_HABILES,int64,,0,,SI,6979d94f-87f1-4295-b033-50ea438a0116,,sourceColumn=DIAS_HABILES
COLUMNA,Fact_Hitos_Operacionales,TIENE_DATO,boolean,,"""""""Sí"""";""""Sí"""";""""No""""""",,SI,25625580-176e-49c4-8aeb-3a33e85b9117,,sourceColumn=TIENE_DATO
COLUMNA,Fact_Hitos_Operacionales,CUMPLE_KPI,boolean,,"""""""Sí"""";""""Sí"""";""""No""""""",,SI,37e15494-e5bb-4b1e-a29b-090ec6ebd118,,sourceColumn=CUMPLE_KPI
COLUMNA,Fact_Hitos_Operacionales,ESTADO_KPI,string,,,,SI,a6c02b50-7672-4f25-bd94-62922af31119,,sourceColumn=ESTADO_KPI
COLUMNA,Fact_Hitos_Operacionales,EXCESO_DH,int64,,0,,SI,e4a70640-24e6-4ee4-9a31-28b558d6211a,,sourceColumn=EXCESO_DH
COLUMNA,Fact_Hitos_Operacionales,ESTADO_TRAZABILIDAD,string,,,,SI,f4ce2b97-38b7-49ef-bacd-a5b34ea7f11b,,sourceColumn=ESTADO_TRAZABILIDAD
COLUMNA,Fact_Hitos_Operacionales,FECHA_EVALUACION,dateTime,,General Date,,SI,26000000-0000-4000-8000-000000000001,,sourceColumn=FECHA_EVALUACION
COLUMNA,Fact_Hitos_Operacionales,DIAS_TRANSCURRIDOS,int64,,0,,SI,26000000-0000-4000-8000-000000000002,,sourceColumn=DIAS_TRANSCURRIDOS
COLUMNA,Fact_Hitos_Operacionales,ESTADO_OPERATIVO,string,,,,SI,26000000-0000-4000-8000-000000000003,,sourceColumn=ESTADO_OPERATIVO
COLUMNA,Fact_Hitos_Operacionales,CUMPLE_ACTUAL,boolean,,"""""""Sí"""";""""Sí"""";""""No""""""",,SI,26000000-0000-4000-8000-000000000004,,sourceColumn=CUMPLE_ACTUAL
COLUMNA,Fact_Hitos_Operacionales,EXCESO_ACTUAL_DH,int64,,0,,SI,26000000-0000-4000-8000-000000000005,,sourceColumn=EXCESO_ACTUAL_DH
PARTICION,Fact_Hitos_Operacionales,Fact_Hitos_Operacionales,,,,,SI,,,mode=import; fuente=M
TABLA,Fact_Tracking,Fact_Tracking,,,,,SI,26000000-0000-4000-8000-000000001000,,partition=1
COLUMNA,Fact_Tracking,PED_NUMERO_PEDIDO,string,,,,SI,26000000-0000-4000-8000-000000001001,,sourceColumn=PED_NUMERO_PEDIDO
COLUMNA,Fact_Tracking,PED_CODIGO_CLIENTE,string,,,,SI,26000000-0000-4000-8000-000000001002,,sourceColumn=PED_CODIGO_CLIENTE
COLUMNA,Fact_Tracking,PED_RESPONSABLE,string,,,,SI,26000000-0000-4000-8000-000000001003,,sourceColumn=PED_RESPONSABLE
COLUMNA,Fact_Tracking,PED_CANAL_CODIGO,string,,,,SI,26000000-0000-4000-8000-000000001004,,sourceColumn=PED_CANAL_CODIGO
COLUMNA,Fact_Tracking,PED_CONDICION_EXPEDICION_CODIGO,string,,,,SI,26000000-0000-4000-8000-000000001005,,sourceColumn=PED_CONDICION_EXPEDICION_CODIGO
COLUMNA,Fact_Tracking,PED_VALOR_NETO,double,,"""CLP $"" #,0;-""CLP $"" #,0;""CLP $"" 0",,SI,26000000-0000-4000-8000-000000001006,,sourceColumn=PED_VALOR_NETO
COLUMNA,Fact_Tracking,PED_CIUDAD,string,,,,SI,26000000-0000-4000-8000-000000001007,,sourceColumn=PED_CIUDAD
COLUMNA,Fact_Tracking,PED_REGION,string,,,,SI,26000000-0000-4000-8000-000000001008,,sourceColumn=PED_REGION
COLUMNA,Fact_Tracking,ZONA,string,,,,SI,26000000-0000-4000-8000-000000001009,,sourceColumn=ZONA
COLUMNA,Fact_Tracking,CLASIFICACION,string,,,,SI,26000000-0000-4000-8000-000000001010,,sourceColumn=CLASIFICACION
COLUMNA,Fact_Tracking,PED_FECHA,dateTime,,Short Date,,SI,26000000-0000-4000-8000-000000001011,,sourceColumn=PED_FECHA
COLUMNA,Fact_Tracking,PED_FECHA_HORA,dateTime,,General Date,,SI,26000000-0000-4000-8000-000000001012,,sourceColumn=PED_FECHA_HORA
COLUMNA,Fact_Tracking,FECHA_PRIMERA_FACTURA,dateTime,,General Date,,SI,26000000-0000-4000-8000-000000001013,,sourceColumn=FECHA_PRIMERA_FACTURA
COLUMNA,Fact_Tracking,FECHA_ULTIMA_FACTURA,dateTime,,General Date,,SI,26000000-0000-4000-8000-000000001014,,sourceColumn=FECHA_ULTIMA_FACTURA
COLUMNA,Fact_Tracking,FECHA_DESPACHO,dateTime,,General Date,,SI,26000000-0000-4000-8000-000000001015,,sourceColumn=FECHA_DESPACHO
COLUMNA,Fact_Tracking,FECHA_MANIFIESTO,dateTime,,General Date,,SI,26000000-0000-4000-8000-000000001016,,sourceColumn=FECHA_MANIFIESTO
COLUMNA,Fact_Tracking,FECHA_CIERRE,dateTime,,General Date,,SI,26000000-0000-4000-8000-000000001017,,sourceColumn=FECHA_CIERRE
COLUMNA,Fact_Tracking,ES_CERRADO,boolean,,"""""""Sí"""";""""Sí"""";""""No""""""",,SI,26000000-0000-4000-8000-000000001018,,sourceColumn=ES_CERRADO
COLUMNA,Fact_Tracking,PENDIENTE_FACTURA,boolean,,"""""""Sí"""";""""Sí"""";""""No""""""",,SI,26000000-0000-4000-8000-000000001019,,sourceColumn=PENDIENTE_FACTURA
COLUMNA,Fact_Tracking,PENDIENTE_DESPACHO,boolean,,"""""""Sí"""";""""Sí"""";""""No""""""",,SI,26000000-0000-4000-8000-000000001020,,sourceColumn=PENDIENTE_DESPACHO
COLUMNA,Fact_Tracking,ESTADO_ACTUAL,string,,,,SI,26000000-0000-4000-8000-000000001021,,sourceColumn=ESTADO_ACTUAL
COLUMNA,Fact_Tracking,HITO_ACTUAL,string,,,,SI,26000000-0000-4000-8000-000000001022,,sourceColumn=HITO_ACTUAL
COLUMNA,Fact_Tracking,FECHA_INICIO_ESTADO,dateTime,,General Date,,SI,26000000-0000-4000-8000-000000001023,,sourceColumn=FECHA_INICIO_ESTADO
COLUMNA,Fact_Tracking,DIAS_INTERNOS_DH,int64,,0,,SI,26000000-0000-4000-8000-000000001024,,sourceColumn=DIAS_INTERNOS_DH
COLUMNA,Fact_Tracking,DIAS_EN_ESTADO_DH,int64,,0,,SI,26000000-0000-4000-8000-000000001025,,sourceColumn=DIAS_EN_ESTADO_DH
COLUMNA,Fact_Tracking,SLA_INTERNO_DH,int64,,0,,SI,26000000-0000-4000-8000-000000001026,,sourceColumn=SLA_INTERNO_DH
COLUMNA,Fact_Tracking,DIAS_RESTANTES_DH,int64,,0,,SI,26000000-0000-4000-8000-000000001027,,sourceColumn=DIAS_RESTANTES_DH
COLUMNA,Fact_Tracking,SEMAFORO,string,,,,SI,26000000-0000-4000-8000-000000001028,,sourceColumn=SEMAFORO
COLUMNA,Fact_Tracking,DIAS_CALENDARIO_SALDO,int64,,0,,SI,26000000-0000-4000-8000-000000001029,,sourceColumn=DIAS_CALENDARIO_SALDO
COLUMNA,Fact_Tracking,DIAS_HABILES_SALDO,int64,,0,,SI,26000000-0000-4000-8000-000000001032,,sourceColumn=DIAS_HABILES_SALDO
COLUMNA,Fact_Tracking,VALIDACION_SALDO,string,,,,SI,26000000-0000-4000-8000-000000001030,,sourceColumn=VALIDACION_SALDO
COLUMNA,Fact_Tracking,FECHA_ACTUALIZACION,dateTime,,General Date,,SI,26000000-0000-4000-8000-000000001031,,sourceColumn=FECHA_ACTUALIZACION
COLUMNA,Fact_Tracking,PENDIENTE_MANIFIESTO_FES,boolean,,"""""""Sí"""";""""Sí"""";""""No""""""",,SI,26000000-0000-4000-8000-000000001033,,sourceColumn=PENDIENTE_MANIFIESTO_FES
COLUMNA,Fact_Tracking,DIAS_HASTA_DESPACHO_DH,int64,,0,,SI,26000000-0000-4000-8000-000000001034,,sourceColumn=DIAS_HASTA_DESPACHO_DH
COLUMNA,Fact_Tracking,DIAS_ESPERA_MANIFIESTO_DH,int64,,0,,SI,26000000-0000-4000-8000-000000001035,,sourceColumn=DIAS_ESPERA_MANIFIESTO_DH
COLUMNA,Fact_Tracking,TIPO_MEDICION_DIAS,string,,,,SI,26000000-0000-4000-8000-000000001036,,sourceColumn=TIPO_MEDICION_DIAS
COLUMNA,Fact_Tracking,DIAS_POSTFACTURA_DH,int64,,0,,SI,26000000-0000-4000-8000-000000001037,,sourceColumn=DIAS_POSTFACTURA_DH
COLUMNA,Fact_Tracking,POSTFACTURA_ABIERTO,boolean,,"""""""Sí"""";""""Sí"""";""""No""""""",,SI,26000000-0000-4000-8000-000000001038,,sourceColumn=POSTFACTURA_ABIERTO
COLUMNA,Fact_Tracking,SLA_OPERACION_DH,int64,,0,,SI,26000000-0000-4000-8000-000000001039,,sourceColumn=SLA_OPERACION_DH
COLUMNA,Fact_Tracking,ULTIMA_MILLA_DH,int64,,0,,SI,26000000-0000-4000-8000-000000001040,,sourceColumn=ULTIMA_MILLA_DH
COLUMNA,Fact_Tracking,SLA_CLIENTE_DH,int64,,0,,SI,26000000-0000-4000-8000-000000001041,,sourceColumn=SLA_CLIENTE_DH
COLUMNA,Fact_Tracking,CUMPLE_SLA_INTERNO,boolean,,"""""""Sí"""";""""Sí"""";""""No""""""",,SI,26000000-0000-4000-8000-000000001042,,sourceColumn=CUMPLE_SLA_INTERNO
COLUMNA,Fact_Tracking,EXCESO_SLA_INTERNO_DH,int64,,0,,SI,26000000-0000-4000-8000-000000001043,,sourceColumn=EXCESO_SLA_INTERNO_DH
PARTICION,Fact_Tracking,Fact_Tracking,,,,,SI,,,mode=import; fuente=M
TABLA,Dim_Pedido,Dim_Pedido,,,,,SI,26000000-0000-4000-8000-000000004000,,partition=1
COLUMNA,Dim_Pedido,PED_NUMERO_PEDIDO,string,,,,SI,26000000-0000-4000-8000-000000004001,,sourceColumn=PED_NUMERO_PEDIDO
COLUMNA,Dim_Pedido,CLASIFICACION,string,,,,SI,26000000-0000-4000-8000-000000004002,,sourceColumn=CLASIFICACION
COLUMNA,Dim_Pedido,ESTADO_ACTUAL,string,,,,SI,26000000-0000-4000-8000-000000004003,,sourceColumn=ESTADO_ACTUAL
COLUMNA,Dim_Pedido,SEMAFORO,string,,,,SI,26000000-0000-4000-8000-000000004004,,sourceColumn=SEMAFORO
COLUMNA,Dim_Pedido,HITO_ACTUAL,string,,,,SI,26000000-0000-4000-8000-000000004005,,sourceColumn=HITO_ACTUAL
COLUMNA,Dim_Pedido,ES_CERRADO,boolean,,"""""""Sí"""";""""Sí"""";""""No""""""",,SI,26000000-0000-4000-8000-000000004006,,sourceColumn=ES_CERRADO
PARTICION,Dim_Pedido,Dim_Pedido,,,,,SI,,,mode=import; fuente=M
TABLA,Dim_Vista_Ejecutiva,Dim_Vista_Ejecutiva,,,,,SI,13a00000-7b21-4b4b-9c50-130000000001,,partition=1
COLUMNA,Dim_Vista_Ejecutiva,Grupo,string,,,,SI,13a00000-7b21-4b4b-9c50-130000000002,,sourceColumn=GRUPO_MAYORISTA
COLUMNA,Dim_Vista_Ejecutiva,Flujo,string,,,,SI,13a00000-7b21-4b4b-9c50-130000000003,,sourceColumn=FLUJO_MAYORISTA
COLUMNA,Dim_Vista_Ejecutiva,Macroproceso,string,,,,SI,13a00000-7b21-4b4b-9c50-130000000004,,sourceColumn=MACROPROCESO
COLUMNA,Dim_Vista_Ejecutiva,Subproceso,string,,,,SI,13a00000-7b21-4b4b-9c50-130000000005,,sourceColumn=SUBPROCESO
COLUMNA,Dim_Vista_Ejecutiva,METRICA_CODIGO,string,,,,SI,13a00000-7b21-4b4b-9c50-130000000006,,sourceColumn=METRICA_CODIGO
COLUMNA,Dim_Vista_Ejecutiva,ORDEN_FLUJO,int64,,0,,SI,13a00000-7b21-4b4b-9c50-130000000007,,sourceColumn=ORDEN_FLUJO
COLUMNA,Dim_Vista_Ejecutiva,ORDEN_MACRO,int64,,0,,SI,13a00000-7b21-4b4b-9c50-130000000008,,sourceColumn=ORDEN_MACRO
COLUMNA,Dim_Vista_Ejecutiva,ORDEN_SUBPROCESO,int64,,0,,SI,13a00000-7b21-4b4b-9c50-130000000009,,sourceColumn=ORDEN_SUBPROCESO
PARTICION,Dim_Vista_Ejecutiva,Dim_Vista_Ejecutiva,,,,,SI,,,mode=import; fuente=M
TABLA,Dim_Metrica_Auditoria,Dim_Metrica_Auditoria,,,,,SI,17000000-0000-4000-8000-000000000001,,partition=1
COLUMNA,Dim_Metrica_Auditoria,Medida,string,,,,SI,17000000-0000-4000-8000-000000000002,,sourceColumn=MEDIDA
COLUMNA,Dim_Metrica_Auditoria,Orden,int64,,0,,SI,17000000-0000-4000-8000-000000000003,,sourceColumn=ORDEN
PARTICION,Dim_Metrica_Auditoria,Dim_Metrica_Auditoria,,,,,SI,,,mode=import; fuente=M
TABLA,Dim_Indicador_Ejecutivo,Dim_Indicador_Ejecutivo,,,,,SI,18000000-0000-4000-8000-000000000001,,partition=1
COLUMNA,Dim_Indicador_Ejecutivo,Indicador,string,,,,SI,18000000-0000-4000-8000-000000000002,,sourceColumn=INDICADOR
COLUMNA,Dim_Indicador_Ejecutivo,Orden,int64,,0,,SI,18000000-0000-4000-8000-000000000003,,sourceColumn=ORDEN
COLUMNA,Dim_Indicador_Ejecutivo,Unidad,string,,,,SI,18000000-0000-4000-8000-000000000004,,sourceColumn=UNIDAD
PARTICION,Dim_Indicador_Ejecutivo,Dim_Indicador_Ejecutivo,,,,,SI,,,mode=import; fuente=M
TABLA,Dim_Rango_Entrega,Dim_Rango_Entrega,,,,,SI,22000000-0000-4000-8000-000000000001,,partition=1
COLUMNA,Dim_Rango_Entrega,Grupo,string,,,,SI,22000000-0000-4000-8000-000000000002,,sourceColumn=GRUPO
COLUMNA,Dim_Rango_Entrega,Rango,string,,,,SI,22000000-0000-4000-8000-000000000003,,sourceColumn=RANGO
COLUMNA,Dim_Rango_Entrega,Zona,string,,,,SI,22000000-0000-4000-8000-000000000004,,sourceColumn=ZONA
COLUMNA,Dim_Rango_Entrega,OrdenGrupo,int64,,0,,SI,22000000-0000-4000-8000-000000000005,,sourceColumn=ORDEN_GRUPO
COLUMNA,Dim_Rango_Entrega,OrdenRango,int64,,0,,SI,22000000-0000-4000-8000-000000000006,,sourceColumn=ORDEN_RANGO
COLUMNA,Dim_Rango_Entrega,MinDH,int64,,0,,SI,22000000-0000-4000-8000-000000000007,,sourceColumn=MIN_DH
COLUMNA,Dim_Rango_Entrega,MaxDH,double,,0,,SI,22000000-0000-4000-8000-000000000008,,sourceColumn=MAX_DH
PARTICION,Dim_Rango_Entrega,Dim_Rango_Entrega,,,,,SI,,,mode=import; fuente=M
TABLA,Resultado,Resultado,,,,,SI,1f7fb967-bc11-4112-ba69-d838235f77fe,,partition=1
COLUMNA,Resultado,PED_NUMERO_PEDIDO,string,,,,SI,e1014b19-3070-4acb-a840-e53508c532d6,,sourceColumn=PED_NUMERO_PEDIDO
COLUMNA,Resultado,CLIENTE,string,,,,SI,cacd9816-0f62-435c-aed5-c0bc6e012b99,,sourceColumn=CLIENTE
COLUMNA,Resultado,VENDEDOR,string,,,,SI,17bd9964-dbd5-45e0-b589-1721054ba1f7,,sourceColumn=VENDEDOR
COLUMNA,Resultado,CLASIFICACION,string,,,,SI,9eb09fef-c507-4060-88f9-b059ead00afc,,sourceColumn=CLASIFICACION
COLUMNA,Resultado,DH_TOTAL,double,,0.0,,SI,657c2d3c-19a0-4ea7-8afe-5ac0688773d3,,sourceColumn=DH_TOTAL
COLUMNA,Resultado,ESTADO_SLA,string,,,,SI,757af70a-f5a5-470b-807c-dda25b62b233,,sourceColumn=ESTADO_SLA
COLUMNA,Resultado,DH_CREDITO,double,,0.0,,SI,6884d045-34b7-4495-b628-08315b3d58e3,,sourceColumn=DH_CREDITO
COLUMNA,Resultado,DH_OPERACIONES,double,,0.0,,SI,d6c6bde6-0447-4580-9d04-199d04256660,,sourceColumn=DH_OPERACIONES
COLUMNA,Resultado,DH_DESPACHO,double,,0.0,,SI,d8b586ed-261f-40b7-afbf-8348b19d5fb4,,sourceColumn=DH_DESPACHO
COLUMNA,Resultado,DH_PICKING,double,,0.0,,SI,8dbe5167-da63-46d9-8261-9e86a619cf69,,sourceColumn=DH_PICKING
COLUMNA,Resultado,DH_FACTURACION,double,,0.0,,SI,70d70e16-dafb-45d3-9058-4c56d98bbd1e,,sourceColumn=DH_FACTURACION
COLUMNA,Resultado,FASE_MAS_LENTA,string,,,,SI,3b482d71-4911-4364-a818-75397e7ff2aa,,sourceColumn=FASE_MAS_LENTA
COLUMNA,Resultado,DH_FASE_LENTA,double,,0.0,,SI,dda454a8-0ab4-4a11-8473-ece82e1f5861,,sourceColumn=DH_FASE_LENTA
COLUMNA,Resultado,FACTOR_PRINCIPAL,string,,,,SI,9ec99e57-959c-42b7-82d2-51e2ebddec50,,sourceColumn=FACTOR_PRINCIPAL
COLUMNA,Resultado,ACCION_RECOMENDADA,string,,,,SI,e329648f-9fb1-4d84-abaf-b3a3d6fc4141,,sourceColumn=ACCION_RECOMENDADA
COLUMNA,Resultado,RIESGO_ATRASO,string,,,,SI,fe570bb7-a1ce-4603-b59c-745f59f07bd0,,sourceColumn=RIESGO_ATRASO
COLUMNA,Resultado,PROB_ML_ATRASO,double,,0.0%,,SI,00aa006d-3d0d-45d1-a6ef-2b4c0ff30ca9,,sourceColumn=PROB_ML_ATRASO
COLUMNA,Resultado,RESPONSABLE_AREA,string,,,,SI,1b4baa21-e220-4f95-8ccc-35d8c7c1ea44,,sourceColumn=RESPONSABLE_AREA
COLUMNA,Resultado,VALOR_NETO,double,,"""CLP $"" #,0;-""CLP $"" #,0;""CLP $"" 0",,SI,ded5f290-6eb3-440c-8d26-c84ff7c17e0a,,sourceColumn=VALOR_NETO
COLUMNA,Resultado,ZONA,string,,,,SI,4630b329-79cd-466a-80b1-113878e43795,,sourceColumn=ZONA
COLUMNA,Resultado,DIA_MES,int64,,0,,SI,a3a629fa-d8b5-4d00-95ff-2516f2c323fe,,sourceColumn=DIA_MES
COLUMNA,Resultado,ES_FIN_MES,string,,,,SI,0ed59185-c052-4c9e-b713-a06b7ad162dd,,sourceColumn=ES_FIN_MES
COLUMNA,Resultado,DH_PREDICHO_ML,double,,0.0,,SI,29b04891-864d-43e2-bb4a-44cd211b3f1e,,sourceColumn=DH_PREDICHO_ML
COLUMNA,Resultado,MODELO_ML,string,,,,SI,ee90b9f5-dcfd-48fe-8dce-b1a0b9cf0ceb,,sourceColumn=MODELO_ML
COLUMNA,Resultado,FEATURE_TOP1,string,,,,SI,3b48b2f4-e3d8-473c-8b7a-be0946d904f8,,sourceColumn=FEATURE_TOP1
COLUMNA,Resultado,FEATURE_TOP2,string,,,,SI,c6288f20-9774-4070-9fb8-217adfe301ac,,sourceColumn=FEATURE_TOP2
COLUMNA,Resultado,FEATURE_TOP3,string,,,,SI,3e6e44cb-00d8-44ac-b481-bece5244eac9,,sourceColumn=FEATURE_TOP3
COLUMNA,Resultado,PED_FECHA,dateTime,,Short Date,,SI,134d9257-8cbc-4eb2-a738-ed825e8f32b3,,sourceColumn=PED_FECHA
COLUMNA,Resultado,MES_CREACION,string,,,,SI,b74f2aae-48e1-4891-b4dc-de771a297408,,sourceColumn=MES_CREACION
COLUMNA,Resultado,PED_CODIGO_CLIENTE,string,,,,SI,ea237788-4f73-4df4-acf0-563ce2d55e63,,sourceColumn=PED_CODIGO_CLIENTE
COLUMNA,Resultado,PED_RESPONSABLE,string,,,,SI,58414d94-aa5b-4af2-9d09-4ccd770dabf2,,sourceColumn=PED_RESPONSABLE
COLUMNA,Resultado,PED_CANAL_CODIGO,string,,,,SI,cc99bfa6-e911-4d0a-990a-c36f3168c95b,,sourceColumn=PED_CANAL_CODIGO
COLUMNA,Resultado,PED_CANAL,string,,,,SI,813e02a5-1d8b-4045-a455-26a6317693a1,,sourceColumn=PED_CANAL
COLUMNA,Resultado,PED_REGION,string,,,,SI,979d1dde-ff0f-494b-b051-e6cb77ce6b88,,sourceColumn=PED_REGION
COLUMNA,Resultado,PED_CONDICION_EXPEDICION_CODIGO,string,,,,SI,2f9c2fca-d7ca-4f4d-93c4-73db0880d0a2,,sourceColumn=PED_CONDICION_EXPEDICION_CODIGO
COLUMNA,Resultado,PED_CONDICION_EXPEDICION,string,,,,SI,21ea15fe-58a3-4b57-af88-fccdcd04f33c,,sourceColumn=PED_CONDICION_EXPEDICION
COLUMNA,Resultado,PED_ESTADO_CREDITO,string,,,,SI,6c75a814-1c06-4dba-a332-c7eb2da8ac9e,,sourceColumn=PED_ESTADO_CREDITO
COLUMNA,Resultado,SERV_TIPO_SERVICIO,string,,,,SI,e5293a5f-6e0f-493c-ad55-efbb21e8133e,,sourceColumn=SERV_TIPO_SERVICIO
COLUMNA,Resultado,VALOR_MM,double,,0.00,,SI,3d1e55a9-98bd-4334-a2f4-336383338444,,sourceColumn=VALOR_MM
COLUMNA,Resultado,SEMANA_MES,string,,,,SI,b121d29a-a1e4-40bc-9ac6-a921df5a4d2d,,sourceColumn=SEMANA_MES
COLUMNA,Resultado,ES_FES,boolean,,,,SI,ae2566fb-0a65-4690-b733-62f9f50d89d8,,sourceColumn=ES_FES
COLUMNA,Resultado,ES_SALDO,boolean,,,,SI,e9e2ca9e-a225-4ca8-9747-375b35936f43,,sourceColumn=ES_SALDO
COLUMNA,Resultado,ES_PENDIENTE,boolean,,,,SI,617fd52e-4161-43d9-8aa8-6ee32067f28c,,sourceColumn=ES_PENDIENTE
COLUMNA,Resultado,ES_CERRADO_TRACKING,boolean,,,,SI,5784184b-fd7b-401e-8bbf-dbeb8ffbf498,,sourceColumn=ES_CERRADO_TRACKING
COLUMNA,Resultado,ESTADO_ACTUAL,string,,,,SI,e1952748-cd03-4231-8fe9-b0635885b4c0,,sourceColumn=ESTADO_ACTUAL
COLUMNA,Resultado,HITO_ACTUAL,string,,,,SI,6b70f193-d3da-4765-a477-4d17b21568d7,,sourceColumn=HITO_ACTUAL
COLUMNA,Resultado,FECHA_ACTUALIZACION,dateTime,,General Date,,SI,00e0be45-02fe-4bae-87f2-2ed8fa78daf6,,sourceColumn=FECHA_ACTUALIZACION
COLUMNA,Resultado,DIAS_ACTUALES_DH,double,,0.0,,SI,02032e0a-4c59-4e56-b397-b6506a8aec6e,,sourceColumn=DIAS_ACTUALES_DH
COLUMNA,Resultado,DIAS_EN_ESTADO_DH,double,,0.0,,SI,8f6ef812-24de-4c85-b147-884672a78279,,sourceColumn=DIAS_EN_ESTADO_DH
COLUMNA,Resultado,PREDICCION_SLA,string,,,,SI,e1d38642-4f14-4410-b502-f52d5b555af3,,sourceColumn=PREDICCION_SLA
COLUMNA,Resultado,DH_PREDICHO_BASE_ML,double,,0.0,,SI,b9bd8133-8772-4ff0-a9c0-64aaab9d3759,,sourceColumn=DH_PREDICHO_BASE_ML
COLUMNA,Resultado,DIAS_RESTANTES_PREDICHOS,double,,0.0,,SI,90808778-b93e-43de-ba6b-bb94d8fc3062,,sourceColumn=DIAS_RESTANTES_PREDICHOS
COLUMNA,Resultado,BANDA_DIAS_PREDICHOS,string,,,,SI,6d02de0c-0bd5-4179-bb79-d245e3174b0c,,sourceColumn=BANDA_DIAS_PREDICHOS
COLUMNA,Resultado,SLA_CONSUMIDO_PCT,double,,0.0%,,SI,f7fe46eb-18fa-4990-a099-cee6d8eb4f48,,sourceColumn=SLA_CONSUMIDO_PCT
COLUMNA,Resultado,PRIORIDAD_SCORE,double,,0.0,,SI,91bbb2bf-9182-4b5a-bb69-fd16dd3a98c2,,sourceColumn=PRIORIDAD_SCORE
COLUMNA,Resultado,FACTOR_HISTORICO,string,,,,SI,21be5c75-d00a-4f09-b087-140379a4657e,,sourceColumn=FACTOR_HISTORICO
COLUMNA,Resultado,FACTOR_DIAS_PRINCIPAL,string,,,,SI,d30aff2c-db28-4ce2-8e4c-47fed68a0055,,sourceColumn=FACTOR_DIAS_PRINCIPAL
COLUMNA,Resultado,ES_FLUJO_COMPLETO_ML,boolean,,,,SI,bc43453f-d223-4adb-8b83-3eac70855273,,sourceColumn=ES_FLUJO_COMPLETO_ML
COLUMNA,Resultado,ES_CALIDAD_VALIDA_ML,boolean,,,,SI,e35a6824-8001-417a-a036-9672f263923e,,sourceColumn=ES_CALIDAD_VALIDA_ML
COLUMNA,Resultado,ES_ENTRENAMIENTO_FINAL,boolean,,,,SI,49f08da1-91a3-4156-8949-61ff797dbd90,,sourceColumn=ES_ENTRENAMIENTO_FINAL
COLUMNA,Resultado,ES_VALIDACION_TEST,boolean,,,,SI,888550bf-4284-49f2-99c3-a8886cddc9ae,,sourceColumn=ES_VALIDACION_TEST
COLUMNA,Resultado,MOTIVO_EXCLUSION_ML,string,,,,SI,714df517-0932-44a1-9efa-c9ba3770bed3,,sourceColumn=MOTIVO_EXCLUSION_ML
COLUMNA,Resultado,AUD_ESTADO_GENERAL,string,,,,SI,2fad060a-37f5-406d-9e2b-6f5ddde02bf2,,sourceColumn=AUD_ESTADO_GENERAL
COLUMNA,Resultado,AUD_TOTAL_CRITICAS,int64,,0,,SI,940473b0-a85e-4188-81dd-2a57b527c4a7,,sourceColumn=AUD_TOTAL_CRITICAS
COLUMNA,Resultado,AUD_PRINCIPAL_INCONGRUENCIA,string,,,,SI,8afb3cd8-feff-40c9-82b6-9f215a61498d,,sourceColumn=AUD_PRINCIPAL_INCONGRUENCIA
COLUMNA,Resultado,AUD_DUPLICADOS_ENTRADA,int64,,0,,SI,cbf6b2cf-7b7d-40f8-98c1-109b8108921a,,sourceColumn=AUD_DUPLICADOS_ENTRADA
COLUMNA,Resultado,MODELO_VERSION,string,,,,SI,e0bb203c-f0e7-4d73-a35e-636ac5f92abc,,sourceColumn=MODELO_VERSION
COLUMNA,Resultado,MODELO_FECHA,string,,,,SI,d3cc3ed7-ba4a-40a3-a462-8130f0457902,,sourceColumn=MODELO_FECHA
COLUMNA,Resultado,MODELO_VALIDADO,boolean,,,,SI,831285a1-3cf0-4b05-b7db-4a4cd8b419be,,sourceColumn=MODELO_VALIDADO
COLUMNA,Resultado,MODELO_DEPENDENCIA,string,,,,SI,1dae7f99-c5f0-4f74-b574-19917a74101c,,sourceColumn=MODELO_DEPENDENCIA
COLUMNA,Resultado,MODELO_FUENTE_SCORE,string,,,,SI,e3802475-1fe3-4324-9e32-974441924e1e,,sourceColumn=MODELO_FUENTE_SCORE
COLUMNA,Resultado,N_ENTRENAMIENTO_FINAL,int64,,"#,##0",,SI,086f19b5-c060-4f01-804b-a0df56778631,,sourceColumn=N_ENTRENAMIENTO_FINAL
COLUMNA,Resultado,N_TRAIN_VALIDACION,int64,,"#,##0",,SI,1a3a3199-044c-4f5e-b1fc-9ee4c32ddf3c,,sourceColumn=N_TRAIN_VALIDACION
COLUMNA,Resultado,N_TEST_VALIDACION,int64,,"#,##0",,SI,1fb13bbe-fc09-40e2-bc41-1f314372e474,,sourceColumn=N_TEST_VALIDACION
COLUMNA,Resultado,MESES_TRAIN_VALIDACION,string,,,,SI,b85b6d93-6a72-4ff5-832c-440308b3ba9d,,sourceColumn=MESES_TRAIN_VALIDACION
COLUMNA,Resultado,MES_TEST_VALIDACION,string,,,,SI,962887d5-1bd1-401a-a454-cf1d40c57bcf,,sourceColumn=MES_TEST_VALIDACION
COLUMNA,Resultado,AUC_TEST,double,,0.0%,,SI,29e33811-cdfc-480e-b48e-70e13b533eb5,,sourceColumn=AUC_TEST
COLUMNA,Resultado,AP_TEST,double,,0.0%,,SI,c64cde88-0c2a-48e3-aa47-7ee42faf804c,,sourceColumn=AP_TEST
COLUMNA,Resultado,BRIER_TEST,double,,0.000,,SI,4f0850da-68d8-4809-b3a8-e2b9f679b647,,sourceColumn=BRIER_TEST
COLUMNA,Resultado,MAE_DIAS_TEST,double,,0.00,,SI,2c211f39-d3ee-48c8-a015-e379cb4d7b30,,sourceColumn=MAE_DIAS_TEST
COLUMNA,Resultado,RMSE_DIAS_TEST,double,,0.00,,SI,bdf69fb2-b370-4156-b262-9eddf673dd24,,sourceColumn=RMSE_DIAS_TEST
COLUMNA,Resultado,R2_DIAS_TEST,double,,0.0%,,SI,49d995c1-d1a5-4ebf-a1f0-34d2674cd162,,sourceColumn=R2_DIAS_TEST
COLUMNA,Resultado,TASA_INCUMPLIMIENTO_SLA_ENTRENAMIENTO,double,,0.0%,,SI,d1a21407-8a71-4040-aed5-a14cc8f475bb,,sourceColumn=TASA_INCUMPLIMIENTO_SLA_ENTRENAMIENTO
COLUMNA,Resultado,PEDIDOS_PENDIENTES_MODELO,int64,,"#,##0",,SI,ee21e62f-8de1-4f77-9d13-2036d57f6349,,sourceColumn=PEDIDOS_PENDIENTES_MODELO
COLUMNA,Resultado,PEDIDOS_PENDIENTES_ALTO,int64,,"#,##0",,SI,9cb567f5-ebd9-4f59-a969-e920e5a04545,,sourceColumn=PEDIDOS_PENDIENTES_ALTO
COLUMNA,Resultado,ATRASOS_ESPERADOS_PENDIENTES,double,,0.0,,SI,f4c254c9-e072-4811-aaa2-5af8909c0dd3,,sourceColumn=ATRASOS_ESPERADOS_PENDIENTES
PARTICION,Resultado,Resultado,,,,,SI,,,mode=import; fuente=M
TABLA,Bloque_comercial,Bloque_comercial,,,,,SI,5390eb82-867a-4723-9786-e4b8e43e4831,,partition=1
COLUMNA,Bloque_comercial,Pedido,string,,,,SI,8bb79c31-8673-4631-8aff-56b1181a4a1f,,sourceColumn=Pedido
COLUMNA,Bloque_comercial,Estado_Pedido,string,,,,SI,189a7931-97f0-426d-b9c1-aec63d6c2a55,,sourceColumn=Estado_Pedido
COLUMNA,Bloque_comercial,Fecha_pedido,dateTime,,Long Date,,SI,b3733d75-a91f-4a9a-9ef1-e5550cad635c,,sourceColumn=Fecha_pedido
COLUMNA,Bloque_comercial,Recuento,int64,,0,,SI,b022582d-a6e7-4db2-80c2-bea081ce3073,,sourceColumn=Recuento
PARTICION,Bloque_comercial,Bloque_comercial,,,,,SI,,,mode=import; fuente=M
TABLA,Lineas_y_unidades_por_pedidos,Lineas_y_unidades_por_pedidos,,,,,SI,21f25e76-989d-4d4a-8b83-2b8a9bfa82bd,,partition=1
COLUMNA,Lineas_y_unidades_por_pedidos,Pedido,string,,,,SI,7870bffa-e0b1-4497-83df-84d3d1554323,,sourceColumn=Pedido
COLUMNA,Lineas_y_unidades_por_pedidos,Lineas,int64,,0,,SI,6366f290-b694-4f05-aced-c26c4d3bd713,,sourceColumn=Lineas
COLUMNA,Lineas_y_unidades_por_pedidos,Suma_Unidades,double,,,,SI,d14d02c0-070b-40be-aa15-59655703a7ed,,sourceColumn=Suma_Unidades
PARTICION,Lineas_y_unidades_por_pedidos,Lineas_y_unidades_por_pedidos,,,,,SI,,,mode=import; fuente=M
TABLA,'Parámetro Agrupación SLA','Parámetro Agrupación SLA',,,,,SI,faca6dfb-5135-403f-a91c-9e45ec87e994,,partition=0
COLUMNA,'Parámetro Agrupación SLA','Agrupar por',,,,,SI,b3d281d7-0cd4-44ad-85dd-29e12a7dd027,,sourceColumn=[Value1]
COLUMNA,'Parámetro Agrupación SLA','Agrupar por Campos',,,,,SI,83098313-09c5-4184-97fa-0d5bb5d7cd4b,,sourceColumn=[Value2]
COLUMNA,'Parámetro Agrupación SLA','Agrupar por Orden',int64,,0,,SI,ddbaae69-383b-4285-94a9-ab62fbf07865,,sourceColumn=[Value3]
TABLA,'Parámetro Indicadores SLA','Parámetro Indicadores SLA',,,,,SI,3a86d08b-033a-40d5-93df-f12b8c83dcf8,,partition=0
COLUMNA,'Parámetro Indicadores SLA',Indicador,,,,,SI,4b72ee32-c98a-4192-bb61-f78a0fee04f3,,sourceColumn=[Value1]
COLUMNA,'Parámetro Indicadores SLA','Indicador Campos',,,,,SI,a744849f-6773-4814-bec1-210f357b418c,,sourceColumn=[Value2]
COLUMNA,'Parámetro Indicadores SLA','Indicador Orden',int64,,0,,SI,07c97174-df78-4499-8d54-ffe689836da3,,sourceColumn=[Value3]
