PEDIDO,TRACKING,CLASIFICACION,FLUJO,ZONA_GEOGRAFICA,REGION,ES_CERRADO,FECHA_CREACION,FECHA_CREACION_HORA,FECHA_PRIMERA_FACTURA,FECHA_ULTIMA_FACTURA,FECHA_DESPACHO,FECHA_MANIFIESTO,FECHA_CIERRE,DIAS_INTERNOS_DH,SLA_OPERACION_DH,SLA_INTERNO_DH,ULTIMA_MILLA_DH,SLA_CLIENTE_DH,CUMPLE_SLA_INTERNO,EXCESO_SLA_INTERNO_DH,DIAS_POSTFACTURA_DH,CLIENTE,VENDEDOR,CANAL,VALOR_PEDIDO
1168129,SIN_COLUMNA,NORMAL,NORMAL,Santiago,13,True,14-07-2026 0:00:00,14-07-2026 13:59:10,14-07-2026 0:00:00,14-07-2026 0:00:00,14-07-2026 0:00:00,,14-07-2026 0:00:00,0,3,4,1,5,True,0,0,411430,V612,46,171011
1168117,SIN_COLUMNA,NORMAL,NORMAL,Santiago,13,True,13-07-2026 0:00:00,13-07-2026 13:00:58,14-07-2026 9:10:39,14-07-2026 9:10:39,14-07-2026 16:49:00,,14-07-2026 16:49:00,1,3,4,1,5,True,0,0,370088,V615,43,56859
1168108,SIN_COLUMNA,NORMAL,NORMAL,Santiago,13,True,13-07-2026 0:00:00,13-07-2026 11:08:43,14-07-2026 8:23:52,14-07-2026 8:23:52,14-07-2026 14:36:00,,14-07-2026 14:36:00,1,3,4,1,5,True,0,0,445107,V650,43,1475472
1168107,SIN_COLUMNA,NORMAL,NORMAL,Santiago,13,True,13-07-2026 0:00:00,13-07-2026 11:00:35,14-07-2026 12:06:40,14-07-2026 12:06:40,14-07-2026 12:06:40,,14-07-2026 12:06:40,1,3,4,1,5,True,0,0,410159,V585,45,4951116
1168103,SIN_COLUMNA,NORMAL,NORMAL,Santiago,13,True,13-07-2026 0:00:00,13-07-2026 9:26:39,13-07-2026 14:30:19,13-07-2026 14:30:19,13-07-2026 16:48:00,,13-07-2026 16:48:00,0,3,4,1,5,True,0,0,981505,V612,46,107834
1168122,SIN_COLUMNA,NORMAL,NORMAL,Santiago,13,True,13-07-2026 0:00:00,13-07-2026 0:00:00,14-07-2026 9:50:19,14-07-2026 9:50:19,14-07-2026 12:44:00,,14-07-2026 12:44:00,1,3,4,1,5,True,0,0,410586,V612,46,166819
1168112,SIN_COLUMNA,NORMAL,NORMAL,Santiago,13,True,13-07-2026 0:00:00,13-07-2026 0:00:00,13-07-2026 14:57:18,13-07-2026 14:57:18,13-07-2026 16:51:00,,13-07-2026 16:51:00,0,3,4,1,5,True,0,0,430671,V650,43,262822
1168111,SIN_COLUMNA,NORMAL,NORMAL,Santiago,13,True,13-07-2026 0:00:00,13-07-2026 0:00:00,14-07-2026 11:45:55,14-07-2026 11:45:55,14-07-2026 11:45:55,,14-07-2026 11:45:55,1,3,4,1,5,True,0,0,410158,V585,45,4723565
1168097,SIN_COLUMNA,NORMAL,NORMAL,Santiago,13,True,10-07-2026 0:00:00,10-07-2026 21:21:37,13-07-2026 0:00:00,13-07-2026 0:00:00,13-07-2026 0:00:00,,13-07-2026 0:00:00,1,3,4,1,5,True,0,0,411402,V612,46,87799
1168096,SIN_COLUMNA,NORMAL,NORMAL,Santiago,13,True,10-07-2026 0:00:00,10-07-2026 13:36:23,13-07-2026 0:00:00,13-07-2026 0:00:00,13-07-2026 14:27:00,,13-07-2026 14:27:00,1,3,4,1,5,True,0,0,410313,V615,43,465402
1168092,SIN_COLUMNA,NORMAL,NORMAL,Santiago,13,True,10-07-2026 0:00:00,10-07-2026 11:43:41,13-07-2026 8:31:34,13-07-2026 8:31:34,13-07-2026 14:23:00,,13-07-2026 14:23:00,1,3,4,1,5,True,0,0,400496,V615,43,407506
1168087,SIN_COLUMNA,NORMAL,NORMAL,Santiago,13,True,09-07-2026 0:00:00,09-07-2026 16:53:02,10-07-2026 0:00:00,10-07-2026 0:00:00,10-07-2026 13:17:00,,10-07-2026 13:17:00,1,3,4,1,5,True,0,0,445209,V650,43,1353412
1168085,SIN_COLUMNA,NORMAL,NORMAL,Santiago,13,True,09-07-2026 0:00:00,09-07-2026 15:58:05,14-07-2026 12:35:05,14-07-2026 12:35:05,14-07-2026 16:50:00,,14-07-2026 16:50:00,3,3,4,1,5,True,0,0,440382,V612,46,225822
1168080,SIN_COLUMNA,NORMAL,NORMAL,Santiago,13,True,09-07-2026 0:00:00,09-07-2026 11:34:02,09-07-2026 14:18:45,09-07-2026 14:18:45,09-07-2026 16:10:00,,09-07-2026 16:10:00,0,3,4,1,5,True,0,0,420587,V615,43,80365
4190139991,SIN_COLUMNA,NORMAL,NORMAL,Santiago,13,True,08-07-2026 0:00:00,08-07-2026 16:53:59,13-07-2026 10:01:47,13-07-2026 10:01:47,13-07-2026 14:30:00,,13-07-2026 14:30:00,3,3,4,1,5,True,0,0,430904,V650,43,207579
1168065,SIN_COLUMNA,NORMAL,NORMAL,Santiago,13,True,07-07-2026 0:00:00,07-07-2026 19:54:09,09-07-2026 11:49:54,09-07-2026 11:49:54,09-07-2026 12:25:00,,09-07-2026 12:25:00,2,3,4,1,5,True,0,0,371039,V615,43,115125
1168059,SIN_COLUMNA,NORMAL,NORMAL,Santiago,13,True,07-07-2026 0:00:00,07-07-2026 16:37:03,09-07-2026 11:52:39,09-07-2026 11:52:39,09-07-2026 11:55:00,,09-07-2026 11:55:00,2,3,4,1,5,True,0,0,460257,V612,46,142750
1168055,SIN_COLUMNA,NORMAL,NORMAL,Santiago,13,True,07-07-2026 0:00:00,07-07-2026 15:14:48,09-07-2026 10:37:18,09-07-2026 10:37:18,09-07-2026 12:14:00,,09-07-2026 12:14:00,2,3,4,1,5,True,0,0,411442,V615,43,410367
1168054,SIN_COLUMNA,NORMAL,NORMAL,Santiago,13,True,07-07-2026 0:00:00,07-07-2026 15:04:43,09-07-2026 10:37:33,09-07-2026 10:37:33,09-07-2026 12:10:00,,09-07-2026 12:10:00,2,3,4,1,5,True,0,0,371062,V615,43,54141
1168052,SIN_COLUMNA,NORMAL,NORMAL,Santiago,13,True,07-07-2026 0:00:00,07-07-2026 14:59:02,10-07-2026 7:57:32,10-07-2026 7:57:32,10-07-2026 9:11:00,,10-07-2026 9:11:00,3,3,4,1,5,True,0,0,371062,V615,43,180498
1168051,SIN_COLUMNA,NORMAL,NORMAL,Santiago,13,True,07-07-2026 0:00:00,07-07-2026 14:54:49,10-07-2026 7:57:23,10-07-2026 7:57:23,10-07-2026 9:12:00,,10-07-2026 9:12:00,3,3,4,1,5,True,0,0,371062,V615,43,762117
1168050,SIN_COLUMNA,NORMAL,NORMAL,Santiago,13,True,07-07-2026 0:00:00,07-07-2026 13:50:46,09-07-2026 10:37:25,09-07-2026 10:37:25,09-07-2026 12:01:00,,09-07-2026 12:01:00,2,3,4,1,5,True,0,0,371040,V615,43,154002
1168041,SIN_COLUMNA,NORMAL,NORMAL,Santiago,13,True,06-07-2026 0:00:00,06-07-2026 15:26:57,09-07-2026 9:41:31,09-07-2026 9:41:31,09-07-2026 14:50:00,,09-07-2026 14:50:00,3,3,4,1,5,True,0,0,411460,V612,46,249332
1168040,SIN_COLUMNA,NORMAL,NORMAL,Santiago,13,True,06-07-2026 0:00:00,06-07-2026 15:26:27,07-07-2026 10:17:15,07-07-2026 10:17:15,07-07-2026 11:48:00,,07-07-2026 11:48:00,1,3,4,1,5,True,0,0,440172,V615,43,204702
1168038,SIN_COLUMNA,NORMAL,NORMAL,Santiago,13,True,06-07-2026 0:00:00,06-07-2026 0:00:00,08-07-2026 13:57:33,08-07-2026 13:57:33,08-07-2026 14:47:00,,08-07-2026 14:47:00,2,3,4,1,5,True,0,0,411430,V612,46,157645
4190139953,SIN_COLUMNA,NORMAL,NORMAL,Santiago,13,True,03-07-2026 0:00:00,03-07-2026 10:52:15,06-07-2026 14:37:48,06-07-2026 14:37:48,06-07-2026 14:59:00,,06-07-2026 14:59:00,1,3,4,1,5,True,0,0,440083,V610,45,330161
1168022,SIN_COLUMNA,NORMAL,NORMAL,Santiago,13,True,03-07-2026 0:00:00,03-07-2026 0:00:00,07-07-2026 11:47:19,07-07-2026 11:47:19,07-07-2026 11:47:19,,07-07-2026 11:47:19,2,3,4,1,5,True,0,0,981528,V612,46,179577
1168016,SIN_COLUMNA,NORMAL,NORMAL,Santiago,13,True,02-07-2026 0:00:00,02-07-2026 17:46:24,06-07-2026 11:17:06,06-07-2026 11:17:06,06-07-2026 11:22:00,,06-07-2026 11:22:00,2,3,4,1,5,True,0,0,981546,V612,46,937076
1168006,SIN_COLUMNA,NORMAL,NORMAL,Santiago,13,True,02-07-2026 0:00:00,02-07-2026 10:48:50,06-07-2026 13:31:19,06-07-2026 13:31:19,06-07-2026 13:31:19,,06-07-2026 13:31:19,2,3,4,1,5,True,0,0,970340,V906,47,9450728
1167362,SIN_COLUMNA,NORMAL,NORMAL,Santiago,13,True,25-06-2026 0:00:00,25-06-2026 14:20:46,25-06-2026 16:23:58,25-06-2026 16:23:58,25-06-2026 16:30:00,,25-06-2026 16:30:00,0,3,4,1,5,True,0,0,445124,V610,43,1393152
1167361,SIN_COLUMNA,NORMAL,NORMAL,Santiago,13,True,25-06-2026 0:00:00,25-06-2026 13:49:40,25-06-2026 16:08:32,25-06-2026 16:08:32,25-06-2026 16:13:00,,25-06-2026 16:13:00,0,3,4,1,5,True,0,0,440083,V610,45,249132
1167357,SIN_COLUMNA,NORMAL,NORMAL,Santiago,13,True,25-06-2026 0:00:00,25-06-2026 11:54:26,26-06-2026 0:00:00,26-06-2026 0:00:00,26-06-2026 12:18:00,,26-06-2026 12:18:00,1,3,4,1,5,True,0,0,371038,V612,46,521400
1167356,SIN_COLUMNA,NORMAL,NORMAL,Santiago,13,True,25-06-2026 0:00:00,25-06-2026 11:42:47,26-06-2026 0:00:00,26-06-2026 0:00:00,26-06-2026 12:18:00,,26-06-2026 12:18:00,1,3,4,1,5,True,0,0,371038,V612,46,1246620
1167350,SIN_COLUMNA,NORMAL,NORMAL,Santiago,13,True,25-06-2026 0:00:00,25-06-2026 9:11:32,30-06-2026 12:36:12,30-06-2026 12:36:12,30-06-2026 14:07:00,,30-06-2026 14:07:00,2,3,4,1,5,True,0,0,410313,V615,43,643303
1167345,SIN_COLUMNA,NORMAL,NORMAL,Santiago,13,True,24-06-2026 0:00:00,24-06-2026 16:01:38,30-06-2026 12:36:10,30-06-2026 12:36:10,30-06-2026 14:07:00,,30-06-2026 14:07:00,3,3,4,1,5,True,0,0,430160,V615,45,650841
1167342,SIN_COLUMNA,NORMAL,NORMAL,Santiago,13,True,24-06-2026 0:00:00,24-06-2026 13:39:27,26-06-2026 12:13:27,26-06-2026 12:13:27,26-06-2026 12:18:00,,26-06-2026 12:18:00,2,3,4,1,5,True,0,0,371038,V612,46,102156
1167336,SIN_COLUMNA,NORMAL,NORMAL,Santiago,13,True,24-06-2026 0:00:00,24-06-2026 11:44:44,30-06-2026 0:00:00,30-06-2026 0:00:00,30-06-2026 12:40:00,,30-06-2026 12:40:00,3,3,4,1,5,True,0,0,430435,V615,43,357340
1167307,SIN_COLUMNA,NORMAL,NORMAL,Santiago,13,True,23-06-2026 0:00:00,23-06-2026 13:21:22,30-06-2026 10:31:18,30-06-2026 10:31:18,30-06-2026 11:42:00,,30-06-2026 11:42:00,4,3,4,1,5,True,0,0,410702,V615,43,206656
1167302,SIN_COLUMNA,NORMAL,NORMAL,Santiago,13,True,23-06-2026 0:00:00,23-06-2026 10:23:54,24-06-2026 10:54:07,24-06-2026 10:54:07,24-06-2026 15:13:00,,24-06-2026 15:13:00,1,3,4,1,5,True,0,0,411402,V612,46,8090955
4190139829,SIN_COLUMNA,NORMAL,NORMAL,Santiago,13,True,22-06-2026 0:00:00,22-06-2026 23:31:11,24-06-2026 11:37:15,24-06-2026 11:37:15,24-06-2026 14:26:00,,24-06-2026 14:26:00,2,3,4,1,5,True,0,0,481023,V650,43,205408
1167298,SIN_COLUMNA,NORMAL,NORMAL,Santiago,13,True,22-06-2026 0:00:00,22-06-2026 20:42:16,25-06-2026 12:34:48,25-06-2026 12:34:48,25-06-2026 14:45:00,,25-06-2026 14:45:00,3,3,4,1,5,True,0,0,445209,V650,43,1873204
1167296,SIN_COLUMNA,NORMAL,NORMAL,Santiago,13,True,22-06-2026 0:00:00,22-06-2026 17:49:02,24-06-2026 0:00:00,24-06-2026 0:00:00,24-06-2026 14:23:00,,24-06-2026 14:23:00,2,3,4,1,5,True,0,0,400567,V906,43,330799
1167292,SIN_COLUMNA,NORMAL,NORMAL,Santiago,13,True,22-06-2026 0:00:00,22-06-2026 17:08:00,24-06-2026 11:37:20,24-06-2026 11:37:20,24-06-2026 14:24:00,,24-06-2026 14:24:00,2,3,4,1,5,True,0,0,411140,V615,43,13348
1167284,SIN_COLUMNA,NORMAL,NORMAL,Santiago,13,True,22-06-2026 0:00:00,22-06-2026 16:06:48,24-06-2026 16:41:32,24-06-2026 16:41:32,24-06-2026 16:41:32,,24-06-2026 16:41:32,2,3,4,1,5,True,0,0,411140,V615,43,255327
1167282,SIN_COLUMNA,NORMAL,NORMAL,Santiago,13,True,22-06-2026 0:00:00,22-06-2026 14:38:08,24-06-2026 9:30:42,24-06-2026 9:30:42,24-06-2026 11:15:00,,24-06-2026 11:15:00,2,3,4,1,5,True,0,0,430676,V615,45,416146
4190139789,SIN_COLUMNA,NORMAL,NORMAL,Santiago,13,True,22-06-2026 0:00:00,22-06-2026 14:36:04,24-06-2026 9:30:47,24-06-2026 9:30:47,24-06-2026 11:11:00,,24-06-2026 11:11:00,2,3,4,1,5,True,0,0,455058,V650,43,351950
1167281,SIN_COLUMNA,NORMAL,NORMAL,Santiago,13,True,22-06-2026 0:00:00,22-06-2026 14:12:53,23-06-2026 12:14:20,23-06-2026 12:14:20,23-06-2026 12:55:00,,23-06-2026 12:55:00,1,3,4,1,5,True,0,0,410919,V615,43,581225
4190139785,SIN_COLUMNA,NORMAL,NORMAL,Santiago,13,True,22-06-2026 0:00:00,22-06-2026 13:52:21,24-06-2026 10:58:13,24-06-2026 10:58:13,24-06-2026 12:35:00,,24-06-2026 12:35:00,2,3,4,1,5,True,0,0,440549,V650,43,1207256
1167278,SIN_COLUMNA,NORMAL,NORMAL,Santiago,13,True,22-06-2026 0:00:00,22-06-2026 12:58:34,24-06-2026 10:54:54,24-06-2026 10:54:54,24-06-2026 12:49:00,,24-06-2026 12:49:00,2,3,4,1,5,True,0,0,400544,V615,43,231511
1167277,SIN_COLUMNA,NORMAL,NORMAL,Santiago,13,True,22-06-2026 0:00:00,22-06-2026 12:44:28,24-06-2026 10:55:03,24-06-2026 10:55:03,24-06-2026 12:51:00,,24-06-2026 12:51:00,2,3,4,1,5,True,0,0,455222,V615,43,982023
1167268,SIN_COLUMNA,NORMAL,NORMAL,Santiago,13,True,22-06-2026 0:00:00,22-06-2026 10:16:43,24-06-2026 10:57:18,24-06-2026 10:57:18,24-06-2026 13:05:00,,24-06-2026 13:05:00,2,3,4,1,5,True,0,0,400572,V615,43,424973
1167279,SIN_COLUMNA,NORMAL,NORMAL,Santiago,13,True,22-06-2026 0:00:00,22-06-2026 0:00:00,23-06-2026 9:21:34,23-06-2026 9:21:34,23-06-2026 10:49:00,,23-06-2026 10:49:00,1,3,4,1,5,True,0,0,440172,V615,43,192063
1167263,SIN_COLUMNA,NORMAL,NORMAL,Santiago,13,True,19-06-2026 0:00:00,19-06-2026 12:31:13,25-06-2026 12:34:51,25-06-2026 12:34:51,25-06-2026 14:32:00,,25-06-2026 14:32:00,4,3,4,1,5,True,0,0,420771,V610,45,22577838
4190139769,SIN_COLUMNA,NORMAL,NORMAL,Santiago,13,True,19-06-2026 0:00:00,19-06-2026 9:58:58,22-06-2026 10:45:31,22-06-2026 10:45:31,22-06-2026 16:35:00,,22-06-2026 16:35:00,1,3,4,1,5,True,0,0,430946,V650,43,790031
1167255,SIN_COLUMNA,NORMAL,NORMAL,Santiago,13,True,18-06-2026 0:00:00,18-06-2026 18:00:12,22-06-2026 11:20:08,22-06-2026 11:20:08,22-06-2026 16:36:00,,22-06-2026 16:36:00,2,3,4,1,5,True,0,0,410706,V615,43,25028
1167254,SIN_COLUMNA,NORMAL,NORMAL,Santiago,13,True,18-06-2026 0:00:00,18-06-2026 17:56:14,22-06-2026 9:33:56,22-06-2026 9:33:56,22-06-2026 16:36:00,,22-06-2026 16:36:00,2,3,4,1,5,True,0,0,410706,V615,43,91406
1167251,SIN_COLUMNA,NORMAL,NORMAL,Santiago,13,True,18-06-2026 0:00:00,18-06-2026 17:38:21,23-06-2026 10:50:31,23-06-2026 10:50:31,23-06-2026 11:27:00,,23-06-2026 11:27:00,3,3,4,1,5,True,0,0,496024,V650,43,576074
4190139752,SIN_COLUMNA,NORMAL,NORMAL,Santiago,13,True,18-06-2026 0:00:00,18-06-2026 14:52:47,22-06-2026 10:55:31,22-06-2026 10:55:31,22-06-2026 16:36:00,,22-06-2026 16:36:00,2,3,4,1,5,True,0,0,430853,V650,43,175776
1167257,SIN_COLUMNA,NORMAL,NORMAL,Santiago,13,True,18-06-2026 0:00:00,18-06-2026 0:00:00,22-06-2026 11:20:16,22-06-2026 11:20:16,22-06-2026 16:37:00,,22-06-2026 16:37:00,2,3,4,1,5,True,0,0,370104,V615,43,309491
1167239,SIN_COLUMNA,NORMAL,NORMAL,Santiago,13,True,17-06-2026 0:00:00,17-06-2026 21:40:05,22-06-2026 8:53:54,22-06-2026 8:53:54,22-06-2026 10:24:00,,22-06-2026 10:24:00,3,3,4,1,5,True,0,0,411503,V840,44,1133731
1167238,SIN_COLUMNA,NORMAL,NORMAL,Santiago,13,True,17-06-2026 0:00:00,17-06-2026 21:39:09,22-06-2026 8:53:39,22-06-2026 8:53:39,22-06-2026 10:24:00,,22-06-2026 10:24:00,3,3,4,1,5,True,0,0,411503,V840,44,1133731
1167233,SIN_COLUMNA,NORMAL,NORMAL,Santiago,13,True,17-06-2026 0:00:00,17-06-2026 14:28:52,18-06-2026 11:29:18,18-06-2026 11:29:18,18-06-2026 15:56:00,,18-06-2026 15:56:00,1,3,4,1,5,True,0,0,430852,V650,43,380149
1167231,SIN_COLUMNA,NORMAL,NORMAL,Santiago,13,True,17-06-2026 0:00:00,17-06-2026 14:16:45,18-06-2026 11:10:49,18-06-2026 11:10:49,18-06-2026 16:02:00,,18-06-2026 16:02:00,1,3,4,1,5,True,0,0,410528,V615,43,188942
1167228,SIN_COLUMNA,NORMAL,NORMAL,Santiago,13,True,17-06-2026 0:00:00,17-06-2026 13:15:28,18-06-2026 8:50:50,18-06-2026 8:50:50,18-06-2026 11:43:00,,18-06-2026 11:43:00,1,3,4,1,5,True,0,0,411402,V612,46,829870
1167216,SIN_COLUMNA,NORMAL,NORMAL,Santiago,13,True,17-06-2026 0:00:00,17-06-2026 8:35:07,17-06-2026 9:59:44,17-06-2026 9:59:44,17-06-2026 12:37:00,,17-06-2026 12:37:00,0,3,4,1,5,True,0,0,371038,V612,46,148387
1167217,SIN_COLUMNA,NORMAL,NORMAL,Santiago,13,True,17-06-2026 0:00:00,17-06-2026 8:29:56,17-06-2026 12:59:44,17-06-2026 12:59:44,17-06-2026 16:29:00,,17-06-2026 16:29:00,0,3,4,1,5,True,0,0,445209,V650,43,1873204
1167212,SIN_COLUMNA,NORMAL,NORMAL,Santiago,13,True,16-06-2026 0:00:00,16-06-2026 16:25:45,17-06-2026 10:30:07,17-06-2026 10:30:07,17-06-2026 12:37:00,,17-06-2026 12:37:00,1,3,4,1,5,True,0,0,371038,V612,46,391278
1167210,SIN_COLUMNA,NORMAL,NORMAL,Santiago,13,True,16-06-2026 0:00:00,16-06-2026 16:02:55,17-06-2026 9:59:54,17-06-2026 9:59:54,17-06-2026 15:53:00,,17-06-2026 15:53:00,1,3,4,1,5,True,0,0,411460,V612,46,214265
1167209,SIN_COLUMNA,NORMAL,NORMAL,Santiago,13,True,16-06-2026 0:00:00,16-06-2026 15:51:09,17-06-2026 9:59:36,17-06-2026 9:59:36,17-06-2026 12:46:00,,17-06-2026 12:46:00,1,3,4,1,5,True,0,0,411402,V612,46,193378
1167211,SIN_COLUMNA,NORMAL,NORMAL,Santiago,13,True,16-06-2026 0:00:00,16-06-2026 15:34:17,17-06-2026 8:48:56,17-06-2026 8:48:56,17-06-2026 12:46:00,,17-06-2026 12:46:00,1,3,4,1,5,True,0,0,411402,V612,46,319634
1167208,SIN_COLUMNA,NORMAL,NORMAL,Santiago,13,True,16-06-2026 0:00:00,16-06-2026 14:58:34,17-06-2026 9:59:32,17-06-2026 9:59:32,17-06-2026 12:46:00,,17-06-2026 12:46:00,1,3,4,1,5,True,0,0,411402,V612,46,322703
1167207,SIN_COLUMNA,NORMAL,NORMAL,Santiago,13,True,16-06-2026 0:00:00,16-06-2026 14:46:35,17-06-2026 8:49:02,17-06-2026 8:49:02,17-06-2026 15:54:00,,17-06-2026 15:54:00,1,3,4,1,5,True,0,0,981505,V612,46,82847
1167202,SIN_COLUMNA,NORMAL,NORMAL,Santiago,13,True,16-06-2026 0:00:00,16-06-2026 11:58:55,22-06-2026 8:49:44,22-06-2026 8:49:44,22-06-2026 8:49:44,,22-06-2026 8:49:44,4,3,4,1,5,True,0,0,411503,V840,44,1133731
1167195,SIN_COLUMNA,NORMAL,NORMAL,Santiago,13,True,15-06-2026 0:00:00,15-06-2026 20:30:37,16-06-2026 11:18:24,16-06-2026 11:18:24,16-06-2026 15:48:00,,16-06-2026 15:48:00,1,3,4,1,5,True,0,0,410622,V615,43,62194
1167194,SIN_COLUMNA,NORMAL,NORMAL,Santiago,13,True,15-06-2026 0:00:00,15-06-2026 20:18:25,17-06-2026 9:39:42,17-06-2026 9:39:42,17-06-2026 15:56:00,,17-06-2026 15:56:00,2,3,4,1,5,True,0,0,411190,V615,43,103599
1167192,SIN_COLUMNA,NORMAL,NORMAL,Santiago,13,True,15-06-2026 0:00:00,15-06-2026 17:13:46,18-06-2026 9:22:58,18-06-2026 9:22:58,18-06-2026 10:02:00,,18-06-2026 10:02:00,3,3,4,1,5,True,0,0,430633,V612,46,224340
1167190,SIN_COLUMNA,NORMAL,NORMAL,Santiago,13,True,15-06-2026 0:00:00,15-06-2026 15:25:15,17-06-2026 9:17:51,17-06-2026 9:17:51,17-06-2026 10:07:00,,17-06-2026 10:07:00,2,3,4,1,5,True,0,0,460257,V612,46,218027
1167189,SIN_COLUMNA,NORMAL,NORMAL,Santiago,13,True,15-06-2026 0:00:00,15-06-2026 14:57:28,16-06-2026 11:35:27,16-06-2026 11:35:27,16-06-2026 14:26:00,,16-06-2026 14:26:00,1,3,4,1,5,True,0,0,371038,V612,46,791628
1167187,SIN_COLUMNA,NORMAL,NORMAL,Santiago,13,True,15-06-2026 0:00:00,15-06-2026 14:39:35,16-06-2026 10:16:50,16-06-2026 10:16:50,16-06-2026 15:55:00,,16-06-2026 15:55:00,1,3,4,1,5,True,0,0,410220,V615,43,544394
1167178,SIN_COLUMNA,NORMAL,NORMAL,Santiago,13,True,15-06-2026 0:00:00,15-06-2026 11:01:59,15-06-2026 15:15:21,15-06-2026 15:15:21,15-06-2026 16:27:00,,15-06-2026 16:27:00,0,3,4,1,5,True,0,0,411402,V612,46,139652
1167175,SIN_COLUMNA,NORMAL,NORMAL,Santiago,13,True,15-06-2026 0:00:00,15-06-2026 10:39:10,15-06-2026 15:15:12,15-06-2026 15:15:12,15-06-2026 16:27:00,,15-06-2026 16:27:00,0,3,4,1,5,True,0,0,411402,V612,46,44677
1167174,SIN_COLUMNA,NORMAL,NORMAL,Santiago,13,True,15-06-2026 0:00:00,15-06-2026 10:16:23,16-06-2026 11:18:19,16-06-2026 11:18:19,16-06-2026 14:31:00,,16-06-2026 14:31:00,1,3,4,1,5,True,0,0,440172,V615,43,121300
1167173,SIN_COLUMNA,NORMAL,NORMAL,Santiago,13,True,15-06-2026 0:00:00,15-06-2026 9:48:51,15-06-2026 12:15:28,15-06-2026 12:15:28,15-06-2026 13:08:00,,15-06-2026 13:08:00,0,3,4,1,5,True,0,0,371038,V612,46,113523
1167172,SIN_COLUMNA,NORMAL,NORMAL,Santiago,13,True,15-06-2026 0:00:00,15-06-2026 9:39:50,16-06-2026 0:00:00,16-06-2026 0:00:00,16-06-2026 15:02:00,,16-06-2026 15:02:00,1,3,4,1,5,True,0,0,410622,V615,43,230418
1167167,SIN_COLUMNA,NORMAL,NORMAL,Santiago,13,True,15-06-2026 0:00:00,15-06-2026 9:00:16,15-06-2026 11:58:28,15-06-2026 11:58:28,15-06-2026 13:18:00,,15-06-2026 13:18:00,0,3,4,1,5,True,0,0,411402,V612,46,841017
1167163,SIN_COLUMNA,NORMAL,NORMAL,Santiago,13,True,15-06-2026 0:00:00,15-06-2026 8:29:00,16-06-2026 10:32:34,16-06-2026 10:32:34,16-06-2026 15:50:00,,16-06-2026 15:50:00,1,3,4,1,5,True,0,0,411472,V612,42,301005
1167157,SIN_COLUMNA,NORMAL,NORMAL,Santiago,13,True,12-06-2026 0:00:00,12-06-2026 11:58:56,15-06-2026 12:53:49,15-06-2026 12:53:49,15-06-2026 16:27:00,,15-06-2026 16:27:00,1,3,4,1,5,True,0,0,411402,V612,46,1541818
1167152,SIN_COLUMNA,NORMAL,NORMAL,Santiago,13,True,12-06-2026 0:00:00,12-06-2026 10:01:42,12-06-2026 10:57:06,12-06-2026 10:57:06,12-06-2026 11:00:00,,12-06-2026 11:00:00,0,3,4,1,5,True,0,0,420466,V615,43,20623
1167153,SIN_COLUMNA,NORMAL,NORMAL,Santiago,13,True,12-06-2026 0:00:00,12-06-2026 9:41:32,15-06-2026 0:00:00,15-06-2026 0:00:00,15-06-2026 12:53:00,,15-06-2026 12:53:00,1,3,4,1,5,True,0,0,981533,V612,46,62625
1167149,SIN_COLUMNA,NORMAL,NORMAL,Santiago,13,True,11-06-2026 0:00:00,11-06-2026 19:46:44,15-06-2026 12:44:00,15-06-2026 12:44:00,15-06-2026 14:15:00,,15-06-2026 14:15:00,2,3,4,1,5,True,0,0,411167,V615,43,1007096
1167146,SIN_COLUMNA,NORMAL,NORMAL,Santiago,13,True,11-06-2026 0:00:00,11-06-2026 16:42:01,12-06-2026 10:36:27,12-06-2026 10:36:27,12-06-2026 13:03:00,,12-06-2026 13:03:00,1,3,4,1,5,True,0,0,411402,V612,46,258931
1167145,SIN_COLUMNA,NORMAL,NORMAL,Santiago,13,True,11-06-2026 0:00:00,11-06-2026 15:46:09,12-06-2026 10:17:37,12-06-2026 10:17:37,12-06-2026 13:03:00,,12-06-2026 13:03:00,1,3,4,1,5,True,0,0,411402,V612,46,319766
1167143,SIN_COLUMNA,NORMAL,NORMAL,Santiago,13,True,11-06-2026 0:00:00,11-06-2026 15:21:46,15-06-2026 11:40:03,15-06-2026 11:40:03,15-06-2026 12:06:00,,15-06-2026 12:06:00,2,3,4,1,5,True,0,0,411442,V615,43,394629
1167139,SIN_COLUMNA,NORMAL,NORMAL,Santiago,13,True,11-06-2026 0:00:00,11-06-2026 14:20:19,12-06-2026 10:18:01,12-06-2026 10:18:01,12-06-2026 11:52:00,,12-06-2026 11:52:00,1,3,4,1,5,True,0,0,420644,V615,43,178491
1167122,SIN_COLUMNA,NORMAL,NORMAL,Santiago,13,True,10-06-2026 0:00:00,10-06-2026 10:01:36,15-06-2026 11:39:57,15-06-2026 11:39:57,15-06-2026 11:59:00,,15-06-2026 11:59:00,3,3,4,1,5,True,0,0,981528,V612,46,897885
1167118,SIN_COLUMNA,NORMAL,NORMAL,Santiago,13,True,10-06-2026 0:00:00,10-06-2026 8:57:17,10-06-2026 11:22:41,10-06-2026 11:22:41,10-06-2026 15:05:00,,10-06-2026 15:05:00,0,3,4,1,5,True,0,0,411430,V612,46,112279
1167114,SIN_COLUMNA,NORMAL,NORMAL,Santiago,13,True,09-06-2026 0:00:00,09-06-2026 22:25:53,10-06-2026 9:47:37,10-06-2026 9:47:37,10-06-2026 13:23:00,,10-06-2026 13:23:00,1,3,4,1,5,True,0,0,410455,V650,45,253749
4190139632,SIN_COLUMNA,NORMAL,NORMAL,Santiago,13,True,09-06-2026 0:00:00,09-06-2026 21:19:08,15-06-2026 0:00:00,15-06-2026 0:00:00,15-06-2026 12:13:00,,15-06-2026 12:13:00,4,3,4,1,5,True,0,0,430074,V610,43,1043931
4190139629,SIN_COLUMNA,NORMAL,NORMAL,Santiago,13,True,09-06-2026 0:00:00,09-06-2026 16:34:59,10-06-2026 8:58:40,10-06-2026 8:58:40,10-06-2026 13:04:00,,10-06-2026 13:04:00,1,3,4,1,5,True,0,0,460237,V650,43,188267
4190139627,SIN_COLUMNA,NORMAL,NORMAL,Santiago,13,True,09-06-2026 0:00:00,09-06-2026 15:20:10,11-06-2026 9:58:32,11-06-2026 9:58:32,11-06-2026 13:04:00,,11-06-2026 13:04:00,2,3,4,1,5,True,0,0,460051,V650,43,696004
1167109,SIN_COLUMNA,NORMAL,NORMAL,Santiago,13,True,09-06-2026 0:00:00,09-06-2026 14:41:28,10-06-2026 0:00:00,10-06-2026 0:00:00,10-06-2026 13:02:00,,10-06-2026 13:02:00,1,3,4,1,5,True,0,0,411067,V612,46,500971
4190139624,SIN_COLUMNA,NORMAL,NORMAL,Santiago,13,True,09-06-2026 0:00:00,09-06-2026 14:31:37,10-06-2026 12:04:48,10-06-2026 12:04:48,10-06-2026 13:45:00,,10-06-2026 13:45:00,1,3,4,1,5,True,0,0,460051,V650,43,1534127
1167105,SIN_COLUMNA,NORMAL,NORMAL,Santiago,13,True,09-06-2026 0:00:00,09-06-2026 13:20:57,10-06-2026 11:21:57,10-06-2026 11:21:57,10-06-2026 12:25:00,,10-06-2026 12:25:00,1,3,4,1,5,True,0,0,970007,V906,47,174258
1167113,SIN_COLUMNA,NORMAL,NORMAL,Santiago,13,True,09-06-2026 0:00:00,09-06-2026 0:00:00,10-06-2026 0:00:00,10-06-2026 0:00:00,10-06-2026 12:58:00,,10-06-2026 12:58:00,1,3,4,1,5,True,0,0,411294,V615,43,183311
4190139614,SIN_COLUMNA,NORMAL,NORMAL,Santiago,13,True,08-06-2026 0:00:00,08-06-2026 22:11:39,10-06-2026 11:21:45,10-06-2026 11:21:45,10-06-2026 13:41:00,,10-06-2026 13:41:00,2,3,4,1,5,True,0,0,460004,V650,43,836612
1167097,SIN_COLUMNA,NORMAL,NORMAL,Santiago,13,True,08-06-2026 0:00:00,08-06-2026 17:38:14,09-06-2026 9:55:53,09-06-2026 9:55:53,09-06-2026 13:05:00,,09-06-2026 13:05:00,1,3,4,1,5,True,0,0,411367,V615,43,101887
1167098,SIN_COLUMNA,NORMAL,NORMAL,Santiago,13,True,08-06-2026 0:00:00,08-06-2026 0:00:00,09-06-2026 10:41:33,09-06-2026 10:41:33,09-06-2026 13:01:00,,09-06-2026 13:01:00,1,3,4,1,5,True,0,0,430436,V615,43,123993
1167091,SIN_COLUMNA,NORMAL,NORMAL,Santiago,13,True,08-06-2026 0:00:00,08-06-2026 0:00:00,08-06-2026 17:52:26,08-06-2026 17:52:26,08-06-2026 17:52:26,,08-06-2026 17:52:26,0,3,4,1,5,True,0,0,970336,V906,47,350000
1167100,SIN_COLUMNA,NORMAL,NORMAL,Santiago,13,True,08-06-2026 0:00:00,08-06-2026 0:00:00,09-06-2026 11:56:11,09-06-2026 11:56:11,09-06-2026 13:17:00,,09-06-2026 13:17:00,1,3,4,1,5,True,0,0,410563,V615,45,329090
1167076,SIN_COLUMNA,NORMAL,NORMAL,Santiago,13,True,05-06-2026 0:00:00,05-06-2026 13:55:36,08-06-2026 9:46:32,08-06-2026 9:46:32,08-06-2026 15:04:00,,08-06-2026 15:04:00,1,3,4,1,5,True,0,0,430526,V615,43,437327
1167075,SIN_COLUMNA,NORMAL,NORMAL,Santiago,13,True,05-06-2026 0:00:00,05-06-2026 0:00:00,10-06-2026 9:20:35,10-06-2026 9:20:35,10-06-2026 13:07:00,,10-06-2026 13:07:00,3,3,4,1,5,True,0,0,400692,V615,43,542578
1167072,SIN_COLUMNA,NORMAL,NORMAL,Santiago,13,True,04-06-2026 0:00:00,04-06-2026 22:18:03,05-06-2026 12:39:54,05-06-2026 12:39:54,05-06-2026 12:58:00,,05-06-2026 12:58:00,1,3,4,1,5,True,0,0,410455,V650,45,805283
1167070,SIN_COLUMNA,NORMAL,NORMAL,Santiago,13,True,04-06-2026 0:00:00,04-06-2026 21:41:51,08-06-2026 11:12:36,08-06-2026 11:12:36,08-06-2026 16:15:00,,08-06-2026 16:15:00,2,3,4,1,5,True,0,0,430472,V615,43,734882
1167065,SIN_COLUMNA,NORMAL,NORMAL,Santiago,13,True,04-06-2026 0:00:00,04-06-2026 15:16:16,05-06-2026 11:44:47,05-06-2026 11:44:47,05-06-2026 12:27:00,,05-06-2026 12:27:00,1,3,4,1,5,True,0,0,460257,V612,46,195503
1167060,SIN_COLUMNA,NORMAL,NORMAL,Santiago,13,True,04-06-2026 0:00:00,04-06-2026 13:17:35,05-06-2026 11:44:39,05-06-2026 11:44:39,05-06-2026 12:10:00,,05-06-2026 12:10:00,1,3,4,1,5,True,0,0,411430,V612,46,577500
1167057,SIN_COLUMNA,NORMAL,NORMAL,Santiago,13,True,04-06-2026 0:00:00,04-06-2026 12:34:32,04-06-2026 14:36:52,04-06-2026 14:36:52,04-06-2026 15:24:00,,04-06-2026 15:24:00,0,3,4,1,5,True,0,0,411484,V612,43,321635
1167053,SIN_COLUMNA,NORMAL,NORMAL,Santiago,13,True,03-06-2026 0:00:00,03-06-2026 20:22:01,08-06-2026 21:30:26,08-06-2026 21:30:26,08-06-2026 21:30:26,,08-06-2026 21:30:26,3,3,4,1,5,True,0,0,970336,V906,47,8761000
1167050,SIN_COLUMNA,NORMAL,NORMAL,Santiago,13,True,03-06-2026 0:00:00,03-06-2026 16:34:01,05-06-2026 8:54:12,05-06-2026 8:54:12,05-06-2026 11:58:00,,05-06-2026 11:58:00,2,3,4,1,5,True,0,0,360002,V615,43,50763
1167045,SIN_COLUMNA,NORMAL,NORMAL,Santiago,13,True,03-06-2026 0:00:00,03-06-2026 12:41:00,04-06-2026 14:21:31,04-06-2026 14:21:31,04-06-2026 15:26:00,,04-06-2026 15:26:00,1,3,4,1,5,True,0,0,371038,V612,46,25237
1167038,SIN_COLUMNA,NORMAL,NORMAL,Santiago,13,True,02-06-2026 0:00:00,02-06-2026 17:58:07,04-06-2026 9:02:36,04-06-2026 9:02:36,04-06-2026 9:02:36,,04-06-2026 9:02:36,2,3,4,1,5,True,0,0,410169,V614,43,1189385
1167037,SIN_COLUMNA,NORMAL,NORMAL,Santiago,13,True,02-06-2026 0:00:00,02-06-2026 16:55:48,05-06-2026 9:16:04,05-06-2026 9:16:04,05-06-2026 10:03:00,,05-06-2026 10:03:00,3,3,4,1,5,True,0,0,370104,V614,43,180086
1167036,SIN_COLUMNA,NORMAL,NORMAL,Santiago,13,True,02-06-2026 0:00:00,02-06-2026 16:09:44,05-06-2026 9:34:29,05-06-2026 9:34:29,05-06-2026 10:12:00,,05-06-2026 10:12:00,3,3,4,1,5,True,0,0,430717,V612,42,649833
1167032,SIN_COLUMNA,NORMAL,NORMAL,Santiago,13,True,02-06-2026 0:00:00,02-06-2026 14:51:37,05-06-2026 10:51:46,05-06-2026 10:51:46,05-06-2026 11:21:00,,05-06-2026 11:21:00,3,3,4,1,5,True,0,0,410586,V612,46,141197
4190139560,SIN_COLUMNA,NORMAL,NORMAL,Santiago,13,True,02-06-2026 0:00:00,02-06-2026 13:41:07,05-06-2026 10:51:40,05-06-2026 10:51:40,05-06-2026 12:19:00,,05-06-2026 12:19:00,3,3,4,1,5,True,0,0,400319,V615,43,122176
1167026,SIN_COLUMNA,NORMAL,NORMAL,Santiago,13,True,02-06-2026 0:00:00,02-06-2026 12:24:55,04-06-2026 11:59:19,04-06-2026 11:59:19,04-06-2026 14:27:00,,04-06-2026 14:27:00,2,3,4,1,5,True,0,0,970007,V906,47,50010
1167025,SIN_COLUMNA,NORMAL,NORMAL,Santiago,13,True,02-06-2026 0:00:00,02-06-2026 10:53:04,05-06-2026 11:44:27,05-06-2026 11:44:27,05-06-2026 12:25:00,,05-06-2026 12:25:00,3,3,4,1,5,True,0,0,420234,V612,46,324822
1167023,SIN_COLUMNA,NORMAL,NORMAL,Santiago,13,True,02-06-2026 0:00:00,02-06-2026 8:51:38,05-06-2026 9:55:31,05-06-2026 9:55:31,05-06-2026 10:14:00,,05-06-2026 10:14:00,3,3,4,1,5,True,0,0,981505,V612,46,34003
4190139489,SIN_COLUMNA,NORMAL,NORMAL,Santiago,13,True,28-05-2026 0:00:00,28-05-2026 0:22:38,28-05-2026 12:41:08,28-05-2026 12:41:08,28-05-2026 13:03:00,,28-05-2026 13:03:00,0,3,4,1,5,True,0,0,420571,V615,43,364248
1166679,SIN_COLUMNA,NORMAL,NORMAL,Santiago,13,True,27-05-2026 0:00:00,27-05-2026 17:16:45,28-05-2026 10:00:49,28-05-2026 10:00:49,28-05-2026 12:24:00,,28-05-2026 12:24:00,1,3,4,1,5,True,0,0,420234,V612,46,20310
1166676,SIN_COLUMNA,NORMAL,NORMAL,Santiago,13,True,27-05-2026 0:00:00,27-05-2026 15:50:54,28-05-2026 11:02:43,28-05-2026 11:02:43,28-05-2026 11:02:43,,28-05-2026 11:02:43,1,3,4,1,5,True,0,0,420466,V907,43,160572
1166674,SIN_COLUMNA,NORMAL,NORMAL,Santiago,13,True,27-05-2026 0:00:00,27-05-2026 14:34:43,28-05-2026 10:00:45,28-05-2026 10:00:45,28-05-2026 15:47:00,,28-05-2026 15:47:00,1,3,4,1,5,True,0,0,371038,V612,46,437628
4190139469,SIN_COLUMNA,NORMAL,NORMAL,Santiago,13,True,27-05-2026 0:00:00,27-05-2026 11:57:07,28-05-2026 12:39:48,28-05-2026 12:39:48,28-05-2026 13:00:00,,28-05-2026 13:00:00,1,3,4,1,5,True,0,0,420064,V615,43,237575
1166661,SIN_COLUMNA,NORMAL,NORMAL,Santiago,13,True,26-05-2026 0:00:00,26-05-2026 18:37:47,28-05-2026 12:41:30,28-05-2026 12:41:30,28-05-2026 13:03:00,,28-05-2026 13:03:00,2,3,4,1,5,True,0,0,400666,V614,43,1189969
1166657,SIN_COLUMNA,NORMAL,NORMAL,Santiago,13,True,26-05-2026 0:00:00,26-05-2026 14:27:42,27-05-2026 15:33:16,27-05-2026 15:33:16,27-05-2026 15:36:00,,27-05-2026 15:36:00,1,3,4,1,5,True,0,0,371038,V612,46,325756
1166648,SIN_COLUMNA,NORMAL,NORMAL,Santiago,13,True,26-05-2026 0:00:00,26-05-2026 9:34:56,28-05-2026 12:18:55,28-05-2026 12:18:55,28-05-2026 12:24:00,,28-05-2026 12:24:00,2,3,4,1,5,True,0,0,420234,V612,46,544840
1166644,SIN_COLUMNA,NORMAL,NORMAL,Santiago,13,True,26-05-2026 0:00:00,26-05-2026 8:59:23,27-05-2026 9:56:05,27-05-2026 9:56:05,27-05-2026 12:58:00,,27-05-2026 12:58:00,1,3,4,1,5,True,0,0,440394,V610,45,4144700
1166643,SIN_COLUMNA,NORMAL,NORMAL,Santiago,13,True,26-05-2026 0:00:00,26-05-2026 8:48:56,27-05-2026 9:34:24,27-05-2026 9:34:24,27-05-2026 11:25:00,,27-05-2026 11:25:00,1,3,4,1,5,True,0,0,970007,V906,47,33588
1166642,SIN_COLUMNA,NORMAL,NORMAL,Santiago,13,True,26-05-2026 0:00:00,26-05-2026 8:45:03,27-05-2026 11:22:45,27-05-2026 11:22:45,27-05-2026 11:25:00,,27-05-2026 11:25:00,1,3,4,1,5,True,0,0,970007,V906,47,112272
1166646,SIN_COLUMNA,NORMAL,NORMAL,Santiago,13,True,26-05-2026 0:00:00,26-05-2026 0:00:00,27-05-2026 9:34:35,27-05-2026 9:34:35,27-05-2026 10:57:00,,27-05-2026 10:57:00,1,3,4,1,5,True,0,0,455025,V615,43,1067828
1166630,SIN_COLUMNA,NORMAL,NORMAL,Santiago,13,True,25-05-2026 0:00:00,25-05-2026 10:30:59,27-05-2026 9:34:40,27-05-2026 9:34:40,27-05-2026 15:24:00,,27-05-2026 15:24:00,2,3,4,1,5,True,0,0,400495,V614,43,254100
4190139410,SIN_COLUMNA,NORMAL,NORMAL,Santiago,13,True,22-05-2026 0:00:00,22-05-2026 14:37:52,28-05-2026 12:38:24,28-05-2026 12:38:24,28-05-2026 12:58:00,,28-05-2026 12:58:00,4,3,4,1,5,True,0,0,496024,V650,43,566863
1166619,SIN_COLUMNA,NORMAL,NORMAL,Santiago,13,True,22-05-2026 0:00:00,22-05-2026 11:34:58,25-05-2026 0:00:00,25-05-2026 0:00:00,25-05-2026 14:55:00,,25-05-2026 14:55:00,1,3,4,1,5,True,0,0,440382,V612,46,61927
1166616,SIN_COLUMNA,NORMAL,NORMAL,Santiago,13,True,22-05-2026 0:00:00,22-05-2026 10:10:43,25-05-2026 10:29:33,25-05-2026 10:29:33,25-05-2026 14:55:00,,25-05-2026 14:55:00,1,3,4,1,5,True,0,0,440382,V612,46,756272
4190139405,SIN_COLUMNA,NORMAL,NORMAL,Santiago,13,True,21-05-2026 0:00:00,21-05-2026 19:36:46,25-05-2026 10:29:14,25-05-2026 10:29:14,25-05-2026 12:56:00,,25-05-2026 12:56:00,2,3,4,1,5,True,0,0,440083,V610,45,1368600
1166604,SIN_COLUMNA,NORMAL,NORMAL,Santiago,13,True,20-05-2026 0:00:00,20-05-2026 11:21:33,20-05-2026 15:53:09,20-05-2026 15:53:09,20-05-2026 16:42:00,,20-05-2026 16:42:00,0,3,4,1,5,True,0,0,970007,V906,47,93000
1166601,SIN_COLUMNA,NORMAL,NORMAL,Santiago,13,True,20-05-2026 0:00:00,20-05-2026 10:35:19,20-05-2026 14:37:36,20-05-2026 14:37:36,20-05-2026 16:42:00,,20-05-2026 16:42:00,0,3,4,1,5,True,0,0,970007,V906,47,114574
1166606,SIN_COLUMNA,NORMAL,NORMAL,Santiago,13,True,20-05-2026 0:00:00,20-05-2026 10:18:12,22-05-2026 9:17:50,22-05-2026 9:17:50,22-05-2026 10:01:00,,22-05-2026 10:01:00,1,3,4,1,5,True,0,0,411402,V612,46,2317706
4190139399,SIN_COLUMNA,NORMAL,NORMAL,Santiago,13,True,20-05-2026 0:00:00,20-05-2026 0:00:00,27-05-2026 12:05:41,27-05-2026 12:05:41,27-05-2026 15:17:00,,27-05-2026 15:17:00,4,3,4,1,5,True,0,0,430943,V615,43,746587
1166590,SIN_COLUMNA,NORMAL,NORMAL,Santiago,13,True,19-05-2026 0:00:00,19-05-2026 13:44:19,20-05-2026 11:23:21,20-05-2026 11:23:21,20-05-2026 11:47:00,,20-05-2026 11:47:00,1,3,4,1,5,True,0,0,370103,V614,43,180862
1166588,SIN_COLUMNA,NORMAL,NORMAL,Santiago,13,True,19-05-2026 0:00:00,19-05-2026 9:45:26,22-05-2026 11:22:49,22-05-2026 11:22:49,22-05-2026 11:22:49,,22-05-2026 11:22:49,2,3,4,1,5,True,0,0,400442,V612,46,892483
1166586,SIN_COLUMNA,NORMAL,NORMAL,Santiago,13,True,19-05-2026 0:00:00,19-05-2026 9:22:43,20-05-2026 9:56:46,20-05-2026 9:56:46,20-05-2026 14:26:00,,20-05-2026 14:26:00,1,3,4,1,5,True,0,0,400442,V612,46,1098397
4190139358,SIN_COLUMNA,NORMAL,NORMAL,Santiago,13,True,18-05-2026 0:00:00,18-05-2026 16:29:30,19-05-2026 14:43:50,19-05-2026 14:43:50,19-05-2026 14:43:50,,19-05-2026 14:43:50,1,3,4,1,5,True,0,0,440425,V610,45,811790
1166577,SIN_COLUMNA,NORMAL,NORMAL,Santiago,13,True,18-05-2026 0:00:00,18-05-2026 16:05:50,20-05-2026 10:05:56,20-05-2026 10:05:56,20-05-2026 15:59:00,,20-05-2026 15:59:00,2,3,4,1,5,True,0,0,455018,V610,43,796871
1166572,SIN_COLUMNA,NORMAL,NORMAL,Santiago,13,True,18-05-2026 0:00:00,18-05-2026 12:44:17,19-05-2026 13:49:48,19-05-2026 13:49:48,19-05-2026 14:13:00,,19-05-2026 14:13:00,1,3,4,1,5,True,0,0,970007,V906,47,204690
4190139355,SIN_COLUMNA,NORMAL,NORMAL,Santiago,13,True,17-05-2026 0:00:00,17-05-2026 19:52:28,19-05-2026 12:31:22,19-05-2026 12:31:22,19-05-2026 16:17:00,,19-05-2026 16:17:00,2,3,4,1,5,True,0,0,440360,V610,45,571177
1166546,SIN_COLUMNA,NORMAL,NORMAL,Santiago,13,True,15-05-2026 0:00:00,15-05-2026 9:54:56,18-05-2026 11:19:00,18-05-2026 11:19:00,18-05-2026 16:27:00,,18-05-2026 16:27:00,1,3,4,1,5,True,0,0,981505,V612,46,121111
4190139341,SIN_COLUMNA,NORMAL,NORMAL,Santiago,13,True,14-05-2026 0:00:00,14-05-2026 17:45:37,19-05-2026 13:50:32,19-05-2026 13:50:32,19-05-2026 16:22:00,,19-05-2026 16:22:00,3,3,4,1,5,True,0,0,420644,V615,43,232414
1166534,SIN_COLUMNA,NORMAL,NORMAL,Santiago,13,True,14-05-2026 0:00:00,14-05-2026 16:21:59,18-05-2026 10:57:16,18-05-2026 10:57:16,18-05-2026 16:02:00,,18-05-2026 16:02:00,2,3,4,1,5,True,0,0,430578,V612,46,64230
1166525,SIN_COLUMNA,NORMAL,NORMAL,Santiago,13,True,14-05-2026 0:00:00,14-05-2026 11:24:38,15-05-2026 11:07:50,15-05-2026 11:07:50,15-05-2026 12:06:00,,15-05-2026 12:06:00,1,3,4,1,5,True,0,0,430881,V612,46,111660
1166515,SIN_COLUMNA,NORMAL,NORMAL,Santiago,13,True,13-05-2026 0:00:00,13-05-2026 19:13:04,14-05-2026 0:00:00,14-05-2026 0:00:00,14-05-2026 12:48:00,,14-05-2026 12:48:00,1,3,4,1,5,True,0,0,411177,V614,43,231329
1166507,SIN_COLUMNA,NORMAL,NORMAL,Santiago,13,True,13-05-2026 0:00:00,13-05-2026 12:39:34,14-05-2026 12:44:57,14-05-2026 12:44:57,14-05-2026 16:11:00,,14-05-2026 16:11:00,1,3,4,1,5,True,0,0,371038,V612,46,42385
1166504,SIN_COLUMNA,NORMAL,NORMAL,Santiago,13,True,13-05-2026 0:00:00,13-05-2026 11:28:34,15-05-2026 9:18:43,15-05-2026 9:18:43,15-05-2026 11:51:00,,15-05-2026 11:51:00,2,3,4,1,5,True,0,0,410169,V614,43,455980
1166502,SIN_COLUMNA,NORMAL,NORMAL,Santiago,13,True,13-05-2026 0:00:00,13-05-2026 9:44:21,15-05-2026 0:00:00,15-05-2026 0:00:00,15-05-2026 11:45:00,,15-05-2026 11:45:00,2,3,4,1,5,True,0,0,411410,V612,46,128257
1166513,SIN_COLUMNA,NORMAL,NORMAL,Santiago,13,True,13-05-2026 0:00:00,13-05-2026 0:00:00,15-05-2026 9:47:49,15-05-2026 9:47:49,15-05-2026 11:24:00,,15-05-2026 11:24:00,2,3,4,1,5,True,0,0,411430,V612,46,742675
1166503,SIN_COLUMNA,NORMAL,NORMAL,Santiago,13,True,13-05-2026 0:00:00,13-05-2026 0:00:00,15-05-2026 11:09:46,15-05-2026 11:09:46,15-05-2026 11:25:00,,15-05-2026 11:25:00,2,3,4,1,5,True,0,0,440409,V585,45,39800
4190139310,SIN_COLUMNA,NORMAL,NORMAL,Santiago,13,True,12-05-2026 0:00:00,12-05-2026 14:50:06,12-05-2026 16:56:56,12-05-2026 16:56:56,12-05-2026 17:14:00,,12-05-2026 17:14:00,0,3,4,1,5,True,0,0,455018,V610,43,289786
1166490,SIN_COLUMNA,NORMAL,NORMAL,Santiago,13,True,12-05-2026 0:00:00,12-05-2026 10:01:55,14-05-2026 11:27:42,14-05-2026 11:27:42,14-05-2026 12:38:00,,14-05-2026 12:38:00,2,3,4,1,5,True,0,0,440382,V612,46,350461
4190139303,SIN_COLUMNA,NORMAL,NORMAL,Santiago,13,True,11-05-2026 0:00:00,11-05-2026 18:40:13,14-05-2026 10:58:30,14-05-2026 10:58:30,14-05-2026 12:02:00,,14-05-2026 12:02:00,3,3,4,1,5,True,0,0,463000,V615,43,150328
4190139302,SIN_COLUMNA,NORMAL,NORMAL,Santiago,13,True,11-05-2026 0:00:00,11-05-2026 18:28:59,14-05-2026 11:42:27,14-05-2026 11:42:27,14-05-2026 14:06:00,,14-05-2026 14:06:00,3,3,4,1,5,True,0,0,420192,V615,43,225974
1166488,SIN_COLUMNA,NORMAL,NORMAL,Santiago,13,True,11-05-2026 0:00:00,11-05-2026 17:16:37,12-05-2026 11:49:45,12-05-2026 11:49:45,12-05-2026 12:11:00,,12-05-2026 12:11:00,1,3,4,1,5,True,0,0,420234,V612,46,372831
1166487,SIN_COLUMNA,NORMAL,NORMAL,Santiago,13,True,11-05-2026 0:00:00,11-05-2026 16:56:54,12-05-2026 13:44:09,12-05-2026 13:44:09,12-05-2026 16:19:00,,12-05-2026 16:19:00,1,3,4,1,5,True,0,0,371038,V612,46,152115
4190139300,SIN_COLUMNA,NORMAL,NORMAL,Santiago,13,True,11-05-2026 0:00:00,11-05-2026 16:01:33,14-05-2026 12:28:18,14-05-2026 12:28:18,14-05-2026 14:06:00,,14-05-2026 14:06:00,3,3,4,1,5,True,0,0,400424,V615,43,574726
1166486,SIN_COLUMNA,NORMAL,NORMAL,Santiago,13,True,11-05-2026 0:00:00,11-05-2026 15:44:18,12-05-2026 11:49:42,12-05-2026 11:49:42,12-05-2026 12:11:00,,12-05-2026 12:11:00,1,3,4,1,5,True,0,0,420234,V612,46,68118
1166480,SIN_COLUMNA,NORMAL,NORMAL,Santiago,13,True,11-05-2026 0:00:00,11-05-2026 11:38:14,14-05-2026 11:10:42,14-05-2026 11:10:42,14-05-2026 14:08:00,,14-05-2026 14:08:00,3,3,4,1,5,True,0,0,460257,V612,46,132324
1166481,SIN_COLUMNA,NORMAL,NORMAL,Santiago,13,True,11-05-2026 0:00:00,11-05-2026 11:30:33,14-05-2026 0:00:00,14-05-2026 0:00:00,14-05-2026 14:08:00,,14-05-2026 14:08:00,3,3,4,1,5,True,0,0,460257,V612,46,260646
4190139288,SIN_COLUMNA,NORMAL,NORMAL,Santiago,13,True,11-05-2026 0:00:00,11-05-2026 9:48:02,13-05-2026 11:21:04,13-05-2026 11:21:04,13-05-2026 14:13:00,,13-05-2026 14:13:00,2,3,4,1,5,True,0,0,440083,V610,45,1128966
1166476,SIN_COLUMNA,NORMAL,NORMAL,Santiago,13,True,11-05-2026 0:00:00,11-05-2026 8:49:21,12-05-2026 12:29:15,12-05-2026 12:29:15,12-05-2026 16:19:00,,12-05-2026 16:19:00,1,3,4,1,5,True,0,0,371038,V612,46,406317
1166469,SIN_COLUMNA,NORMAL,NORMAL,Santiago,13,True,08-05-2026 0:00:00,08-05-2026 23:48:43,14-05-2026 11:54:07,14-05-2026 11:54:07,14-05-2026 13:12:00,,14-05-2026 13:12:00,4,3,4,1,5,True,0,0,400496,V614,43,419891
1166457,SIN_COLUMNA,NORMAL,NORMAL,Santiago,13,True,08-05-2026 0:00:00,08-05-2026 18:35:23,14-05-2026 14:57:36,14-05-2026 14:57:36,14-05-2026 15:32:00,,14-05-2026 15:32:00,4,3,4,1,5,True,0,0,371002,V614,43,405177
1166451,SIN_COLUMNA,NORMAL,NORMAL,Santiago,13,True,08-05-2026 0:00:00,08-05-2026 12:53:49,11-05-2026 14:18:54,11-05-2026 14:18:54,11-05-2026 15:17:00,,11-05-2026 15:17:00,1,3,4,1,5,True,0,0,411177,V614,43,131418
1166450,SIN_COLUMNA,NORMAL,NORMAL,Santiago,13,True,08-05-2026 0:00:00,08-05-2026 12:50:46,14-05-2026 11:27:56,14-05-2026 11:27:56,14-05-2026 14:06:00,,14-05-2026 14:06:00,4,3,4,1,5,True,0,0,981560,V612,46,1156039
1166447,SIN_COLUMNA,NORMAL,NORMAL,Santiago,13,True,08-05-2026 0:00:00,08-05-2026 12:26:37,11-05-2026 15:16:46,11-05-2026 15:16:46,11-05-2026 15:54:00,,11-05-2026 15:54:00,1,3,4,1,5,True,0,0,371038,V612,46,820740
1166446,SIN_COLUMNA,NORMAL,NORMAL,Santiago,13,True,08-05-2026 0:00:00,08-05-2026 12:19:21,12-05-2026 14:27:46,12-05-2026 14:27:46,12-05-2026 14:51:00,,12-05-2026 14:51:00,2,3,4,1,5,True,0,0,410622,V614,43,247604
1166443,SIN_COLUMNA,NORMAL,NORMAL,Santiago,13,True,08-05-2026 0:00:00,08-05-2026 11:57:58,14-05-2026 13:44:15,14-05-2026 13:44:15,14-05-2026 14:06:00,,14-05-2026 14:06:00,4,3,4,1,5,True,0,0,981560,V612,46,187113
1166441,SIN_COLUMNA,NORMAL,NORMAL,Santiago,13,True,08-05-2026 0:00:00,08-05-2026 11:24:42,12-05-2026 9:52:11,12-05-2026 9:52:11,12-05-2026 10:58:00,,12-05-2026 10:58:00,2,3,4,1,5,True,0,0,360019,V614,43,53959
4190139258,SIN_COLUMNA,NORMAL,NORMAL,Santiago,13,True,08-05-2026 0:00:00,08-05-2026 10:03:52,11-05-2026 15:49:59,11-05-2026 15:49:59,11-05-2026 16:23:00,,11-05-2026 16:23:00,1,3,4,1,5,True,0,0,455018,V610,43,167416
1166466,SIN_COLUMNA,NORMAL,NORMAL,Santiago,13,True,08-05-2026 0:00:00,08-05-2026 0:00:00,13-05-2026 13:51:49,13-05-2026 13:51:49,13-05-2026 14:19:00,,13-05-2026 14:19:00,3,3,4,1,5,True,0,0,400479,V614,43,129566
1166436,SIN_COLUMNA,NORMAL,NORMAL,Santiago,13,True,07-05-2026 0:00:00,07-05-2026 18:23:28,12-05-2026 0:00:00,12-05-2026 0:00:00,12-05-2026 11:25:00,,12-05-2026 11:25:00,3,3,4,1,5,True,0,0,410702,V614,43,228035
4190139223,SIN_COLUMNA,NORMAL,NORMAL,Santiago,13,True,06-05-2026 0:00:00,06-05-2026 17:47:22,11-05-2026 12:54:22,11-05-2026 12:54:22,11-05-2026 13:00:00,,11-05-2026 13:00:00,3,3,4,1,5,True,0,0,460051,V615,43,2627054
1166408,SIN_COLUMNA,NORMAL,NORMAL,Santiago,13,True,06-05-2026 0:00:00,06-05-2026 9:34:19,11-05-2026 11:46:59,11-05-2026 11:46:59,11-05-2026 15:14:00,,11-05-2026 15:14:00,3,3,4,1,5,True,0,0,981625,V612,46,123053
4190139205,SIN_COLUMNA,NORMAL,NORMAL,Santiago,13,True,06-05-2026 0:00:00,06-05-2026 9:24:50,08-05-2026 12:38:02,08-05-2026 12:38:02,08-05-2026 12:46:00,,08-05-2026 12:46:00,2,3,4,1,5,True,0,0,430676,V615,45,1654099
1166407,SIN_COLUMNA,NORMAL,NORMAL,Santiago,13,True,06-05-2026 0:00:00,06-05-2026 8:56:09,12-05-2026 11:49:32,12-05-2026 11:49:32,12-05-2026 13:02:00,,12-05-2026 13:02:00,4,3,4,1,5,True,0,0,981505,V612,46,87609
1166406,SIN_COLUMNA,NORMAL,NORMAL,Santiago,13,True,06-05-2026 0:00:00,06-05-2026 8:23:20,06-05-2026 13:48:10,06-05-2026 13:48:10,06-05-2026 15:09:00,,06-05-2026 15:09:00,0,3,4,1,5,True,0,0,371038,V612,46,326032
4190139202,SIN_COLUMNA,NORMAL,NORMAL,Santiago,13,True,06-05-2026 0:00:00,06-05-2026 7:50:46,06-05-2026 13:59:15,06-05-2026 13:59:15,06-05-2026 14:14:00,,06-05-2026 14:14:00,0,3,4,1,5,True,0,0,440083,V610,45,376190
4190139201,SIN_COLUMNA,NORMAL,NORMAL,Santiago,13,True,06-05-2026 0:00:00,06-05-2026 0:15:18,08-05-2026 12:41:20,08-05-2026 12:41:20,08-05-2026 12:46:00,,08-05-2026 12:46:00,2,3,4,1,5,True,0,0,430676,V615,45,1703968
1166388,SIN_COLUMNA,NORMAL,NORMAL,Santiago,13,True,05-05-2026 0:00:00,05-05-2026 8:19:03,06-05-2026 11:37:11,06-05-2026 11:37:11,06-05-2026 15:09:00,,06-05-2026 15:09:00,1,3,4,1,5,True,0,0,371038,V612,46,176549
1166351,SIN_COLUMNA,NORMAL,NORMAL,Santiago,13,True,04-05-2026 0:00:00,04-05-2026 11:23:30,07-05-2026 0:00:00,07-05-2026 0:00:00,07-05-2026 9:47:00,,07-05-2026 9:47:00,3,3,4,1,5,True,0,0,410159,V585,45,1819679
1168114,SIN_COLUMNA,NORMAL,NORMAL,Santiago,13,True,13-07-2026 0:00:00,13-07-2026 12:38:37,13-07-2026 16:51:22,13-07-2026 16:51:22,14-07-2026 16:47:00,,14-07-2026 16:47:00,1,3,4,1,5,True,0,1,430717,V612,42,649833
1168100,SIN_COLUMNA,NORMAL,NORMAL,Santiago,13,True,10-07-2026 0:00:00,10-07-2026 21:42:46,13-07-2026 14:30:25,13-07-2026 14:30:25,14-07-2026 12:44:00,,14-07-2026 12:44:00,2,3,4,1,5,True,0,1,410586,V612,46,1151564
1168098,SIN_COLUMNA,NORMAL,NORMAL,Santiago,13,True,10-07-2026 0:00:00,10-07-2026 21:35:01,13-07-2026 12:54:33,13-07-2026 12:54:33,14-07-2026 12:44:00,,14-07-2026 12:44:00,2,3,4,1,5,True,0,1,410586,V612,46,1714625
1168094,SIN_COLUMNA,NORMAL,NORMAL,Santiago,13,True,10-07-2026 0:00:00,10-07-2026 12:44:39,10-07-2026 13:47:40,10-07-2026 13:47:40,13-07-2026 15:05:00,,13-07-2026 15:05:00,1,3,4,1,5,True,0,1,460257,V612,46,91421
1168093,SIN_COLUMNA,NORMAL,NORMAL,Santiago,13,True,10-07-2026 0:00:00,10-07-2026 12:42:56,10-07-2026 13:24:50,10-07-2026 13:24:50,13-07-2026 15:05:00,,13-07-2026 15:05:00,1,3,4,1,5,True,0,1,460257,V612,46,20068
1168083,SIN_COLUMNA,NORMAL,NORMAL,Santiago,13,True,09-07-2026 0:00:00,09-07-2026 13:15:37,10-07-2026 11:17:37,10-07-2026 11:17:37,13-07-2026 13:20:00,,13-07-2026 13:20:00,2,3,4,1,5,True,0,1,400479,V615,43,332535
1168082,SIN_COLUMNA,NORMAL,NORMAL,Santiago,13,True,09-07-2026 0:00:00,09-07-2026 12:48:42,10-07-2026 13:31:04,10-07-2026 13:31:04,13-07-2026 14:25:00,,13-07-2026 14:25:00,2,3,4,1,5,True,0,1,430526,V615,43,292060
1168079,SIN_COLUMNA,NORMAL,NORMAL,Santiago,13,True,09-07-2026 0:00:00,09-07-2026 10:45:47,10-07-2026 10:41:34,10-07-2026 10:41:34,13-07-2026 13:29:00,,13-07-2026 13:29:00,2,3,4,1,5,True,0,1,981505,V612,46,50559
1168077,SIN_COLUMNA,NORMAL,NORMAL,Santiago,13,True,09-07-2026 0:00:00,09-07-2026 9:26:04,10-07-2026 10:15:54,10-07-2026 10:15:54,13-07-2026 9:10:00,,13-07-2026 9:10:00,2,3,4,1,5,True,0,1,420450,V585,45,5084156
1168075,SIN_COLUMNA,NORMAL,NORMAL,Santiago,13,True,08-07-2026 0:00:00,08-07-2026 21:28:24,10-07-2026 10:41:15,10-07-2026 10:41:15,13-07-2026 13:30:00,,13-07-2026 13:30:00,3,3,4,1,5,True,0,1,370088,V615,43,1975950
1168074,SIN_COLUMNA,NORMAL,NORMAL,Santiago,13,True,08-07-2026 0:00:00,08-07-2026 21:22:41,10-07-2026 13:10:55,10-07-2026 13:10:55,13-07-2026 14:21:00,,13-07-2026 14:21:00,3,3,4,1,5,True,0,1,400477,V615,43,508123
1168073,SIN_COLUMNA,NORMAL,NORMAL,Santiago,13,True,08-07-2026 0:00:00,08-07-2026 16:08:52,10-07-2026 11:45:24,10-07-2026 11:45:24,13-07-2026 13:29:00,,13-07-2026 13:29:00,3,3,4,1,5,True,0,1,981505,V612,46,518577
1168069,SIN_COLUMNA,NORMAL,NORMAL,Santiago,13,True,08-07-2026 0:00:00,08-07-2026 10:03:53,09-07-2026 0:00:00,09-07-2026 0:00:00,10-07-2026 7:19:00,,10-07-2026 7:19:00,2,3,4,1,5,True,0,1,410159,V585,45,9594384
1168063,SIN_COLUMNA,NORMAL,NORMAL,Santiago,13,True,07-07-2026 0:00:00,07-07-2026 19:27:12,10-07-2026 13:10:53,10-07-2026 13:10:53,13-07-2026 14:16:00,,13-07-2026 14:16:00,4,3,4,1,5,True,0,1,371001,V615,43,271370
1168062,SIN_COLUMNA,NORMAL,NORMAL,Santiago,13,True,07-07-2026 0:00:00,07-07-2026 19:19:16,10-07-2026 10:42:03,10-07-2026 10:42:03,13-07-2026 14:19:00,,13-07-2026 14:19:00,4,3,4,1,5,True,0,1,371044,V615,43,1057264
1168061,SIN_COLUMNA,NORMAL,NORMAL,Santiago,13,True,07-07-2026 0:00:00,07-07-2026 18:34:02,08-07-2026 16:25:06,08-07-2026 16:25:06,09-07-2026 8:28:00,,09-07-2026 8:28:00,2,3,4,1,5,True,0,1,411430,V612,46,243592
1168058,SIN_COLUMNA,NORMAL,NORMAL,Santiago,13,True,07-07-2026 0:00:00,07-07-2026 16:32:20,08-07-2026 17:25:00,08-07-2026 17:25:00,09-07-2026 11:55:00,,09-07-2026 11:55:00,2,3,4,1,5,True,0,1,460257,V612,46,1013338
1168057,SIN_COLUMNA,NORMAL,NORMAL,Santiago,13,True,07-07-2026 0:00:00,07-07-2026 16:26:10,10-07-2026 13:24:43,10-07-2026 13:24:43,13-07-2026 13:27:00,,13-07-2026 13:27:00,4,3,4,1,5,True,0,1,445057,V612,42,174406
1168056,SIN_COLUMNA,NORMAL,NORMAL,Santiago,13,True,07-07-2026 0:00:00,07-07-2026 16:19:22,08-07-2026 16:30:26,08-07-2026 16:30:26,09-07-2026 8:27:00,,09-07-2026 8:27:00,2,3,4,1,5,True,0,1,981505,V612,46,60294
1168053,SIN_COLUMNA,NORMAL,NORMAL,Santiago,13,True,07-07-2026 0:00:00,07-07-2026 15:02:54,10-07-2026 11:19:47,10-07-2026 11:19:47,13-07-2026 13:25:00,,13-07-2026 13:25:00,4,3,4,1,5,True,0,1,371062,V615,43,28035
1168048,SIN_COLUMNA,NORMAL,NORMAL,Santiago,13,True,07-07-2026 0:00:00,07-07-2026 10:48:26,07-07-2026 15:53:03,07-07-2026 15:53:03,08-07-2026 9:49:00,,08-07-2026 9:49:00,1,3,4,1,5,True,0,1,420450,V585,45,2032454
1168047,SIN_COLUMNA,NORMAL,NORMAL,Santiago,13,True,07-07-2026 0:00:00,07-07-2026 0:00:00,08-07-2026 16:30:17,08-07-2026 16:30:17,09-07-2026 8:25:00,,09-07-2026 8:25:00,2,3,4,1,5,True,0,1,411469,V615,43,144217
1168036,SIN_COLUMNA,NORMAL,NORMAL,Santiago,13,True,06-07-2026 0:00:00,06-07-2026 14:09:57,09-07-2026 16:10:50,09-07-2026 16:10:50,10-07-2026 7:57:00,,10-07-2026 7:57:00,4,3,4,1,5,True,0,1,360018,V615,43,66150
1168023,SIN_COLUMNA,NORMAL,NORMAL,Santiago,13,True,06-07-2026 0:00:00,06-07-2026 8:47:46,07-07-2026 10:18:28,07-07-2026 10:18:28,08-07-2026 10:26:00,,08-07-2026 10:26:00,2,3,4,1,5,True,0,1,371038,V612,46,1454436
1168012,SIN_COLUMNA,NORMAL,NORMAL,Santiago,13,True,02-07-2026 0:00:00,02-07-2026 14:51:24,06-07-2026 0:00:00,06-07-2026 0:00:00,07-07-2026 14:35:00,,07-07-2026 14:35:00,3,3,4,1,5,True,0,1,430578,V612,46,315914
1167649,SIN_COLUMNA,NORMAL,NORMAL,Santiago,13,True,01-07-2026 0:00:00,01-07-2026 13:33:08,06-07-2026 14:23:35,06-07-2026 14:23:35,07-07-2026 16:44:00,,07-07-2026 16:44:00,4,3,4,1,5,True,0,1,411402,V612,46,59636
1167634,SIN_COLUMNA,NORMAL,NORMAL,Santiago,13,True,01-07-2026 0:00:00,01-07-2026 12:24:31,06-07-2026 14:23:32,06-07-2026 14:23:32,07-07-2026 16:44:00,,07-07-2026 16:44:00,4,3,4,1,5,True,0,1,411402,V612,46,1358136
1167378,SIN_COLUMNA,NORMAL,NORMAL,Santiago,13,True,26-06-2026 0:00:00,26-06-2026 11:20:20,26-06-2026 12:57:05,26-06-2026 12:57:05,30-06-2026 10:49:00,,30-06-2026 10:49:00,1,3,4,1,5,True,0,1,460257,V612,46,108363
1167371,SIN_COLUMNA,NORMAL,NORMAL,Santiago,13,True,25-06-2026 0:00:00,25-06-2026 18:33:09,26-06-2026 12:29:57,26-06-2026 12:29:57,30-06-2026 9:48:00,,30-06-2026 9:48:00,2,3,4,1,5,True,0,1,981528,V612,46,107746
1167366,SIN_COLUMNA,NORMAL,NORMAL,Santiago,13,True,25-06-2026 0:00:00,25-06-2026 16:39:54,26-06-2026 12:57:17,26-06-2026 12:57:17,30-06-2026 9:40:00,,30-06-2026 9:40:00,2,3,4,1,5,True,0,1,420450,V585,45,2413905
1167352,SIN_COLUMNA,NORMAL,NORMAL,Santiago,13,True,25-06-2026 0:00:00,25-06-2026 9:25:29,26-06-2026 13:28:47,26-06-2026 13:28:47,30-06-2026 11:45:00,,30-06-2026 11:45:00,2,3,4,1,5,True,0,1,430446,V615,43,818611
1167343,SIN_COLUMNA,NORMAL,NORMAL,Santiago,13,True,24-06-2026 0:00:00,24-06-2026 13:46:55,25-06-2026 13:48:01,25-06-2026 13:48:01,26-06-2026 12:18:00,,26-06-2026 12:18:00,2,3,4,1,5,True,0,1,371038,V612,46,147853
1167312,SIN_COLUMNA,NORMAL,NORMAL,Santiago,13,True,23-06-2026 0:00:00,23-06-2026 15:30:33,25-06-2026 12:37:26,25-06-2026 12:37:26,26-06-2026 9:22:00,,26-06-2026 9:22:00,3,3,4,1,5,True,0,1,400456,V615,43,232160
1167306,SIN_COLUMNA,NORMAL,NORMAL,Santiago,13,True,23-06-2026 0:00:00,23-06-2026 12:00:25,25-06-2026 11:56:05,25-06-2026 11:56:05,26-06-2026 10:09:00,,26-06-2026 10:09:00,3,3,4,1,5,True,0,1,460257,V612,46,5597970
1167301,SIN_COLUMNA,NORMAL,NORMAL,Santiago,13,True,23-06-2026 0:00:00,23-06-2026 9:29:22,24-06-2026 17:22:06,24-06-2026 17:22:06,25-06-2026 11:53:00,,25-06-2026 11:53:00,2,3,4,1,5,True,0,1,411318,V615,43,920202
1167300,SIN_COLUMNA,NORMAL,NORMAL,Santiago,13,True,23-06-2026 0:00:00,23-06-2026 0:00:00,24-06-2026 15:25:53,24-06-2026 15:25:53,25-06-2026 11:24:00,,25-06-2026 11:24:00,2,3,4,1,5,True,0,1,981528,V612,46,107746
4190139830,SIN_COLUMNA,NORMAL,NORMAL,Santiago,13,True,22-06-2026 0:00:00,22-06-2026 23:37:22,23-06-2026 14:50:24,23-06-2026 14:50:24,24-06-2026 9:28:00,,24-06-2026 9:28:00,2,3,4,1,5,True,0,1,481023,V650,43,226877
4190139822,SIN_COLUMNA,NORMAL,NORMAL,Santiago,13,True,22-06-2026 0:00:00,22-06-2026 22:55:24,24-06-2026 17:22:43,24-06-2026 17:22:43,25-06-2026 11:53:00,,25-06-2026 11:53:00,3,3,4,1,5,True,0,1,460004,V650,43,333945
4190139816,SIN_COLUMNA,NORMAL,NORMAL,Santiago,13,True,22-06-2026 0:00:00,22-06-2026 21:56:11,24-06-2026 17:22:38,24-06-2026 17:22:38,25-06-2026 11:52:00,,25-06-2026 11:52:00,3,3,4,1,5,True,0,1,495109,V650,43,329813
1167297,SIN_COLUMNA,NORMAL,NORMAL,Santiago,13,True,22-06-2026 0:00:00,22-06-2026 20:36:52,25-06-2026 13:48:17,25-06-2026 13:48:17,26-06-2026 9:23:00,,26-06-2026 9:23:00,4,3,4,1,5,True,0,1,400364,V615,43,92757
4190139807,SIN_COLUMNA,NORMAL,NORMAL,Santiago,13,True,22-06-2026 0:00:00,22-06-2026 19:27:54,24-06-2026 17:22:34,24-06-2026 17:22:34,25-06-2026 11:53:00,,25-06-2026 11:53:00,3,3,4,1,5,True,0,1,455352,V650,43,89847
4190139806,SIN_COLUMNA,NORMAL,NORMAL,Santiago,13,True,22-06-2026 0:00:00,22-06-2026 19:07:43,24-06-2026 17:22:29,24-06-2026 17:22:29,25-06-2026 11:53:00,,25-06-2026 11:53:00,3,3,4,1,5,True,0,1,455352,V650,43,224444
4190139797,SIN_COLUMNA,NORMAL,NORMAL,Santiago,13,True,22-06-2026 0:00:00,22-06-2026 17:39:50,24-06-2026 16:42:15,24-06-2026 16:42:15,25-06-2026 11:10:00,,25-06-2026 11:10:00,3,3,4,1,5,True,0,1,460137,V650,43,893716
1167291,SIN_COLUMNA,NORMAL,NORMAL,Santiago,13,True,22-06-2026 0:00:00,22-06-2026 16:59:55,24-06-2026 15:26:04,24-06-2026 15:26:04,25-06-2026 11:51:00,,25-06-2026 11:51:00,3,3,4,1,5,True,0,1,400495,V615,43,20337
1167290,SIN_COLUMNA,NORMAL,NORMAL,Santiago,13,True,22-06-2026 0:00:00,22-06-2026 16:57:29,24-06-2026 15:25:58,24-06-2026 15:25:58,25-06-2026 11:27:00,,25-06-2026 11:27:00,3,3,4,1,5,True,0,1,400495,V615,43,13816
1167289,SIN_COLUMNA,NORMAL,NORMAL,Santiago,13,True,22-06-2026 0:00:00,22-06-2026 16:45:53,24-06-2026 16:41:15,24-06-2026 16:41:15,25-06-2026 11:05:00,,25-06-2026 11:05:00,3,3,4,1,5,True,0,1,410528,V615,43,101945
1167286,SIN_COLUMNA,NORMAL,NORMAL,Santiago,13,True,22-06-2026 0:00:00,22-06-2026 16:28:33,24-06-2026 15:25:47,24-06-2026 15:25:47,25-06-2026 11:50:00,,25-06-2026 11:50:00,3,3,4,1,5,True,0,1,370088,V615,43,142006
4190139791,SIN_COLUMNA,NORMAL,NORMAL,Santiago,13,True,22-06-2026 0:00:00,22-06-2026 15:19:23,24-06-2026 15:25:42,24-06-2026 15:25:42,25-06-2026 11:25:00,,25-06-2026 11:25:00,3,3,4,1,5,True,0,1,455058,V650,43,13152
4190139783,SIN_COLUMNA,NORMAL,NORMAL,Santiago,13,True,22-06-2026 0:00:00,22-06-2026 13:22:07,24-06-2026 17:37:06,24-06-2026 17:37:06,25-06-2026 11:03:00,,25-06-2026 11:03:00,3,3,4,1,5,True,0,1,430074,V610,43,902463
1167280,SIN_COLUMNA,NORMAL,NORMAL,Santiago,13,True,22-06-2026 0:00:00,22-06-2026 13:20:41,23-06-2026 12:49:16,23-06-2026 12:49:16,24-06-2026 9:24:00,,24-06-2026 9:24:00,2,3,4,1,5,True,0,1,400424,V615,43,183533
1167269,SIN_COLUMNA,NORMAL,NORMAL,Santiago,13,True,22-06-2026 0:00:00,22-06-2026 10:31:42,22-06-2026 0:00:00,22-06-2026 0:00:00,23-06-2026 9:58:00,,23-06-2026 9:58:00,1,3,4,1,5,True,0,1,460257,V612,46,241518
1167266,SIN_COLUMNA,NORMAL,NORMAL,Santiago,13,True,22-06-2026 0:00:00,22-06-2026 8:54:11,23-06-2026 9:54:42,23-06-2026 9:54:42,24-06-2026 13:09:00,,24-06-2026 13:09:00,2,3,4,1,5,True,0,1,411430,V612,46,413664
4190139809,SIN_COLUMNA,NORMAL,NORMAL,Santiago,13,True,22-06-2026 0:00:00,22-06-2026 0:00:00,24-06-2026 16:42:35,24-06-2026 16:42:35,25-06-2026 11:19:00,,25-06-2026 11:19:00,3,3,4,1,5,True,0,1,430493,V650,43,1071532
1167262,SIN_COLUMNA,NORMAL,NORMAL,Santiago,13,True,19-06-2026 0:00:00,19-06-2026 12:18:31,22-06-2026 10:45:14,22-06-2026 10:45:14,23-06-2026 9:58:00,,23-06-2026 9:58:00,2,3,4,1,5,True,0,1,430881,V612,46,554339
1167258,SIN_COLUMNA,NORMAL,NORMAL,Santiago,13,True,18-06-2026 0:00:00,18-06-2026 18:40:57,22-06-2026 14:44:29,22-06-2026 14:44:29,23-06-2026 7:08:00,,23-06-2026 7:08:00,3,3,4,1,5,True,0,1,410775,V615,43,1044864
1167253,SIN_COLUMNA,NORMAL,NORMAL,Santiago,13,True,18-06-2026 0:00:00,18-06-2026 17:40:45,23-06-2026 10:50:17,23-06-2026 10:50:17,24-06-2026 9:30:00,,24-06-2026 9:30:00,4,3,4,1,5,True,0,1,420064,V615,43,305439
1167247,SIN_COLUMNA,NORMAL,NORMAL,Santiago,13,True,18-06-2026 0:00:00,18-06-2026 13:57:25,19-06-2026 11:15:57,19-06-2026 11:15:57,22-06-2026 16:01:00,,22-06-2026 16:01:00,2,3,4,1,5,True,0,1,411179,V615,43,339764
4190139746,SIN_COLUMNA,NORMAL,NORMAL,Santiago,13,True,18-06-2026 0:00:00,18-06-2026 12:56:33,18-06-2026 0:00:00,18-06-2026 0:00:00,19-06-2026 10:55:00,,19-06-2026 10:55:00,1,3,4,1,5,True,0,1,410455,V650,45,160124
1167241,SIN_COLUMNA,NORMAL,NORMAL,Santiago,13,True,18-06-2026 0:00:00,18-06-2026 8:21:05,18-06-2026 12:48:45,18-06-2026 12:48:45,19-06-2026 10:46:00,,19-06-2026 10:46:00,1,3,4,1,5,True,0,1,981625,V612,46,303574
1167249,SIN_COLUMNA,NORMAL,NORMAL,Santiago,13,True,18-06-2026 0:00:00,18-06-2026 0:00:00,22-06-2026 9:54:59,22-06-2026 9:54:59,23-06-2026 9:58:00,,23-06-2026 9:58:00,3,3,4,1,5,True,0,1,460257,V612,46,1944288
1167248,SIN_COLUMNA,NORMAL,NORMAL,Santiago,13,True,18-06-2026 0:00:00,18-06-2026 0:00:00,22-06-2026 9:33:38,22-06-2026 9:33:38,23-06-2026 9:58:00,,23-06-2026 9:58:00,3,3,4,1,5,True,0,1,460257,V612,46,29984
1167237,SIN_COLUMNA,NORMAL,NORMAL,Santiago,13,True,17-06-2026 0:00:00,17-06-2026 21:18:22,18-06-2026 0:00:00,18-06-2026 0:00:00,19-06-2026 10:56:00,,19-06-2026 10:56:00,2,3,4,1,5,True,0,1,420263,V615,43,160369
1167218,SIN_COLUMNA,NORMAL,NORMAL,Santiago,13,True,17-06-2026 0:00:00,17-06-2026 8:49:03,18-06-2026 0:00:00,18-06-2026 0:00:00,19-06-2026 12:02:00,,19-06-2026 12:02:00,2,3,4,1,5,True,0,1,371002,V615,43,496802
1167236,SIN_COLUMNA,NORMAL,NORMAL,Santiago,13,True,17-06-2026 0:00:00,17-06-2026 0:00:00,18-06-2026 15:30:30,18-06-2026 15:30:30,19-06-2026 10:56:00,,19-06-2026 10:56:00,2,3,4,1,5,True,0,1,420263,V615,43,158311
4190139729,SIN_COLUMNA,NORMAL,NORMAL,Santiago,13,True,16-06-2026 0:00:00,16-06-2026 21:18:12,18-06-2026 18:02:50,18-06-2026 18:02:50,19-06-2026 11:20:00,,19-06-2026 11:20:00,3,3,4,1,5,True,0,1,430743,V650,43,427881
4190139728,SIN_COLUMNA,NORMAL,NORMAL,Santiago,13,True,16-06-2026 0:00:00,16-06-2026 21:01:47,17-06-2026 0:00:00,17-06-2026 0:00:00,18-06-2026 15:46:00,,18-06-2026 15:46:00,2,3,4,1,5,True,0,1,430946,V650,43,198378
1167204,SIN_COLUMNA,NORMAL,NORMAL,Santiago,13,True,16-06-2026 0:00:00,16-06-2026 12:41:38,16-06-2026 16:01:55,16-06-2026 16:01:55,17-06-2026 12:46:00,,17-06-2026 12:46:00,1,3,4,1,5,True,0,1,411402,V612,46,336084
1167199,SIN_COLUMNA,NORMAL,NORMAL,Santiago,13,True,16-06-2026 0:00:00,16-06-2026 10:40:59,17-06-2026 15:57:47,17-06-2026 15:57:47,18-06-2026 15:48:00,,18-06-2026 15:48:00,2,3,4,1,5,True,0,1,455018,V610,43,556297
1167197,SIN_COLUMNA,NORMAL,NORMAL,Santiago,13,True,16-06-2026 0:00:00,16-06-2026 9:14:04,17-06-2026 0:00:00,17-06-2026 0:00:00,18-06-2026 12:41:00,,18-06-2026 12:41:00,2,3,4,1,5,True,0,1,981560,V612,46,157329
1167193,SIN_COLUMNA,NORMAL,NORMAL,Santiago,13,True,15-06-2026 0:00:00,15-06-2026 18:14:50,16-06-2026 11:25:41,16-06-2026 11:25:41,17-06-2026 12:07:00,,17-06-2026 12:07:00,2,3,4,1,5,True,0,1,981617,V612,46,59086
1167186,SIN_COLUMNA,NORMAL,NORMAL,Santiago,13,True,15-06-2026 0:00:00,15-06-2026 13:11:44,16-06-2026 10:54:13,16-06-2026 10:54:13,17-06-2026 10:07:00,,17-06-2026 10:07:00,2,3,4,1,5,True,0,1,460257,V612,46,146453
1167185,SIN_COLUMNA,NORMAL,NORMAL,Santiago,13,True,15-06-2026 0:00:00,15-06-2026 12:28:33,16-06-2026 11:19:42,16-06-2026 11:19:42,17-06-2026 12:46:00,,17-06-2026 12:46:00,2,3,4,1,5,True,0,1,411402,V612,46,583954
1167182,SIN_COLUMNA,NORMAL,NORMAL,Santiago,13,True,15-06-2026 0:00:00,15-06-2026 11:56:47,16-06-2026 9:28:27,16-06-2026 9:28:27,17-06-2026 9:52:00,,17-06-2026 9:52:00,2,3,4,1,5,True,0,1,400560,V612,46,1118647
1167165,SIN_COLUMNA,NORMAL,NORMAL,Santiago,13,True,15-06-2026 0:00:00,15-06-2026 8:35:47,17-06-2026 0:00:00,17-06-2026 0:00:00,18-06-2026 11:23:00,,18-06-2026 11:23:00,3,3,4,1,5,True,0,1,430578,V612,46,262155
1167156,SIN_COLUMNA,NORMAL,NORMAL,Santiago,13,True,12-06-2026 0:00:00,12-06-2026 11:54:55,16-06-2026 10:16:58,16-06-2026 10:16:58,17-06-2026 9:25:00,,17-06-2026 9:25:00,3,3,4,1,5,True,0,1,970007,V906,47,241980
1167154,SIN_COLUMNA,NORMAL,NORMAL,Santiago,13,True,12-06-2026 0:00:00,12-06-2026 11:13:57,12-06-2026 13:50:15,12-06-2026 13:50:15,15-06-2026 8:55:00,,15-06-2026 8:55:00,1,3,4,1,5,True,0,1,400560,V612,46,499349
1167144,SIN_COLUMNA,NORMAL,NORMAL,Santiago,13,True,11-06-2026 0:00:00,11-06-2026 15:47:01,12-06-2026 0:00:00,12-06-2026 0:00:00,15-06-2026 14:39:00,,15-06-2026 14:39:00,2,3,4,1,5,True,0,1,400456,V615,43,139677
1167142,SIN_COLUMNA,NORMAL,NORMAL,Santiago,13,True,11-06-2026 0:00:00,11-06-2026 15:19:20,12-06-2026 13:04:38,12-06-2026 13:04:38,15-06-2026 14:41:00,,15-06-2026 14:41:00,2,3,4,1,5,True,0,1,420090,V615,43,774493
1167141,SIN_COLUMNA,NORMAL,NORMAL,Santiago,13,True,11-06-2026 0:00:00,11-06-2026 15:00:15,16-06-2026 17:52:10,16-06-2026 17:52:10,17-06-2026 9:52:00,,17-06-2026 9:52:00,4,3,4,1,5,True,0,1,400442,V612,46,3225222
1167138,SIN_COLUMNA,NORMAL,NORMAL,Santiago,13,True,11-06-2026 0:00:00,11-06-2026 13:29:16,11-06-2026 16:21:24,11-06-2026 16:21:24,12-06-2026 13:03:00,,12-06-2026 13:03:00,1,3,4,1,5,True,0,1,411402,V612,46,531966
1167137,SIN_COLUMNA,NORMAL,NORMAL,Santiago,13,True,11-06-2026 0:00:00,11-06-2026 13:00:04,12-06-2026 10:18:13,12-06-2026 10:18:13,15-06-2026 8:55:00,,15-06-2026 8:55:00,2,3,4,1,5,True,0,1,400560,V612,46,108987
1167136,SIN_COLUMNA,NORMAL,NORMAL,Santiago,13,True,11-06-2026 0:00:00,11-06-2026 12:10:48,12-06-2026 10:18:07,12-06-2026 10:18:07,15-06-2026 8:55:00,,15-06-2026 8:55:00,2,3,4,1,5,True,0,1,400560,V612,46,1177126
4190139667,SIN_COLUMNA,NORMAL,NORMAL,Santiago,13,True,11-06-2026 0:00:00,11-06-2026 11:52:39,11-06-2026 14:01:36,11-06-2026 14:01:36,12-06-2026 11:14:00,,12-06-2026 11:14:00,1,3,4,1,5,True,0,1,410455,V650,45,423700
4190139660,SIN_COLUMNA,NORMAL,NORMAL,Santiago,13,True,11-06-2026 0:00:00,11-06-2026 10:29:16,12-06-2026 13:04:44,12-06-2026 13:04:44,15-06-2026 7:05:00,,15-06-2026 7:05:00,2,3,4,1,5,True,0,1,460051,V650,43,568605
1167133,SIN_COLUMNA,NORMAL,NORMAL,Santiago,13,True,11-06-2026 0:00:00,11-06-2026 9:29:44,12-06-2026 0:00:00,12-06-2026 0:00:00,15-06-2026 13:18:00,,15-06-2026 13:18:00,2,3,4,1,5,True,0,1,411402,V612,46,4763235
4190139648,SIN_COLUMNA,NORMAL,NORMAL,Santiago,13,True,11-06-2026 0:00:00,11-06-2026 9:00:40,11-06-2026 12:18:53,11-06-2026 12:18:53,12-06-2026 11:18:00,,12-06-2026 11:18:00,1,3,4,1,5,True,0,1,460213,V650,43,353628
1167111,SIN_COLUMNA,NORMAL,NORMAL,Santiago,13,True,09-06-2026 0:00:00,09-06-2026 15:50:01,11-06-2026 16:56:05,11-06-2026 16:56:05,12-06-2026 10:36:00,,12-06-2026 10:36:00,3,3,4,1,5,True,0,1,371038,V612,46,129689
1167108,SIN_COLUMNA,NORMAL,NORMAL,Santiago,13,True,09-06-2026 0:00:00,09-06-2026 14:34:11,10-06-2026 0:00:00,10-06-2026 0:00:00,11-06-2026 12:06:00,,11-06-2026 12:06:00,2,3,4,1,5,True,0,1,400442,V612,46,96848
1167103,SIN_COLUMNA,NORMAL,NORMAL,Santiago,13,True,09-06-2026 0:00:00,09-06-2026 11:37:08,09-06-2026 17:29:00,09-06-2026 17:29:00,10-06-2026 15:05:00,,10-06-2026 15:05:00,1,3,4,1,5,True,0,1,411430,V612,46,123867
1167104,SIN_COLUMNA,NORMAL,NORMAL,Santiago,13,True,09-06-2026 0:00:00,09-06-2026 0:00:00,09-06-2026 17:28:56,09-06-2026 17:28:56,10-06-2026 12:45:00,,10-06-2026 12:45:00,1,3,4,1,5,True,0,1,371044,V615,43,952672
1167099,SIN_COLUMNA,NORMAL,NORMAL,Santiago,13,True,08-06-2026 0:00:00,08-06-2026 18:31:55,09-06-2026 16:59:09,09-06-2026 16:59:09,10-06-2026 12:49:00,,10-06-2026 12:49:00,2,3,4,1,5,True,0,1,420773,V615,43,382077
1167088,SIN_COLUMNA,NORMAL,NORMAL,Santiago,13,True,08-06-2026 0:00:00,08-06-2026 11:09:49,09-06-2026 15:46:42,09-06-2026 15:46:42,10-06-2026 12:09:00,,10-06-2026 12:09:00,2,3,4,1,5,True,0,1,460257,V612,46,66541
1167087,SIN_COLUMNA,NORMAL,NORMAL,Santiago,13,True,08-06-2026 0:00:00,08-06-2026 11:02:32,09-06-2026 15:21:32,09-06-2026 15:21:32,10-06-2026 12:09:00,,10-06-2026 12:09:00,2,3,4,1,5,True,0,1,460257,V612,46,597447
1167073,SIN_COLUMNA,NORMAL,NORMAL,Santiago,13,True,05-06-2026 0:00:00,05-06-2026 8:43:17,05-06-2026 13:19:29,05-06-2026 13:19:29,08-06-2026 11:58:00,,08-06-2026 11:58:00,1,3,4,1,5,True,0,1,371038,V612,46,16650
1167063,SIN_COLUMNA,NORMAL,NORMAL,Santiago,13,True,04-06-2026 0:00:00,04-06-2026 14:54:55,05-06-2026 0:00:00,05-06-2026 0:00:00,08-06-2026 16:14:00,,08-06-2026 16:14:00,2,3,4,1,5,True,0,1,411430,V612,46,112279
1167058,SIN_COLUMNA,NORMAL,NORMAL,Santiago,13,True,04-06-2026 0:00:00,04-06-2026 12:45:19,05-06-2026 8:54:24,05-06-2026 8:54:24,08-06-2026 9:57:00,,08-06-2026 9:57:00,2,3,4,1,5,True,0,1,420450,V585,45,3810290
1167055,SIN_COLUMNA,NORMAL,NORMAL,Santiago,13,True,04-06-2026 0:00:00,04-06-2026 8:41:00,05-06-2026 8:53:49,05-06-2026 8:53:49,08-06-2026 14:21:00,,08-06-2026 14:21:00,2,3,4,1,5,True,0,1,400442,V612,46,156559
1167064,SIN_COLUMNA,NORMAL,NORMAL,Santiago,13,True,04-06-2026 0:00:00,04-06-2026 0:00:00,05-06-2026 12:48:32,05-06-2026 12:48:32,08-06-2026 12:21:00,,08-06-2026 12:21:00,2,3,4,1,5,True,0,1,411402,V612,46,142484
1167056,SIN_COLUMNA,NORMAL,NORMAL,Santiago,13,True,04-06-2026 0:00:00,04-06-2026 0:00:00,05-06-2026 14:18:53,05-06-2026 14:18:53,08-06-2026 11:41:00,,08-06-2026 11:41:00,2,3,4,1,5,True,0,1,420415,V610,43,1772066
1167051,SIN_COLUMNA,NORMAL,NORMAL,Santiago,13,True,03-06-2026 0:00:00,03-06-2026 16:39:30,04-06-2026 16:19:51,04-06-2026 16:19:51,05-06-2026 12:12:00,,05-06-2026 12:12:00,2,3,4,1,5,True,0,1,360019,V615,43,56093
1167048,SIN_COLUMNA,NORMAL,NORMAL,Santiago,13,True,03-06-2026 0:00:00,03-06-2026 13:07:45,03-06-2026 0:00:00,03-06-2026 0:00:00,04-06-2026 9:44:00,,04-06-2026 9:44:00,1,3,4,1,5,True,0,1,420421,V610,43,632218
1167044,SIN_COLUMNA,NORMAL,NORMAL,Santiago,13,True,03-06-2026 0:00:00,03-06-2026 8:56:35,04-06-2026 17:24:04,04-06-2026 17:24:04,05-06-2026 11:29:00,,05-06-2026 11:29:00,2,3,4,1,5,True,0,1,411402,V612,46,1081049
1167039,SIN_COLUMNA,NORMAL,NORMAL,Santiago,13,True,02-06-2026 0:00:00,02-06-2026 18:16:58,05-06-2026 12:47:16,05-06-2026 12:47:16,08-06-2026 10:39:00,,08-06-2026 10:39:00,4,3,4,1,5,True,0,1,400479,V614,43,197466
1167031,SIN_COLUMNA,NORMAL,NORMAL,Santiago,13,True,02-06-2026 0:00:00,02-06-2026 14:37:37,03-06-2026 14:41:08,03-06-2026 14:41:08,04-06-2026 14:22:00,,04-06-2026 14:22:00,2,3,4,1,5,True,0,1,411402,V612,46,415231
1167028,SIN_COLUMNA,NORMAL,NORMAL,Santiago,13,True,02-06-2026 0:00:00,02-06-2026 12:49:59,04-06-2026 17:23:20,04-06-2026 17:23:20,05-06-2026 12:07:00,,05-06-2026 12:07:00,3,3,4,1,5,True,0,1,411410,V612,46,24848
1166842,SIN_COLUMNA,NORMAL,NORMAL,Santiago,13,True,29-05-2026 0:00:00,29-05-2026 0:00:00,03-06-2026 18:03:36,03-06-2026 18:03:36,04-06-2026 14:51:00,,04-06-2026 14:51:00,4,3,4,1,5,True,0,1,410919,V614,43,299520
4190139484,SIN_COLUMNA,NORMAL,NORMAL,Santiago,13,True,27-05-2026 0:00:00,27-05-2026 18:00:49,28-05-2026 15:15:34,28-05-2026 15:15:34,29-05-2026 11:55:00,,29-05-2026 11:55:00,2,3,4,1,5,True,0,1,410455,V615,45,1198832
1166677,SIN_COLUMNA,NORMAL,NORMAL,Santiago,13,True,27-05-2026 0:00:00,27-05-2026 17:00:05,28-05-2026 0:00:00,28-05-2026 0:00:00,29-05-2026 11:54:00,,29-05-2026 11:54:00,2,3,4,1,5,True,0,1,981560,V612,46,65115
1166675,SIN_COLUMNA,NORMAL,NORMAL,Santiago,13,True,27-05-2026 0:00:00,27-05-2026 14:49:09,28-05-2026 8:48:41,28-05-2026 8:48:41,29-05-2026 11:47:00,,29-05-2026 11:47:00,2,3,4,1,5,True,0,1,411402,V612,46,71312
1166670,SIN_COLUMNA,NORMAL,NORMAL,Santiago,13,True,27-05-2026 0:00:00,27-05-2026 10:45:40,27-05-2026 14:13:53,27-05-2026 14:13:53,28-05-2026 11:30:00,,28-05-2026 11:30:00,1,3,4,1,5,True,0,1,411410,V612,46,231720
4190139466,SIN_COLUMNA,NORMAL,NORMAL,Santiago,13,True,27-05-2026 0:00:00,27-05-2026 9:30:16,27-05-2026 12:59:18,27-05-2026 12:59:18,28-05-2026 11:27:00,,28-05-2026 11:27:00,1,3,4,1,5,True,0,1,440083,V610,45,275252
1166667,SIN_COLUMNA,NORMAL,NORMAL,Santiago,13,True,27-05-2026 0:00:00,27-05-2026 9:21:35,27-05-2026 14:45:41,27-05-2026 14:45:41,28-05-2026 11:29:00,,28-05-2026 11:29:00,1,3,4,1,5,True,0,1,420116,V612,46,60300
1166666,SIN_COLUMNA,NORMAL,NORMAL,Santiago,13,True,27-05-2026 0:00:00,27-05-2026 9:04:52,27-05-2026 14:13:59,27-05-2026 14:13:59,28-05-2026 11:34:00,,28-05-2026 11:34:00,1,3,4,1,5,True,0,1,981505,V612,46,34197
1166671,SIN_COLUMNA,NORMAL,NORMAL,Santiago,13,True,27-05-2026 0:00:00,27-05-2026 0:00:00,28-05-2026 8:58:04,28-05-2026 8:58:04,29-05-2026 12:35:00,,29-05-2026 12:35:00,2,3,4,1,5,True,0,1,440382,V612,46,48241
1166673,SIN_COLUMNA,NORMAL,NORMAL,Santiago,13,True,27-05-2026 0:00:00,27-05-2026 0:00:00,28-05-2026 17:30:40,28-05-2026 17:30:40,29-05-2026 11:54:00,,29-05-2026 11:54:00,2,3,4,1,5,True,0,1,400471,V614,43,100095
1166652,SIN_COLUMNA,NORMAL,NORMAL,Santiago,13,True,26-05-2026 0:00:00,26-05-2026 11:27:06,26-05-2026 16:48:30,26-05-2026 16:48:30,27-05-2026 10:38:00,,27-05-2026 10:38:00,1,3,4,1,5,True,0,1,460257,V612,46,118744
1166649,SIN_COLUMNA,NORMAL,NORMAL,Santiago,13,True,26-05-2026 0:00:00,26-05-2026 10:06:50,26-05-2026 15:42:59,26-05-2026 15:42:59,27-05-2026 8:16:00,,27-05-2026 8:16:00,1,3,4,1,5,True,0,1,400560,V612,46,559907
1166651,SIN_COLUMNA,NORMAL,NORMAL,Santiago,13,True,26-05-2026 0:00:00,26-05-2026 0:00:00,27-05-2026 16:36:00,27-05-2026 16:36:00,28-05-2026 8:55:00,,28-05-2026 8:55:00,2,3,4,1,5,True,0,1,400553,V612,46,1441871
1166647,SIN_COLUMNA,NORMAL,NORMAL,Santiago,13,True,26-05-2026 0:00:00,26-05-2026 0:00:00,26-05-2026 16:37:23,26-05-2026 16:37:23,27-05-2026 12:18:00,,27-05-2026 12:18:00,1,3,4,1,5,True,0,1,400442,V612,46,221896
4190139441,SIN_COLUMNA,NORMAL,NORMAL,Santiago,13,True,25-05-2026 0:00:00,25-05-2026 22:59:34,26-05-2026 15:09:35,26-05-2026 15:09:35,27-05-2026 15:19:00,,27-05-2026 15:19:00,2,3,4,1,5,True,0,1,420263,V615,43,613941
1166637,SIN_COLUMNA,NORMAL,NORMAL,Santiago,13,True,25-05-2026 0:00:00,25-05-2026 13:17:42,25-05-2026 16:58:34,25-05-2026 16:58:34,26-05-2026 13:14:00,,26-05-2026 13:14:00,1,3,4,1,5,True,0,1,981528,V612,46,287323
1166634,SIN_COLUMNA,NORMAL,NORMAL,Santiago,13,True,25-05-2026 0:00:00,25-05-2026 12:04:48,26-05-2026 10:07:48,26-05-2026 10:07:48,27-05-2026 8:48:00,,27-05-2026 8:48:00,2,3,4,1,5,True,0,1,420421,V610,43,1751268
1166631,SIN_COLUMNA,NORMAL,NORMAL,Santiago,13,True,25-05-2026 0:00:00,25-05-2026 11:08:54,25-05-2026 15:04:54,25-05-2026 15:04:54,26-05-2026 13:12:00,,26-05-2026 13:12:00,1,3,4,1,5,True,0,1,410054,V612,46,466885
4190139424,SIN_COLUMNA,NORMAL,NORMAL,Santiago,13,True,25-05-2026 0:00:00,25-05-2026 10:04:53,26-05-2026 10:07:52,26-05-2026 10:07:52,27-05-2026 8:48:00,,27-05-2026 8:48:00,2,3,4,1,5,True,0,1,420421,V610,43,1084762
1166635,SIN_COLUMNA,NORMAL,NORMAL,Santiago,13,True,25-05-2026 0:00:00,25-05-2026 0:00:00,26-05-2026 14:33:17,26-05-2026 14:33:17,27-05-2026 8:48:00,,27-05-2026 8:48:00,2,3,4,1,5,True,0,1,420421,V610,43,2250928
1166636,SIN_COLUMNA,NORMAL,NORMAL,Santiago,13,True,25-05-2026 0:00:00,25-05-2026 0:00:00,26-05-2026 0:00:00,26-05-2026 0:00:00,27-05-2026 8:48:00,,27-05-2026 8:48:00,2,3,4,1,5,True,0,1,420421,V610,43,2532779
1166618,SIN_COLUMNA,NORMAL,NORMAL,Santiago,13,True,22-05-2026 0:00:00,22-05-2026 10:48:55,25-05-2026 15:46:40,25-05-2026 15:46:40,26-05-2026 14:12:00,,26-05-2026 14:12:00,2,3,4,1,5,True,0,1,411402,V612,46,782365
4190139404,SIN_COLUMNA,NORMAL,NORMAL,Santiago,13,True,21-05-2026 0:00:00,21-05-2026 0:00:00,25-05-2026 17:24:38,25-05-2026 17:24:38,26-05-2026 15:09:00,,26-05-2026 15:09:00,3,3,4,1,5,True,0,1,420599,V615,43,140937
1166612,SIN_COLUMNA,NORMAL,NORMAL,Santiago,13,True,20-05-2026 0:00:00,20-05-2026 15:32:30,22-05-2026 8:48:32,22-05-2026 8:48:32,25-05-2026 14:54:00,,25-05-2026 14:54:00,2,3,4,1,5,True,0,1,371038,V612,46,749359
4190139398,SIN_COLUMNA,NORMAL,NORMAL,Santiago,13,True,20-05-2026 0:00:00,20-05-2026 13:46:59,20-05-2026 17:33:04,20-05-2026 17:33:04,22-05-2026 11:12:00,,22-05-2026 11:12:00,1,3,4,1,5,True,0,1,430849,V615,43,277554
1166609,SIN_COLUMNA,NORMAL,NORMAL,Santiago,13,True,20-05-2026 0:00:00,20-05-2026 13:15:12,20-05-2026 15:48:27,20-05-2026 15:48:27,22-05-2026 11:07:00,,22-05-2026 11:07:00,1,3,4,1,5,True,0,1,410528,V614,43,194832
4190139395,SIN_COLUMNA,NORMAL,NORMAL,Santiago,13,True,20-05-2026 0:00:00,20-05-2026 12:06:55,22-05-2026 9:22:22,22-05-2026 9:22:22,25-05-2026 12:57:00,,25-05-2026 12:57:00,2,3,4,1,5,True,0,1,430896,V615,43,1175070
1166602,SIN_COLUMNA,NORMAL,NORMAL,Santiago,13,True,20-05-2026 0:00:00,20-05-2026 10:43:41,22-05-2026 10:43:48,22-05-2026 10:43:48,25-05-2026 12:39:09,,25-05-2026 12:39:09,2,3,4,1,5,True,0,1,455018,V610,43,966655
1166596,SIN_COLUMNA,NORMAL,NORMAL,Santiago,13,True,20-05-2026 0:00:00,20-05-2026 0:00:00,25-05-2026 15:26:11,25-05-2026 15:26:11,26-05-2026 15:10:00,,26-05-2026 15:10:00,3,3,4,1,5,True,0,1,371044,V614,43,229149
1166599,SIN_COLUMNA,NORMAL,NORMAL,Santiago,13,True,20-05-2026 0:00:00,20-05-2026 0:00:00,20-05-2026 17:11:56,20-05-2026 17:11:56,22-05-2026 11:17:00,,22-05-2026 11:17:00,1,3,4,1,5,True,0,1,400025,V614,43,140742
1166583,SIN_COLUMNA,NORMAL,NORMAL,Santiago,13,True,19-05-2026 0:00:00,19-05-2026 8:42:02,22-05-2026 10:06:42,22-05-2026 10:06:42,25-05-2026 7:29:00,,25-05-2026 7:29:00,3,3,4,1,5,True,0,1,410313,V614,43,538474
1166580,SIN_COLUMNA,NORMAL,NORMAL,Santiago,13,True,18-05-2026 0:00:00,18-05-2026 19:29:45,19-05-2026 16:38:15,19-05-2026 16:38:15,20-05-2026 15:23:00,,20-05-2026 15:23:00,2,3,4,1,5,True,0,1,370104,V614,43,126327
1166576,SIN_COLUMNA,NORMAL,NORMAL,Santiago,13,True,18-05-2026 0:00:00,18-05-2026 16:05:35,19-05-2026 16:38:33,19-05-2026 16:38:33,20-05-2026 15:24:00,,20-05-2026 15:24:00,2,3,4,1,5,True,0,1,411179,V614,43,243939
1166567,SIN_COLUMNA,NORMAL,NORMAL,Santiago,13,True,18-05-2026 0:00:00,18-05-2026 11:51:05,19-05-2026 13:49:30,19-05-2026 13:49:30,20-05-2026 10:04:00,,20-05-2026 10:04:00,2,3,4,1,5,True,0,1,460257,V612,46,23326
1166566,SIN_COLUMNA,NORMAL,NORMAL,Santiago,13,True,18-05-2026 0:00:00,18-05-2026 11:49:08,19-05-2026 13:49:24,19-05-2026 13:49:24,20-05-2026 10:04:00,,20-05-2026 10:04:00,2,3,4,1,5,True,0,1,460257,V612,46,59901
1166568,SIN_COLUMNA,NORMAL,NORMAL,Santiago,13,True,18-05-2026 0:00:00,18-05-2026 11:44:01,19-05-2026 0:00:00,19-05-2026 0:00:00,20-05-2026 15:07:00,,20-05-2026 15:07:00,2,3,4,1,5,True,0,1,411318,V614,43,871179
1166553,SIN_COLUMNA,NORMAL,NORMAL,Santiago,13,True,15-05-2026 0:00:00,15-05-2026 16:23:11,19-05-2026 16:38:27,19-05-2026 16:38:27,20-05-2026 15:25:00,,20-05-2026 15:25:00,3,3,4,1,5,True,0,1,400566,V614,43,427776
4190139351,SIN_COLUMNA,NORMAL,NORMAL,Santiago,13,True,15-05-2026 0:00:00,15-05-2026 14:28:10,20-05-2026 14:30:04,20-05-2026 14:30:04,22-05-2026 11:02:00,,22-05-2026 11:02:00,4,3,4,1,5,True,0,1,420090,V615,43,643358
1166545,SIN_COLUMNA,NORMAL,NORMAL,Santiago,13,True,15-05-2026 0:00:00,15-05-2026 9:26:50,15-05-2026 12:46:05,15-05-2026 12:46:05,18-05-2026 9:49:00,,18-05-2026 9:49:00,1,3,4,1,5,True,0,1,400560,V612,46,861196
1166544,SIN_COLUMNA,NORMAL,NORMAL,Santiago,13,True,15-05-2026 0:00:00,15-05-2026 8:28:54,15-05-2026 13:15:19,15-05-2026 13:15:19,18-05-2026 9:49:00,,18-05-2026 9:49:00,1,3,4,1,5,True,0,1,410586,V612,46,42969
1166552,SIN_COLUMNA,NORMAL,NORMAL,Santiago,13,True,15-05-2026 0:00:00,15-05-2026 0:00:00,18-05-2026 15:14:26,18-05-2026 15:14:26,19-05-2026 16:07:00,,19-05-2026 16:07:00,2,3,4,1,5,True,0,1,410622,V614,43,259383
1166547,SIN_COLUMNA,NORMAL,NORMAL,Santiago,13,True,15-05-2026 0:00:00,15-05-2026 0:00:00,15-05-2026 0:00:00,15-05-2026 0:00:00,18-05-2026 9:49:00,,18-05-2026 9:49:00,1,3,4,1,5,True,0,1,410586,V612,46,475044
1166551,SIN_COLUMNA,NORMAL,NORMAL,Santiago,13,True,15-05-2026 0:00:00,15-05-2026 0:00:00,19-05-2026 0:00:00,19-05-2026 0:00:00,20-05-2026 15:08:00,,20-05-2026 15:08:00,3,3,4,1,5,True,0,1,410622,V614,43,46891
1166537,SIN_COLUMNA,NORMAL,NORMAL,Santiago,13,True,14-05-2026 0:00:00,14-05-2026 20:00:22,19-05-2026 15:06:32,19-05-2026 15:06:32,20-05-2026 15:12:00,,20-05-2026 15:12:00,4,3,4,1,5,True,0,1,456023,V615,43,1879625
1166536,SIN_COLUMNA,NORMAL,NORMAL,Santiago,13,True,14-05-2026 0:00:00,14-05-2026 18:28:05,15-05-2026 13:56:36,15-05-2026 13:56:36,18-05-2026 9:44:00,,18-05-2026 9:44:00,2,3,4,1,5,True,0,1,411179,V614,43,270297
1166535,SIN_COLUMNA,NORMAL,NORMAL,Santiago,13,True,14-05-2026 0:00:00,14-05-2026 17:22:32,15-05-2026 12:48:15,15-05-2026 12:48:15,18-05-2026 9:13:00,,18-05-2026 9:13:00,2,3,4,1,5,True,0,1,411294,V614,43,372051
1166532,SIN_COLUMNA,NORMAL,NORMAL,Santiago,13,True,14-05-2026 0:00:00,14-05-2026 15:11:37,15-05-2026 12:04:37,15-05-2026 12:04:37,18-05-2026 10:56:00,,18-05-2026 10:56:00,2,3,4,1,5,True,0,1,411402,V612,46,113103
1166531,SIN_COLUMNA,NORMAL,NORMAL,Santiago,13,True,14-05-2026 0:00:00,14-05-2026 14:44:56,14-05-2026 17:57:36,14-05-2026 17:57:36,15-05-2026 9:38:00,,15-05-2026 9:38:00,1,3,4,1,5,True,0,1,411430,V612,46,84511
4190139335,SIN_COLUMNA,NORMAL,NORMAL,Santiago,13,True,14-05-2026 0:00:00,14-05-2026 13:18:45,18-05-2026 9:34:13,18-05-2026 9:34:13,19-05-2026 16:08:00,,19-05-2026 16:08:00,3,3,4,1,5,True,0,1,420421,V610,43,126444
1166521,SIN_COLUMNA,NORMAL,NORMAL,Santiago,13,True,14-05-2026 0:00:00,14-05-2026 10:14:16,15-05-2026 12:47:51,15-05-2026 12:47:51,18-05-2026 10:56:00,,18-05-2026 10:56:00,2,3,4,1,5,True,0,1,411402,V612,46,168903
1166523,SIN_COLUMNA,NORMAL,NORMAL,Santiago,13,True,14-05-2026 0:00:00,14-05-2026 10:07:58,15-05-2026 12:47:58,15-05-2026 12:47:58,18-05-2026 10:24:00,,18-05-2026 10:24:00,2,3,4,1,5,True,0,1,460257,V612,46,226435
1166519,SIN_COLUMNA,NORMAL,NORMAL,Santiago,13,True,14-05-2026 0:00:00,14-05-2026 8:39:17,15-05-2026 11:08:55,15-05-2026 11:08:55,18-05-2026 14:16:00,,18-05-2026 14:16:00,2,3,4,1,5,True,0,1,411460,V612,46,345533
1166514,SIN_COLUMNA,NORMAL,NORMAL,Santiago,13,True,13-05-2026 0:00:00,13-05-2026 17:22:24,15-05-2026 12:47:46,15-05-2026 12:47:46,18-05-2026 9:49:00,,18-05-2026 9:49:00,3,3,4,1,5,True,0,1,410054,V612,46,249437
1166511,SIN_COLUMNA,NORMAL,NORMAL,Santiago,13,True,13-05-2026 0:00:00,13-05-2026 16:50:32,14-05-2026 16:43:49,14-05-2026 16:43:49,15-05-2026 9:37:00,,15-05-2026 9:37:00,2,3,4,1,5,True,0,1,430633,V612,46,101597
1166510,SIN_COLUMNA,NORMAL,NORMAL,Santiago,13,True,13-05-2026 0:00:00,13-05-2026 14:46:37,15-05-2026 12:04:46,15-05-2026 12:04:46,18-05-2026 12:46:00,,18-05-2026 12:46:00,3,3,4,1,5,True,0,1,430633,V612,46,950176
1166509,SIN_COLUMNA,NORMAL,NORMAL,Santiago,13,True,13-05-2026 0:00:00,13-05-2026 14:31:50,15-05-2026 11:14:52,15-05-2026 11:14:52,18-05-2026 10:56:00,,18-05-2026 10:56:00,3,3,4,1,5,True,0,1,411402,V612,46,614319
4190139321,SIN_COLUMNA,NORMAL,NORMAL,Santiago,13,True,13-05-2026 0:00:00,13-05-2026 10:13:13,14-05-2026 0:00:00,14-05-2026 0:00:00,15-05-2026 11:16:00,,15-05-2026 11:16:00,2,3,4,1,5,True,0,1,440019,V615,43,134174
1166501,SIN_COLUMNA,NORMAL,NORMAL,Santiago,13,True,13-05-2026 0:00:00,13-05-2026 8:49:05,14-05-2026 15:36:32,14-05-2026 15:36:32,15-05-2026 10:57:00,,15-05-2026 10:57:00,2,3,4,1,5,True,0,1,411402,V612,46,106116
1166489,SIN_COLUMNA,NORMAL,NORMAL,Santiago,13,True,12-05-2026 0:00:00,12-05-2026 9:56:44,14-05-2026 0:00:00,14-05-2026 0:00:00,15-05-2026 9:37:00,,15-05-2026 9:37:00,3,3,4,1,5,True,0,1,981560,V612,46,132929
1166496,SIN_COLUMNA,NORMAL,NORMAL,Santiago,13,True,12-05-2026 0:00:00,12-05-2026 0:00:00,13-05-2026 15:15:16,13-05-2026 15:15:16,14-05-2026 8:20:00,,14-05-2026 8:20:00,2,3,4,1,5,True,0,1,420450,V585,45,5027123
4190139285,SIN_COLUMNA,NORMAL,NORMAL,Santiago,13,True,09-05-2026 0:00:00,09-05-2026 0:01:34,13-05-2026 13:52:02,13-05-2026 13:52:02,14-05-2026 11:29:00,,14-05-2026 11:29:00,4,3,4,1,5,True,0,1,420630,V615,43,183198
1166465,SIN_COLUMNA,NORMAL,NORMAL,Santiago,13,True,08-05-2026 0:00:00,08-05-2026 21:25:07,13-05-2026 15:43:34,13-05-2026 15:43:34,14-05-2026 15:12:00,,14-05-2026 15:12:00,4,3,4,1,5,True,0,1,370088,V614,43,1237830
1166461,SIN_COLUMNA,NORMAL,NORMAL,Santiago,13,True,08-05-2026 0:00:00,08-05-2026 19:13:53,12-05-2026 15:15:22,12-05-2026 15:15:22,13-05-2026 9:38:00,,13-05-2026 9:38:00,3,3,4,1,5,True,0,1,370068,V614,43,801458
1166454,SIN_COLUMNA,NORMAL,NORMAL,Santiago,13,True,08-05-2026 0:00:00,08-05-2026 16:40:35,12-05-2026 15:15:10,12-05-2026 15:15:10,13-05-2026 9:37:00,,13-05-2026 9:37:00,3,3,4,1,5,True,0,1,411483,V614,43,304823
1166449,SIN_COLUMNA,NORMAL,NORMAL,Santiago,13,True,08-05-2026 0:00:00,08-05-2026 12:48:36,12-05-2026 15:15:04,12-05-2026 15:15:04,13-05-2026 12:10:00,,13-05-2026 12:10:00,3,3,4,1,5,True,0,1,981560,V612,46,795199
1166448,SIN_COLUMNA,NORMAL,NORMAL,Santiago,13,True,08-05-2026 0:00:00,08-05-2026 12:44:47,13-05-2026 16:28:23,13-05-2026 16:28:23,14-05-2026 14:06:00,,14-05-2026 14:06:00,4,3,4,1,5,True,0,1,981560,V612,46,984296
1166440,SIN_COLUMNA,NORMAL,NORMAL,Santiago,13,True,08-05-2026 0:00:00,08-05-2026 9:34:49,08-05-2026 11:00:41,08-05-2026 11:00:41,11-05-2026 12:45:00,,11-05-2026 12:45:00,1,3,4,1,5,True,0,1,420490,V612,46,66677
1166453,SIN_COLUMNA,NORMAL,NORMAL,Santiago,13,True,08-05-2026 0:00:00,08-05-2026 0:00:00,12-05-2026 15:15:19,12-05-2026 15:15:19,13-05-2026 9:36:00,,13-05-2026 9:36:00,3,3,4,1,5,True,0,1,400606,V614,43,166505
1166437,SIN_COLUMNA,NORMAL,NORMAL,Santiago,13,True,07-05-2026 0:00:00,07-05-2026 19:51:35,11-05-2026 17:26:06,11-05-2026 17:26:06,12-05-2026 9:10:00,,12-05-2026 9:10:00,3,3,4,1,5,True,0,1,400572,V614,43,639893
1166433,SIN_COLUMNA,NORMAL,NORMAL,Santiago,13,True,07-05-2026 0:00:00,07-05-2026 16:02:55,11-05-2026 15:50:06,11-05-2026 15:50:06,12-05-2026 10:03:00,,12-05-2026 10:03:00,3,3,4,1,5,True,0,1,420450,V585,45,3534400
4190139240,SIN_COLUMNA,NORMAL,NORMAL,Santiago,13,True,07-05-2026 0:00:00,07-05-2026 13:33:11,08-05-2026 13:21:45,08-05-2026 13:21:45,11-05-2026 8:48:00,,11-05-2026 8:48:00,2,3,4,1,5,True,0,1,455018,V610,43,654980
1166431,SIN_COLUMNA,NORMAL,NORMAL,Santiago,13,True,07-05-2026 0:00:00,07-05-2026 12:44:27,07-05-2026 16:26:53,07-05-2026 16:26:53,08-05-2026 9:41:00,,08-05-2026 9:41:00,1,3,4,1,5,True,0,1,411402,V612,46,425677
1166427,SIN_COLUMNA,NORMAL,NORMAL,Santiago,13,True,07-05-2026 0:00:00,07-05-2026 9:53:17,08-05-2026 11:41:42,08-05-2026 11:41:42,11-05-2026 10:35:00,,11-05-2026 10:35:00,2,3,4,1,5,True,0,1,460257,V612,46,1294793
1166425,SIN_COLUMNA,NORMAL,NORMAL,Santiago,13,True,07-05-2026 0:00:00,07-05-2026 8:56:20,08-05-2026 13:18:58,08-05-2026 13:18:58,11-05-2026 9:15:00,,11-05-2026 9:15:00,2,3,4,1,5,True,0,1,981505,V612,46,726612
1166426,SIN_COLUMNA,NORMAL,NORMAL,Santiago,13,True,07-05-2026 0:00:00,07-05-2026 8:34:13,08-05-2026 13:30:52,08-05-2026 13:30:52,11-05-2026 11:38:00,,11-05-2026 11:38:00,2,3,4,1,5,True,0,1,411402,V612,46,116488
1166428,SIN_COLUMNA,NORMAL,NORMAL,Santiago,13,True,07-05-2026 0:00:00,07-05-2026 0:00:00,08-05-2026 11:54:08,08-05-2026 11:54:08,11-05-2026 10:35:00,,11-05-2026 10:35:00,2,3,4,1,5,True,0,1,460257,V612,46,66695
1166412,SIN_COLUMNA,NORMAL,NORMAL,Santiago,13,True,06-05-2026 0:00:00,06-05-2026 11:53:04,06-05-2026 17:55:00,06-05-2026 17:55:00,07-05-2026 8:50:00,,07-05-2026 8:50:00,1,3,4,1,5,True,0,1,370064,V400,43,200345
1166413,SIN_COLUMNA,NORMAL,NORMAL,Santiago,13,True,06-05-2026 0:00:00,06-05-2026 11:45:36,08-05-2026 11:00:20,08-05-2026 11:00:20,11-05-2026 14:33:00,,11-05-2026 14:33:00,3,3,4,1,5,True,0,1,981546,V612,46,502215
1166419,SIN_COLUMNA,NORMAL,NORMAL,Santiago,13,True,06-05-2026 0:00:00,06-05-2026 0:00:00,08-05-2026 12:05:52,08-05-2026 12:05:52,11-05-2026 9:12:00,,11-05-2026 9:12:00,3,3,4,1,5,True,0,1,411410,V612,46,488443
1166399,SIN_COLUMNA,NORMAL,NORMAL,Santiago,13,True,05-05-2026 0:00:00,05-05-2026 15:19:01,08-05-2026 13:45:45,08-05-2026 13:45:45,11-05-2026 11:16:00,,11-05-2026 11:16:00,4,3,4,1,5,True,0,1,440409,V585,45,431228
1166395,SIN_COLUMNA,NORMAL,NORMAL,Santiago,13,True,05-05-2026 0:00:00,05-05-2026 12:29:30,06-05-2026 17:55:33,06-05-2026 17:55:33,07-05-2026 9:27:00,,07-05-2026 9:27:00,2,3,4,1,5,True,0,1,970007,V906,47,75984
1166393,SIN_COLUMNA,NORMAL,NORMAL,Santiago,13,True,05-05-2026 0:00:00,05-05-2026 11:50:51,06-05-2026 17:54:43,06-05-2026 17:54:43,07-05-2026 11:30:00,,07-05-2026 11:30:00,2,3,4,1,5,True,0,1,430893,V612,46,164345
1166391,SIN_COLUMNA,NORMAL,NORMAL,Santiago,13,True,05-05-2026 0:00:00,05-05-2026 11:22:57,08-05-2026 12:16:44,08-05-2026 12:16:44,11-05-2026 7:20:00,,11-05-2026 7:20:00,4,3,4,1,5,True,0,1,410169,V614,43,787717
1166390,SIN_COLUMNA,NORMAL,NORMAL,Santiago,13,True,05-05-2026 0:00:00,05-05-2026 10:42:17,05-05-2026 16:35:11,05-05-2026 16:35:11,06-05-2026 7:53:00,,06-05-2026 7:53:00,1,3,4,1,5,True,0,1,411167,V614,43,1016086
1166403,SIN_COLUMNA,NORMAL,NORMAL,Santiago,13,True,05-05-2026 0:00:00,05-05-2026 0:00:00,06-05-2026 15:14:16,06-05-2026 15:14:16,07-05-2026 0:00:00,,07-05-2026 0:00:00,2,3,4,1,5,True,0,1,370104,V614,43,100029
1166384,SIN_COLUMNA,NORMAL,NORMAL,Santiago,13,True,04-05-2026 0:00:00,04-05-2026 14:48:21,05-05-2026 15:27:26,05-05-2026 15:27:26,06-05-2026 10:27:00,,06-05-2026 10:27:00,2,3,4,1,5,True,0,1,460257,V612,46,96107
1166382,SIN_COLUMNA,NORMAL,NORMAL,Santiago,13,True,04-05-2026 0:00:00,04-05-2026 14:43:21,05-05-2026 12:42:05,05-05-2026 12:42:05,06-05-2026 10:27:00,,06-05-2026 10:27:00,2,3,4,1,5,True,0,1,460257,V612,46,176069
1166371,SIN_COLUMNA,NORMAL,NORMAL,Santiago,13,True,04-05-2026 0:00:00,04-05-2026 0:00:00,06-05-2026 15:41:00,06-05-2026 15:41:00,07-05-2026 14:59:00,,07-05-2026 14:59:00,3,3,4,1,5,True,0,1,400442,V612,46,845771
1168078,SIN_COLUMNA,NORMAL,NORMAL,Santiago,13,True,09-07-2026 0:00:00,09-07-2026 10:28:12,09-07-2026 13:55:18,09-07-2026 13:55:18,13-07-2026 9:56:00,,13-07-2026 9:56:00,2,3,4,1,5,True,0,2,371038,V612,46,320337
1168039,SIN_COLUMNA,NORMAL,NORMAL,Santiago,13,True,06-07-2026 0:00:00,06-07-2026 15:18:29,07-07-2026 10:18:26,07-07-2026 10:18:26,09-07-2026 14:05:00,,09-07-2026 14:05:00,3,3,4,1,5,True,0,2,440019,V615,43,95188
1168024,SIN_COLUMNA,NORMAL,NORMAL,Santiago,13,True,06-07-2026 0:00:00,06-07-2026 8:52:59,06-07-2026 15:45:33,06-07-2026 15:45:33,08-07-2026 15:19:00,,08-07-2026 15:19:00,2,3,4,1,5,True,0,2,430633,V612,46,357502
1168020,SIN_COLUMNA,NORMAL,NORMAL,Santiago,13,True,03-07-2026 0:00:00,03-07-2026 17:03:51,07-07-2026 10:18:17,07-07-2026 10:18:17,09-07-2026 14:59:00,,09-07-2026 14:59:00,4,3,4,1,5,True,0,2,970007,V906,47,29340
1168019,SIN_COLUMNA,NORMAL,NORMAL,Santiago,13,True,03-07-2026 0:00:00,03-07-2026 13:09:57,06-07-2026 15:45:31,06-07-2026 15:45:31,08-07-2026 10:26:00,,08-07-2026 10:26:00,3,3,4,1,5,True,0,2,371038,V612,46,42891
1167363,SIN_COLUMNA,NORMAL,NORMAL,Santiago,13,True,25-06-2026 0:00:00,25-06-2026 14:35:39,26-06-2026 13:33:45,26-06-2026 13:33:45,01-07-2026 12:00:00,,01-07-2026 12:00:00,3,3,4,1,5,True,0,2,411402,V612,46,837174
1167353,SIN_COLUMNA,NORMAL,NORMAL,Santiago,13,True,25-06-2026 0:00:00,25-06-2026 10:38:09,25-06-2026 14:45:43,25-06-2026 14:45:43,30-06-2026 12:37:00,,30-06-2026 12:37:00,2,3,4,1,5,True,0,2,420490,V612,46,275832
1167338,SIN_COLUMNA,NORMAL,NORMAL,Santiago,13,True,24-06-2026 0:00:00,24-06-2026 11:42:59,25-06-2026 14:44:17,25-06-2026 14:44:17,01-07-2026 11:31:00,,01-07-2026 11:31:00,4,3,4,1,5,True,0,3,981625,V612,46,147083
1167299,SIN_COLUMNA,NORMAL,NORMAL,Santiago,13,True,23-06-2026 0:00:00,23-06-2026 8:14:00,,,24-06-2026 9:42:00,,24-06-2026 9:42:00,1,3,4,1,5,True,0,,410586,V612,46,697469
1167276,SIN_COLUMNA,NORMAL,NORMAL,Santiago,13,True,22-06-2026 0:00:00,22-06-2026 12:16:13,23-06-2026 15:43:42,23-06-2026 15:43:42,26-06-2026 11:48:00,,26-06-2026 11:48:00,4,3,4,1,5,True,0,3,400560,V612,46,446690
1167267,SIN_COLUMNA,NORMAL,NORMAL,Santiago,13,True,22-06-2026 0:00:00,22-06-2026 10:02:47,23-06-2026 12:48:34,23-06-2026 12:48:34,25-06-2026 13:15:00,,25-06-2026 13:15:00,3,3,4,1,5,True,0,2,430578,V612,46,893820
1167244,SIN_COLUMNA,NORMAL,NORMAL,Santiago,13,True,18-06-2026 0:00:00,18-06-2026 10:23:05,18-06-2026 15:19:31,18-06-2026 15:19:31,22-06-2026 10:08:00,,22-06-2026 10:08:00,2,3,4,1,5,True,0,2,420450,V585,45,2976698
1167179,SIN_COLUMNA,NORMAL,NORMAL,Santiago,13,True,15-06-2026 0:00:00,15-06-2026 11:20:12,15-06-2026 17:39:58,15-06-2026 17:39:58,18-06-2026 10:02:00,,18-06-2026 10:02:00,3,3,4,1,5,True,0,3,430633,V612,46,573956
1167160,SIN_COLUMNA,NORMAL,NORMAL,Santiago,13,True,12-06-2026 0:00:00,12-06-2026 12:58:20,15-06-2026 12:43:42,15-06-2026 12:43:42,17-06-2026 9:25:00,,17-06-2026 9:25:00,3,3,4,1,5,True,0,2,970007,V906,47,123240
1167131,SIN_COLUMNA,NORMAL,NORMAL,Santiago,13,True,11-06-2026 0:00:00,11-06-2026 8:57:19,11-06-2026 12:35:46,11-06-2026 12:35:46,15-06-2026 7:15:00,,15-06-2026 7:15:00,2,3,4,1,5,True,0,2,981505,V612,46,400701
1167128,SIN_COLUMNA,NORMAL,NORMAL,Santiago,13,True,10-06-2026 0:00:00,10-06-2026 16:20:55,11-06-2026 16:42:17,11-06-2026 16:42:17,15-06-2026 10:31:00,,15-06-2026 10:31:00,3,3,4,1,5,True,0,2,460257,V612,46,330418
1167129,SIN_COLUMNA,NORMAL,NORMAL,Santiago,13,True,10-06-2026 0:00:00,10-06-2026 16:16:18,11-06-2026 9:53:52,11-06-2026 9:53:52,15-06-2026 10:45:00,,15-06-2026 10:45:00,3,3,4,1,5,True,0,2,420450,V585,45,3812419
1167102,SIN_COLUMNA,NORMAL,NORMAL,Santiago,13,True,09-06-2026 0:00:00,09-06-2026 10:17:34,09-06-2026 12:48:43,09-06-2026 12:48:43,15-06-2026 7:09:00,,15-06-2026 7:09:00,4,3,4,1,5,True,0,4,411410,V612,46,231720
1166669,SIN_COLUMNA,NORMAL,NORMAL,Santiago,13,True,27-05-2026 0:00:00,27-05-2026 10:37:51,27-05-2026 15:39:41,27-05-2026 15:39:41,29-05-2026 8:13:00,,29-05-2026 8:13:00,2,3,4,1,5,True,0,2,420450,V585,45,1737468
1166617,SIN_COLUMNA,NORMAL,NORMAL,Santiago,13,True,22-05-2026 0:00:00,22-05-2026 10:31:52,25-05-2026 13:45:56,25-05-2026 13:45:56,27-05-2026 12:18:00,,27-05-2026 12:18:00,3,3,4,1,5,True,0,2,400442,V612,46,68791
4190139400,SIN_COLUMNA,NORMAL,NORMAL,Santiago,13,True,20-05-2026 0:00:00,20-05-2026 14:17:37,20-05-2026 16:31:31,20-05-2026 16:31:31,26-05-2026 12:59:00,,26-05-2026 12:59:00,3,3,4,1,5,True,0,3,440172,V615,43,207172
1166611,SIN_COLUMNA,NORMAL,NORMAL,Santiago,13,True,20-05-2026 0:00:00,20-05-2026 14:15:39,20-05-2026 17:32:38,20-05-2026 17:32:38,25-05-2026 8:10:00,,25-05-2026 8:10:00,2,3,4,1,5,True,0,2,411410,V612,46,389094
1166608,SIN_COLUMNA,NORMAL,NORMAL,Santiago,13,True,20-05-2026 0:00:00,20-05-2026 12:58:34,20-05-2026 16:50:27,20-05-2026 16:50:27,25-05-2026 12:49:00,,25-05-2026 12:49:00,2,3,4,1,5,True,0,2,400560,V612,46,49026
1166605,SIN_COLUMNA,NORMAL,NORMAL,Santiago,13,True,20-05-2026 0:00:00,20-05-2026 11:55:35,20-05-2026 16:31:34,20-05-2026 16:31:34,25-05-2026 14:54:00,,25-05-2026 14:54:00,2,3,4,1,5,True,0,2,371038,V612,46,10206
1166597,SIN_COLUMNA,NORMAL,NORMAL,Santiago,13,True,20-05-2026 0:00:00,20-05-2026 9:33:05,20-05-2026 14:30:57,20-05-2026 14:30:57,25-05-2026 9:59:00,,25-05-2026 9:59:00,2,3,4,1,5,True,0,2,420450,V585,45,6008628
1166595,SIN_COLUMNA,NORMAL,NORMAL,Santiago,13,True,20-05-2026 0:00:00,20-05-2026 8:19:49,20-05-2026 15:48:30,20-05-2026 15:48:30,25-05-2026 12:50:00,,25-05-2026 12:50:00,2,3,4,1,5,True,0,2,410586,V612,46,266958
1166589,SIN_COLUMNA,NORMAL,NORMAL,Santiago,13,True,19-05-2026 0:00:00,19-05-2026 10:13:19,20-05-2026 16:31:26,20-05-2026 16:31:26,25-05-2026 12:51:00,,25-05-2026 12:51:00,3,3,4,1,5,True,0,2,981505,V612,46,474094
1166587,SIN_COLUMNA,NORMAL,NORMAL,Santiago,13,True,19-05-2026 0:00:00,19-05-2026 9:42:05,20-05-2026 14:30:22,20-05-2026 14:30:22,25-05-2026 8:21:00,,25-05-2026 8:21:00,3,3,4,1,5,True,0,2,410159,V585,45,823332
1166584,SIN_COLUMNA,NORMAL,NORMAL,Santiago,13,True,19-05-2026 0:00:00,19-05-2026 9:08:49,19-05-2026 16:38:20,19-05-2026 16:38:20,25-05-2026 12:48:00,,25-05-2026 12:48:00,3,3,4,1,5,True,0,3,410586,V612,46,283703
1166579,SIN_COLUMNA,NORMAL,NORMAL,Santiago,13,True,18-05-2026 0:00:00,18-05-2026 18:19:48,20-05-2026 17:32:45,20-05-2026 17:32:45,25-05-2026 12:40:00,,25-05-2026 12:40:00,4,3,4,1,5,True,0,2,411140,V614,43,448565
1166578,SIN_COLUMNA,NORMAL,NORMAL,Santiago,13,True,18-05-2026 0:00:00,18-05-2026 16:33:22,20-05-2026 15:00:13,20-05-2026 15:00:13,25-05-2026 8:21:00,,25-05-2026 8:21:00,4,3,4,1,5,True,0,2,410159,V585,45,5080038
1166571,SIN_COLUMNA,NORMAL,NORMAL,Santiago,13,True,18-05-2026 0:00:00,18-05-2026 12:19:51,19-05-2026 13:49:37,19-05-2026 13:49:37,25-05-2026 12:53:00,,25-05-2026 12:53:00,4,3,4,1,5,True,0,3,411430,V612,46,131142
1166561,SIN_COLUMNA,NORMAL,NORMAL,Santiago,13,True,18-05-2026 0:00:00,18-05-2026 9:22:09,19-05-2026 13:50:14,19-05-2026 13:50:14,25-05-2026 12:47:00,,25-05-2026 12:47:00,4,3,4,1,5,True,0,3,410586,V612,46,6030
1166548,SIN_COLUMNA,NORMAL,NORMAL,Santiago,13,True,15-05-2026 0:00:00,15-05-2026 10:25:29,18-05-2026 13:44:15,18-05-2026 13:44:15,20-05-2026 8:19:00,,20-05-2026 8:19:00,3,3,4,1,5,True,0,2,410158,V585,45,2032026
1166533,SIN_COLUMNA,NORMAL,NORMAL,Santiago,13,True,14-05-2026 0:00:00,14-05-2026 0:00:00,15-05-2026 12:04:59,15-05-2026 12:04:59,19-05-2026 14:25:00,,19-05-2026 14:25:00,3,3,4,1,5,True,0,2,430893,V612,46,838642
1166430,SIN_COLUMNA,NORMAL,NORMAL,Santiago,13,True,07-05-2026 0:00:00,07-05-2026 12:16:03,07-05-2026 16:28:35,07-05-2026 16:28:35,11-05-2026 9:08:00,,11-05-2026 9:08:00,2,3,4,1,5,True,0,2,420234,V612,46,1008000
4190139233,SIN_COLUMNA,NORMAL,NORMAL,Santiago,13,True,07-05-2026 0:00:00,07-05-2026 11:06:50,11-05-2026 13:51:20,11-05-2026 13:51:20,13-05-2026 9:23:00,,13-05-2026 9:23:00,4,3,4,1,5,True,0,2,420263,V615,43,362965
4190139230,SIN_COLUMNA,NORMAL,NORMAL,Santiago,13,True,07-05-2026 0:00:00,07-05-2026 10:39:15,11-05-2026 13:53:06,11-05-2026 13:53:06,13-05-2026 9:23:00,,13-05-2026 9:23:00,4,3,4,1,5,True,0,2,400424,V615,43,461322
1166424,SIN_COLUMNA,NORMAL,NORMAL,Santiago,13,True,06-05-2026 0:00:00,06-05-2026 20:20:47,07-05-2026 17:12:49,07-05-2026 17:12:49,11-05-2026 10:31:00,,11-05-2026 10:31:00,3,3,4,1,5,True,0,2,400457,V614,43,403732
1167339,SIN_COLUMNA,NORMAL,NORMAL,Regiones,08,True,24-06-2026 0:00:00,24-06-2026 12:11:32,30-06-2026 14:34:28,30-06-2026 14:34:28,02-07-2026 11:38:00,,02-07-2026 11:38:00,5,4,5,2,7,True,0,2,981476,V612,46,3178845
1167310,SIN_COLUMNA,NORMAL,NORMAL,Regiones,07,True,23-06-2026 0:00:00,23-06-2026 14:54:19,23-06-2026 16:38:36,23-06-2026 16:38:36,26-06-2026 12:48:00,,26-06-2026 12:48:00,3,4,5,2,7,True,0,3,550192,V610,45,404929
4190139814,SIN_COLUMNA,NORMAL,NORMAL,Regiones,02,True,22-06-2026 0:00:00,22-06-2026 21:36:46,24-06-2026 16:41:54,24-06-2026 16:41:54,26-06-2026 9:31:00,,26-06-2026 9:31:00,4,4,5,2,7,True,0,2,150208,V817,45,4856488
4190139748,SIN_COLUMNA,NORMAL,NORMAL,Regiones,12,True,18-06-2026 0:00:00,18-06-2026 13:03:58,18-06-2026 0:00:00,18-06-2026 0:00:00,22-06-2026 16:33:00,,22-06-2026 16:33:00,2,4,5,2,7,True,0,2,950044,V800,43,285048
1167246,SIN_COLUMNA,NORMAL,NORMAL,Regiones,08,True,18-06-2026 0:00:00,18-06-2026 0:00:00,18-06-2026 14:21:43,18-06-2026 14:21:43,22-06-2026 15:01:00,,22-06-2026 15:01:00,2,4,5,2,7,True,0,2,981567,V612,46,145334
4190139731,SIN_COLUMNA,NORMAL,NORMAL,Regiones,09,True,16-06-2026 0:00:00,16-06-2026 22:51:32,18-06-2026 0:00:00,18-06-2026 0:00:00,22-06-2026 15:40:00,,22-06-2026 15:40:00,4,4,5,2,7,True,0,2,750034,V750,45,3973312
1167213,SIN_COLUMNA,NORMAL,NORMAL,Regiones,07,True,16-06-2026 0:00:00,16-06-2026 18:36:04,,,19-06-2026 11:19:00,,19-06-2026 11:19:00,3,4,5,2,7,True,0,,570022,V108,45,3987417
1167082,SIN_COLUMNA,NORMAL,NORMAL,Regiones,08,True,08-06-2026 0:00:00,08-06-2026 9:45:40,08-06-2026 17:37:47,08-06-2026 17:37:47,10-06-2026 15:19:00,,10-06-2026 15:19:00,2,4,5,2,7,True,0,2,981567,V612,46,27761
1167049,SIN_COLUMNA,NORMAL,NORMAL,Regiones,10,True,03-06-2026 0:00:00,03-06-2026 15:24:44,05-06-2026 12:25:06,05-06-2026 12:25:06,09-06-2026 12:39:00,,09-06-2026 12:39:00,4,4,5,2,7,True,0,2,981611,V612,46,531661
1167024,SIN_COLUMNA,NORMAL,NORMAL,Regiones,08,True,02-06-2026 0:00:00,02-06-2026 9:42:35,04-06-2026 0:00:00,04-06-2026 0:00:00,08-06-2026 15:13:00,,08-06-2026 15:13:00,4,4,5,2,7,True,0,2,981567,V612,46,176733
1166658,SIN_COLUMNA,NORMAL,NORMAL,Regiones,08,True,26-05-2026 0:00:00,26-05-2026 16:47:10,27-05-2026 14:14:01,27-05-2026 14:14:01,29-05-2026 9:36:00,,29-05-2026 9:36:00,3,4,5,2,7,True,0,2,981567,V612,46,32552
1166659,SIN_COLUMNA,NORMAL,NORMAL,Regiones,08,True,26-05-2026 0:00:00,26-05-2026 16:35:17,27-05-2026 14:45:14,27-05-2026 14:45:14,29-05-2026 9:36:00,,29-05-2026 9:36:00,3,4,5,2,7,True,0,2,981567,V612,46,1213306
4190139380,SIN_COLUMNA,NORMAL,NORMAL,Regiones,02,True,19-05-2026 0:00:00,19-05-2026 10:14:09,20-05-2026 17:32:57,20-05-2026 17:32:57,25-05-2026 7:14:00,,25-05-2026 7:14:00,3,4,5,2,7,True,0,2,150041,V817,43,223209
4190139377,SIN_COLUMNA,NORMAL,NORMAL,Regiones,02,True,19-05-2026 0:00:00,19-05-2026 9:44:30,20-05-2026 17:32:53,20-05-2026 17:32:53,25-05-2026 7:17:00,,25-05-2026 7:17:00,3,4,5,2,7,True,0,2,150234,V817,43,339394
4190139375,SIN_COLUMNA,NORMAL,NORMAL,Regiones,02,True,19-05-2026 0:00:00,19-05-2026 9:19:03,20-05-2026 17:33:02,20-05-2026 17:33:02,25-05-2026 7:16:00,,25-05-2026 7:16:00,3,4,5,2,7,True,0,2,150148,V817,43,394762
4190139365,SIN_COLUMNA,NORMAL,NORMAL,Regiones,02,True,18-05-2026 0:00:00,18-05-2026 18:48:32,20-05-2026 17:00:43,20-05-2026 17:00:43,25-05-2026 12:53:00,,25-05-2026 12:53:00,4,4,5,2,7,True,0,2,150301,V817,43,348357
4190139359,SIN_COLUMNA,NORMAL,NORMAL,Regiones,10,True,18-05-2026 0:00:00,18-05-2026 17:56:34,20-05-2026 17:08:50,20-05-2026 17:08:50,25-05-2026 13:09:00,,25-05-2026 13:09:00,4,4,5,2,7,True,0,2,900009,V800,45,527936
1166575,SIN_COLUMNA,NORMAL,NORMAL,Regiones,10,True,18-05-2026 0:00:00,18-05-2026 14:18:36,19-05-2026 17:24:11,19-05-2026 17:24:11,22-05-2026 12:33:00,,22-05-2026 12:33:00,3,4,5,2,7,True,0,2,981611,V612,46,121627
4190139357,SIN_COLUMNA,NORMAL,NORMAL,Santiago,13,True,18-05-2026 0:00:00,18-05-2026 0:00:00,20-05-2026 17:00:38,20-05-2026 17:00:38,25-05-2026 7:15:00,,25-05-2026 7:15:00,4,3,4,1,5,True,0,2,465021,V650,43,672026
1166557,SIN_COLUMNA,NORMAL,NORMAL,Regiones,02,True,16-05-2026 0:00:00,16-05-2026 12:07:35,20-05-2026 14:31:32,20-05-2026 14:31:32,25-05-2026 7:20:00,,25-05-2026 7:20:00,5,4,5,2,7,True,0,2,130034,V817,43,3102486
1166556,SIN_COLUMNA,NORMAL,NORMAL,Regiones,05,True,15-05-2026 0:00:00,15-05-2026 19:56:55,20-05-2026 14:33:18,20-05-2026 14:33:18,25-05-2026 7:23:00,,25-05-2026 7:23:00,5,4,5,2,7,True,0,2,350013,V835,45,3040174
4190139175,SIN_COLUMNA,NORMAL,NORMAL,Regiones,08,True,04-05-2026 0:00:00,04-05-2026 18:28:17,,,07-05-2026 15:58:00,,07-05-2026 15:58:00,3,4,5,2,7,True,0,,600095,V108,43,1075071
4190139169,SIN_COLUMNA,NORMAL,NORMAL,Regiones,09,True,04-05-2026 0:00:00,04-05-2026 12:50:14,,,07-05-2026 15:57:00,,07-05-2026 15:57:00,3,4,5,2,7,True,0,,757011,V750,43,329341
1168089,SIN_COLUMNA,NORMAL,NORMAL,Regiones,08,True,10-07-2026 0:00:00,10-07-2026 11:28:12,10-07-2026 14:14:35,10-07-2026 14:14:35,13-07-2026 7:23:00,,13-07-2026 7:23:00,1,4,5,2,7,True,0,1,981608,V612,46,213793
1168081,SIN_COLUMNA,NORMAL,NORMAL,Regiones,08,True,09-07-2026 0:00:00,09-07-2026 12:26:56,09-07-2026 16:10:53,09-07-2026 16:10:53,10-07-2026 7:58:00,,10-07-2026 7:58:00,1,4,5,2,7,True,0,1,650464,V612,46,119363
4190139988,SIN_COLUMNA,NORMAL,NORMAL,Regiones,07,True,08-07-2026 0:00:00,08-07-2026 12:28:02,10-07-2026 10:41:26,10-07-2026 10:41:26,13-07-2026 7:39:00,,13-07-2026 7:39:00,3,4,5,2,7,True,0,1,570078,V108,45,693859
4190139986,SIN_COLUMNA,NORMAL,NORMAL,Regiones,10,True,07-07-2026 0:00:00,07-07-2026 21:23:23,09-07-2026 17:07:38,09-07-2026 17:07:38,10-07-2026 7:35:00,,10-07-2026 7:35:00,3,4,5,2,7,True,0,1,900199,V800,45,510797
1167354,SIN_COLUMNA,NORMAL,NORMAL,Regiones,09,True,25-06-2026 0:00:00,25-06-2026 10:43:31,26-06-2026 12:51:08,26-06-2026 12:51:08,30-06-2026 11:49:00,,30-06-2026 11:49:00,2,4,5,2,7,True,0,1,750015,V750,45,3370351
1167331,SIN_COLUMNA,NORMAL,NORMAL,Santiago,13,True,24-06-2026 0:00:00,24-06-2026 8:51:27,25-06-2026 17:03:53,25-06-2026 17:03:53,26-06-2026 9:50:00,,26-06-2026 9:50:00,2,3,4,1,5,True,0,1,371031,V612,46,766051
4190139828,SIN_COLUMNA,NORMAL,NORMAL,Regiones,03,True,22-06-2026 0:00:00,22-06-2026 23:23:17,24-06-2026 17:22:57,24-06-2026 17:22:57,25-06-2026 11:54:00,,25-06-2026 11:54:00,3,4,5,2,7,True,0,1,180077,V834,45,742016
1167265,SIN_COLUMNA,NORMAL,NORMAL,Regiones,02,True,22-06-2026 0:00:00,22-06-2026 7:15:05,22-06-2026 16:21:25,22-06-2026 16:21:25,23-06-2026 7:13:00,,23-06-2026 7:13:00,1,4,5,2,7,True,0,1,150230,V585,45,7089559
1167151,SIN_COLUMNA,NORMAL,NORMAL,Santiago,13,True,12-06-2026 0:00:00,12-06-2026 0:00:00,12-06-2026 13:36:32,12-06-2026 13:36:32,15-06-2026 11:27:00,,15-06-2026 11:27:00,1,3,4,1,5,True,0,1,371031,V612,46,378901
4190139649,SIN_COLUMNA,NORMAL,NORMAL,Regiones,08,True,11-06-2026 0:00:00,11-06-2026 9:01:54,11-06-2026 16:08:42,11-06-2026 16:08:42,12-06-2026 11:40:00,,12-06-2026 11:40:00,1,4,5,2,7,True,0,1,600016,V108,45,233024
4190139647,SIN_COLUMNA,NORMAL,NORMAL,Regiones,08,True,11-06-2026 0:00:00,11-06-2026 8:59:29,11-06-2026 12:18:49,11-06-2026 12:18:49,12-06-2026 11:12:00,,12-06-2026 11:12:00,1,4,5,2,7,True,0,1,600012,V108,45,791037
4190139664,SIN_COLUMNA,NORMAL,NORMAL,Regiones,07,True,11-06-2026 0:00:00,11-06-2026 0:00:00,11-06-2026 14:51:21,11-06-2026 14:51:21,12-06-2026 11:27:00,,12-06-2026 11:27:00,1,4,5,2,7,True,0,1,570022,V108,45,1483578
4190139650,SIN_COLUMNA,NORMAL,NORMAL,Regiones,08,True,11-06-2026 0:00:00,11-06-2026 0:00:00,11-06-2026 12:18:42,11-06-2026 12:18:42,12-06-2026 11:20:00,,12-06-2026 11:20:00,1,4,5,2,7,True,0,1,650381,V580,45,117792
4190139644,SIN_COLUMNA,NORMAL,NORMAL,Regiones,03,True,10-06-2026 0:00:00,10-06-2026 18:38:55,11-06-2026 17:25:54,11-06-2026 17:25:54,12-06-2026 11:38:00,,12-06-2026 11:38:00,2,4,5,2,7,True,0,1,180077,V834,45,742016
4190139640,SIN_COLUMNA,NORMAL,NORMAL,Regiones,08,True,10-06-2026 0:00:00,10-06-2026 12:56:14,10-06-2026 17:43:57,10-06-2026 17:43:57,11-06-2026 11:26:00,,11-06-2026 11:26:00,1,4,5,2,7,True,0,1,650381,V580,45,45234
4190139631,SIN_COLUMNA,NORMAL,NORMAL,Regiones,08,True,09-06-2026 0:00:00,09-06-2026 19:49:29,10-06-2026 15:40:59,10-06-2026 15:40:59,11-06-2026 11:26:00,,11-06-2026 11:26:00,2,4,5,2,7,True,0,1,650381,V580,45,388523
1167092,SIN_COLUMNA,NORMAL,NORMAL,Regiones,06,True,08-06-2026 0:00:00,08-06-2026 14:36:36,09-06-2026 0:00:00,09-06-2026 0:00:00,10-06-2026 12:44:00,,10-06-2026 12:44:00,2,4,5,2,7,True,0,1,500006,V550,45,526174
1167084,SIN_COLUMNA,NORMAL,NORMAL,Regiones,08,True,08-06-2026 0:00:00,08-06-2026 0:00:00,09-06-2026 0:00:00,09-06-2026 0:00:00,10-06-2026 15:19:00,,10-06-2026 15:19:00,2,4,5,2,7,True,0,1,981567,V612,46,60466
4190139476,SIN_COLUMNA,NORMAL,NORMAL,Regiones,04,True,27-05-2026 0:00:00,27-05-2026 15:28:13,28-05-2026 17:28:48,28-05-2026 17:28:48,29-05-2026 11:44:00,,29-05-2026 11:44:00,2,4,5,2,7,True,0,1,210070,V834,45,1138879
1166645,SIN_COLUMNA,NORMAL,NORMAL,Regiones,08,True,26-05-2026 0:00:00,26-05-2026 8:59:54,26-05-2026 17:37:06,26-05-2026 17:37:06,27-05-2026 8:19:00,,27-05-2026 8:19:00,1,4,5,2,7,True,0,1,981567,V612,46,40266
1166640,SIN_COLUMNA,NORMAL,NORMAL,Regiones,02,True,25-05-2026 0:00:00,25-05-2026 16:03:53,26-05-2026 16:47:09,26-05-2026 16:47:09,27-05-2026 8:28:00,,27-05-2026 8:28:00,2,4,5,2,7,True,0,1,150230,V585,45,2014144
1166638,SIN_COLUMNA,NORMAL,NORMAL,Santiago,13,True,25-05-2026 0:00:00,25-05-2026 13:30:45,25-05-2026 16:58:41,25-05-2026 16:58:41,26-05-2026 11:47:00,,26-05-2026 11:47:00,1,3,4,1,5,True,0,1,371031,V612,46,314556
4190139421,SIN_COLUMNA,NORMAL,NORMAL,Regiones,10,True,25-05-2026 0:00:00,25-05-2026 9:34:59,26-05-2026 0:00:00,26-05-2026 0:00:00,27-05-2026 8:25:00,,27-05-2026 8:25:00,2,4,5,2,7,True,0,1,900009,V800,45,1014425
4190139416,SIN_COLUMNA,NORMAL,NORMAL,Regiones,09,True,25-05-2026 0:00:00,25-05-2026 8:24:54,26-05-2026 16:15:49,26-05-2026 16:15:49,27-05-2026 15:23:00,,27-05-2026 15:23:00,2,4,5,2,7,True,0,1,750034,V750,45,3369268
4190139417,SIN_COLUMNA,NORMAL,NORMAL,Regiones,10,True,25-05-2026 0:00:00,25-05-2026 0:00:00,25-05-2026 16:13:24,25-05-2026 16:13:24,26-05-2026 13:15:00,,26-05-2026 13:15:00,1,4,5,2,7,True,0,1,900009,V800,45,66139
4190139407,SIN_COLUMNA,NORMAL,NORMAL,Regiones,06,True,22-05-2026 0:00:00,22-05-2026 13:49:37,26-05-2026 17:11:37,26-05-2026 17:11:37,27-05-2026 8:15:00,,27-05-2026 8:15:00,3,4,5,2,7,True,0,1,530324,V650,45,1677252
4190139389,SIN_COLUMNA,NORMAL,NORMAL,Regiones,08,True,20-05-2026 0:00:00,20-05-2026 9:50:07,20-05-2026 17:00:55,20-05-2026 17:00:55,22-05-2026 11:11:00,,22-05-2026 11:11:00,1,4,5,2,7,True,0,1,650381,V580,45,462554
4190139390,SIN_COLUMNA,NORMAL,NORMAL,Regiones,08,True,20-05-2026 0:00:00,20-05-2026 0:00:00,20-05-2026 0:00:00,20-05-2026 0:00:00,22-05-2026 11:11:00,,22-05-2026 11:11:00,1,4,5,2,7,True,0,1,650381,V580,45,374886
4190139363,SIN_COLUMNA,NORMAL,NORMAL,Regiones,08,True,18-05-2026 0:00:00,18-05-2026 18:24:57,19-05-2026 0:00:00,19-05-2026 0:00:00,20-05-2026 15:32:00,,20-05-2026 15:32:00,2,4,5,2,7,True,0,1,650347,V580,45,1588738
4190139333,SIN_COLUMNA,NORMAL,NORMAL,Regiones,08,True,14-05-2026 0:00:00,14-05-2026 12:21:33,14-05-2026 16:52:23,14-05-2026 16:52:23,15-05-2026 8:46:00,,15-05-2026 8:46:00,1,4,5,2,7,True,0,1,700036,V108,45,546134
4190139326,SIN_COLUMNA,NORMAL,NORMAL,Regiones,02,True,13-05-2026 0:00:00,13-05-2026 0:00:00,14-05-2026 17:56:08,14-05-2026 17:56:08,15-05-2026 8:38:00,,15-05-2026 8:38:00,2,4,5,2,7,True,0,1,130045,V817,45,581158
4190139311,SIN_COLUMNA,NORMAL,NORMAL,Regiones,05,True,12-05-2026 0:00:00,12-05-2026 16:26:06,14-05-2026 11:41:54,14-05-2026 11:41:54,15-05-2026 11:51:00,,15-05-2026 11:51:00,3,4,5,2,7,True,0,1,345099,V400,45,1568109
4190139287,SIN_COLUMNA,NORMAL,NORMAL,Regiones,08,True,09-05-2026 0:00:00,09-05-2026 18:15:27,14-05-2026 17:08:42,14-05-2026 17:08:42,15-05-2026 8:54:00,,15-05-2026 8:54:00,5,4,5,2,7,True,0,1,650090,V580,45,3825001
4190139274,SIN_COLUMNA,NORMAL,NORMAL,Regiones,02,True,08-05-2026 0:00:00,08-05-2026 17:47:38,14-05-2026 16:44:46,14-05-2026 16:44:46,15-05-2026 8:44:00,,15-05-2026 8:44:00,5,4,5,2,7,True,0,1,130045,V817,45,729223
4190139273,SIN_COLUMNA,NORMAL,NORMAL,Regiones,10,True,08-05-2026 0:00:00,08-05-2026 0:00:00,14-05-2026 17:08:51,14-05-2026 17:08:51,15-05-2026 8:55:00,,15-05-2026 8:55:00,5,4,5,2,7,True,0,1,900009,V800,45,716607
1166429,SIN_COLUMNA,NORMAL,NORMAL,Regiones,08,True,07-05-2026 0:00:00,07-05-2026 11:44:13,08-05-2026 13:45:33,08-05-2026 13:45:33,11-05-2026 8:50:00,,11-05-2026 8:50:00,2,4,5,2,7,True,0,1,650464,V612,46,242015
1166410,SIN_COLUMNA,NORMAL,NORMAL,Regiones,08,True,06-05-2026 0:00:00,06-05-2026 10:43:21,08-05-2026 12:30:39,08-05-2026 12:30:39,11-05-2026 11:06:00,,11-05-2026 11:06:00,3,4,5,2,7,True,0,1,981567,V612,46,378545
1166400,SIN_COLUMNA,NORMAL,NORMAL,Regiones,08,True,05-05-2026 0:00:00,05-05-2026 15:46:29,08-05-2026 12:35:41,08-05-2026 12:35:41,11-05-2026 11:06:00,,11-05-2026 11:06:00,4,4,5,2,7,True,0,1,981567,V612,46,157987
1166386,SIN_COLUMNA,NORMAL,NORMAL,Regiones,04,True,04-05-2026 0:00:00,04-05-2026 15:17:52,06-05-2026 14:56:29,06-05-2026 14:56:29,07-05-2026 0:00:00,,07-05-2026 0:00:00,3,4,5,2,7,True,0,1,210154,V612,46,1727828
1168049,SIN_COLUMNA,NORMAL,NORMAL,Regiones,09,True,07-07-2026 0:00:00,07-07-2026 13:40:01,10-07-2026 11:13:27,10-07-2026 11:13:27,13-07-2026 7:35:00,,13-07-2026 7:35:00,4,4,5,2,7,True,0,1,730050,V750,43,1391480
1167293,SIN_COLUMNA,NORMAL,NORMAL,Regiones,06,True,22-06-2026 0:00:00,22-06-2026 17:21:48,24-06-2026 16:41:25,24-06-2026 16:41:25,25-06-2026 11:11:00,,25-06-2026 11:11:00,3,4,5,2,7,True,0,1,520050,V550,43,1056239
1167252,SIN_COLUMNA,NORMAL,NORMAL,Regiones,07,True,18-06-2026 0:00:00,18-06-2026 17:20:03,19-06-2026 13:52:41,19-06-2026 13:52:41,22-06-2026 16:18:00,,22-06-2026 16:18:00,2,4,5,2,7,True,0,1,571001,V550,43,289924
1167234,SIN_COLUMNA,NORMAL,NORMAL,Regiones,08,True,17-06-2026 0:00:00,17-06-2026 15:29:45,18-06-2026 0:00:00,18-06-2026 0:00:00,19-06-2026 12:18:00,,19-06-2026 12:18:00,2,4,5,2,7,True,0,1,680010,V108,43,854873
1167224,SIN_COLUMNA,NORMAL,NORMAL,Regiones,06,True,17-06-2026 0:00:00,17-06-2026 9:56:24,18-06-2026 0:00:00,18-06-2026 0:00:00,19-06-2026 12:17:00,,19-06-2026 12:17:00,2,4,5,2,7,True,0,1,500216,V550,43,523097
1167220,SIN_COLUMNA,NORMAL,NORMAL,Regiones,02,True,17-06-2026 0:00:00,17-06-2026 9:13:47,18-06-2026 18:05:57,18-06-2026 18:05:57,19-06-2026 12:01:00,,19-06-2026 12:01:00,2,4,5,2,7,True,0,1,150317,V817,43,1770229
1167227,SIN_COLUMNA,NORMAL,NORMAL,Regiones,07,True,17-06-2026 0:00:00,17-06-2026 0:00:00,18-06-2026 15:19:49,18-06-2026 15:19:49,19-06-2026 11:04:00,,19-06-2026 11:04:00,2,4,5,2,7,True,0,1,550060,V550,43,1699923
4190139719,SIN_COLUMNA,NORMAL,NORMAL,Regiones,05,True,16-06-2026 0:00:00,16-06-2026 15:23:52,18-06-2026 0:00:00,18-06-2026 0:00:00,19-06-2026 12:19:00,,19-06-2026 12:19:00,3,4,5,2,7,True,0,1,325034,V835,43,648804
1167164,SIN_COLUMNA,NORMAL,NORMAL,Regiones,06,True,15-06-2026 0:00:00,15-06-2026 8:26:42,18-06-2026 0:00:00,18-06-2026 0:00:00,19-06-2026 11:18:00,,19-06-2026 11:18:00,4,4,5,2,7,True,0,1,505017,V650,43,667371
1167134,SIN_COLUMNA,NORMAL,NORMAL,Regiones,02,True,11-06-2026 0:00:00,11-06-2026 11:48:42,11-06-2026 15:36:55,11-06-2026 15:36:55,12-06-2026 11:45:00,,12-06-2026 11:45:00,1,4,5,2,7,True,0,1,130034,V817,43,1416337
1167127,SIN_COLUMNA,NORMAL,NORMAL,Regiones,08,True,10-06-2026 0:00:00,10-06-2026 16:10:00,12-06-2026 13:05:49,12-06-2026 13:05:49,15-06-2026 7:04:00,,15-06-2026 7:04:00,3,4,5,2,7,True,0,1,600140,V108,43,5410877
1167126,SIN_COLUMNA,NORMAL,NORMAL,Regiones,07,True,10-06-2026 0:00:00,10-06-2026 11:27:00,10-06-2026 14:50:31,10-06-2026 14:50:31,11-06-2026 11:25:00,,11-06-2026 11:25:00,1,4,5,2,7,True,0,1,571001,V550,43,164062
1167086,SIN_COLUMNA,NORMAL,NORMAL,Regiones,07,True,08-06-2026 0:00:00,08-06-2026 10:53:47,09-06-2026 16:59:02,09-06-2026 16:59:02,10-06-2026 12:50:00,,10-06-2026 12:50:00,2,4,5,2,7,True,0,1,571001,V550,43,691884
1167062,SIN_COLUMNA,NORMAL,NORMAL,Regiones,05,True,04-06-2026 0:00:00,04-06-2026 14:44:00,04-06-2026 17:23:51,04-06-2026 17:23:51,05-06-2026 12:10:00,,05-06-2026 12:10:00,1,4,5,2,7,True,0,1,480041,V400,43,220216
4190139589,SIN_COLUMNA,NORMAL,NORMAL,Regiones,10,True,04-06-2026 0:00:00,04-06-2026 0:00:00,05-06-2026 14:18:56,05-06-2026 14:18:56,08-06-2026 11:32:00,,08-06-2026 11:32:00,2,4,5,2,7,True,0,1,900201,V800,43,705793
1167046,SIN_COLUMNA,NORMAL,NORMAL,Regiones,07,True,03-06-2026 0:00:00,03-06-2026 12:55:44,05-06-2026 12:47:26,05-06-2026 12:47:26,08-06-2026 10:35:00,,08-06-2026 10:35:00,3,4,5,2,7,True,0,1,550060,V550,43,1014394
1166653,SIN_COLUMNA,NORMAL,NORMAL,Regiones,07,True,26-05-2026 0:00:00,26-05-2026 13:46:39,26-05-2026 16:37:20,26-05-2026 16:37:20,27-05-2026 15:16:00,,27-05-2026 15:16:00,1,4,5,2,7,True,0,1,550060,V550,43,490567
1166591,SIN_COLUMNA,NORMAL,NORMAL,Regiones,07,True,19-05-2026 0:00:00,19-05-2026 14:51:35,19-05-2026 17:24:14,19-05-2026 17:24:14,20-05-2026 15:53:00,,20-05-2026 15:53:00,1,4,5,2,7,True,0,1,590042,V550,43,222622
1166555,SIN_COLUMNA,NORMAL,NORMAL,Regiones,07,True,15-05-2026 0:00:00,15-05-2026 19:22:49,19-05-2026 0:00:00,19-05-2026 0:00:00,20-05-2026 15:16:00,,20-05-2026 15:16:00,3,4,5,2,7,True,0,1,540064,V550,43,236996
1166538,SIN_COLUMNA,NORMAL,NORMAL,Regiones,07,True,14-05-2026 0:00:00,14-05-2026 20:50:40,15-05-2026 13:31:00,15-05-2026 13:31:00,18-05-2026 9:37:00,,18-05-2026 9:37:00,2,4,5,2,7,True,0,1,590042,V550,43,419379
1166526,SIN_COLUMNA,NORMAL,NORMAL,Regiones,07,True,14-05-2026 0:00:00,14-05-2026 11:54:13,15-05-2026 13:43:41,15-05-2026 13:43:41,18-05-2026 9:39:00,,18-05-2026 9:39:00,2,4,5,2,7,True,0,1,550245,V550,43,2404540
1166520,SIN_COLUMNA,NORMAL,NORMAL,Regiones,07,True,14-05-2026 0:00:00,14-05-2026 9:30:31,14-05-2026 0:00:00,14-05-2026 0:00:00,15-05-2026 8:53:00,,15-05-2026 8:53:00,1,4,5,2,7,True,0,1,571001,V550,43,440012
1166498,SIN_COLUMNA,NORMAL,NORMAL,Regiones,03,True,12-05-2026 0:00:00,12-05-2026 17:54:51,14-05-2026 0:00:00,14-05-2026 0:00:00,15-05-2026 8:51:00,,15-05-2026 8:51:00,3,4,5,2,7,True,0,1,180020,V834,43,1106558
1166493,SIN_COLUMNA,NORMAL,NORMAL,Regiones,07,True,12-05-2026 0:00:00,12-05-2026 11:30:40,14-05-2026 12:29:00,14-05-2026 12:29:00,15-05-2026 8:43:00,,15-05-2026 8:43:00,3,4,5,2,7,True,0,1,550060,V550,43,643764
1166467,SIN_COLUMNA,NORMAL,NORMAL,Regiones,02,True,08-05-2026 0:00:00,08-05-2026 22:29:48,14-05-2026 17:13:41,14-05-2026 17:13:41,15-05-2026 8:56:00,,15-05-2026 8:56:00,5,4,5,2,7,True,0,1,130034,V817,43,1801829
1166455,SIN_COLUMNA,NORMAL,NORMAL,Regiones,04,True,08-05-2026 0:00:00,08-05-2026 18:08:51,12-05-2026 15:15:15,12-05-2026 15:15:15,13-05-2026 16:38:00,,13-05-2026 16:38:00,3,4,5,2,7,True,0,1,210184,V834,43,513791
1166439,SIN_COLUMNA,NORMAL,NORMAL,Regiones,08,True,08-05-2026 0:00:00,08-05-2026 9:19:24,13-05-2026 0:00:00,13-05-2026 0:00:00,14-05-2026 8:09:00,,14-05-2026 8:09:00,4,4,5,2,7,True,0,1,595011,V108,43,2187505
1166385,SIN_COLUMNA,NORMAL,NORMAL,Regiones,08,True,04-05-2026 0:00:00,04-05-2026 15:13:59,08-05-2026 0:00:00,08-05-2026 0:00:00,11-05-2026 7:22:00,,11-05-2026 7:22:00,5,4,5,2,7,True,0,1,700164,V108,43,701035
4190139824,SIN_COLUMNA,NORMAL,NORMAL,Santiago,13,True,22-06-2026 0:00:00,22-06-2026 23:08:49,24-06-2026 17:22:49,24-06-2026 17:22:49,25-06-2026 11:52:00,,25-06-2026 11:52:00,3,3,4,1,5,True,0,1,470036,V650,43,164819
1167288,SIN_COLUMNA,NORMAL,NORMAL,Santiago,13,True,22-06-2026 0:00:00,22-06-2026 16:33:05,24-06-2026 16:41:43,24-06-2026 16:41:43,25-06-2026 11:08:00,,25-06-2026 11:08:00,3,3,4,1,5,True,0,1,361005,V615,43,238538
4190139779,SIN_COLUMNA,NORMAL,NORMAL,Santiago,13,True,22-06-2026 0:00:00,22-06-2026 11:54:23,24-06-2026 16:42:10,24-06-2026 16:42:10,25-06-2026 11:07:00,,25-06-2026 11:07:00,3,3,4,1,5,True,0,1,495028,V650,43,145328
1166672,SIN_COLUMNA,NORMAL,NORMAL,Santiago,13,True,27-05-2026 0:00:00,27-05-2026 13:42:31,28-05-2026 17:30:26,28-05-2026 17:30:26,29-05-2026 11:59:00,,29-05-2026 11:59:00,2,3,4,1,5,True,0,1,360001,V614,43,131130
4190139406,SIN_COLUMNA,NORMAL,NORMAL,Santiago,13,True,22-05-2026 0:00:00,22-05-2026 13:13:23,26-05-2026 0:00:00,26-05-2026 0:00:00,27-05-2026 15:03:00,,27-05-2026 15:03:00,3,3,4,1,5,True,0,1,465025,V650,43,227925
4190139349,SIN_COLUMNA,NORMAL,NORMAL,Santiago,13,True,15-05-2026 0:00:00,15-05-2026 8:58:41,15-05-2026 12:45:58,15-05-2026 12:45:58,18-05-2026 9:33:00,,18-05-2026 9:33:00,1,3,4,1,5,True,0,1,470052,V650,43,2075673
4190139348,SIN_COLUMNA,NORMAL,NORMAL,Santiago,13,True,15-05-2026 0:00:00,15-05-2026 8:26:28,19-05-2026 0:00:00,19-05-2026 0:00:00,20-05-2026 15:10:00,,20-05-2026 15:10:00,3,3,4,1,5,True,0,1,495039,V650,43,193584
4190139317,SIN_COLUMNA,NORMAL,NORMAL,Santiago,13,True,13-05-2026 0:00:00,13-05-2026 9:26:18,14-05-2026 17:56:35,14-05-2026 17:56:35,15-05-2026 8:40:00,,15-05-2026 8:40:00,2,3,4,1,5,True,0,1,462035,V650,43,271867
4190139207,SIN_COLUMNA,NORMAL,NORMAL,Santiago,13,True,06-05-2026 0:00:00,06-05-2026 0:00:00,11-05-2026 17:27:00,11-05-2026 17:27:00,12-05-2026 9:08:00,,12-05-2026 9:08:00,4,3,4,1,5,True,0,1,462050,V650,43,265625
4190140006,SIN_COLUMNA,NORMAL,NORMAL,Regiones,07,True,10-07-2026 0:00:00,10-07-2026 8:59:25,10-07-2026 12:12:35,10-07-2026 12:12:35,13-07-2026 7:46:00,,13-07-2026 7:46:00,1,4,5,2,7,True,0,1,571001,V550,43,686719
4190139999,SIN_COLUMNA,NORMAL,NORMAL,Regiones,08,True,08-07-2026 0:00:00,08-07-2026 21:19:48,10-07-2026 12:12:33,10-07-2026 12:12:33,13-07-2026 7:46:00,,13-07-2026 7:46:00,3,4,5,2,7,True,0,1,650030,V580,43,271118
4190139997,SIN_COLUMNA,NORMAL,NORMAL,Regiones,01,True,08-07-2026 0:00:00,08-07-2026 20:45:22,10-07-2026 13:19:28,10-07-2026 13:19:28,13-07-2026 7:21:00,,13-07-2026 7:21:00,3,4,5,2,7,True,0,1,110044,V861,43,964100
4190139995,SIN_COLUMNA,NORMAL,NORMAL,Regiones,08,True,08-07-2026 0:00:00,08-07-2026 18:44:51,10-07-2026 13:34:43,10-07-2026 13:34:43,13-07-2026 7:22:00,,13-07-2026 7:22:00,3,4,5,2,7,True,0,1,644014,V108,43,120198
4190139992,SIN_COLUMNA,NORMAL,NORMAL,Regiones,04,True,08-07-2026 0:00:00,08-07-2026 0:00:00,10-07-2026 13:09:56,10-07-2026 13:09:56,13-07-2026 6:59:00,,13-07-2026 6:59:00,3,4,5,2,7,True,0,1,250041,V834,43,233300
4190139983,SIN_COLUMNA,NORMAL,NORMAL,Regiones,08,True,07-07-2026 0:00:00,07-07-2026 15:57:40,10-07-2026 10:41:50,10-07-2026 10:41:50,13-07-2026 7:40:00,,13-07-2026 7:40:00,4,4,5,2,7,True,0,1,680017,V108,43,330361
4190139982,SIN_COLUMNA,NORMAL,NORMAL,Regiones,10,True,07-07-2026 0:00:00,07-07-2026 15:56:13,10-07-2026 13:09:46,10-07-2026 13:09:46,13-07-2026 7:00:00,,13-07-2026 7:00:00,4,4,5,2,7,True,0,1,850166,V800,43,517874
4190139977,SIN_COLUMNA,NORMAL,NORMAL,Regiones,01,True,07-07-2026 0:00:00,07-07-2026 10:58:17,10-07-2026 13:19:33,10-07-2026 13:19:33,13-07-2026 7:20:00,,13-07-2026 7:20:00,4,4,5,2,7,True,0,1,110044,V861,43,1824815
4190139975,SIN_COLUMNA,NORMAL,NORMAL,Regiones,10,True,06-07-2026 0:00:00,06-07-2026 22:42:16,10-07-2026 12:25:19,10-07-2026 12:25:19,13-07-2026 7:47:00,,13-07-2026 7:47:00,5,4,5,2,7,True,0,1,895017,V800,43,593728
4190139972,SIN_COLUMNA,NORMAL,NORMAL,Regiones,05,True,06-07-2026 0:00:00,06-07-2026 19:16:47,10-07-2026 10:47:46,10-07-2026 10:47:46,13-07-2026 7:38:00,,13-07-2026 7:38:00,5,4,5,2,7,True,0,1,335108,V400,43,219053
4190139968,SIN_COLUMNA,NORMAL,NORMAL,Regiones,08,True,06-07-2026 0:00:00,06-07-2026 14:47:18,09-07-2026 16:10:40,09-07-2026 16:10:40,10-07-2026 7:56:00,,10-07-2026 7:56:00,4,4,5,2,7,True,0,1,710012,V108,43,1002160
4190139967,SIN_COLUMNA,NORMAL,NORMAL,Regiones,07,True,06-07-2026 0:00:00,06-07-2026 14:44:39,10-07-2026 13:16:22,10-07-2026 13:16:22,13-07-2026 7:19:00,,13-07-2026 7:19:00,5,4,5,2,7,True,0,1,580011,V108,43,238298
4190139966,SIN_COLUMNA,NORMAL,NORMAL,Regiones,04,True,06-07-2026 0:00:00,06-07-2026 13:13:07,09-07-2026 0:00:00,09-07-2026 0:00:00,10-07-2026 7:59:00,,10-07-2026 7:59:00,4,4,5,2,7,True,0,1,210161,V834,43,249390
4190139965,SIN_COLUMNA,NORMAL,NORMAL,Regiones,06,True,06-07-2026 0:00:00,06-07-2026 11:29:08,10-07-2026 13:09:41,10-07-2026 13:09:41,13-07-2026 7:17:00,,13-07-2026 7:17:00,5,4,5,2,7,True,0,1,520050,V550,43,437465
4190139964,SIN_COLUMNA,NORMAL,NORMAL,Regiones,10,True,06-07-2026 0:00:00,06-07-2026 10:52:33,10-07-2026 13:09:33,10-07-2026 13:09:33,13-07-2026 7:18:00,,13-07-2026 7:18:00,5,4,5,2,7,True,0,1,905017,V800,43,870923
4190139963,SIN_COLUMNA,NORMAL,NORMAL,Regiones,10,True,06-07-2026 0:00:00,06-07-2026 10:46:19,09-07-2026 0:00:00,09-07-2026 0:00:00,10-07-2026 7:36:00,,10-07-2026 7:36:00,4,4,5,2,7,True,0,1,803008,V800,43,451255
4190139962,SIN_COLUMNA,NORMAL,NORMAL,Regiones,06,True,06-07-2026 0:00:00,06-07-2026 10:42:08,07-07-2026 16:06:45,07-07-2026 16:06:45,08-07-2026 16:01:00,,08-07-2026 16:01:00,2,4,5,2,7,True,0,1,500134,V550,43,436675
1168027,SIN_COLUMNA,NORMAL,NORMAL,Regiones,04,True,06-07-2026 0:00:00,06-07-2026 9:24:58,10-07-2026 11:13:33,10-07-2026 11:13:33,13-07-2026 7:37:00,,13-07-2026 7:37:00,5,4,5,2,7,True,0,1,200172,V834,43,285934
1168026,SIN_COLUMNA,NORMAL,NORMAL,Regiones,04,True,06-07-2026 0:00:00,06-07-2026 9:19:25,10-07-2026 13:47:34,10-07-2026 13:47:34,13-07-2026 7:22:00,,13-07-2026 7:22:00,5,4,5,2,7,True,0,1,200172,V834,43,271295
4190139961,SIN_COLUMNA,NORMAL,NORMAL,Regiones,04,True,06-07-2026 0:00:00,06-07-2026 8:39:55,08-07-2026 16:30:09,08-07-2026 16:30:09,09-07-2026 8:24:00,,09-07-2026 8:24:00,3,4,5,2,7,True,0,1,250048,V834,43,451684
4190139855,SIN_COLUMNA,NORMAL,NORMAL,Regiones,09,True,24-06-2026 0:00:00,24-06-2026 16:39:33,26-06-2026 12:41:30,26-06-2026 12:41:30,30-06-2026 11:49:00,,30-06-2026 11:49:00,3,4,5,2,7,True,0,1,802023,V750,43,1028543
4190139850,SIN_COLUMNA,NORMAL,NORMAL,Regiones,05,True,24-06-2026 0:00:00,24-06-2026 12:29:08,26-06-2026 12:57:19,26-06-2026 12:57:19,30-06-2026 14:33:00,,30-06-2026 14:33:00,3,4,5,2,7,True,0,1,480110,V400,43,60410
1167330,SIN_COLUMNA,NORMAL,NORMAL,Regiones,08,True,24-06-2026 0:00:00,24-06-2026 8:21:09,25-06-2026 12:40:33,25-06-2026 12:40:33,26-06-2026 9:25:00,,26-06-2026 9:25:00,2,4,5,2,7,True,0,1,630023,V580,43,208443
1167326,SIN_COLUMNA,NORMAL,NORMAL,Regiones,02,True,24-06-2026 0:00:00,24-06-2026 1:28:58,26-06-2026 13:15:14,26-06-2026 13:15:14,30-06-2026 11:56:00,,30-06-2026 11:56:00,3,4,5,2,7,True,0,1,150301,V817,43,599708
4190139846,SIN_COLUMNA,NORMAL,NORMAL,Regiones,08,True,23-06-2026 0:00:00,23-06-2026 21:54:07,26-06-2026 12:45:45,26-06-2026 12:45:45,30-06-2026 14:33:00,,30-06-2026 14:33:00,4,4,5,2,7,True,0,1,700077,V108,43,139177
4190139840,SIN_COLUMNA,NORMAL,NORMAL,Regiones,05,True,23-06-2026 0:00:00,23-06-2026 17:20:16,26-06-2026 13:15:25,26-06-2026 13:15:25,30-06-2026 14:33:00,,30-06-2026 14:33:00,4,4,5,2,7,True,0,1,345159,V400,43,15862
4190139839,SIN_COLUMNA,NORMAL,NORMAL,Regiones,05,True,23-06-2026 0:00:00,23-06-2026 17:16:02,26-06-2026 13:13:03,26-06-2026 13:13:03,30-06-2026 14:33:00,,30-06-2026 14:33:00,4,4,5,2,7,True,0,1,345382,V400,43,246892
4190139838,SIN_COLUMNA,NORMAL,NORMAL,Regiones,05,True,23-06-2026 0:00:00,23-06-2026 16:40:51,26-06-2026 12:45:35,26-06-2026 12:45:35,30-06-2026 14:33:00,,30-06-2026 14:33:00,4,4,5,2,7,True,0,1,310068,V835,43,56475
4190139834,SIN_COLUMNA,NORMAL,NORMAL,Regiones,05,True,23-06-2026 0:00:00,23-06-2026 11:44:58,25-06-2026 12:52:58,25-06-2026 12:52:58,26-06-2026 9:27:00,,26-06-2026 9:27:00,3,4,5,2,7,True,0,1,350141,V400,43,325207
4190139831,SIN_COLUMNA,NORMAL,NORMAL,Regiones,04,True,23-06-2026 0:00:00,23-06-2026 0:05:53,25-06-2026 16:35:38,25-06-2026 16:35:38,26-06-2026 9:18:00,,26-06-2026 9:18:00,3,4,5,2,7,True,0,1,250029,V834,43,660298
4190139826,SIN_COLUMNA,NORMAL,NORMAL,Regiones,04,True,22-06-2026 0:00:00,22-06-2026 23:16:46,25-06-2026 16:32:05,25-06-2026 16:32:05,26-06-2026 9:28:00,,26-06-2026 9:28:00,4,4,5,2,7,True,0,1,210134,V834,43,1015292
4190139821,SIN_COLUMNA,NORMAL,NORMAL,Regiones,10,True,22-06-2026 0:00:00,22-06-2026 22:54:08,25-06-2026 16:20:34,25-06-2026 16:20:34,26-06-2026 9:21:00,,26-06-2026 9:21:00,4,4,5,2,7,True,0,1,790010,V750,43,3667872
4190139813,SIN_COLUMNA,NORMAL,NORMAL,Regiones,02,True,22-06-2026 0:00:00,22-06-2026 21:07:37,25-06-2026 16:20:51,25-06-2026 16:20:51,26-06-2026 9:18:00,,26-06-2026 9:18:00,4,4,5,2,7,True,0,1,130145,V817,43,344104
4190139810,SIN_COLUMNA,NORMAL,NORMAL,Regiones,02,True,22-06-2026 0:00:00,22-06-2026 20:21:28,24-06-2026 16:41:49,24-06-2026 16:41:49,25-06-2026 11:16:00,,25-06-2026 11:16:00,3,4,5,2,7,True,0,1,150167,V817,43,1555624
4190139808,SIN_COLUMNA,NORMAL,NORMAL,Regiones,08,True,22-06-2026 0:00:00,22-06-2026 19:38:05,25-06-2026 16:20:46,25-06-2026 16:20:46,26-06-2026 9:26:00,,26-06-2026 9:26:00,4,4,5,2,7,True,0,1,610013,V580,43,654761
4190139800,SIN_COLUMNA,NORMAL,NORMAL,Regiones,10,True,22-06-2026 0:00:00,22-06-2026 17:51:28,24-06-2026 16:42:22,24-06-2026 16:42:22,25-06-2026 11:17:00,,25-06-2026 11:17:00,3,4,5,2,7,True,0,1,850109,V800,43,473350
4190139784,SIN_COLUMNA,NORMAL,NORMAL,Regiones,08,True,22-06-2026 0:00:00,22-06-2026 13:32:44,24-06-2026 0:00:00,24-06-2026 0:00:00,25-06-2026 11:50:00,,25-06-2026 11:50:00,3,4,5,2,7,True,0,1,600095,V108,43,472400
4190139777,SIN_COLUMNA,NORMAL,NORMAL,Regiones,04,True,22-06-2026 0:00:00,22-06-2026 0:00:00,22-06-2026 14:43:41,22-06-2026 14:43:41,23-06-2026 7:05:00,,23-06-2026 7:05:00,1,4,5,2,7,True,0,1,205051,V834,43,255689
4190139776,SIN_COLUMNA,NORMAL,NORMAL,Regiones,08,True,19-06-2026 0:00:00,19-06-2026 17:15:34,24-06-2026 15:25:37,24-06-2026 15:25:37,25-06-2026 11:21:00,,25-06-2026 11:21:00,4,4,5,2,7,True,0,1,700068,V108,43,916483
4190139768,SIN_COLUMNA,NORMAL,NORMAL,Regiones,09,True,18-06-2026 0:00:00,18-06-2026 22:27:28,19-06-2026 13:52:36,19-06-2026 13:52:36,22-06-2026 15:56:00,,22-06-2026 15:56:00,2,4,5,2,7,True,0,1,750151,V750,43,872473
4190139767,SIN_COLUMNA,NORMAL,NORMAL,Regiones,02,True,18-06-2026 0:00:00,18-06-2026 20:55:06,22-06-2026 16:56:36,22-06-2026 16:56:36,23-06-2026 8:06:00,,23-06-2026 8:06:00,3,4,5,2,7,True,0,1,150041,V817,43,2844004
4190139765,SIN_COLUMNA,NORMAL,NORMAL,Regiones,04,True,18-06-2026 0:00:00,18-06-2026 19:48:59,19-06-2026 10:57:41,19-06-2026 10:57:41,22-06-2026 16:04:00,,22-06-2026 16:04:00,2,4,5,2,7,True,0,1,200227,V834,43,217483
1167259,SIN_COLUMNA,NORMAL,NORMAL,Regiones,07,True,18-06-2026 0:00:00,18-06-2026 19:20:05,22-06-2026 14:44:55,22-06-2026 14:44:55,23-06-2026 7:10:00,,23-06-2026 7:10:00,3,4,5,2,7,True,0,1,550245,V550,43,1680441
4190139756,SIN_COLUMNA,NORMAL,NORMAL,Regiones,07,True,18-06-2026 0:00:00,18-06-2026 16:02:53,19-06-2026 9:51:42,19-06-2026 9:51:42,22-06-2026 15:46:00,,22-06-2026 15:46:00,2,4,5,2,7,True,0,1,580013,V108,43,415631
4190139753,SIN_COLUMNA,NORMAL,NORMAL,Regiones,05,True,18-06-2026 0:00:00,18-06-2026 15:11:58,19-06-2026 13:52:31,19-06-2026 13:52:31,22-06-2026 15:50:00,,22-06-2026 15:50:00,2,4,5,2,7,True,0,1,350157,V400,43,1019063
4190139749,SIN_COLUMNA,NORMAL,NORMAL,Regiones,12,True,18-06-2026 0:00:00,18-06-2026 13:17:10,18-06-2026 0:00:00,18-06-2026 0:00:00,19-06-2026 12:20:00,,19-06-2026 12:20:00,1,4,5,2,7,True,0,1,950044,V800,43,1338573
4190139743,SIN_COLUMNA,NORMAL,NORMAL,Regiones,01,True,17-06-2026 0:00:00,17-06-2026 21:43:45,18-06-2026 15:19:25,18-06-2026 15:19:25,19-06-2026 10:57:00,,19-06-2026 10:57:00,2,4,5,2,7,True,0,1,110116,V861,43,224917
4190139741,SIN_COLUMNA,NORMAL,NORMAL,Regiones,10,True,17-06-2026 0:00:00,17-06-2026 18:38:24,19-06-2026 9:51:44,19-06-2026 9:51:44,22-06-2026 15:43:00,,22-06-2026 15:43:00,3,4,5,2,7,True,0,1,900037,V800,43,282478
4190139735,SIN_COLUMNA,NORMAL,NORMAL,Regiones,05,True,17-06-2026 0:00:00,17-06-2026 12:54:38,17-06-2026 14:49:08,17-06-2026 14:49:08,18-06-2026 15:43:00,,18-06-2026 15:43:00,1,4,5,2,7,True,0,1,345382,V400,43,327563
4190139734,SIN_COLUMNA,NORMAL,NORMAL,Regiones,05,True,17-06-2026 0:00:00,17-06-2026 12:43:56,17-06-2026 16:39:06,17-06-2026 16:39:06,18-06-2026 15:44:00,,18-06-2026 15:44:00,1,4,5,2,7,True,0,1,350045,V400,43,495988
4190139733,SIN_COLUMNA,NORMAL,NORMAL,Regiones,10,True,17-06-2026 0:00:00,17-06-2026 11:47:58,18-06-2026 0:00:00,18-06-2026 0:00:00,19-06-2026 10:59:00,,19-06-2026 10:59:00,2,4,5,2,7,True,0,1,799003,V750,43,427828
4190139720,SIN_COLUMNA,NORMAL,NORMAL,Regiones,09,True,16-06-2026 0:00:00,16-06-2026 15:27:04,18-06-2026 18:04:51,18-06-2026 18:04:51,19-06-2026 12:04:00,,19-06-2026 12:04:00,3,4,5,2,7,True,0,1,765001,V750,43,382605
4190139718,SIN_COLUMNA,NORMAL,NORMAL,Regiones,08,True,16-06-2026 0:00:00,16-06-2026 14:07:34,16-06-2026 17:25:34,16-06-2026 17:25:34,17-06-2026 15:23:00,,17-06-2026 15:23:00,1,4,5,2,7,True,0,1,700142,V108,43,1199807
4190139717,SIN_COLUMNA,NORMAL,NORMAL,Regiones,05,True,16-06-2026 0:00:00,16-06-2026 13:49:20,16-06-2026 17:33:56,16-06-2026 17:33:56,17-06-2026 15:21:00,,17-06-2026 15:21:00,1,4,5,2,7,True,0,1,310068,V835,43,590163
4190139716,SIN_COLUMNA,NORMAL,NORMAL,Regiones,05,True,16-06-2026 0:00:00,16-06-2026 13:27:08,18-06-2026 15:13:02,18-06-2026 15:13:02,19-06-2026 11:03:00,,19-06-2026 11:03:00,3,4,5,2,7,True,0,1,310068,V835,43,2023022
4190139709,SIN_COLUMNA,NORMAL,NORMAL,Regiones,02,True,15-06-2026 0:00:00,15-06-2026 18:06:50,18-06-2026 0:00:00,18-06-2026 0:00:00,19-06-2026 10:52:00,,19-06-2026 10:52:00,4,4,5,2,7,True,0,1,150234,V817,43,649612
4190139707,SIN_COLUMNA,NORMAL,NORMAL,Regiones,02,True,15-06-2026 0:00:00,15-06-2026 17:48:48,16-06-2026 16:14:06,16-06-2026 16:14:06,17-06-2026 15:31:00,,17-06-2026 15:31:00,2,4,5,2,7,True,0,1,150046,V817,43,2994879
4190139706,SIN_COLUMNA,NORMAL,NORMAL,Regiones,02,True,15-06-2026 0:00:00,15-06-2026 17:44:47,18-06-2026 15:19:06,18-06-2026 15:19:06,19-06-2026 10:52:00,,19-06-2026 10:52:00,4,4,5,2,7,True,0,1,150234,V817,43,423113
4190139705,SIN_COLUMNA,NORMAL,NORMAL,Regiones,02,True,15-06-2026 0:00:00,15-06-2026 17:38:35,18-06-2026 0:00:00,18-06-2026 0:00:00,19-06-2026 10:52:00,,19-06-2026 10:52:00,4,4,5,2,7,True,0,1,150234,V817,43,713811
4190139703,SIN_COLUMNA,NORMAL,NORMAL,Regiones,02,True,15-06-2026 0:00:00,15-06-2026 17:17:07,18-06-2026 15:18:56,18-06-2026 15:18:56,19-06-2026 10:52:00,,19-06-2026 10:52:00,4,4,5,2,7,True,0,1,150234,V817,43,1014328
4190139701,SIN_COLUMNA,NORMAL,NORMAL,Regiones,09,True,15-06-2026 0:00:00,15-06-2026 13:34:31,16-06-2026 17:32:43,16-06-2026 17:32:43,17-06-2026 15:33:00,,17-06-2026 15:33:00,2,4,5,2,7,True,0,1,750151,V750,43,4080755
4190139700,SIN_COLUMNA,NORMAL,NORMAL,Regiones,09,True,15-06-2026 0:00:00,15-06-2026 12:47:18,16-06-2026 17:32:13,16-06-2026 17:32:13,17-06-2026 15:45:00,,17-06-2026 15:45:00,2,4,5,2,7,True,0,1,750060,V750,43,705412
4190139699,SIN_COLUMNA,NORMAL,NORMAL,Regiones,08,True,15-06-2026 0:00:00,15-06-2026 12:23:01,16-06-2026 17:32:09,16-06-2026 17:32:09,17-06-2026 15:35:00,,17-06-2026 15:35:00,2,4,5,2,7,True,0,1,700077,V108,43,474574
4190139712,SIN_COLUMNA,NORMAL,NORMAL,Regiones,10,True,15-06-2026 0:00:00,15-06-2026 0:00:00,18-06-2026 15:01:48,18-06-2026 15:01:48,19-06-2026 10:53:00,,19-06-2026 10:53:00,4,4,5,2,7,True,0,1,850131,V800,43,424518
4190139697,SIN_COLUMNA,NORMAL,NORMAL,Regiones,09,True,14-06-2026 0:00:00,14-06-2026 23:51:03,15-06-2026 14:30:48,15-06-2026 14:30:48,16-06-2026 7:22:00,,16-06-2026 7:22:00,2,4,5,2,7,True,0,1,750355,V750,43,2357542
4190139696,SIN_COLUMNA,NORMAL,NORMAL,Regiones,09,True,14-06-2026 0:00:00,14-06-2026 23:08:39,18-06-2026 15:19:19,18-06-2026 15:19:19,19-06-2026 11:02:00,,19-06-2026 11:02:00,5,4,5,2,7,True,0,1,750254,V750,43,622616
4190139695,SIN_COLUMNA,NORMAL,NORMAL,Regiones,10,True,14-06-2026 0:00:00,14-06-2026 22:41:19,15-06-2026 0:00:00,15-06-2026 0:00:00,16-06-2026 7:21:00,,16-06-2026 7:21:00,2,4,5,2,7,True,0,1,910031,V800,43,1429375
4190139688,SIN_COLUMNA,NORMAL,NORMAL,Regiones,05,True,12-06-2026 0:00:00,12-06-2026 13:52:23,16-06-2026 17:32:01,16-06-2026 17:32:01,17-06-2026 15:44:00,,17-06-2026 15:44:00,3,4,5,2,7,True,0,1,480041,V400,43,573079
4190139685,SIN_COLUMNA,NORMAL,NORMAL,Regiones,05,True,12-06-2026 0:00:00,12-06-2026 12:45:50,15-06-2026 15:15:06,15-06-2026 15:15:06,16-06-2026 7:23:00,,16-06-2026 7:23:00,2,4,5,2,7,True,0,1,330014,V400,43,347695
4190139684,SIN_COLUMNA,NORMAL,NORMAL,Regiones,05,True,12-06-2026 0:00:00,12-06-2026 12:41:40,15-06-2026 15:15:29,15-06-2026 15:15:29,16-06-2026 15:15:00,,16-06-2026 15:15:00,2,4,5,2,7,True,0,1,330032,V400,43,157680
4190139681,SIN_COLUMNA,NORMAL,NORMAL,Regiones,05,True,12-06-2026 0:00:00,12-06-2026 12:08:58,16-06-2026 17:31:54,16-06-2026 17:31:54,17-06-2026 15:37:00,,17-06-2026 15:37:00,3,4,5,2,7,True,0,1,345151,V400,43,113967
4190139674,SIN_COLUMNA,NORMAL,NORMAL,Regiones,04,True,11-06-2026 0:00:00,11-06-2026 18:20:55,12-06-2026 12:37:20,12-06-2026 12:37:20,15-06-2026 7:07:00,,15-06-2026 7:07:00,2,4,5,2,7,True,0,1,205002,V834,43,303200
4190139672,SIN_COLUMNA,NORMAL,NORMAL,Regiones,05,True,11-06-2026 0:00:00,11-06-2026 14:17:45,12-06-2026 12:16:31,12-06-2026 12:16:31,15-06-2026 7:08:00,,15-06-2026 7:08:00,2,4,5,2,7,True,0,1,330028,V400,43,228719
4190139671,SIN_COLUMNA,NORMAL,NORMAL,Regiones,05,True,11-06-2026 0:00:00,11-06-2026 14:17:32,12-06-2026 0:00:00,12-06-2026 0:00:00,15-06-2026 7:06:00,,15-06-2026 7:06:00,2,4,5,2,7,True,0,1,350072,V835,43,798419
4190139670,SIN_COLUMNA,NORMAL,NORMAL,Regiones,05,True,11-06-2026 0:00:00,11-06-2026 14:13:20,12-06-2026 12:09:35,12-06-2026 12:09:35,15-06-2026 14:48:00,,15-06-2026 14:48:00,2,4,5,2,7,True,0,1,330028,V400,43,106031
4190139668,SIN_COLUMNA,NORMAL,NORMAL,Regiones,09,True,11-06-2026 0:00:00,11-06-2026 12:16:53,12-06-2026 0:00:00,12-06-2026 0:00:00,15-06-2026 7:07:00,,15-06-2026 7:07:00,2,4,5,2,7,True,0,1,766000,V750,43,751230
4190139666,SIN_COLUMNA,NORMAL,NORMAL,Regiones,05,True,11-06-2026 0:00:00,11-06-2026 11:42:28,12-06-2026 11:22:31,12-06-2026 11:22:31,15-06-2026 14:43:00,,15-06-2026 14:43:00,2,4,5,2,7,True,0,1,280015,V835,43,78851
4190139658,SIN_COLUMNA,NORMAL,NORMAL,Regiones,01,True,11-06-2026 0:00:00,11-06-2026 9:47:51,11-06-2026 12:35:56,11-06-2026 12:35:56,12-06-2026 11:16:00,,12-06-2026 11:16:00,1,4,5,2,7,True,0,1,100016,V861,43,428086
4190139657,SIN_COLUMNA,NORMAL,NORMAL,Regiones,10,True,11-06-2026 0:00:00,11-06-2026 9:16:38,11-06-2026 0:00:00,11-06-2026 0:00:00,12-06-2026 11:42:00,,12-06-2026 11:42:00,1,4,5,2,7,True,0,1,785005,V750,43,1004988
4190139656,SIN_COLUMNA,NORMAL,NORMAL,Regiones,10,True,11-06-2026 0:00:00,11-06-2026 9:15:26,11-06-2026 0:00:00,11-06-2026 0:00:00,12-06-2026 11:31:00,,12-06-2026 11:31:00,1,4,5,2,7,True,0,1,785005,V750,43,481949
4190139652,SIN_COLUMNA,NORMAL,NORMAL,Regiones,10,True,11-06-2026 0:00:00,11-06-2026 9:10:32,11-06-2026 0:00:00,11-06-2026 0:00:00,12-06-2026 11:33:00,,12-06-2026 11:33:00,1,4,5,2,7,True,0,1,920017,V800,43,746331
4190139645,SIN_COLUMNA,NORMAL,NORMAL,Regiones,02,True,11-06-2026 0:00:00,11-06-2026 8:42:57,11-06-2026 16:08:37,11-06-2026 16:08:37,12-06-2026 11:26:00,,12-06-2026 11:26:00,1,4,5,2,7,True,0,1,130145,V817,43,1205501
4190139651,SIN_COLUMNA,NORMAL,NORMAL,Regiones,10,True,11-06-2026 0:00:00,11-06-2026 0:00:00,11-06-2026 16:08:56,11-06-2026 16:08:56,12-06-2026 11:35:00,,12-06-2026 11:35:00,1,4,5,2,7,True,0,1,920015,V800,43,635277
4190139669,SIN_COLUMNA,NORMAL,NORMAL,Regiones,05,True,11-06-2026 0:00:00,11-06-2026 0:00:00,12-06-2026 10:49:41,12-06-2026 10:49:41,15-06-2026 14:47:00,,15-06-2026 14:47:00,2,4,5,2,7,True,0,1,350311,V835,43,83594
4190139638,SIN_COLUMNA,NORMAL,NORMAL,Regiones,05,True,10-06-2026 0:00:00,10-06-2026 12:03:47,11-06-2026 15:58:51,11-06-2026 15:58:51,12-06-2026 11:48:00,,12-06-2026 11:48:00,2,4,5,2,7,True,0,1,280015,V835,43,300373
4190139635,SIN_COLUMNA,NORMAL,NORMAL,Regiones,08,True,09-06-2026 0:00:00,09-06-2026 22:51:11,11-06-2026 9:53:45,11-06-2026 9:53:45,12-06-2026 10:40:00,,12-06-2026 10:40:00,3,4,5,2,7,True,0,1,596001,V108,43,450173
4190139622,SIN_COLUMNA,NORMAL,NORMAL,Regiones,05,True,09-06-2026 0:00:00,09-06-2026 12:07:49,09-06-2026 15:47:19,09-06-2026 15:47:19,10-06-2026 11:59:00,,10-06-2026 11:59:00,1,4,5,2,7,True,0,1,300008,V835,43,195531
4190139621,SIN_COLUMNA,NORMAL,NORMAL,Regiones,05,True,09-06-2026 0:00:00,09-06-2026 10:43:35,09-06-2026 17:18:59,09-06-2026 17:18:59,10-06-2026 12:46:00,,10-06-2026 12:46:00,1,4,5,2,7,True,0,1,350045,V400,43,285445
4190139619,SIN_COLUMNA,NORMAL,NORMAL,Regiones,05,True,09-06-2026 0:00:00,09-06-2026 10:31:10,10-06-2026 14:20:41,10-06-2026 14:20:41,11-06-2026 11:22:00,,11-06-2026 11:22:00,2,4,5,2,7,True,0,1,340002,V400,43,236298
4190139611,SIN_COLUMNA,NORMAL,NORMAL,Regiones,09,True,08-06-2026 0:00:00,08-06-2026 17:47:14,09-06-2026 15:47:05,09-06-2026 15:47:05,10-06-2026 11:58:00,,10-06-2026 11:58:00,2,4,5,2,7,True,0,1,770009,V750,43,1349516
4190139605,SIN_COLUMNA,NORMAL,NORMAL,Regiones,05,True,08-06-2026 0:00:00,08-06-2026 15:49:51,09-06-2026 14:16:21,09-06-2026 14:16:21,10-06-2026 12:42:00,,10-06-2026 12:42:00,2,4,5,2,7,True,0,1,345028,V400,43,246749
4190139603,SIN_COLUMNA,NORMAL,NORMAL,Regiones,10,True,08-06-2026 0:00:00,08-06-2026 15:43:26,09-06-2026 14:41:04,09-06-2026 14:41:04,10-06-2026 12:47:00,,10-06-2026 12:47:00,2,4,5,2,7,True,0,1,895020,V800,43,837609
4190139601,SIN_COLUMNA,NORMAL,NORMAL,Regiones,10,True,08-06-2026 0:00:00,08-06-2026 15:36:01,09-06-2026 14:36:04,09-06-2026 14:36:04,10-06-2026 12:01:00,,10-06-2026 12:01:00,2,4,5,2,7,True,0,1,895017,V800,43,228075
4190139598,SIN_COLUMNA,NORMAL,NORMAL,Regiones,09,True,07-06-2026 0:00:00,07-06-2026 23:35:24,09-06-2026 14:36:00,09-06-2026 14:36:00,10-06-2026 12:40:00,,10-06-2026 12:40:00,3,4,5,2,7,True,0,1,750250,V750,43,1194450
4190139595,SIN_COLUMNA,NORMAL,NORMAL,Regiones,08,True,04-06-2026 0:00:00,04-06-2026 20:55:22,10-06-2026 14:48:31,10-06-2026 14:48:31,11-06-2026 11:24:00,,11-06-2026 11:24:00,5,4,5,2,7,True,0,1,650305,V580,43,209892
1167068,SIN_COLUMNA,NORMAL,NORMAL,Regiones,06,True,04-06-2026 0:00:00,04-06-2026 18:48:29,05-06-2026 13:19:22,05-06-2026 13:19:22,08-06-2026 11:33:00,,08-06-2026 11:33:00,2,4,5,2,7,True,0,1,500165,V550,43,239924
1167066,SIN_COLUMNA,NORMAL,NORMAL,Regiones,08,True,04-06-2026 0:00:00,04-06-2026 15:27:44,05-06-2026 12:45:13,05-06-2026 12:45:13,08-06-2026 10:38:00,,08-06-2026 10:38:00,2,4,5,2,7,True,0,1,630023,V580,43,108167
4190139585,SIN_COLUMNA,NORMAL,NORMAL,Regiones,04,True,04-06-2026 0:00:00,04-06-2026 14:24:43,08-06-2026 17:39:38,08-06-2026 17:39:38,09-06-2026 12:53:00,,09-06-2026 12:53:00,3,4,5,2,7,True,0,1,210136,V834,43,1203102
4190139584,SIN_COLUMNA,NORMAL,NORMAL,Regiones,05,True,04-06-2026 0:00:00,04-06-2026 14:17:15,09-06-2026 14:28:33,09-06-2026 14:28:33,10-06-2026 12:43:00,,10-06-2026 12:43:00,4,4,5,2,7,True,0,1,310017,V835,43,93396
4190139579,SIN_COLUMNA,NORMAL,NORMAL,Regiones,10,True,03-06-2026 0:00:00,03-06-2026 17:21:11,05-06-2026 12:44:40,05-06-2026 12:44:40,08-06-2026 10:34:00,,08-06-2026 10:34:00,3,4,5,2,7,True,0,1,850064,V800,43,329115
4190139573,SIN_COLUMNA,NORMAL,NORMAL,Regiones,04,True,03-06-2026 0:00:00,03-06-2026 15:20:16,08-06-2026 16:02:49,08-06-2026 16:02:49,09-06-2026 12:56:00,,09-06-2026 12:56:00,4,4,5,2,7,True,0,1,210151,V834,43,309215
4190139567,SIN_COLUMNA,NORMAL,NORMAL,Regiones,05,True,03-06-2026 0:00:00,03-06-2026 11:42:52,05-06-2026 12:47:21,05-06-2026 12:47:21,08-06-2026 10:37:00,,08-06-2026 10:37:00,3,4,5,2,7,True,0,1,345382,V400,43,566817
4190139564,SIN_COLUMNA,NORMAL,NORMAL,Regiones,10,True,02-06-2026 0:00:00,02-06-2026 16:05:00,04-06-2026 16:21:12,04-06-2026 16:21:12,05-06-2026 11:51:00,,05-06-2026 11:51:00,3,4,5,2,7,True,0,1,793001,V800,43,544534
4190139563,SIN_COLUMNA,NORMAL,NORMAL,Regiones,10,True,02-06-2026 0:00:00,02-06-2026 14:19:46,04-06-2026 16:20:43,04-06-2026 16:20:43,05-06-2026 11:53:00,,05-06-2026 11:53:00,3,4,5,2,7,True,0,1,900201,V800,43,443435
1167030,SIN_COLUMNA,NORMAL,NORMAL,Regiones,04,True,02-06-2026 0:00:00,02-06-2026 12:54:15,02-06-2026 17:26:41,02-06-2026 17:26:41,03-06-2026 12:04:00,,03-06-2026 12:04:00,1,4,5,2,7,True,0,1,200172,V834,43,314999
1167029,SIN_COLUMNA,NORMAL,NORMAL,Regiones,04,True,02-06-2026 0:00:00,02-06-2026 12:51:12,02-06-2026 15:29:23,02-06-2026 15:29:23,03-06-2026 12:04:00,,03-06-2026 12:04:00,1,4,5,2,7,True,0,1,200172,V834,43,317209
1167027,SIN_COLUMNA,NORMAL,NORMAL,Regiones,04,True,02-06-2026 0:00:00,02-06-2026 12:47:12,02-06-2026 15:29:21,02-06-2026 15:29:21,03-06-2026 12:04:00,,03-06-2026 12:04:00,1,4,5,2,7,True,0,1,200172,V834,43,422322
4190139540,SIN_COLUMNA,NORMAL,NORMAL,Regiones,09,True,01-06-2026 0:00:00,01-06-2026 11:42:55,05-06-2026 12:47:03,05-06-2026 12:47:03,08-06-2026 10:40:00,,08-06-2026 10:40:00,5,4,5,2,7,True,0,1,750182,V750,43,1458412
4190139487,SIN_COLUMNA,NORMAL,NORMAL,Regiones,08,True,27-05-2026 0:00:00,27-05-2026 19:33:11,28-05-2026 14:55:52,28-05-2026 14:55:52,29-05-2026 11:51:00,,29-05-2026 11:51:00,2,4,5,2,7,True,0,1,700038,V108,43,1389478
4190139482,SIN_COLUMNA,NORMAL,NORMAL,Regiones,08,True,27-05-2026 0:00:00,27-05-2026 17:42:21,28-05-2026 15:15:18,28-05-2026 15:15:18,29-05-2026 11:50:00,,29-05-2026 11:50:00,2,4,5,2,7,True,0,1,595012,V108,43,347716
4190139474,SIN_COLUMNA,NORMAL,NORMAL,Regiones,08,True,27-05-2026 0:00:00,27-05-2026 14:39:13,28-05-2026 15:17:04,28-05-2026 15:17:04,29-05-2026 11:58:00,,29-05-2026 11:58:00,2,4,5,2,7,True,0,1,655013,V580,43,306869
4190139468,SIN_COLUMNA,NORMAL,NORMAL,Regiones,08,True,27-05-2026 0:00:00,27-05-2026 10:33:50,28-05-2026 17:28:10,28-05-2026 17:28:10,29-05-2026 11:49:00,,29-05-2026 11:49:00,2,4,5,2,7,True,0,1,700055,V108,43,4180394
4190139462,SIN_COLUMNA,NORMAL,NORMAL,Regiones,10,True,26-05-2026 0:00:00,26-05-2026 20:21:36,28-05-2026 17:27:20,28-05-2026 17:27:20,29-05-2026 11:53:00,,29-05-2026 11:53:00,3,4,5,2,7,True,0,1,900190,V800,43,889021
4190139461,SIN_COLUMNA,NORMAL,NORMAL,Regiones,08,True,26-05-2026 0:00:00,26-05-2026 19:43:02,28-05-2026 15:15:04,28-05-2026 15:15:04,29-05-2026 11:50:00,,29-05-2026 11:50:00,3,4,5,2,7,True,0,1,700165,V108,43,253682
4190139450,SIN_COLUMNA,NORMAL,NORMAL,Regiones,09,True,26-05-2026 0:00:00,26-05-2026 14:53:01,28-05-2026 17:30:54,28-05-2026 17:30:54,29-05-2026 11:52:00,,29-05-2026 11:52:00,3,4,5,2,7,True,0,1,750325,V750,43,1278076
4190139449,SIN_COLUMNA,NORMAL,NORMAL,Regiones,02,True,26-05-2026 0:00:00,26-05-2026 13:17:45,27-05-2026 15:35:02,27-05-2026 15:35:02,28-05-2026 8:54:00,,28-05-2026 8:54:00,2,4,5,2,7,True,0,1,135002,V817,43,1101801
4190139448,SIN_COLUMNA,NORMAL,NORMAL,Regiones,04,True,26-05-2026 0:00:00,26-05-2026 12:53:29,27-05-2026 15:34:49,27-05-2026 15:34:49,28-05-2026 11:26:00,,28-05-2026 11:26:00,2,4,5,2,7,True,0,1,265016,V835,43,268468
4190139447,SIN_COLUMNA,NORMAL,NORMAL,Regiones,05,True,26-05-2026 0:00:00,26-05-2026 12:20:16,27-05-2026 15:34:37,27-05-2026 15:34:37,28-05-2026 8:53:00,,28-05-2026 8:53:00,2,4,5,2,7,True,0,1,315012,V835,43,553506
4190139446,SIN_COLUMNA,NORMAL,NORMAL,Regiones,05,True,26-05-2026 0:00:00,26-05-2026 12:16:05,26-05-2026 16:15:59,26-05-2026 16:15:59,27-05-2026 15:17:00,,27-05-2026 15:17:00,1,4,5,2,7,True,0,1,315008,V835,43,142280
4190139445,SIN_COLUMNA,NORMAL,NORMAL,Regiones,10,True,26-05-2026 0:00:00,26-05-2026 12:02:49,27-05-2026 15:34:29,27-05-2026 15:34:29,28-05-2026 8:53:00,,28-05-2026 8:53:00,2,4,5,2,7,True,0,1,850145,V800,43,365126
4190139444,SIN_COLUMNA,NORMAL,NORMAL,Regiones,04,True,26-05-2026 0:00:00,26-05-2026 11:31:35,27-05-2026 15:35:26,27-05-2026 15:35:26,28-05-2026 11:37:00,,28-05-2026 11:37:00,2,4,5,2,7,True,0,1,260025,V835,43,928810
4190139438,SIN_COLUMNA,NORMAL,NORMAL,Regiones,08,True,25-05-2026 0:00:00,25-05-2026 19:03:37,26-05-2026 0:00:00,26-05-2026 0:00:00,27-05-2026 15:18:00,,27-05-2026 15:18:00,2,4,5,2,7,True,0,1,695001,V108,43,2413922
4190139434,SIN_COLUMNA,NORMAL,NORMAL,Regiones,05,True,25-05-2026 0:00:00,25-05-2026 16:44:39,26-05-2026 0:00:00,26-05-2026 0:00:00,27-05-2026 15:14:00,,27-05-2026 15:14:00,2,4,5,2,7,True,0,1,300032,V835,43,156149
4190139433,SIN_COLUMNA,NORMAL,NORMAL,Regiones,10,True,25-05-2026 0:00:00,25-05-2026 16:33:27,26-05-2026 0:00:00,26-05-2026 0:00:00,27-05-2026 15:06:00,,27-05-2026 15:06:00,2,4,5,2,7,True,0,1,925015,V800,43,257787
4190139431,SIN_COLUMNA,NORMAL,NORMAL,Regiones,05,True,25-05-2026 0:00:00,25-05-2026 12:26:52,26-05-2026 11:49:25,26-05-2026 11:49:25,27-05-2026 8:39:00,,27-05-2026 8:39:00,2,4,5,2,7,True,0,1,300032,V835,43,9130000
4190139430,SIN_COLUMNA,NORMAL,NORMAL,Regiones,05,True,25-05-2026 0:00:00,25-05-2026 12:16:41,25-05-2026 16:41:16,25-05-2026 16:41:16,26-05-2026 13:13:00,,26-05-2026 13:13:00,1,4,5,2,7,True,0,1,480028,V400,43,467182
4190139426,SIN_COLUMNA,NORMAL,NORMAL,Regiones,05,True,25-05-2026 0:00:00,25-05-2026 11:49:48,27-05-2026 15:35:20,27-05-2026 15:35:20,28-05-2026 11:28:00,,28-05-2026 11:28:00,3,4,5,2,7,True,0,1,310017,V835,43,739667
4190139420,SIN_COLUMNA,NORMAL,NORMAL,Regiones,02,True,25-05-2026 0:00:00,25-05-2026 9:29:47,26-05-2026 17:11:46,26-05-2026 17:11:46,27-05-2026 8:21:00,,27-05-2026 8:21:00,2,4,5,2,7,True,0,1,130030,V817,43,242365
4190139419,SIN_COLUMNA,NORMAL,NORMAL,Regiones,02,True,25-05-2026 0:00:00,25-05-2026 9:21:32,26-05-2026 17:14:28,26-05-2026 17:14:28,27-05-2026 8:20:00,,27-05-2026 8:20:00,2,4,5,2,7,True,0,1,150180,V817,43,1527634
4190139418,SIN_COLUMNA,NORMAL,NORMAL,Regiones,09,True,25-05-2026 0:00:00,25-05-2026 9:15:19,26-05-2026 0:00:00,26-05-2026 0:00:00,27-05-2026 8:22:00,,27-05-2026 8:22:00,2,4,5,2,7,True,0,1,769002,V750,43,452269
4190139437,SIN_COLUMNA,NORMAL,NORMAL,Regiones,01,True,25-05-2026 0:00:00,25-05-2026 0:00:00,26-05-2026 15:15:26,26-05-2026 15:15:26,27-05-2026 8:34:00,,27-05-2026 8:34:00,2,4,5,2,7,True,0,1,100082,V861,43,945834
4190139429,SIN_COLUMNA,NORMAL,NORMAL,Regiones,08,True,25-05-2026 0:00:00,25-05-2026 0:00:00,26-05-2026 0:00:00,26-05-2026 0:00:00,27-05-2026 15:20:00,,27-05-2026 15:20:00,2,4,5,2,7,True,0,1,600135,V108,43,355507
4190139415,SIN_COLUMNA,NORMAL,NORMAL,Regiones,06,True,22-05-2026 0:00:00,22-05-2026 15:50:58,28-05-2026 17:29:43,28-05-2026 17:29:43,29-05-2026 11:48:00,,29-05-2026 11:48:00,5,4,5,2,7,True,0,1,500165,V650,43,351787
4190139412,SIN_COLUMNA,NORMAL,NORMAL,Regiones,09,True,22-05-2026 0:00:00,22-05-2026 14:54:16,26-05-2026 0:00:00,26-05-2026 0:00:00,27-05-2026 15:05:00,,27-05-2026 15:05:00,3,4,5,2,7,True,0,1,750186,V750,43,913840
4190139408,SIN_COLUMNA,NORMAL,NORMAL,Regiones,08,True,22-05-2026 0:00:00,22-05-2026 14:03:53,26-05-2026 17:13:13,26-05-2026 17:13:13,27-05-2026 15:22:00,,27-05-2026 15:22:00,3,4,5,2,7,True,0,1,655013,V580,43,7523206
1166620,SIN_COLUMNA,NORMAL,NORMAL,Regiones,05,True,22-05-2026 0:00:00,22-05-2026 11:51:34,25-05-2026 10:29:26,25-05-2026 10:29:26,26-05-2026 13:01:00,,26-05-2026 13:01:00,2,4,5,2,7,True,0,1,350150,V835,43,82926
4190139401,SIN_COLUMNA,NORMAL,NORMAL,Regiones,01,True,20-05-2026 0:00:00,20-05-2026 16:41:16,22-05-2026 10:35:37,22-05-2026 10:35:37,25-05-2026 7:27:00,,25-05-2026 7:27:00,2,4,5,2,7,True,0,1,100209,V861,43,245769
4190139397,SIN_COLUMNA,NORMAL,NORMAL,Regiones,06,True,20-05-2026 0:00:00,20-05-2026 12:54:11,27-05-2026 15:35:09,27-05-2026 15:35:09,28-05-2026 11:27:00,,28-05-2026 11:27:00,5,4,5,2,7,True,0,1,520050,V650,43,491718
4190139396,SIN_COLUMNA,NORMAL,NORMAL,Regiones,06,True,20-05-2026 0:00:00,20-05-2026 12:22:56,20-05-2026 0:00:00,20-05-2026 0:00:00,22-05-2026 11:26:00,,22-05-2026 11:26:00,1,4,5,2,7,True,0,1,500319,V650,43,305592
4190139394,SIN_COLUMNA,NORMAL,NORMAL,Regiones,09,True,20-05-2026 0:00:00,20-05-2026 11:48:42,20-05-2026 17:32:32,20-05-2026 17:32:32,22-05-2026 11:13:00,,22-05-2026 11:13:00,1,4,5,2,7,True,0,1,730050,V750,43,1158840
4190139393,SIN_COLUMNA,NORMAL,NORMAL,Regiones,06,True,20-05-2026 0:00:00,20-05-2026 11:27:58,26-05-2026 0:00:00,26-05-2026 0:00:00,27-05-2026 8:23:00,,27-05-2026 8:23:00,4,4,5,2,7,True,0,1,530075,V650,43,449747
4190139391,SIN_COLUMNA,NORMAL,NORMAL,Regiones,06,True,20-05-2026 0:00:00,20-05-2026 10:26:21,20-05-2026 17:31:51,20-05-2026 17:31:51,22-05-2026 11:10:00,,22-05-2026 11:10:00,1,4,5,2,7,True,0,1,498018,V650,43,1728608
4190139392,SIN_COLUMNA,NORMAL,NORMAL,Regiones,10,True,20-05-2026 0:00:00,20-05-2026 0:00:00,25-05-2026 10:44:29,25-05-2026 10:44:29,26-05-2026 13:00:00,,26-05-2026 13:00:00,3,4,5,2,7,True,0,1,850131,V800,43,663191
4190139388,SIN_COLUMNA,NORMAL,NORMAL,Regiones,08,True,19-05-2026 0:00:00,19-05-2026 23:58:49,20-05-2026 17:32:20,20-05-2026 17:32:20,22-05-2026 11:15:00,,22-05-2026 11:15:00,2,4,5,2,7,True,0,1,610035,V580,43,1141354
4190139383,SIN_COLUMNA,NORMAL,NORMAL,Regiones,09,True,19-05-2026 0:00:00,19-05-2026 18:37:52,20-05-2026 0:00:00,20-05-2026 0:00:00,22-05-2026 11:27:00,,22-05-2026 11:27:00,2,4,5,2,7,True,0,1,750272,V750,43,459209
4190139379,SIN_COLUMNA,NORMAL,NORMAL,Regiones,02,True,19-05-2026 0:00:00,19-05-2026 10:09:53,22-05-2026 10:06:56,22-05-2026 10:06:56,25-05-2026 8:08:00,,25-05-2026 8:08:00,3,4,5,2,7,True,0,1,150041,V817,43,1062546
4190139378,SIN_COLUMNA,NORMAL,NORMAL,Regiones,08,True,19-05-2026 0:00:00,19-05-2026 9:57:41,20-05-2026 16:01:56,20-05-2026 16:01:56,22-05-2026 11:21:00,,22-05-2026 11:21:00,2,4,5,2,7,True,0,1,600095,V108,43,453530
4190139376,SIN_COLUMNA,NORMAL,NORMAL,Regiones,02,True,19-05-2026 0:00:00,19-05-2026 9:40:14,22-05-2026 10:08:46,22-05-2026 10:08:46,25-05-2026 13:10:00,,25-05-2026 13:10:00,3,4,5,2,7,True,0,1,150261,V817,43,1022416
4190139372,SIN_COLUMNA,NORMAL,NORMAL,Regiones,09,True,18-05-2026 0:00:00,18-05-2026 23:32:17,20-05-2026 17:11:53,20-05-2026 17:11:53,22-05-2026 11:14:00,,22-05-2026 11:14:00,3,4,5,2,7,True,0,1,750274,V750,43,277754
4190139369,SIN_COLUMNA,NORMAL,NORMAL,Regiones,02,True,18-05-2026 0:00:00,18-05-2026 19:34:35,19-05-2026 16:38:49,19-05-2026 16:38:49,20-05-2026 15:14:00,,20-05-2026 15:14:00,2,4,5,2,7,True,0,1,150301,V817,43,235967
4190139368,SIN_COLUMNA,NORMAL,NORMAL,Regiones,02,True,18-05-2026 0:00:00,18-05-2026 19:27:27,19-05-2026 15:46:08,19-05-2026 15:46:08,20-05-2026 15:14:00,,20-05-2026 15:14:00,2,4,5,2,7,True,0,1,150301,V817,43,96633
4190139364,SIN_COLUMNA,NORMAL,NORMAL,Regiones,02,True,18-05-2026 0:00:00,18-05-2026 18:32:06,19-05-2026 15:29:23,19-05-2026 15:29:23,20-05-2026 15:14:00,,20-05-2026 15:14:00,2,4,5,2,7,True,0,1,150301,V817,43,382125
4190139360,SIN_COLUMNA,NORMAL,NORMAL,Regiones,02,True,18-05-2026 0:00:00,18-05-2026 17:56:49,19-05-2026 16:38:41,19-05-2026 16:38:41,20-05-2026 15:14:00,,20-05-2026 15:14:00,2,4,5,2,7,True,0,1,150301,V817,43,398120
4190139356,SIN_COLUMNA,NORMAL,NORMAL,Regiones,09,True,18-05-2026 0:00:00,18-05-2026 14:32:00,20-05-2026 17:00:25,20-05-2026 17:00:25,22-05-2026 11:38:00,,22-05-2026 11:38:00,3,4,5,2,7,True,0,1,750219,V750,43,932875
1166573,SIN_COLUMNA,NORMAL,NORMAL,Regiones,04,True,18-05-2026 0:00:00,18-05-2026 12:55:57,19-05-2026 0:00:00,19-05-2026 0:00:00,20-05-2026 15:19:00,,20-05-2026 15:19:00,2,4,5,2,7,True,0,1,250048,V834,43,1686918
1166569,SIN_COLUMNA,NORMAL,NORMAL,Regiones,04,True,18-05-2026 0:00:00,18-05-2026 12:13:28,20-05-2026 16:51:32,20-05-2026 16:51:32,22-05-2026 11:22:00,,22-05-2026 11:22:00,3,4,5,2,7,True,0,1,210161,V834,43,255355
1166564,SIN_COLUMNA,NORMAL,NORMAL,Regiones,04,True,18-05-2026 0:00:00,18-05-2026 11:05:53,20-05-2026 16:51:00,20-05-2026 16:51:00,22-05-2026 11:39:00,,22-05-2026 11:39:00,3,4,5,2,7,True,0,1,210187,V834,43,2251068
4190139366,SIN_COLUMNA,NORMAL,NORMAL,Regiones,02,True,18-05-2026 0:00:00,18-05-2026 0:00:00,19-05-2026 16:38:47,19-05-2026 16:38:47,20-05-2026 15:14:00,,20-05-2026 15:14:00,2,4,5,2,7,True,0,1,150301,V817,43,407299
4190139350,SIN_COLUMNA,NORMAL,NORMAL,Regiones,06,True,15-05-2026 0:00:00,15-05-2026 9:14:55,15-05-2026 13:43:52,15-05-2026 13:43:52,18-05-2026 9:43:00,,18-05-2026 9:43:00,1,4,5,2,7,True,0,1,520050,V650,43,391673
4190139340,SIN_COLUMNA,NORMAL,NORMAL,Regiones,05,True,14-05-2026 0:00:00,14-05-2026 16:30:24,20-05-2026 14:32:02,20-05-2026 14:32:02,22-05-2026 11:09:00,,22-05-2026 11:09:00,5,4,5,2,7,True,0,1,480041,V400,43,628442
4190139339,SIN_COLUMNA,NORMAL,NORMAL,Regiones,05,True,14-05-2026 0:00:00,14-05-2026 15:19:08,15-05-2026 12:56:54,15-05-2026 12:56:54,18-05-2026 9:34:00,,18-05-2026 9:34:00,2,4,5,2,7,True,0,1,345079,V400,43,518123
4190139337,SIN_COLUMNA,NORMAL,NORMAL,Regiones,05,True,14-05-2026 0:00:00,14-05-2026 14:56:43,15-05-2026 12:48:05,15-05-2026 12:48:05,18-05-2026 9:17:00,,18-05-2026 9:17:00,2,4,5,2,7,True,0,1,335071,V400,43,83633
4190139336,SIN_COLUMNA,NORMAL,NORMAL,Regiones,03,True,14-05-2026 0:00:00,14-05-2026 14:56:31,15-05-2026 13:43:49,15-05-2026 13:43:49,18-05-2026 9:42:00,,18-05-2026 9:42:00,2,4,5,2,7,True,0,1,190006,V834,43,825485
1166527,SIN_COLUMNA,NORMAL,NORMAL,Regiones,08,True,14-05-2026 0:00:00,14-05-2026 12:41:04,15-05-2026 13:05:38,15-05-2026 13:05:38,18-05-2026 9:35:00,,18-05-2026 9:35:00,2,4,5,2,7,True,0,1,630023,V580,43,301545
4190139331,SIN_COLUMNA,NORMAL,NORMAL,Regiones,01,True,13-05-2026 0:00:00,13-05-2026 19:26:50,14-05-2026 17:57:44,14-05-2026 17:57:44,15-05-2026 8:42:00,,15-05-2026 8:42:00,2,4,5,2,7,True,0,1,100133,V861,43,1092812
4190139328,SIN_COLUMNA,NORMAL,NORMAL,Regiones,09,True,13-05-2026 0:00:00,13-05-2026 17:25:55,14-05-2026 17:57:22,14-05-2026 17:57:22,15-05-2026 8:41:00,,15-05-2026 8:41:00,2,4,5,2,7,True,0,1,750186,V750,43,463441
4190139327,SIN_COLUMNA,NORMAL,NORMAL,Regiones,09,True,13-05-2026 0:00:00,13-05-2026 14:18:41,14-05-2026 17:57:29,14-05-2026 17:57:29,15-05-2026 8:41:00,,15-05-2026 8:41:00,2,4,5,2,7,True,0,1,802011,V750,43,175284
4190139324,SIN_COLUMNA,NORMAL,NORMAL,Regiones,08,True,13-05-2026 0:00:00,13-05-2026 12:27:47,14-05-2026 17:56:28,14-05-2026 17:56:28,15-05-2026 8:39:00,,15-05-2026 8:39:00,2,4,5,2,7,True,0,1,650084,V580,43,2003842
4190139323,SIN_COLUMNA,NORMAL,NORMAL,Regiones,02,True,13-05-2026 0:00:00,13-05-2026 11:43:37,15-05-2026 12:46:09,15-05-2026 12:46:09,18-05-2026 9:28:00,,18-05-2026 9:28:00,3,4,5,2,7,True,0,1,130145,V817,43,30551
4190139319,SIN_COLUMNA,NORMAL,NORMAL,Regiones,02,True,13-05-2026 0:00:00,13-05-2026 9:53:42,15-05-2026 12:47:38,15-05-2026 12:47:38,18-05-2026 9:18:00,,18-05-2026 9:18:00,3,4,5,2,7,True,0,1,130100,V817,43,1213156
4190139313,SIN_COLUMNA,NORMAL,NORMAL,Regiones,08,True,12-05-2026 0:00:00,12-05-2026 18:38:40,14-05-2026 16:52:52,14-05-2026 16:52:52,15-05-2026 8:48:00,,15-05-2026 8:48:00,3,4,5,2,7,True,0,1,700046,V108,43,494542
4190139312,SIN_COLUMNA,NORMAL,NORMAL,Regiones,05,True,12-05-2026 0:00:00,12-05-2026 17:40:20,14-05-2026 16:52:40,14-05-2026 16:52:40,15-05-2026 8:47:00,,15-05-2026 8:47:00,3,4,5,2,7,True,0,1,345159,V400,43,514430
4190139309,SIN_COLUMNA,NORMAL,NORMAL,Regiones,05,True,12-05-2026 0:00:00,12-05-2026 14:39:54,14-05-2026 16:52:29,14-05-2026 16:52:29,15-05-2026 8:46:00,,15-05-2026 8:46:00,3,4,5,2,7,True,0,1,280017,V835,43,176747
4190139307,SIN_COLUMNA,NORMAL,NORMAL,Regiones,02,True,12-05-2026 0:00:00,12-05-2026 0:00:00,14-05-2026 16:52:57,14-05-2026 16:52:57,15-05-2026 8:49:00,,15-05-2026 8:49:00,3,4,5,2,7,True,0,1,130133,V817,43,203093
4190139297,SIN_COLUMNA,NORMAL,NORMAL,Regiones,02,True,11-05-2026 0:00:00,11-05-2026 12:59:57,15-05-2026 12:47:22,15-05-2026 12:47:22,18-05-2026 9:19:00,,18-05-2026 9:19:00,5,4,5,2,7,True,0,1,150234,V817,43,390403
4190139296,SIN_COLUMNA,NORMAL,NORMAL,Regiones,02,True,11-05-2026 0:00:00,11-05-2026 12:57:46,15-05-2026 12:47:03,15-05-2026 12:47:03,18-05-2026 9:25:00,,18-05-2026 9:25:00,5,4,5,2,7,True,0,1,150041,V817,43,198415
4190139295,SIN_COLUMNA,NORMAL,NORMAL,Regiones,05,True,11-05-2026 0:00:00,11-05-2026 12:03:32,13-05-2026 16:03:41,13-05-2026 16:03:41,14-05-2026 15:13:00,,14-05-2026 15:13:00,3,4,5,2,7,True,0,1,340002,V400,43,866597
4190139294,SIN_COLUMNA,NORMAL,NORMAL,Regiones,05,True,11-05-2026 0:00:00,11-05-2026 11:58:20,13-05-2026 15:44:43,13-05-2026 15:44:43,14-05-2026 15:12:00,,14-05-2026 15:12:00,3,4,5,2,7,True,0,1,345151,V400,43,182696
4190139293,SIN_COLUMNA,NORMAL,NORMAL,Regiones,02,True,11-05-2026 0:00:00,11-05-2026 11:40:05,15-05-2026 12:46:14,15-05-2026 12:46:14,18-05-2026 9:26:00,,18-05-2026 9:26:00,5,4,5,2,7,True,0,1,150282,V817,43,240246
4190139286,SIN_COLUMNA,NORMAL,NORMAL,Regiones,05,True,09-05-2026 0:00:00,09-05-2026 10:17:53,14-05-2026 17:07:32,14-05-2026 17:07:32,15-05-2026 8:53:00,,15-05-2026 8:53:00,5,4,5,2,7,True,0,1,350371,V835,43,1690307
4190139280,SIN_COLUMNA,NORMAL,NORMAL,Regiones,07,True,08-05-2026 0:00:00,08-05-2026 19:28:15,14-05-2026 17:06:56,14-05-2026 17:06:56,15-05-2026 8:51:00,,15-05-2026 8:51:00,5,4,5,2,7,True,0,1,550152,V550,43,483278
4190139267,SIN_COLUMNA,NORMAL,NORMAL,Regiones,09,True,08-05-2026 0:00:00,08-05-2026 15:12:44,13-05-2026 15:44:08,13-05-2026 15:44:08,14-05-2026 15:10:00,,14-05-2026 15:10:00,4,4,5,2,7,True,0,1,770025,V750,43,282060
4190139265,SIN_COLUMNA,NORMAL,NORMAL,Regiones,01,True,08-05-2026 0:00:00,08-05-2026 14:58:13,13-05-2026 15:43:58,13-05-2026 15:43:58,14-05-2026 15:10:00,,14-05-2026 15:10:00,4,4,5,2,7,True,0,1,100136,V861,43,1201183
4190139281,SIN_COLUMNA,NORMAL,NORMAL,Regiones,08,True,08-05-2026 0:00:00,08-05-2026 0:00:00,14-05-2026 0:00:00,14-05-2026 0:00:00,15-05-2026 8:52:00,,15-05-2026 8:52:00,5,4,5,2,7,True,0,1,700055,V108,43,1721948
4190139272,SIN_COLUMNA,NORMAL,NORMAL,Regiones,01,True,08-05-2026 0:00:00,08-05-2026 0:00:00,14-05-2026 17:14:22,14-05-2026 17:14:22,15-05-2026 8:57:00,,15-05-2026 8:57:00,5,4,5,2,7,True,0,1,100205,V861,43,1253488
4190139256,SIN_COLUMNA,NORMAL,NORMAL,Regiones,08,True,07-05-2026 0:00:00,07-05-2026 23:54:35,11-05-2026 17:25:51,11-05-2026 17:25:51,12-05-2026 16:15:00,,12-05-2026 16:15:00,3,4,5,2,7,True,0,1,600142,V108,43,2318751
4190139255,SIN_COLUMNA,NORMAL,NORMAL,Regiones,08,True,07-05-2026 0:00:00,07-05-2026 22:57:20,11-05-2026 17:29:34,11-05-2026 17:29:34,12-05-2026 16:15:00,,12-05-2026 16:15:00,3,4,5,2,7,True,0,1,600142,V108,43,1071595
4190139250,SIN_COLUMNA,NORMAL,NORMAL,Regiones,10,True,07-05-2026 0:00:00,07-05-2026 21:28:07,11-05-2026 17:28:27,11-05-2026 17:28:27,12-05-2026 16:18:00,,12-05-2026 16:18:00,3,4,5,2,7,True,0,1,895020,V800,43,792027
4190139235,SIN_COLUMNA,NORMAL,NORMAL,Regiones,05,True,07-05-2026 0:00:00,07-05-2026 12:21:15,11-05-2026 17:28:02,11-05-2026 17:28:02,12-05-2026 9:05:00,,12-05-2026 9:05:00,3,4,5,2,7,True,0,1,340051,V400,43,932796
4190139248,SIN_COLUMNA,NORMAL,NORMAL,Regiones,08,True,07-05-2026 0:00:00,07-05-2026 0:00:00,12-05-2026 15:53:19,12-05-2026 15:53:19,13-05-2026 16:39:00,,13-05-2026 16:39:00,4,4,5,2,7,True,0,1,599011,V108,43,312953
4190139210,SIN_COLUMNA,NORMAL,NORMAL,Regiones,08,True,06-05-2026 0:00:00,06-05-2026 12:52:14,06-05-2026 17:54:28,06-05-2026 17:54:28,07-05-2026 15:36:00,,07-05-2026 15:36:00,1,4,5,2,7,True,0,1,700161,V108,43,204435
4190139226,SIN_COLUMNA,NORMAL,NORMAL,Regiones,10,True,06-05-2026 0:00:00,06-05-2026 0:00:00,11-05-2026 17:27:24,11-05-2026 17:27:24,12-05-2026 16:17:00,,12-05-2026 16:17:00,4,4,5,2,7,True,0,1,790008,V750,43,727276
4190139195,SIN_COLUMNA,NORMAL,NORMAL,Regiones,01,True,05-05-2026 0:00:00,05-05-2026 22:57:59,08-05-2026 12:30:05,08-05-2026 12:30:05,11-05-2026 7:24:00,,11-05-2026 7:24:00,4,4,5,2,7,True,0,1,110054,V861,43,586860
4190139191,SIN_COLUMNA,NORMAL,NORMAL,Regiones,10,True,05-05-2026 0:00:00,05-05-2026 18:33:26,08-05-2026 12:30:29,08-05-2026 12:30:29,11-05-2026 7:25:00,,11-05-2026 7:25:00,4,4,5,2,7,True,0,1,895017,V800,43,764459
4190139185,SIN_COLUMNA,NORMAL,NORMAL,Regiones,05,True,05-05-2026 0:00:00,05-05-2026 14:39:07,11-05-2026 17:17:53,11-05-2026 17:17:53,12-05-2026 9:04:00,,12-05-2026 9:04:00,5,4,5,2,7,True,0,1,325034,V835,43,423349
4190139184,SIN_COLUMNA,NORMAL,NORMAL,Regiones,05,True,05-05-2026 0:00:00,05-05-2026 13:55:52,08-05-2026 12:14:31,08-05-2026 12:14:31,11-05-2026 7:21:00,,11-05-2026 7:21:00,4,4,5,2,7,True,0,1,350161,V835,43,490132
4190139178,SIN_COLUMNA,NORMAL,NORMAL,Regiones,08,True,04-05-2026 0:00:00,04-05-2026 21:21:11,07-05-2026 17:42:01,07-05-2026 17:42:01,08-05-2026 8:55:00,,08-05-2026 8:55:00,4,4,5,2,7,True,0,1,595020,V108,43,379723
4190139177,SIN_COLUMNA,NORMAL,NORMAL,Regiones,08,True,04-05-2026 0:00:00,04-05-2026 20:32:56,07-05-2026 17:42:43,07-05-2026 17:42:43,08-05-2026 8:56:00,,08-05-2026 8:56:00,4,4,5,2,7,True,0,1,659001,V580,43,380876
1168132,SIN_COLUMNA,NORMAL,NORMAL,Regiones,11,True,14-07-2026 0:00:00,14-07-2026 14:21:45,14-07-2026 16:39:30,14-07-2026 16:39:30,14-07-2026 16:39:30,,14-07-2026 16:39:30,0,4,5,2,7,True,0,0,940036,V800,45,368793
4190140026,SIN_COLUMNA,NORMAL,NORMAL,Regiones,05,True,14-07-2026 0:00:00,14-07-2026 14:10:43,14-07-2026 15:35:49,14-07-2026 15:35:49,14-07-2026 15:35:49,,14-07-2026 15:35:49,0,4,5,2,7,True,0,0,345099,V400,45,564227
4190140021,SIN_COLUMNA,NORMAL,NORMAL,Regiones,08,True,13-07-2026 0:00:00,13-07-2026 21:19:16,14-07-2026 12:38:57,14-07-2026 12:38:57,14-07-2026 15:20:00,,14-07-2026 15:20:00,1,4,5,2,7,True,0,0,650381,V580,45,217497
4190140019,SIN_COLUMNA,NORMAL,NORMAL,Regiones,08,True,13-07-2026 0:00:00,13-07-2026 20:47:52,14-07-2026 11:20:35,14-07-2026 11:20:35,14-07-2026 11:49:00,,14-07-2026 11:49:00,1,4,5,2,7,True,0,0,650347,V580,45,398235
1168123,SIN_COLUMNA,NORMAL,NORMAL,Regiones,09,True,13-07-2026 0:00:00,13-07-2026 20:09:36,14-07-2026 17:13:00,14-07-2026 17:13:00,14-07-2026 17:13:00,,14-07-2026 17:13:00,1,4,5,2,7,True,0,0,750034,V750,45,4267016
1168119,SIN_COLUMNA,NORMAL,NORMAL,Regiones,05,True,13-07-2026 0:00:00,13-07-2026 16:50:12,14-07-2026 14:28:26,14-07-2026 14:28:26,14-07-2026 15:25:00,,14-07-2026 15:25:00,1,4,5,2,7,True,0,0,981551,V612,42,190471
1168118,SIN_COLUMNA,NORMAL,NORMAL,Regiones,02,True,13-07-2026 0:00:00,13-07-2026 15:58:27,14-07-2026 11:43:07,14-07-2026 11:43:07,14-07-2026 11:52:00,,14-07-2026 11:52:00,1,4,5,2,7,True,0,0,130045,V861,45,830249
1168116,SIN_COLUMNA,NORMAL,NORMAL,Regiones,08,True,13-07-2026 0:00:00,13-07-2026 12:51:08,14-07-2026 9:10:34,14-07-2026 9:10:34,14-07-2026 10:18:00,,14-07-2026 10:18:00,1,4,5,2,7,True,0,0,650464,V612,46,673548
4190140016,SIN_COLUMNA,NORMAL,NORMAL,Regiones,05,True,13-07-2026 0:00:00,13-07-2026 11:11:38,14-07-2026 11:40:27,14-07-2026 11:40:27,14-07-2026 11:40:27,,14-07-2026 11:40:27,1,4,5,2,7,True,0,0,345099,V400,45,505470
4190140020,SIN_COLUMNA,NORMAL,NORMAL,Regiones,08,True,13-07-2026 0:00:00,13-07-2026 0:00:00,14-07-2026 0:00:00,14-07-2026 0:00:00,14-07-2026 12:20:00,,14-07-2026 12:20:00,1,4,5,2,7,True,0,0,650381,V580,45,509477
4190140007,SIN_COLUMNA,NORMAL,NORMAL,Regiones,01,True,10-07-2026 0:00:00,10-07-2026 10:22:38,13-07-2026 14:30:30,13-07-2026 14:30:30,13-07-2026 14:53:00,,13-07-2026 14:53:00,1,4,5,2,7,True,0,0,100045,V861,45,1693894
1168084,SIN_COLUMNA,NORMAL,NORMAL,Regiones,06,True,09-07-2026 0:00:00,09-07-2026 14:33:24,10-07-2026 9:54:08,10-07-2026 9:54:08,10-07-2026 10:59:00,,10-07-2026 10:59:00,1,4,5,2,7,True,0,0,981471,V612,46,166730
4190140000,SIN_COLUMNA,NORMAL,NORMAL,Regiones,08,True,08-07-2026 0:00:00,08-07-2026 21:48:59,09-07-2026 11:48:48,09-07-2026 11:48:48,09-07-2026 12:20:00,,09-07-2026 12:20:00,1,4,5,2,7,True,0,0,600016,V108,45,183261
1168072,SIN_COLUMNA,NORMAL,NORMAL,Regiones,05,True,08-07-2026 0:00:00,08-07-2026 14:02:50,10-07-2026 9:54:12,10-07-2026 9:54:12,10-07-2026 11:00:00,,10-07-2026 11:00:00,2,4,5,2,7,True,0,0,981551,V612,42,256139
4190139984,SIN_COLUMNA,NORMAL,NORMAL,Regiones,10,True,07-07-2026 0:00:00,07-07-2026 15:57:52,13-07-2026 12:01:37,13-07-2026 12:01:37,13-07-2026 13:08:00,,13-07-2026 13:08:00,4,4,5,2,7,True,0,0,900009,V800,45,80723
4190139951,SIN_COLUMNA,NORMAL,NORMAL,Regiones,08,True,02-07-2026 0:00:00,02-07-2026 19:10:54,07-07-2026 10:17:03,07-07-2026 10:17:03,07-07-2026 10:49:00,,07-07-2026 10:49:00,3,4,5,2,7,True,0,0,600016,V108,45,264297
1167355,SIN_COLUMNA,NORMAL,NORMAL,Regiones,09,True,25-06-2026 0:00:00,25-06-2026 10:45:28,30-06-2026 0:00:00,30-06-2026 0:00:00,30-06-2026 12:38:00,,30-06-2026 12:38:00,2,4,5,2,7,True,0,0,750015,V750,45,552208
1167319,SIN_COLUMNA,NORMAL,NORMAL,Regiones,04,True,23-06-2026 0:00:00,23-06-2026 21:27:49,25-06-2026 9:31:20,25-06-2026 9:31:20,25-06-2026 14:57:00,,25-06-2026 14:57:00,2,4,5,2,7,True,0,0,200224,V612,46,316784
4190139793,SIN_COLUMNA,NORMAL,NORMAL,Regiones,08,True,22-06-2026 0:00:00,22-06-2026 16:37:02,24-06-2026 10:57:45,24-06-2026 10:57:45,24-06-2026 12:37:00,,24-06-2026 12:37:00,2,4,5,2,7,True,0,0,650347,V580,45,551964
4190139761,SIN_COLUMNA,NORMAL,NORMAL,Regiones,10,True,18-06-2026 0:00:00,18-06-2026 16:49:48,22-06-2026 11:43:02,22-06-2026 11:43:02,22-06-2026 16:35:00,,22-06-2026 16:35:00,2,4,5,2,7,True,0,0,900199,V800,45,50822
4190139725,SIN_COLUMNA,NORMAL,NORMAL,Regiones,08,True,16-06-2026 0:00:00,16-06-2026 18:21:57,17-06-2026 9:59:51,17-06-2026 9:59:51,17-06-2026 15:59:00,,17-06-2026 15:59:00,1,4,5,2,7,True,0,0,600016,V108,45,153753
1167203,SIN_COLUMNA,NORMAL,NORMAL,Regiones,08,True,16-06-2026 0:00:00,16-06-2026 12:29:49,17-06-2026 11:22:08,17-06-2026 11:22:08,17-06-2026 16:04:00,,17-06-2026 16:04:00,1,4,5,2,7,True,0,0,650464,V612,46,536211
1167200,SIN_COLUMNA,NORMAL,NORMAL,Regiones,10,True,16-06-2026 0:00:00,16-06-2026 11:22:30,17-06-2026 8:48:48,17-06-2026 8:48:48,17-06-2026 12:09:00,,17-06-2026 12:09:00,1,4,5,2,7,True,0,0,981611,V612,46,95340
1167183,SIN_COLUMNA,NORMAL,NORMAL,Regiones,02,True,15-06-2026 0:00:00,15-06-2026 12:31:35,15-06-2026 14:00:30,15-06-2026 14:00:30,15-06-2026 14:00:30,,15-06-2026 14:00:30,0,4,5,2,7,True,0,0,150230,V585,45,14064
1167147,SIN_COLUMNA,NORMAL,NORMAL,Regiones,10,True,11-06-2026 0:00:00,11-06-2026 16:56:33,15-06-2026 9:38:22,15-06-2026 9:38:22,15-06-2026 12:09:00,,15-06-2026 12:09:00,2,4,5,2,7,True,0,0,981611,V612,46,120582
4190139637,SIN_COLUMNA,NORMAL,NORMAL,Regiones,05,True,10-06-2026 0:00:00,10-06-2026 11:26:34,11-06-2026 9:58:39,11-06-2026 9:58:39,11-06-2026 15:01:00,,11-06-2026 15:01:00,1,4,5,2,7,True,0,0,345099,V400,45,528988
1167125,SIN_COLUMNA,NORMAL,NORMAL,Regiones,08,True,10-06-2026 0:00:00,10-06-2026 11:02:35,10-06-2026 12:25:13,10-06-2026 12:25:13,10-06-2026 12:25:13,,10-06-2026 12:25:13,0,4,5,2,7,True,0,0,981567,V612,46,51302
4190139633,SIN_COLUMNA,NORMAL,NORMAL,Regiones,09,True,09-06-2026 0:00:00,09-06-2026 22:00:42,11-06-2026 8:53:29,11-06-2026 8:53:29,11-06-2026 13:00:00,,11-06-2026 13:00:00,2,4,5,2,7,True,0,0,750034,V750,45,3412884
4190139620,SIN_COLUMNA,NORMAL,NORMAL,Regiones,05,True,09-06-2026 0:00:00,09-06-2026 10:38:21,09-06-2026 12:22:47,09-06-2026 12:22:47,09-06-2026 15:27:00,,09-06-2026 15:27:00,0,4,5,2,7,True,0,0,345099,V400,45,1180622
4190139613,SIN_COLUMNA,NORMAL,NORMAL,Regiones,08,True,08-06-2026 0:00:00,08-06-2026 19:06:37,09-06-2026 11:56:08,09-06-2026 11:56:08,09-06-2026 13:25:00,,09-06-2026 13:25:00,1,4,5,2,7,True,0,0,650090,V580,45,563520
4190139581,SIN_COLUMNA,NORMAL,NORMAL,Regiones,08,True,03-06-2026 0:00:00,03-06-2026 20:42:26,04-06-2026 0:00:00,04-06-2026 0:00:00,04-06-2026 15:05:00,,04-06-2026 15:05:00,1,4,5,2,7,True,0,0,600016,V108,45,891114
1167047,SIN_COLUMNA,NORMAL,NORMAL,Santiago,13,True,03-06-2026 0:00:00,03-06-2026 12:56:16,04-06-2026 8:48:49,04-06-2026 8:48:49,04-06-2026 15:54:00,,04-06-2026 15:54:00,1,3,4,1,5,True,0,0,371031,V612,46,266975
4190139556,SIN_COLUMNA,NORMAL,NORMAL,Regiones,09,True,01-06-2026 0:00:00,01-06-2026 21:06:58,04-06-2026 14:38:14,04-06-2026 14:38:14,04-06-2026 14:50:00,,04-06-2026 14:50:00,3,4,5,2,7,True,0,0,750034,V750,45,2669490
4190139554,SIN_COLUMNA,NORMAL,NORMAL,Regiones,04,True,01-06-2026 0:00:00,01-06-2026 20:25:32,05-06-2026 9:34:34,05-06-2026 9:34:34,05-06-2026 10:08:00,,05-06-2026 10:08:00,4,4,5,2,7,True,0,0,200049,V834,45,420470
4190139435,SIN_COLUMNA,NORMAL,NORMAL,Regiones,11,True,25-05-2026 0:00:00,25-05-2026 16:57:50,27-05-2026 0:00:00,27-05-2026 0:00:00,27-05-2026 15:19:00,,27-05-2026 15:19:00,2,4,5,2,7,True,0,0,940036,V800,45,3051054
1166639,SIN_COLUMNA,NORMAL,NORMAL,Regiones,08,True,25-05-2026 0:00:00,25-05-2026 14:26:44,27-05-2026 12:04:44,27-05-2026 12:04:44,27-05-2026 12:25:00,,27-05-2026 12:25:00,2,4,5,2,7,True,0,0,981567,V612,46,138264
1166633,SIN_COLUMNA,NORMAL,NORMAL,Regiones,04,True,25-05-2026 0:00:00,25-05-2026 11:32:27,27-05-2026 9:38:45,27-05-2026 9:38:45,27-05-2026 15:30:00,,27-05-2026 15:30:00,2,4,5,2,7,True,0,0,200118,V834,45,3201614
4190139423,SIN_COLUMNA,NORMAL,NORMAL,Regiones,02,True,25-05-2026 0:00:00,25-05-2026 9:54:22,25-05-2026 12:17:49,25-05-2026 12:17:49,25-05-2026 12:47:00,,25-05-2026 12:47:00,0,4,5,2,7,True,0,0,150208,V817,45,2091420
4190139387,SIN_COLUMNA,NORMAL,NORMAL,Regiones,08,True,19-05-2026 0:00:00,19-05-2026 23:46:36,20-05-2026 14:28:31,20-05-2026 14:28:31,20-05-2026 15:28:00,,20-05-2026 15:28:00,1,4,5,2,7,True,0,0,650347,V580,45,532235
4190139381,SIN_COLUMNA,NORMAL,NORMAL,Regiones,05,True,19-05-2026 0:00:00,19-05-2026 15:00:24,20-05-2026 11:26:36,20-05-2026 11:26:36,20-05-2026 11:47:00,,20-05-2026 11:47:00,1,4,5,2,7,True,0,0,345099,V400,45,283536
1166582,SIN_COLUMNA,NORMAL,NORMAL,Regiones,08,True,19-05-2026 0:00:00,19-05-2026 8:26:07,20-05-2026 10:56:43,20-05-2026 10:56:43,20-05-2026 11:48:00,,20-05-2026 11:48:00,1,4,5,2,7,True,0,0,650464,V612,46,97192
1166560,SIN_COLUMNA,NORMAL,NORMAL,Regiones,08,True,18-05-2026 0:00:00,18-05-2026 8:33:52,18-05-2026 15:18:25,18-05-2026 15:18:25,18-05-2026 16:51:00,,18-05-2026 16:51:00,0,4,5,2,7,True,0,0,981476,V612,46,1375560
4190139346,SIN_COLUMNA,NORMAL,NORMAL,Regiones,08,True,14-05-2026 0:00:00,14-05-2026 21:42:51,15-05-2026 10:19:35,15-05-2026 10:19:35,15-05-2026 11:37:00,,15-05-2026 11:37:00,1,4,5,2,7,True,0,0,600016,V108,45,227176
1166530,SIN_COLUMNA,NORMAL,NORMAL,Regiones,07,True,14-05-2026 0:00:00,14-05-2026 14:40:52,15-05-2026 12:04:51,15-05-2026 12:04:51,15-05-2026 12:50:00,,15-05-2026 12:50:00,1,4,5,2,7,True,0,0,550145,V550,45,1419926
1166522,SIN_COLUMNA,NORMAL,NORMAL,Regiones,07,True,14-05-2026 0:00:00,14-05-2026 10:15:32,15-05-2026 12:10:51,15-05-2026 12:10:51,15-05-2026 12:46:00,,15-05-2026 12:46:00,1,4,5,2,7,True,0,0,550239,V550,45,1221147
1166508,SIN_COLUMNA,NORMAL,NORMAL,Santiago,13,True,13-05-2026 0:00:00,13-05-2026 12:20:51,15-05-2026 13:56:29,15-05-2026 13:56:29,15-05-2026 11:59:00,,15-05-2026 11:59:00,2,3,4,1,5,True,0,0,371031,V612,46,132320
1166497,SIN_COLUMNA,NORMAL,NORMAL,Regiones,08,True,12-05-2026 0:00:00,12-05-2026 16:48:30,13-05-2026 0:00:00,13-05-2026 0:00:00,13-05-2026 15:22:00,,13-05-2026 15:22:00,1,4,5,2,7,True,0,0,981476,V612,46,277162
1166482,SIN_COLUMNA,NORMAL,NORMAL,Regiones,06,True,11-05-2026 0:00:00,11-05-2026 14:35:22,15-05-2026 8:45:33,15-05-2026 8:45:33,15-05-2026 11:50:00,,15-05-2026 11:50:00,4,4,5,2,7,True,0,0,981471,V612,46,356731
1166479,SIN_COLUMNA,NORMAL,NORMAL,Regiones,04,True,11-05-2026 0:00:00,11-05-2026 10:46:17,11-05-2026 15:39:22,11-05-2026 15:39:22,11-05-2026 15:46:00,,11-05-2026 15:46:00,0,4,5,2,7,True,0,0,210154,V612,46,357338
4190139276,SIN_COLUMNA,NORMAL,NORMAL,Regiones,07,True,08-05-2026 0:00:00,08-05-2026 18:28:23,14-05-2026 14:59:27,14-05-2026 14:59:27,14-05-2026 15:35:00,,14-05-2026 15:35:00,4,4,5,2,7,True,0,0,570078,V550,45,426972
1166434,SIN_COLUMNA,NORMAL,NORMAL,Regiones,08,True,07-05-2026 0:00:00,07-05-2026 17:18:57,11-05-2026 10:59:19,11-05-2026 10:59:19,11-05-2026 11:06:00,,11-05-2026 11:06:00,2,4,5,2,7,True,0,0,981567,V612,46,586365
4190139246,SIN_COLUMNA,NORMAL,NORMAL,Regiones,08,True,07-05-2026 0:00:00,07-05-2026 17:12:59,12-05-2026 10:53:24,12-05-2026 10:53:24,12-05-2026 16:16:00,,12-05-2026 16:16:00,3,4,5,2,7,True,0,0,650347,V580,45,1035428
4190139222,SIN_COLUMNA,NORMAL,NORMAL,Regiones,08,True,06-05-2026 0:00:00,06-05-2026 17:33:10,12-05-2026 9:32:30,12-05-2026 9:32:30,12-05-2026 10:57:00,,12-05-2026 10:57:00,4,4,5,2,7,True,0,0,650381,V580,45,644324
4190139220,SIN_COLUMNA,NORMAL,NORMAL,Regiones,08,True,06-05-2026 0:00:00,06-05-2026 17:20:42,12-05-2026 9:14:46,12-05-2026 9:14:46,12-05-2026 10:54:00,,12-05-2026 10:54:00,4,4,5,2,7,True,0,0,650381,V580,45,1106631
4190139206,SIN_COLUMNA,NORMAL,NORMAL,Regiones,09,True,06-05-2026 0:00:00,06-05-2026 9:31:09,08-05-2026 12:35:49,08-05-2026 12:35:49,08-05-2026 12:47:00,,08-05-2026 12:47:00,2,4,5,2,7,True,0,0,750034,V750,45,3234351
4190139219,SIN_COLUMNA,NORMAL,NORMAL,Regiones,09,True,06-05-2026 0:00:00,06-05-2026 0:00:00,08-05-2026 12:05:45,08-05-2026 12:05:45,08-05-2026 12:36:00,,08-05-2026 12:36:00,2,4,5,2,7,True,0,0,750015,V750,45,3002783
1168110,SIN_COLUMNA,NORMAL,NORMAL,Regiones,09,True,13-07-2026 0:00:00,13-07-2026 11:28:05,13-07-2026 14:30:47,13-07-2026 14:30:47,13-07-2026 14:55:00,,13-07-2026 14:55:00,0,4,5,2,7,True,0,0,769000,V750,43,30117
1168121,SIN_COLUMNA,NORMAL,NORMAL,Regiones,09,True,13-07-2026 0:00:00,13-07-2026 0:00:00,14-07-2026 11:51:41,14-07-2026 11:51:41,14-07-2026 12:21:00,,14-07-2026 12:21:00,1,4,5,2,7,True,0,0,750151,V750,43,1825012
1168095,SIN_COLUMNA,NORMAL,NORMAL,Regiones,06,True,10-07-2026 0:00:00,10-07-2026 12:55:21,13-07-2026 8:31:49,13-07-2026 8:31:49,13-07-2026 10:04:00,,13-07-2026 10:04:00,1,4,5,2,7,True,0,0,500147,V550,43,335249
1168091,SIN_COLUMNA,NORMAL,NORMAL,Regiones,09,True,10-07-2026 0:00:00,10-07-2026 11:37:43,13-07-2026 11:57:10,13-07-2026 11:57:10,13-07-2026 13:05:00,,13-07-2026 13:05:00,1,4,5,2,7,True,0,0,750005,V750,43,2541977
1168090,SIN_COLUMNA,NORMAL,NORMAL,Regiones,09,True,10-07-2026 0:00:00,10-07-2026 11:35:21,13-07-2026 8:30:19,13-07-2026 8:30:19,13-07-2026 10:05:00,,13-07-2026 10:05:00,1,4,5,2,7,True,0,0,769000,V750,43,742693
4190139842,SIN_COLUMNA,NORMAL,NORMAL,Regiones,12,True,23-06-2026 0:00:00,23-06-2026 19:50:40,24-06-2026 11:00:41,24-06-2026 11:00:41,24-06-2026 16:18:00,,24-06-2026 16:18:00,1,4,5,2,7,True,0,0,950050,V800,43,364679
1167308,SIN_COLUMNA,NORMAL,NORMAL,Regiones,07,True,23-06-2026 0:00:00,23-06-2026 13:34:02,25-06-2026 12:52:54,25-06-2026 12:52:54,25-06-2026 14:58:00,,25-06-2026 14:58:00,2,4,5,2,7,True,0,0,555018,V550,43,682867
1167274,SIN_COLUMNA,NORMAL,NORMAL,Regiones,02,True,22-06-2026 0:00:00,22-06-2026 11:32:58,24-06-2026 10:56:17,24-06-2026 10:56:17,24-06-2026 14:12:00,,24-06-2026 14:12:00,2,4,5,2,7,True,0,0,150213,V817,43,3843930
1167273,SIN_COLUMNA,NORMAL,NORMAL,Regiones,02,True,22-06-2026 0:00:00,22-06-2026 11:30:34,24-06-2026 10:56:27,24-06-2026 10:56:27,24-06-2026 13:02:00,,24-06-2026 13:02:00,2,4,5,2,7,True,0,0,130100,V817,43,372574
1167272,SIN_COLUMNA,NORMAL,NORMAL,Regiones,07,True,22-06-2026 0:00:00,22-06-2026 11:09:43,24-06-2026 10:56:38,24-06-2026 10:56:38,24-06-2026 13:07:00,,24-06-2026 13:07:00,2,4,5,2,7,True,0,0,580011,V108,43,796215
1167271,SIN_COLUMNA,NORMAL,NORMAL,Regiones,08,True,22-06-2026 0:00:00,22-06-2026 11:00:53,24-06-2026 10:56:48,24-06-2026 10:56:48,24-06-2026 13:01:00,,24-06-2026 13:01:00,2,4,5,2,7,True,0,0,700055,V108,43,1214476
1167270,SIN_COLUMNA,NORMAL,NORMAL,Regiones,08,True,22-06-2026 0:00:00,22-06-2026 10:59:16,24-06-2026 10:57:13,24-06-2026 10:57:13,24-06-2026 12:39:00,,24-06-2026 12:39:00,2,4,5,2,7,True,0,0,700038,V108,43,732792
1167245,SIN_COLUMNA,NORMAL,NORMAL,Regiones,06,True,18-06-2026 0:00:00,18-06-2026 10:41:07,19-06-2026 8:59:21,19-06-2026 8:59:21,19-06-2026 12:00:00,,19-06-2026 12:00:00,1,4,5,2,7,True,0,0,535061,V550,43,734321
1167232,SIN_COLUMNA,NORMAL,NORMAL,Regiones,07,True,17-06-2026 0:00:00,17-06-2026 14:23:23,18-06-2026 0:00:00,18-06-2026 0:00:00,18-06-2026 16:00:00,,18-06-2026 16:00:00,1,4,5,2,7,True,0,0,571001,V550,43,599594
1167176,SIN_COLUMNA,NORMAL,NORMAL,Regiones,07,True,15-06-2026 0:00:00,15-06-2026 10:54:28,16-06-2026 10:08:39,16-06-2026 10:08:39,16-06-2026 15:05:00,,16-06-2026 15:05:00,1,4,5,2,7,True,0,0,540038,V550,43,1430098
1167119,SIN_COLUMNA,NORMAL,NORMAL,Regiones,07,True,10-06-2026 0:00:00,10-06-2026 9:17:10,10-06-2026 11:22:04,10-06-2026 11:22:04,10-06-2026 12:50:00,,10-06-2026 12:50:00,0,4,5,2,7,True,0,0,571001,V550,43,415827
1167107,SIN_COLUMNA,NORMAL,NORMAL,Regiones,07,True,09-06-2026 0:00:00,09-06-2026 14:30:40,10-06-2026 11:22:23,10-06-2026 11:22:23,10-06-2026 13:30:00,,10-06-2026 13:30:00,1,4,5,2,7,True,0,0,540132,V550,43,295226
1167096,SIN_COLUMNA,NORMAL,NORMAL,Regiones,07,True,08-06-2026 0:00:00,08-06-2026 16:47:06,10-06-2026 11:20:55,10-06-2026 11:20:55,10-06-2026 13:29:00,,10-06-2026 13:29:00,2,4,5,2,7,True,0,0,556008,V550,43,1253340
4190139602,SIN_COLUMNA,NORMAL,NORMAL,Regiones,07,True,08-06-2026 0:00:00,08-06-2026 15:40:12,10-06-2026 9:47:29,10-06-2026 9:47:29,10-06-2026 13:10:00,,10-06-2026 13:10:00,2,4,5,2,7,True,0,0,550246,V550,43,930011
1166704,SIN_COLUMNA,NORMAL,NORMAL,Regiones,05,True,28-05-2026 0:00:00,28-05-2026 15:58:01,04-06-2026 9:50:13,04-06-2026 9:50:13,04-06-2026 14:53:00,,04-06-2026 14:53:00,5,4,5,2,7,True,0,0,315008,V835,43,152468
1166702,SIN_COLUMNA,NORMAL,NORMAL,Regiones,05,True,28-05-2026 0:00:00,28-05-2026 15:54:41,04-06-2026 14:38:00,04-06-2026 14:38:00,04-06-2026 14:51:00,,04-06-2026 14:51:00,5,4,5,2,7,True,0,0,310030,V835,43,757496
1166662,SIN_COLUMNA,NORMAL,NORMAL,Santiago,13,True,26-05-2026 0:00:00,26-05-2026 19:56:10,28-05-2026 12:08:43,28-05-2026 12:08:43,28-05-2026 16:07:00,,28-05-2026 16:07:00,2,3,4,1,5,True,0,0,470052,V650,43,2181751
1166625,SIN_COLUMNA,NORMAL,NORMAL,Regiones,08,True,25-05-2026 0:00:00,25-05-2026 9:51:17,27-05-2026 9:47:52,27-05-2026 9:47:52,27-05-2026 11:55:00,,27-05-2026 11:55:00,2,4,5,2,7,True,0,0,644005,V108,43,634837
1166554,SIN_COLUMNA,NORMAL,NORMAL,Regiones,07,True,15-05-2026 0:00:00,15-05-2026 18:51:23,20-05-2026 14:29:51,20-05-2026 14:29:51,20-05-2026 14:59:00,,20-05-2026 14:59:00,3,4,5,2,7,True,0,0,540064,V550,43,2152746
1166539,SIN_COLUMNA,NORMAL,NORMAL,Regiones,08,True,14-05-2026 0:00:00,14-05-2026 20:54:40,20-05-2026 10:44:15,20-05-2026 10:44:15,20-05-2026 11:48:00,,20-05-2026 11:48:00,4,4,5,2,7,True,0,0,650305,V102,43,325635
1166529,SIN_COLUMNA,NORMAL,NORMAL,Regiones,07,True,14-05-2026 0:00:00,14-05-2026 14:24:35,15-05-2026 0:00:00,15-05-2026 0:00:00,15-05-2026 11:47:00,,15-05-2026 11:47:00,1,4,5,2,7,True,0,0,571001,V550,43,257492
1166518,SIN_COLUMNA,NORMAL,NORMAL,Regiones,07,True,14-05-2026 0:00:00,14-05-2026 8:44:03,15-05-2026 12:10:43,15-05-2026 12:10:43,15-05-2026 12:47:00,,15-05-2026 12:47:00,1,4,5,2,7,True,0,0,560018,V550,43,353797
1166505,SIN_COLUMNA,NORMAL,NORMAL,Regiones,02,True,13-05-2026 0:00:00,13-05-2026 11:34:09,18-05-2026 12:23:20,18-05-2026 12:23:20,18-05-2026 16:37:00,,18-05-2026 16:37:00,3,4,5,2,7,True,0,0,140014,V817,43,567775
1166495,SIN_COLUMNA,NORMAL,NORMAL,Regiones,03,True,12-05-2026 0:00:00,12-05-2026 11:49:32,14-05-2026 0:00:00,14-05-2026 0:00:00,14-05-2026 12:01:00,,14-05-2026 12:01:00,2,4,5,2,7,True,0,0,180108,V834,43,460698
1166494,SIN_COLUMNA,NORMAL,NORMAL,Regiones,07,True,12-05-2026 0:00:00,12-05-2026 11:37:01,14-05-2026 10:57:58,14-05-2026 10:57:58,14-05-2026 15:14:00,,14-05-2026 15:14:00,2,4,5,2,7,True,0,0,570001,V550,43,216499
1166492,SIN_COLUMNA,NORMAL,NORMAL,Regiones,08,True,12-05-2026 0:00:00,12-05-2026 11:25:11,14-05-2026 11:42:30,14-05-2026 11:42:30,14-05-2026 12:41:00,,14-05-2026 12:41:00,2,4,5,2,7,True,0,0,700165,V108,43,675931
4190139290,SIN_COLUMNA,NORMAL,NORMAL,Santiago,13,True,11-05-2026 0:00:00,11-05-2026 10:34:29,15-05-2026 0:00:00,15-05-2026 0:00:00,15-05-2026 11:46:00,,15-05-2026 11:46:00,4,3,4,1,5,True,0,0,462022,V650,43,624414
4190139289,SIN_COLUMNA,NORMAL,NORMAL,Regiones,06,True,11-05-2026 0:00:00,11-05-2026 0:00:00,14-05-2026 14:23:13,14-05-2026 14:23:13,14-05-2026 14:35:00,,14-05-2026 14:35:00,3,4,5,2,7,True,0,0,535061,V650,43,658160
1166460,SIN_COLUMNA,NORMAL,NORMAL,Regiones,10,True,08-05-2026 0:00:00,08-05-2026 19:20:25,15-05-2026 10:48:00,15-05-2026 10:48:00,15-05-2026 11:39:00,,15-05-2026 11:39:00,5,4,5,2,7,True,0,0,900124,V800,43,359124
1166444,SIN_COLUMNA,NORMAL,NORMAL,Regiones,04,True,08-05-2026 0:00:00,08-05-2026 12:03:32,12-05-2026 9:51:55,12-05-2026 9:51:55,12-05-2026 11:01:00,,12-05-2026 11:01:00,2,4,5,2,7,True,0,0,205014,V834,43,1135942
1166442,SIN_COLUMNA,NORMAL,NORMAL,Regiones,07,True,08-05-2026 0:00:00,08-05-2026 11:23:21,12-05-2026 14:27:36,12-05-2026 14:27:36,12-05-2026 14:49:00,,12-05-2026 14:49:00,2,4,5,2,7,True,0,0,540048,V550,43,632468
1166432,SIN_COLUMNA,NORMAL,NORMAL,Regiones,04,True,07-05-2026 0:00:00,07-05-2026 14:18:13,12-05-2026 14:33:35,12-05-2026 14:33:35,12-05-2026 14:53:00,,12-05-2026 14:53:00,3,4,5,2,7,True,0,0,210179,V834,43,272462
1166396,SIN_COLUMNA,NORMAL,NORMAL,Regiones,02,True,05-05-2026 0:00:00,05-05-2026 12:50:36,07-05-2026 0:00:00,07-05-2026 0:00:00,07-05-2026 14:31:00,,07-05-2026 14:31:00,2,4,5,2,7,True,0,0,130034,V817,43,3028383
4190140024,SIN_COLUMNA,NORMAL,NORMAL,Regiones,08,True,14-07-2026 0:00:00,14-07-2026 12:58:13,14-07-2026 17:10:57,14-07-2026 17:10:57,14-07-2026 17:10:57,,14-07-2026 17:10:57,0,4,5,2,7,True,0,0,650233,V580,43,901799
4190140014,SIN_COLUMNA,NORMAL,NORMAL,Regiones,07,True,13-07-2026 0:00:00,13-07-2026 8:49:13,13-07-2026 14:30:44,13-07-2026 14:30:44,13-07-2026 14:54:00,,13-07-2026 14:54:00,0,4,5,2,7,True,0,0,590042,V610,43,1835014
4190140010,SIN_COLUMNA,NORMAL,NORMAL,Regiones,03,True,10-07-2026 0:00:00,10-07-2026 18:30:05,13-07-2026 11:57:16,13-07-2026 11:57:16,13-07-2026 13:04:00,,13-07-2026 13:04:00,1,4,5,2,7,True,0,0,180108,V834,43,484919
4190140009,SIN_COLUMNA,NORMAL,NORMAL,Regiones,10,True,10-07-2026 0:00:00,10-07-2026 18:17:09,13-07-2026 11:57:28,13-07-2026 11:57:28,13-07-2026 13:02:00,,13-07-2026 13:02:00,1,4,5,2,7,True,0,0,900221,V800,43,233176
4190140008,SIN_COLUMNA,NORMAL,NORMAL,Regiones,10,True,10-07-2026 0:00:00,10-07-2026 17:46:55,13-07-2026 12:24:32,13-07-2026 12:24:32,13-07-2026 14:16:00,,13-07-2026 14:16:00,1,4,5,2,7,True,0,0,902008,V800,43,835900
4190140011,SIN_COLUMNA,NORMAL,NORMAL,Regiones,10,True,10-07-2026 0:00:00,10-07-2026 0:00:00,14-07-2026 8:23:33,14-07-2026 8:23:33,14-07-2026 10:12:00,,14-07-2026 10:12:00,2,4,5,2,7,True,0,0,895020,V800,43,914016
4190140005,SIN_COLUMNA,NORMAL,NORMAL,Regiones,11,True,09-07-2026 0:00:00,09-07-2026 18:56:58,13-07-2026 10:02:00,13-07-2026 10:02:00,13-07-2026 10:35:00,,13-07-2026 10:35:00,2,4,5,2,7,True,0,0,940026,V800,43,3083829
4190140002,SIN_COLUMNA,NORMAL,NORMAL,Regiones,10,True,09-07-2026 0:00:00,09-07-2026 12:58:36,13-07-2026 0:00:00,13-07-2026 0:00:00,13-07-2026 10:38:00,,13-07-2026 10:38:00,2,4,5,2,7,True,0,0,880054,V800,43,385235
4190140001,SIN_COLUMNA,NORMAL,NORMAL,Regiones,06,True,09-07-2026 0:00:00,09-07-2026 10:22:23,10-07-2026 9:53:57,10-07-2026 9:53:57,10-07-2026 10:58:00,,10-07-2026 10:58:00,1,4,5,2,7,True,0,0,505006,V550,43,126784
4190139998,SIN_COLUMNA,NORMAL,NORMAL,Regiones,08,True,08-07-2026 0:00:00,08-07-2026 21:16:36,13-07-2026 0:00:00,13-07-2026 0:00:00,13-07-2026 10:39:00,,13-07-2026 10:39:00,3,4,5,2,7,True,0,0,610014,V580,43,235126
4190139994,SIN_COLUMNA,NORMAL,NORMAL,Regiones,04,True,08-07-2026 0:00:00,08-07-2026 18:02:40,13-07-2026 10:01:51,13-07-2026 10:01:51,13-07-2026 10:36:00,,13-07-2026 10:36:00,3,4,5,2,7,True,0,0,250048,V834,43,236086
4190139993,SIN_COLUMNA,NORMAL,NORMAL,Regiones,08,True,08-07-2026 0:00:00,08-07-2026 17:27:26,10-07-2026 7:59:40,10-07-2026 7:59:40,10-07-2026 9:09:00,,10-07-2026 9:09:00,2,4,5,2,7,True,0,0,644005,V108,43,437188
4190139989,SIN_COLUMNA,NORMAL,NORMAL,Regiones,10,True,08-07-2026 0:00:00,08-07-2026 12:41:20,10-07-2026 7:57:13,10-07-2026 7:57:13,10-07-2026 9:13:00,,10-07-2026 9:13:00,2,4,5,2,7,True,0,0,793001,V800,43,750983
1168070,SIN_COLUMNA,NORMAL,NORMAL,Santiago,13,True,08-07-2026 0:00:00,08-07-2026 10:30:21,13-07-2026 10:01:36,13-07-2026 10:01:36,13-07-2026 14:29:00,,13-07-2026 14:29:00,3,3,4,1,5,True,0,0,371052,V615,43,206026
4190139987,SIN_COLUMNA,NORMAL,NORMAL,Regiones,11,True,07-07-2026 0:00:00,07-07-2026 21:40:36,10-07-2026 7:56:51,10-07-2026 7:56:51,10-07-2026 9:14:00,,10-07-2026 9:14:00,3,4,5,2,7,True,0,0,930018,V800,43,889276
4190139985,SIN_COLUMNA,NORMAL,NORMAL,Regiones,12,True,07-07-2026 0:00:00,07-07-2026 21:16:07,10-07-2026 7:56:34,10-07-2026 7:56:34,10-07-2026 11:52:00,,10-07-2026 11:52:00,3,4,5,2,7,True,0,0,945031,V800,43,1791603
4190139981,SIN_COLUMNA,NORMAL,NORMAL,Regiones,08,True,07-07-2026 0:00:00,07-07-2026 13:39:09,13-07-2026 10:01:41,13-07-2026 10:01:41,13-07-2026 10:37:00,,13-07-2026 10:37:00,4,4,5,2,7,True,0,0,680010,V108,43,84428
4190139980,SIN_COLUMNA,NORMAL,NORMAL,Regiones,04,True,07-07-2026 0:00:00,07-07-2026 13:37:26,10-07-2026 7:56:09,10-07-2026 7:56:09,10-07-2026 9:15:00,,10-07-2026 9:15:00,3,4,5,2,7,True,0,0,250048,V834,43,1002205
4190139978,SIN_COLUMNA,NORMAL,NORMAL,Regiones,08,True,07-07-2026 0:00:00,07-07-2026 12:32:31,10-07-2026 7:59:23,10-07-2026 7:59:23,10-07-2026 11:53:00,,10-07-2026 11:53:00,3,4,5,2,7,True,0,0,680010,V108,43,2862955
4190139976,SIN_COLUMNA,NORMAL,NORMAL,Regiones,10,True,06-07-2026 0:00:00,06-07-2026 23:50:32,13-07-2026 8:33:54,13-07-2026 8:33:54,13-07-2026 10:01:00,,13-07-2026 10:01:00,5,4,5,2,7,True,0,0,900221,V800,43,4273964
4190139974,SIN_COLUMNA,NORMAL,NORMAL,Regiones,11,True,06-07-2026 0:00:00,06-07-2026 22:29:01,13-07-2026 8:32:34,13-07-2026 8:32:34,13-07-2026 10:03:00,,13-07-2026 10:03:00,5,4,5,2,7,True,0,0,940007,V800,43,573686
4190139973,SIN_COLUMNA,NORMAL,NORMAL,Regiones,03,True,06-07-2026 0:00:00,06-07-2026 21:27:19,13-07-2026 8:32:12,13-07-2026 8:32:12,13-07-2026 10:04:00,,13-07-2026 10:04:00,5,4,5,2,7,True,0,0,180082,V834,43,1741647
1168046,SIN_COLUMNA,NORMAL,NORMAL,Regiones,09,True,06-07-2026 0:00:00,06-07-2026 19:25:21,13-07-2026 8:29:37,13-07-2026 8:29:37,13-07-2026 10:09:00,,13-07-2026 10:09:00,5,4,5,2,7,True,0,0,770025,V750,43,2727940
4190139970,SIN_COLUMNA,NORMAL,NORMAL,Regiones,08,True,06-07-2026 0:00:00,06-07-2026 16:27:04,08-07-2026 7:49:05,08-07-2026 7:49:05,08-07-2026 8:07:00,,08-07-2026 8:07:00,2,4,5,2,7,True,0,0,700068,V108,43,960676
1168029,SIN_COLUMNA,NORMAL,NORMAL,Regiones,02,True,06-07-2026 0:00:00,06-07-2026 10:55:18,13-07-2026 11:58:39,13-07-2026 11:58:39,13-07-2026 13:01:00,,13-07-2026 13:01:00,5,4,5,2,7,True,0,0,150293,V861,43,470528
1168028,SIN_COLUMNA,NORMAL,NORMAL,Regiones,02,True,06-07-2026 0:00:00,06-07-2026 9:39:40,10-07-2026 10:16:08,10-07-2026 10:16:08,10-07-2026 11:03:00,,10-07-2026 11:03:00,4,4,5,2,7,True,0,0,150148,V861,43,1222125
4190139960,SIN_COLUMNA,NORMAL,NORMAL,Regiones,10,True,03-07-2026 0:00:00,03-07-2026 18:31:55,10-07-2026 7:58:21,10-07-2026 7:58:21,10-07-2026 9:10:00,,10-07-2026 9:10:00,5,4,5,2,7,True,0,0,850131,V800,43,589355
4190139959,SIN_COLUMNA,NORMAL,NORMAL,Regiones,12,True,03-07-2026 0:00:00,03-07-2026 18:17:43,08-07-2026 0:00:00,08-07-2026 0:00:00,08-07-2026 14:25:00,,08-07-2026 14:25:00,3,4,5,2,7,True,0,0,950050,V800,43,280859
4190139955,SIN_COLUMNA,NORMAL,NORMAL,Regiones,05,True,03-07-2026 0:00:00,03-07-2026 11:11:48,06-07-2026 12:42:14,06-07-2026 12:42:14,06-07-2026 14:26:00,,06-07-2026 14:26:00,1,4,5,2,7,True,0,0,480110,V400,43,142991
4190139954,SIN_COLUMNA,NORMAL,NORMAL,Regiones,05,True,03-07-2026 0:00:00,03-07-2026 11:04:36,08-07-2026 9:48:34,08-07-2026 9:48:34,08-07-2026 13:09:00,,08-07-2026 13:09:00,3,4,5,2,7,True,0,0,330032,V400,43,119709
4190139956,SIN_COLUMNA,NORMAL,NORMAL,Regiones,05,True,03-07-2026 0:00:00,03-07-2026 0:00:00,08-07-2026 0:00:00,08-07-2026 0:00:00,08-07-2026 14:26:00,,08-07-2026 14:26:00,3,4,5,2,7,True,0,0,335108,V400,43,126452
1167327,SIN_COLUMNA,NORMAL,NORMAL,Regiones,08,True,24-06-2026 0:00:00,24-06-2026 1:41:34,25-06-2026 12:37:37,25-06-2026 12:37:37,25-06-2026 14:57:00,,25-06-2026 14:57:00,1,4,5,2,7,True,0,0,700077,V108,43,1010026
1167325,SIN_COLUMNA,NORMAL,NORMAL,Regiones,02,True,24-06-2026 0:00:00,24-06-2026 1:21:37,30-06-2026 12:10:38,30-06-2026 12:10:38,30-06-2026 12:37:00,,30-06-2026 12:37:00,3,4,5,2,7,True,0,0,150301,V817,43,454232
4190139847,SIN_COLUMNA,NORMAL,NORMAL,Regiones,09,True,23-06-2026 0:00:00,23-06-2026 23:32:20,25-06-2026 12:35:51,25-06-2026 12:35:51,25-06-2026 14:56:00,,25-06-2026 14:56:00,2,4,5,2,7,True,0,0,745007,V750,43,578828
4190139841,SIN_COLUMNA,NORMAL,NORMAL,Regiones,08,True,23-06-2026 0:00:00,23-06-2026 17:59:27,25-06-2026 12:53:06,25-06-2026 12:53:06,25-06-2026 14:57:00,,25-06-2026 14:57:00,2,4,5,2,7,True,0,0,650240,V580,43,531652
4190139836,SIN_COLUMNA,NORMAL,NORMAL,Regiones,05,True,23-06-2026 0:00:00,23-06-2026 12:21:22,30-06-2026 12:10:55,30-06-2026 12:10:55,30-06-2026 12:40:00,,30-06-2026 12:40:00,4,4,5,2,7,True,0,0,280041,V835,43,3794019
4190139790,SIN_COLUMNA,NORMAL,NORMAL,Regiones,10,True,22-06-2026 0:00:00,22-06-2026 14:51:56,24-06-2026 9:30:28,24-06-2026 9:30:28,24-06-2026 11:10:00,,24-06-2026 11:10:00,2,4,5,2,7,True,0,0,785005,V750,43,1755631
4190139782,SIN_COLUMNA,NORMAL,NORMAL,Regiones,01,True,22-06-2026 0:00:00,22-06-2026 12:15:57,24-06-2026 10:57:37,24-06-2026 10:57:37,24-06-2026 12:52:00,,24-06-2026 12:52:00,2,4,5,2,7,True,0,0,100082,V861,43,523572
4190139781,SIN_COLUMNA,NORMAL,NORMAL,Regiones,01,True,22-06-2026 0:00:00,22-06-2026 12:11:51,24-06-2026 10:54:22,24-06-2026 10:54:22,24-06-2026 12:45:00,,24-06-2026 12:45:00,2,4,5,2,7,True,0,0,100133,V861,43,782330
4190139780,SIN_COLUMNA,NORMAL,NORMAL,Regiones,01,True,22-06-2026 0:00:00,22-06-2026 11:57:09,24-06-2026 10:54:45,24-06-2026 10:54:45,24-06-2026 12:47:00,,24-06-2026 12:47:00,2,4,5,2,7,True,0,0,100007,V861,43,1496965
4190139794,SIN_COLUMNA,NORMAL,NORMAL,Regiones,10,True,22-06-2026 0:00:00,22-06-2026 0:00:00,24-06-2026 9:30:35,24-06-2026 9:30:35,24-06-2026 11:13:00,,24-06-2026 11:13:00,2,4,5,2,7,True,0,0,850055,V800,43,145285
4190139773,SIN_COLUMNA,NORMAL,NORMAL,Regiones,05,True,19-06-2026 0:00:00,19-06-2026 11:02:49,24-06-2026 10:57:33,24-06-2026 10:57:33,24-06-2026 12:54:00,,24-06-2026 12:54:00,3,4,5,2,7,True,0,0,310030,V835,43,1354851
4190139774,SIN_COLUMNA,NORMAL,NORMAL,Regiones,05,True,19-06-2026 0:00:00,19-06-2026 0:00:00,23-06-2026 8:32:22,23-06-2026 8:32:22,23-06-2026 8:37:00,,23-06-2026 8:37:00,2,4,5,2,7,True,0,0,480110,V400,43,516487
4190139770,SIN_COLUMNA,NORMAL,NORMAL,Regiones,10,True,19-06-2026 0:00:00,19-06-2026 0:00:00,23-06-2026 9:53:50,23-06-2026 9:53:50,23-06-2026 10:50:00,,23-06-2026 10:50:00,2,4,5,2,7,True,0,0,900201,V800,43,262350
4190139766,SIN_COLUMNA,NORMAL,NORMAL,Regiones,02,True,18-06-2026 0:00:00,18-06-2026 20:01:41,22-06-2026 9:42:05,22-06-2026 9:42:05,22-06-2026 16:34:00,,22-06-2026 16:34:00,2,4,5,2,7,True,0,0,130126,V817,43,1065713
4190139764,SIN_COLUMNA,NORMAL,NORMAL,Regiones,04,True,18-06-2026 0:00:00,18-06-2026 19:45:44,23-06-2026 9:54:07,23-06-2026 9:54:07,23-06-2026 10:51:00,,23-06-2026 10:51:00,3,4,5,2,7,True,0,0,250048,V834,43,755586
4190139762,SIN_COLUMNA,NORMAL,NORMAL,Regiones,10,True,18-06-2026 0:00:00,18-06-2026 16:50:59,22-06-2026 11:43:12,22-06-2026 11:43:12,22-06-2026 16:33:00,,22-06-2026 16:33:00,2,4,5,2,7,True,0,0,900221,V800,43,152466
4190139758,SIN_COLUMNA,NORMAL,NORMAL,Santiago,13,True,18-06-2026 0:00:00,18-06-2026 16:20:57,23-06-2026 9:54:22,23-06-2026 9:54:22,23-06-2026 10:52:00,,23-06-2026 10:52:00,3,3,4,1,5,True,0,0,470003,V650,43,174556
4190139757,SIN_COLUMNA,NORMAL,NORMAL,Regiones,10,True,18-06-2026 0:00:00,18-06-2026 16:16:07,25-06-2026 12:37:16,25-06-2026 12:37:16,25-06-2026 14:58:00,,25-06-2026 14:58:00,5,4,5,2,7,True,0,0,880004,V800,43,441768
4190139755,SIN_COLUMNA,NORMAL,NORMAL,Santiago,13,True,18-06-2026 0:00:00,18-06-2026 15:53:42,23-06-2026 9:55:21,23-06-2026 9:55:21,23-06-2026 10:52:00,,23-06-2026 10:52:00,3,3,4,1,5,True,0,0,470003,V650,43,148304
4190139754,SIN_COLUMNA,NORMAL,NORMAL,Regiones,04,True,18-06-2026 0:00:00,18-06-2026 15:45:14,23-06-2026 9:57:20,23-06-2026 9:57:20,23-06-2026 10:54:00,,23-06-2026 10:54:00,3,4,5,2,7,True,0,0,260035,V835,43,10409857
4190139744,SIN_COLUMNA,NORMAL,NORMAL,Regiones,12,True,17-06-2026 0:00:00,17-06-2026 21:48:57,23-06-2026 11:14:53,23-06-2026 11:14:53,23-06-2026 12:54:00,,23-06-2026 12:54:00,4,4,5,2,7,True,0,0,953003,V800,43,866908
1167226,SIN_COLUMNA,NORMAL,NORMAL,Regiones,04,True,17-06-2026 0:00:00,17-06-2026 10:53:42,24-06-2026 10:58:01,24-06-2026 10:58:01,24-06-2026 12:57:00,,24-06-2026 12:57:00,5,4,5,2,7,True,0,0,110045,V835,43,754610
4190139726,SIN_COLUMNA,NORMAL,NORMAL,Regiones,04,True,16-06-2026 0:00:00,16-06-2026 18:23:40,17-06-2026 0:00:00,17-06-2026 0:00:00,17-06-2026 16:09:00,,17-06-2026 16:09:00,1,4,5,2,7,True,0,0,250041,V834,43,565180
4190139723,SIN_COLUMNA,NORMAL,NORMAL,Regiones,05,True,16-06-2026 0:00:00,16-06-2026 16:45:44,17-06-2026 11:21:53,17-06-2026 11:21:53,17-06-2026 16:01:00,,17-06-2026 16:01:00,1,4,5,2,7,True,0,0,335068,V400,43,1465906
4190139721,SIN_COLUMNA,NORMAL,NORMAL,Regiones,10,True,16-06-2026 0:00:00,16-06-2026 15:56:16,19-06-2026 9:01:00,19-06-2026 9:01:00,19-06-2026 11:21:00,,19-06-2026 11:21:00,3,4,5,2,7,True,0,0,793001,V800,43,361645
4190139715,SIN_COLUMNA,NORMAL,NORMAL,Regiones,05,True,16-06-2026 0:00:00,16-06-2026 12:43:54,23-06-2026 11:03:38,23-06-2026 11:03:38,23-06-2026 11:26:00,,23-06-2026 11:26:00,5,4,5,2,7,True,0,0,480044,V400,43,754385
4190139714,SIN_COLUMNA,NORMAL,NORMAL,Regiones,08,True,16-06-2026 0:00:00,16-06-2026 10:36:05,16-06-2026 14:30:12,16-06-2026 14:30:12,16-06-2026 14:44:00,,16-06-2026 14:44:00,0,4,5,2,7,True,0,0,700080,V108,43,360307
4190139711,SIN_COLUMNA,NORMAL,NORMAL,Regiones,02,True,15-06-2026 0:00:00,15-06-2026 21:55:54,16-06-2026 11:40:30,16-06-2026 11:40:30,16-06-2026 15:44:00,,16-06-2026 15:44:00,1,4,5,2,7,True,0,0,130030,V817,43,262388
4190139704,SIN_COLUMNA,NORMAL,NORMAL,Regiones,02,True,15-06-2026 0:00:00,15-06-2026 17:27:21,18-06-2026 11:03:58,18-06-2026 11:03:58,18-06-2026 16:11:00,,18-06-2026 16:11:00,3,4,5,2,7,True,0,0,150234,V817,43,527289
4190139702,SIN_COLUMNA,NORMAL,NORMAL,Regiones,08,True,15-06-2026 0:00:00,15-06-2026 16:08:51,16-06-2026 12:29:33,16-06-2026 12:29:33,16-06-2026 14:31:00,,16-06-2026 14:31:00,1,4,5,2,7,True,0,0,650240,V580,43,1129670
4190139698,SIN_COLUMNA,NORMAL,NORMAL,Regiones,10,True,15-06-2026 0:00:00,15-06-2026 10:11:45,16-06-2026 9:58:11,16-06-2026 9:58:11,16-06-2026 15:13:00,,16-06-2026 15:13:00,1,4,5,2,7,True,0,0,921011,V800,43,1272113
4190139710,SIN_COLUMNA,NORMAL,NORMAL,Regiones,08,True,15-06-2026 0:00:00,15-06-2026 0:00:00,16-06-2026 12:56:25,16-06-2026 12:56:25,16-06-2026 14:24:00,,16-06-2026 14:24:00,1,4,5,2,7,True,0,0,652014,V580,43,377601
4190139694,SIN_COLUMNA,NORMAL,NORMAL,Regiones,10,True,14-06-2026 0:00:00,14-06-2026 22:39:49,15-06-2026 12:44:14,15-06-2026 12:44:14,15-06-2026 14:16:00,,15-06-2026 14:16:00,1,4,5,2,7,True,0,0,910037,V800,43,894253
4190139693,SIN_COLUMNA,NORMAL,NORMAL,Regiones,08,True,13-06-2026 0:00:00,13-06-2026 18:28:35,15-06-2026 12:15:36,15-06-2026 12:15:36,15-06-2026 12:36:00,,15-06-2026 12:36:00,1,4,5,2,7,True,0,0,600028,V108,43,270742
4190139692,SIN_COLUMNA,NORMAL,NORMAL,Regiones,10,True,12-06-2026 0:00:00,12-06-2026 17:53:27,16-06-2026 0:00:00,16-06-2026 0:00:00,16-06-2026 14:22:00,,16-06-2026 14:22:00,2,4,5,2,7,True,0,0,900187,V800,43,275900
4190139690,SIN_COLUMNA,NORMAL,NORMAL,Regiones,08,True,12-06-2026 0:00:00,12-06-2026 15:22:46,16-06-2026 10:07:56,16-06-2026 10:07:56,16-06-2026 15:00:00,,16-06-2026 15:00:00,2,4,5,2,7,True,0,0,600168,V108,43,273112
4190139686,SIN_COLUMNA,NORMAL,NORMAL,Regiones,05,True,12-06-2026 0:00:00,12-06-2026 12:48:00,15-06-2026 11:39:51,15-06-2026 11:39:51,15-06-2026 12:07:00,,15-06-2026 12:07:00,1,4,5,2,7,True,0,0,350045,V400,43,296849
4190139683,SIN_COLUMNA,NORMAL,NORMAL,Regiones,08,True,12-06-2026 0:00:00,12-06-2026 12:16:28,17-06-2026 9:59:25,17-06-2026 9:59:25,17-06-2026 15:50:00,,17-06-2026 15:50:00,3,4,5,2,7,True,0,0,600055,V108,43,396666
4190139687,SIN_COLUMNA,NORMAL,NORMAL,Regiones,07,True,12-06-2026 0:00:00,12-06-2026 0:00:00,15-06-2026 13:48:12,15-06-2026 13:48:12,15-06-2026 14:19:00,,15-06-2026 14:19:00,1,4,5,2,7,True,0,0,550246,V550,43,241433
4190139677,SIN_COLUMNA,NORMAL,NORMAL,Regiones,10,True,11-06-2026 0:00:00,11-06-2026 19:49:43,15-06-2026 12:51:12,15-06-2026 12:51:12,15-06-2026 14:18:00,,15-06-2026 14:18:00,2,4,5,2,7,True,0,0,925015,V800,43,1433168
4190139675,SIN_COLUMNA,NORMAL,NORMAL,Regiones,08,True,11-06-2026 0:00:00,11-06-2026 19:34:16,15-06-2026 11:40:22,15-06-2026 11:40:22,15-06-2026 12:03:00,,15-06-2026 12:03:00,2,4,5,2,7,True,0,0,659001,V580,43,253099
1167148,SIN_COLUMNA,NORMAL,NORMAL,Santiago,13,True,11-06-2026 0:00:00,11-06-2026 18:20:11,15-06-2026 11:40:08,15-06-2026 11:40:08,15-06-2026 12:04:00,,15-06-2026 12:04:00,2,3,4,1,5,True,0,0,371052,V615,43,412542
4190139655,SIN_COLUMNA,NORMAL,NORMAL,Regiones,09,True,11-06-2026 0:00:00,11-06-2026 9:14:14,18-06-2026 0:00:00,18-06-2026 0:00:00,18-06-2026 16:05:00,,18-06-2026 16:05:00,5,4,5,2,7,True,0,0,750234,V750,43,998011
4190139653,SIN_COLUMNA,NORMAL,NORMAL,Regiones,01,True,11-06-2026 0:00:00,11-06-2026 9:11:46,15-06-2026 10:15:35,15-06-2026 10:15:35,15-06-2026 11:48:00,,15-06-2026 11:48:00,2,4,5,2,7,True,0,0,100121,V861,43,682172
4190139646,SIN_COLUMNA,NORMAL,NORMAL,Regiones,08,True,11-06-2026 0:00:00,11-06-2026 8:58:18,12-06-2026 10:17:51,12-06-2026 10:17:51,12-06-2026 11:54:00,,12-06-2026 11:54:00,1,4,5,2,7,True,0,0,700165,V108,43,256189
4190139680,SIN_COLUMNA,NORMAL,NORMAL,Regiones,09,True,11-06-2026 0:00:00,11-06-2026 0:00:00,15-06-2026 11:40:23,15-06-2026 11:40:23,15-06-2026 12:01:00,,15-06-2026 12:01:00,2,4,5,2,7,True,0,0,768014,V750,43,2108900
4190139679,SIN_COLUMNA,NORMAL,NORMAL,Regiones,01,True,11-06-2026 0:00:00,11-06-2026 0:00:00,15-06-2026 11:40:36,15-06-2026 11:40:36,15-06-2026 12:02:00,,15-06-2026 12:02:00,2,4,5,2,7,True,0,0,100031,V861,43,2171288
4190139634,SIN_COLUMNA,NORMAL,NORMAL,Regiones,01,True,09-06-2026 0:00:00,09-06-2026 22:23:59,10-06-2026 12:26:02,10-06-2026 12:26:02,10-06-2026 14:34:00,,10-06-2026 14:34:00,1,4,5,2,7,True,0,0,100035,V861,43,499712
4190139630,SIN_COLUMNA,NORMAL,NORMAL,Regiones,08,True,09-06-2026 0:00:00,09-06-2026 19:30:12,11-06-2026 0:00:00,11-06-2026 0:00:00,11-06-2026 13:01:00,,11-06-2026 13:01:00,2,4,5,2,7,True,0,0,650367,V580,43,4553520
4190139618,SIN_COLUMNA,NORMAL,NORMAL,Regiones,09,True,09-06-2026 0:00:00,09-06-2026 9:53:57,15-06-2026 10:02:37,15-06-2026 10:02:37,15-06-2026 11:50:00,,15-06-2026 11:50:00,4,4,5,2,7,True,0,0,750234,V750,43,1459495
4190139612,SIN_COLUMNA,NORMAL,NORMAL,Regiones,04,True,08-06-2026 0:00:00,08-06-2026 18:26:47,10-06-2026 11:21:34,10-06-2026 11:21:34,10-06-2026 13:32:00,,10-06-2026 13:32:00,2,4,5,2,7,True,0,0,250041,V834,43,3679894
4190139608,SIN_COLUMNA,NORMAL,NORMAL,Regiones,08,True,08-06-2026 0:00:00,08-06-2026 16:26:29,10-06-2026 11:21:23,10-06-2026 11:21:23,10-06-2026 13:43:00,,10-06-2026 13:43:00,2,4,5,2,7,True,0,0,607000,V108,43,1107548
4190139606,SIN_COLUMNA,NORMAL,NORMAL,Regiones,08,True,08-06-2026 0:00:00,08-06-2026 15:52:03,10-06-2026 11:21:11,10-06-2026 11:21:11,10-06-2026 13:38:00,,10-06-2026 13:38:00,2,4,5,2,7,True,0,0,650030,V580,43,422915
4190139604,SIN_COLUMNA,NORMAL,NORMAL,Regiones,08,True,08-06-2026 0:00:00,08-06-2026 15:48:40,09-06-2026 12:22:45,09-06-2026 12:22:45,09-06-2026 15:25:00,,09-06-2026 15:25:00,1,4,5,2,7,True,0,0,700068,V108,43,942966
4190139600,SIN_COLUMNA,NORMAL,NORMAL,Regiones,02,True,08-06-2026 0:00:00,08-06-2026 15:34:50,09-06-2026 9:25:25,09-06-2026 9:25:25,09-06-2026 13:03:00,,09-06-2026 13:03:00,1,4,5,2,7,True,0,0,150265,V817,43,256193
4190139599,SIN_COLUMNA,NORMAL,NORMAL,Regiones,08,True,08-06-2026 0:00:00,08-06-2026 15:31:36,10-06-2026 11:21:06,10-06-2026 11:21:06,10-06-2026 13:34:00,,10-06-2026 13:34:00,2,4,5,2,7,True,0,0,600162,V108,43,255460
4190139597,SIN_COLUMNA,NORMAL,NORMAL,Regiones,04,True,06-06-2026 0:00:00,06-06-2026 20:05:46,09-06-2026 11:13:43,09-06-2026 11:13:43,09-06-2026 13:23:00,,09-06-2026 13:23:00,2,4,5,2,7,True,0,0,205051,V834,43,1358615
4190139593,SIN_COLUMNA,NORMAL,NORMAL,Santiago,13,True,04-06-2026 0:00:00,04-06-2026 17:47:55,05-06-2026 12:45:03,05-06-2026 12:45:03,05-06-2026 12:59:00,,05-06-2026 12:59:00,1,3,4,1,5,True,0,0,470028,V650,43,516773
4190139592,SIN_COLUMNA,NORMAL,NORMAL,Regiones,04,True,04-06-2026 0:00:00,04-06-2026 17:36:11,08-06-2026 9:40:26,08-06-2026 9:40:26,08-06-2026 16:13:00,,08-06-2026 16:13:00,2,4,5,2,7,True,0,0,210161,V834,43,236630
4190139590,SIN_COLUMNA,NORMAL,NORMAL,Regiones,05,True,04-06-2026 0:00:00,04-06-2026 16:31:25,05-06-2026 12:44:52,05-06-2026 12:44:52,05-06-2026 13:01:00,,05-06-2026 13:01:00,1,4,5,2,7,True,0,0,480042,V400,43,637480
4190139587,SIN_COLUMNA,NORMAL,NORMAL,Regiones,05,True,04-06-2026 0:00:00,04-06-2026 16:04:44,08-06-2026 11:33:31,08-06-2026 11:33:31,08-06-2026 16:16:00,,08-06-2026 16:16:00,2,4,5,2,7,True,0,0,340013,V400,43,705722
4190139583,SIN_COLUMNA,NORMAL,NORMAL,Regiones,05,True,04-06-2026 0:00:00,04-06-2026 14:15:03,10-06-2026 9:09:52,10-06-2026 9:09:52,10-06-2026 13:00:00,,10-06-2026 13:00:00,4,4,5,2,7,True,0,0,311001,V835,43,218175
4190139582,SIN_COLUMNA,NORMAL,NORMAL,Regiones,09,True,04-06-2026 0:00:00,04-06-2026 13:38:50,08-06-2026 9:40:15,08-06-2026 9:40:15,08-06-2026 16:02:00,,08-06-2026 16:02:00,2,4,5,2,7,True,0,0,750005,V750,43,357319
4190139594,SIN_COLUMNA,NORMAL,NORMAL,Regiones,03,True,04-06-2026 0:00:00,04-06-2026 0:00:00,05-06-2026 12:45:08,05-06-2026 12:45:08,05-06-2026 12:59:00,,05-06-2026 12:59:00,1,4,5,2,7,True,0,0,180108,V834,43,599250
4190139578,SIN_COLUMNA,NORMAL,NORMAL,Regiones,05,True,03-06-2026 0:00:00,03-06-2026 17:08:00,05-06-2026 10:44:09,05-06-2026 10:44:09,05-06-2026 11:19:00,,05-06-2026 11:19:00,2,4,5,2,7,True,0,0,345416,V400,43,272338
4190139577,SIN_COLUMNA,NORMAL,NORMAL,Regiones,10,True,03-06-2026 0:00:00,03-06-2026 16:59:47,05-06-2026 9:34:23,05-06-2026 9:34:23,05-06-2026 10:05:00,,05-06-2026 10:05:00,2,4,5,2,7,True,0,0,850166,V800,43,365996
4190139576,SIN_COLUMNA,NORMAL,NORMAL,Regiones,05,True,03-06-2026 0:00:00,03-06-2026 16:23:34,09-06-2026 9:36:48,09-06-2026 9:36:48,09-06-2026 13:08:00,,09-06-2026 13:08:00,4,4,5,2,7,True,0,0,336024,V400,43,272537
4190139575,SIN_COLUMNA,NORMAL,NORMAL,Regiones,09,True,03-06-2026 0:00:00,03-06-2026 16:17:21,05-06-2026 10:51:35,05-06-2026 10:51:35,05-06-2026 11:20:00,,05-06-2026 11:20:00,2,4,5,2,7,True,0,0,720018,V108,43,288616
4190139571,SIN_COLUMNA,NORMAL,NORMAL,Regiones,09,True,03-06-2026 0:00:00,03-06-2026 14:33:43,05-06-2026 9:34:17,05-06-2026 9:34:17,05-06-2026 10:04:00,,05-06-2026 10:04:00,2,4,5,2,7,True,0,0,750186,V750,43,405411
4190139570,SIN_COLUMNA,NORMAL,NORMAL,Regiones,05,True,03-06-2026 0:00:00,03-06-2026 13:36:30,05-06-2026 10:57:55,05-06-2026 10:57:55,05-06-2026 11:20:00,,05-06-2026 11:20:00,2,4,5,2,7,True,0,0,310068,V835,43,366294
4190139569,SIN_COLUMNA,NORMAL,NORMAL,Regiones,08,True,03-06-2026 0:00:00,03-06-2026 12:19:18,05-06-2026 9:34:13,05-06-2026 9:34:13,05-06-2026 12:14:00,,05-06-2026 12:14:00,2,4,5,2,7,True,0,0,700068,V108,43,1176068
1167052,SIN_COLUMNA,NORMAL,NORMAL,Regiones,02,True,03-06-2026 0:00:00,03-06-2026 0:00:00,05-06-2026 9:16:10,05-06-2026 9:16:10,05-06-2026 12:16:00,,05-06-2026 12:16:00,2,4,5,2,7,True,0,0,130100,V817,43,1336069
4190139566,SIN_COLUMNA,NORMAL,NORMAL,Regiones,08,True,02-06-2026 0:00:00,02-06-2026 18:59:29,05-06-2026 9:21:36,05-06-2026 9:21:36,05-06-2026 10:02:00,,05-06-2026 10:02:00,3,4,5,2,7,True,0,0,610014,V580,43,243911
4190139561,SIN_COLUMNA,NORMAL,NORMAL,Regiones,05,True,02-06-2026 0:00:00,02-06-2026 13:52:17,05-06-2026 0:00:00,05-06-2026 0:00:00,05-06-2026 12:24:00,,05-06-2026 12:24:00,3,4,5,2,7,True,0,0,325034,V835,43,462867
4190139558,SIN_COLUMNA,NORMAL,NORMAL,Regiones,10,True,02-06-2026 0:00:00,02-06-2026 11:51:37,04-06-2026 14:37:33,04-06-2026 14:37:33,04-06-2026 14:52:00,,04-06-2026 14:52:00,2,4,5,2,7,True,0,0,895017,V800,43,625404
4190139557,SIN_COLUMNA,NORMAL,NORMAL,Regiones,12,True,02-06-2026 0:00:00,02-06-2026 11:37:23,05-06-2026 9:55:32,05-06-2026 9:55:32,05-06-2026 10:09:00,,05-06-2026 10:09:00,3,4,5,2,7,True,0,0,950050,V800,43,458304
4190139565,SIN_COLUMNA,NORMAL,NORMAL,Regiones,05,True,02-06-2026 0:00:00,02-06-2026 0:00:00,04-06-2026 13:47:55,04-06-2026 13:47:55,04-06-2026 14:35:00,,04-06-2026 14:35:00,2,4,5,2,7,True,0,0,345261,V400,43,262841
4190139555,SIN_COLUMNA,NORMAL,NORMAL,Regiones,02,True,01-06-2026 0:00:00,01-06-2026 20:59:45,04-06-2026 14:37:13,04-06-2026 14:37:13,04-06-2026 14:53:00,,04-06-2026 14:53:00,3,4,5,2,7,True,0,0,150282,V817,43,291393
4190139544,SIN_COLUMNA,NORMAL,NORMAL,Regiones,02,True,01-06-2026 0:00:00,01-06-2026 13:57:01,05-06-2026 12:48:13,05-06-2026 12:48:13,05-06-2026 13:00:00,,05-06-2026 13:00:00,4,4,5,2,7,True,0,0,150167,V817,43,890412
4190139543,SIN_COLUMNA,NORMAL,NORMAL,Regiones,02,True,01-06-2026 0:00:00,01-06-2026 13:24:47,05-06-2026 12:47:10,05-06-2026 12:47:10,05-06-2026 13:02:00,,05-06-2026 13:02:00,4,4,5,2,7,True,0,0,150167,V817,43,676099
4190139532,SIN_COLUMNA,NORMAL,NORMAL,Regiones,04,True,31-05-2026 0:00:00,31-05-2026 11:21:53,04-06-2026 14:38:40,04-06-2026 14:38:40,04-06-2026 14:48:00,,04-06-2026 14:48:00,4,4,5,2,7,True,0,0,200227,V834,43,758881
4190139463,SIN_COLUMNA,NORMAL,NORMAL,Regiones,08,True,26-05-2026 0:00:00,26-05-2026 21:16:53,28-05-2026 12:08:47,28-05-2026 12:08:47,28-05-2026 13:05:00,,28-05-2026 13:05:00,2,4,5,2,7,True,0,0,600140,V108,43,2125188
4190139459,SIN_COLUMNA,NORMAL,NORMAL,Regiones,08,True,26-05-2026 0:00:00,26-05-2026 19:30:12,28-05-2026 12:09:34,28-05-2026 12:09:34,28-05-2026 16:08:00,,28-05-2026 16:08:00,2,4,5,2,7,True,0,0,606001,V108,43,389336
4190139458,SIN_COLUMNA,NORMAL,NORMAL,Regiones,10,True,26-05-2026 0:00:00,26-05-2026 18:30:55,28-05-2026 0:00:00,28-05-2026 0:00:00,28-05-2026 12:56:00,,28-05-2026 12:56:00,2,4,5,2,7,True,0,0,785005,V750,43,2165303
4190139454,SIN_COLUMNA,NORMAL,NORMAL,Regiones,04,True,26-05-2026 0:00:00,26-05-2026 15:59:57,27-05-2026 11:03:46,27-05-2026 11:03:46,27-05-2026 11:56:00,,27-05-2026 11:56:00,1,4,5,2,7,True,0,0,257006,V835,43,708875
4190139452,SIN_COLUMNA,NORMAL,NORMAL,Regiones,09,True,26-05-2026 0:00:00,26-05-2026 15:31:27,27-05-2026 10:46:54,27-05-2026 10:46:54,27-05-2026 11:55:00,,27-05-2026 11:55:00,1,4,5,2,7,True,0,0,720024,V108,43,497201
4190139440,SIN_COLUMNA,NORMAL,NORMAL,Regiones,08,True,25-05-2026 0:00:00,25-05-2026 21:30:20,27-05-2026 12:06:40,27-05-2026 12:06:40,27-05-2026 15:16:00,,27-05-2026 15:16:00,2,4,5,2,7,True,0,0,600099,V108,43,278979
4190139436,SIN_COLUMNA,NORMAL,NORMAL,Regiones,05,True,25-05-2026 0:00:00,25-05-2026 17:39:07,27-05-2026 12:06:34,27-05-2026 12:06:34,27-05-2026 15:18:00,,27-05-2026 15:18:00,2,4,5,2,7,True,0,0,480110,V400,43,693654
4190139428,SIN_COLUMNA,NORMAL,NORMAL,Regiones,05,True,25-05-2026 0:00:00,25-05-2026 11:59:14,27-05-2026 9:31:27,27-05-2026 9:31:27,27-05-2026 10:48:00,,27-05-2026 10:48:00,2,4,5,2,7,True,0,0,300008,V835,43,412635
4190139427,SIN_COLUMNA,NORMAL,NORMAL,Regiones,05,True,25-05-2026 0:00:00,25-05-2026 11:51:02,27-05-2026 9:26:43,27-05-2026 9:26:43,27-05-2026 15:29:00,,27-05-2026 15:29:00,2,4,5,2,7,True,0,0,480027,V400,43,287878
4190139425,SIN_COLUMNA,NORMAL,NORMAL,Regiones,02,True,25-05-2026 0:00:00,25-05-2026 10:24:34,27-05-2026 9:42:16,27-05-2026 9:42:16,27-05-2026 15:28:00,,27-05-2026 15:28:00,2,4,5,2,7,True,0,0,130145,V817,43,739059
4190139422,SIN_COLUMNA,NORMAL,NORMAL,Regiones,02,True,25-05-2026 0:00:00,25-05-2026 9:42:11,25-05-2026 11:47:55,25-05-2026 11:47:55,25-05-2026 12:45:00,,25-05-2026 12:45:00,0,4,5,2,7,True,0,0,150215,V817,43,221493
4190139411,SIN_COLUMNA,NORMAL,NORMAL,Regiones,06,True,22-05-2026 0:00:00,22-05-2026 14:46:04,28-05-2026 12:39:11,28-05-2026 12:39:11,28-05-2026 16:10:00,,28-05-2026 16:10:00,4,4,5,2,7,True,0,0,500165,V650,43,101192
4190139402,SIN_COLUMNA,NORMAL,NORMAL,Regiones,08,True,20-05-2026 0:00:00,20-05-2026 17:23:20,25-05-2026 10:29:40,25-05-2026 10:29:40,25-05-2026 15:00:00,,25-05-2026 15:00:00,2,4,5,2,7,True,0,0,644014,V108,43,343557
1166607,SIN_COLUMNA,NORMAL,NORMAL,Regiones,06,True,20-05-2026 0:00:00,20-05-2026 12:17:22,25-05-2026 13:46:06,25-05-2026 13:46:06,25-05-2026 14:12:00,,25-05-2026 14:12:00,2,4,5,2,7,True,0,0,520050,V650,43,1041542
1166598,SIN_COLUMNA,NORMAL,NORMAL,Regiones,07,True,20-05-2026 0:00:00,20-05-2026 9:58:48,20-05-2026 14:31:09,20-05-2026 14:31:09,20-05-2026 15:38:00,,20-05-2026 15:38:00,0,4,5,2,7,True,0,0,550060,V550,43,1348136
4190139386,SIN_COLUMNA,NORMAL,NORMAL,Regiones,08,True,19-05-2026 0:00:00,19-05-2026 23:36:21,20-05-2026 14:31:20,20-05-2026 14:31:20,20-05-2026 15:00:00,,20-05-2026 15:00:00,1,4,5,2,7,True,0,0,650257,V580,43,970178
4190139385,SIN_COLUMNA,NORMAL,NORMAL,Regiones,01,True,19-05-2026 0:00:00,19-05-2026 21:04:58,20-05-2026 14:33:27,20-05-2026 14:33:27,20-05-2026 15:09:00,,20-05-2026 15:09:00,1,4,5,2,7,True,0,0,110044,V861,43,1286811
4190139371,SIN_COLUMNA,NORMAL,NORMAL,Regiones,01,True,18-05-2026 0:00:00,18-05-2026 22:37:04,20-05-2026 14:31:15,20-05-2026 14:31:15,20-05-2026 15:01:00,,20-05-2026 15:01:00,2,4,5,2,7,True,0,0,110044,V861,43,3568161
1166563,SIN_COLUMNA,NORMAL,NORMAL,Regiones,05,True,18-05-2026 0:00:00,18-05-2026 10:38:11,19-05-2026 13:50:21,19-05-2026 13:50:21,19-05-2026 16:21:00,,19-05-2026 16:21:00,1,4,5,2,7,True,0,0,350150,V835,43,72733
1166574,SIN_COLUMNA,NORMAL,NORMAL,Regiones,04,True,18-05-2026 0:00:00,18-05-2026 0:00:00,18-05-2026 15:51:36,18-05-2026 15:51:36,18-05-2026 15:51:36,,18-05-2026 15:51:36,0,4,5,2,7,True,0,0,210188,V834,43,252518
4190139354,SIN_COLUMNA,NORMAL,NORMAL,Regiones,09,True,15-05-2026 0:00:00,15-05-2026 15:56:53,20-05-2026 10:31:50,20-05-2026 10:31:50,20-05-2026 11:50:00,,20-05-2026 11:50:00,3,4,5,2,7,True,0,0,750219,V750,43,1629415
4190139352,SIN_COLUMNA,NORMAL,NORMAL,Regiones,09,True,15-05-2026 0:00:00,15-05-2026 14:28:24,20-05-2026 14:30:51,20-05-2026 14:30:51,20-05-2026 15:02:00,,20-05-2026 15:02:00,3,4,5,2,7,True,0,0,751008,V750,43,2037864
1166549,SIN_COLUMNA,NORMAL,NORMAL,Regiones,01,True,15-05-2026 0:00:00,15-05-2026 11:50:42,18-05-2026 12:54:23,18-05-2026 12:54:23,18-05-2026 16:35:00,,18-05-2026 16:35:00,1,4,5,2,7,True,0,0,100060,V861,43,4378422
1166541,SIN_COLUMNA,NORMAL,NORMAL,Regiones,01,True,14-05-2026 0:00:00,14-05-2026 22:29:28,20-05-2026 11:26:45,20-05-2026 11:26:45,20-05-2026 11:45:00,,20-05-2026 11:45:00,4,4,5,2,7,True,0,0,100066,V861,43,477891
4190139343,SIN_COLUMNA,NORMAL,NORMAL,Regiones,09,True,14-05-2026 0:00:00,14-05-2026 20:39:05,18-05-2026 0:00:00,18-05-2026 0:00:00,18-05-2026 10:09:00,,18-05-2026 10:09:00,2,4,5,2,7,True,0,0,802023,V750,43,2537231
4190139342,SIN_COLUMNA,NORMAL,NORMAL,Regiones,09,True,14-05-2026 0:00:00,14-05-2026 20:34:52,15-05-2026 0:00:00,15-05-2026 0:00:00,15-05-2026 12:50:00,,15-05-2026 12:50:00,1,4,5,2,7,True,0,0,750060,V750,43,304932
4190139338,SIN_COLUMNA,NORMAL,NORMAL,Regiones,05,True,14-05-2026 0:00:00,14-05-2026 15:07:54,20-05-2026 14:30:16,20-05-2026 14:30:16,20-05-2026 15:00:00,,20-05-2026 15:00:00,4,4,5,2,7,True,0,0,340002,V400,43,973139
4190139332,SIN_COLUMNA,NORMAL,NORMAL,Regiones,02,True,14-05-2026 0:00:00,14-05-2026 11:00:16,15-05-2026 0:00:00,15-05-2026 0:00:00,15-05-2026 12:43:00,,15-05-2026 12:43:00,1,4,5,2,7,True,0,0,130128,V817,43,1248675
4190139325,SIN_COLUMNA,NORMAL,NORMAL,Regiones,02,True,13-05-2026 0:00:00,13-05-2026 12:30:07,15-05-2026 11:09:31,15-05-2026 11:09:31,15-05-2026 11:46:00,,15-05-2026 11:46:00,2,4,5,2,7,True,0,0,130145,V817,43,444858
4190139322,SIN_COLUMNA,NORMAL,NORMAL,Regiones,02,True,13-05-2026 0:00:00,13-05-2026 11:41:25,15-05-2026 0:00:00,15-05-2026 0:00:00,15-05-2026 11:39:00,,15-05-2026 11:39:00,2,4,5,2,7,True,0,0,130145,V817,43,399148
4190139329,SIN_COLUMNA,NORMAL,NORMAL,Regiones,10,True,13-05-2026 0:00:00,13-05-2026 0:00:00,15-05-2026 0:00:00,15-05-2026 0:00:00,15-05-2026 12:44:00,,15-05-2026 12:44:00,2,4,5,2,7,True,0,0,895017,V800,43,696554
4190139315,SIN_COLUMNA,NORMAL,NORMAL,Regiones,10,True,12-05-2026 0:00:00,12-05-2026 22:48:19,15-05-2026 0:00:00,15-05-2026 0:00:00,15-05-2026 12:47:00,,15-05-2026 12:47:00,3,4,5,2,7,True,0,0,793003,V800,43,305290
4190139308,SIN_COLUMNA,NORMAL,NORMAL,Regiones,05,True,12-05-2026 0:00:00,12-05-2026 14:38:39,14-05-2026 12:44:49,14-05-2026 12:44:49,14-05-2026 14:24:00,,14-05-2026 14:24:00,2,4,5,2,7,True,0,0,345382,V400,43,1633640
4190139306,SIN_COLUMNA,NORMAL,NORMAL,Regiones,08,True,12-05-2026 0:00:00,12-05-2026 13:45:12,14-05-2026 0:00:00,14-05-2026 0:00:00,14-05-2026 11:50:00,,14-05-2026 11:50:00,2,4,5,2,7,True,0,0,650030,V580,43,1614103
4190139305,SIN_COLUMNA,NORMAL,NORMAL,Regiones,09,True,12-05-2026 0:00:00,12-05-2026 11:51:57,14-05-2026 11:42:17,14-05-2026 11:42:17,14-05-2026 12:42:00,,14-05-2026 12:42:00,2,4,5,2,7,True,0,0,765001,V750,43,505650
4190139304,SIN_COLUMNA,NORMAL,NORMAL,Regiones,09,True,11-05-2026 0:00:00,11-05-2026 21:56:28,14-05-2026 0:00:00,14-05-2026 0:00:00,14-05-2026 12:49:00,,14-05-2026 12:49:00,3,4,5,2,7,True,0,0,720018,V108,43,337025
4190139298,SIN_COLUMNA,NORMAL,NORMAL,Regiones,04,True,11-05-2026 0:00:00,11-05-2026 13:26:08,13-05-2026 12:36:52,13-05-2026 12:36:52,13-05-2026 12:55:00,,13-05-2026 12:55:00,2,4,5,2,7,True,0,0,265016,V835,43,109485
4190139292,SIN_COLUMNA,NORMAL,NORMAL,Regiones,08,True,11-05-2026 0:00:00,11-05-2026 11:16:54,14-05-2026 10:58:14,14-05-2026 10:58:14,14-05-2026 15:11:00,,14-05-2026 15:11:00,3,4,5,2,7,True,0,0,700142,V108,43,270834
4190139291,SIN_COLUMNA,NORMAL,NORMAL,Regiones,06,True,11-05-2026 0:00:00,11-05-2026 10:49:43,15-05-2026 0:00:00,15-05-2026 0:00:00,15-05-2026 11:44:00,,15-05-2026 11:44:00,4,4,5,2,7,True,0,0,500334,V650,43,115036
4190139283,SIN_COLUMNA,NORMAL,NORMAL,Regiones,08,True,08-05-2026 0:00:00,08-05-2026 21:28:57,14-05-2026 0:00:00,14-05-2026 0:00:00,14-05-2026 15:27:00,,14-05-2026 15:27:00,4,4,5,2,7,True,0,0,600140,V108,43,1820240
4190139282,SIN_COLUMNA,NORMAL,NORMAL,Regiones,11,True,08-05-2026 0:00:00,08-05-2026 20:49:43,14-05-2026 0:00:00,14-05-2026 0:00:00,14-05-2026 15:29:00,,14-05-2026 15:29:00,4,4,5,2,7,True,0,0,940015,V800,43,600521
4190139279,SIN_COLUMNA,NORMAL,NORMAL,Regiones,07,True,08-05-2026 0:00:00,08-05-2026 18:52:01,14-05-2026 15:00:54,14-05-2026 15:00:54,14-05-2026 15:30:00,,14-05-2026 15:30:00,4,4,5,2,7,True,0,0,555018,V550,43,1018495
4190139278,SIN_COLUMNA,NORMAL,NORMAL,Regiones,07,True,08-05-2026 0:00:00,08-05-2026 18:34:50,14-05-2026 11:57:04,14-05-2026 11:57:04,14-05-2026 12:44:00,,14-05-2026 12:44:00,4,4,5,2,7,True,0,0,590042,V550,43,699702
4190139277,SIN_COLUMNA,NORMAL,NORMAL,Regiones,07,True,08-05-2026 0:00:00,08-05-2026 18:28:37,13-05-2026 12:37:22,13-05-2026 12:37:22,13-05-2026 12:57:00,,13-05-2026 12:57:00,3,4,5,2,7,True,0,0,571001,V550,43,1358138
4190139275,SIN_COLUMNA,NORMAL,NORMAL,Regiones,05,True,08-05-2026 0:00:00,08-05-2026 18:04:57,14-05-2026 11:28:33,14-05-2026 11:28:33,14-05-2026 12:34:00,,14-05-2026 12:34:00,4,4,5,2,7,True,0,0,480110,V400,43,1087832
4190139271,SIN_COLUMNA,NORMAL,NORMAL,Regiones,10,True,08-05-2026 0:00:00,08-05-2026 16:54:56,14-05-2026 14:58:52,14-05-2026 14:58:52,14-05-2026 15:34:00,,14-05-2026 15:34:00,4,4,5,2,7,True,0,0,900232,V800,43,383582
4190139270,SIN_COLUMNA,NORMAL,NORMAL,Regiones,12,True,08-05-2026 0:00:00,08-05-2026 16:53:31,14-05-2026 15:13:07,14-05-2026 15:13:07,14-05-2026 15:33:00,,14-05-2026 15:33:00,4,4,5,2,7,True,0,0,953001,V800,43,3202238
4190139264,SIN_COLUMNA,NORMAL,NORMAL,Regiones,05,True,08-05-2026 0:00:00,08-05-2026 13:18:00,15-05-2026 12:10:56,15-05-2026 12:10:56,15-05-2026 12:45:00,,15-05-2026 12:45:00,5,4,5,2,7,True,0,0,350147,V835,43,115150
4190139263,SIN_COLUMNA,NORMAL,NORMAL,Regiones,01,True,08-05-2026 0:00:00,08-05-2026 12:53:49,14-05-2026 12:28:47,14-05-2026 12:28:47,14-05-2026 14:21:00,,14-05-2026 14:21:00,4,4,5,2,7,True,0,0,110044,V861,43,401782
4190139262,SIN_COLUMNA,NORMAL,NORMAL,Regiones,04,True,08-05-2026 0:00:00,08-05-2026 12:19:34,12-05-2026 11:49:37,12-05-2026 11:49:37,12-05-2026 12:16:00,,12-05-2026 12:16:00,2,4,5,2,7,True,0,0,265016,V835,43,489547
4190139261,SIN_COLUMNA,NORMAL,NORMAL,Regiones,08,True,08-05-2026 0:00:00,08-05-2026 12:16:13,14-05-2026 14:58:10,14-05-2026 14:58:10,14-05-2026 15:31:00,,14-05-2026 15:31:00,4,4,5,2,7,True,0,0,630084,V580,43,985708
4190139260,SIN_COLUMNA,NORMAL,NORMAL,Regiones,05,True,08-05-2026 0:00:00,08-05-2026 12:08:58,12-05-2026 14:46:46,12-05-2026 14:46:46,12-05-2026 15:09:00,,12-05-2026 15:09:00,2,4,5,2,7,True,0,0,350150,V835,43,203090
4190139259,SIN_COLUMNA,NORMAL,NORMAL,Regiones,09,True,08-05-2026 0:00:00,08-05-2026 10:56:43,12-05-2026 0:00:00,12-05-2026 0:00:00,12-05-2026 11:27:00,,12-05-2026 11:27:00,2,4,5,2,7,True,0,0,750272,V750,43,478348
4190139257,SIN_COLUMNA,NORMAL,NORMAL,Regiones,08,True,07-05-2026 0:00:00,07-05-2026 23:55:24,14-05-2026 11:57:20,14-05-2026 11:57:20,14-05-2026 12:45:00,,14-05-2026 12:45:00,5,4,5,2,7,True,0,0,700077,V108,43,333108
4190139253,SIN_COLUMNA,NORMAL,NORMAL,Regiones,01,True,07-05-2026 0:00:00,07-05-2026 21:54:57,12-05-2026 14:46:43,12-05-2026 14:46:43,12-05-2026 15:11:00,,12-05-2026 15:11:00,3,4,5,2,7,True,0,0,110044,V861,43,458294
4190139252,SIN_COLUMNA,NORMAL,NORMAL,Regiones,11,True,07-05-2026 0:00:00,07-05-2026 21:41:43,12-05-2026 0:00:00,12-05-2026 0:00:00,12-05-2026 11:26:00,,12-05-2026 11:26:00,3,4,5,2,7,True,0,0,930018,V800,43,256879
4190139251,SIN_COLUMNA,NORMAL,NORMAL,Regiones,06,True,07-05-2026 0:00:00,07-05-2026 21:33:27,11-05-2026 17:29:08,11-05-2026 17:29:08,11-05-2026 17:29:08,,11-05-2026 17:29:08,2,4,5,2,7,True,0,0,530075,V650,43,407500
4190139249,SIN_COLUMNA,NORMAL,NORMAL,Regiones,10,True,07-05-2026 0:00:00,07-05-2026 20:56:42,12-05-2026 10:53:31,12-05-2026 10:53:31,12-05-2026 11:24:00,,12-05-2026 11:24:00,3,4,5,2,7,True,0,0,850015,V800,43,490112
4190139247,SIN_COLUMNA,NORMAL,NORMAL,Regiones,09,True,07-05-2026 0:00:00,07-05-2026 17:42:15,12-05-2026 14:46:35,12-05-2026 14:46:35,12-05-2026 15:10:00,,12-05-2026 15:10:00,3,4,5,2,7,True,0,0,730050,V750,43,998496
4190139244,SIN_COLUMNA,NORMAL,NORMAL,Regiones,05,True,07-05-2026 0:00:00,07-05-2026 16:36:32,14-05-2026 12:29:08,14-05-2026 12:29:08,14-05-2026 13:15:00,,14-05-2026 13:15:00,5,4,5,2,7,True,0,0,352003,V835,43,29540
4190139243,SIN_COLUMNA,NORMAL,NORMAL,Regiones,05,True,07-05-2026 0:00:00,07-05-2026 15:56:20,14-05-2026 11:43:33,14-05-2026 11:43:33,14-05-2026 12:40:00,,14-05-2026 12:40:00,5,4,5,2,7,True,0,0,345382,V400,43,446688
4190139242,SIN_COLUMNA,NORMAL,NORMAL,Regiones,07,True,07-05-2026 0:00:00,07-05-2026 15:13:00,11-05-2026 0:00:00,11-05-2026 0:00:00,11-05-2026 16:15:00,,11-05-2026 16:15:00,2,4,5,2,7,True,0,0,550021,V550,43,1428668
4190139241,SIN_COLUMNA,NORMAL,NORMAL,Regiones,05,True,07-05-2026 0:00:00,07-05-2026 15:01:46,12-05-2026 11:49:20,12-05-2026 11:49:20,12-05-2026 12:17:00,,12-05-2026 12:17:00,3,4,5,2,7,True,0,0,350045,V400,43,1431511
4190139238,SIN_COLUMNA,NORMAL,NORMAL,Regiones,09,True,07-05-2026 0:00:00,07-05-2026 13:20:07,11-05-2026 13:57:24,11-05-2026 13:57:24,11-05-2026 16:10:00,,11-05-2026 16:10:00,2,4,5,2,7,True,0,0,766000,V750,43,803416
4190139237,SIN_COLUMNA,NORMAL,NORMAL,Regiones,05,True,07-05-2026 0:00:00,07-05-2026 13:02:48,12-05-2026 14:33:59,12-05-2026 14:33:59,12-05-2026 14:55:00,,12-05-2026 14:55:00,3,4,5,2,7,True,0,0,350045,V400,43,2599242
4190139229,SIN_COLUMNA,NORMAL,NORMAL,Regiones,07,True,07-05-2026 0:00:00,07-05-2026 10:16:02,14-05-2026 11:42:09,14-05-2026 11:42:09,14-05-2026 12:43:00,,14-05-2026 12:43:00,5,4,5,2,7,True,0,0,571001,V550,43,387773
4190139228,SIN_COLUMNA,NORMAL,NORMAL,Regiones,10,True,07-05-2026 0:00:00,07-05-2026 10:11:49,12-05-2026 0:00:00,12-05-2026 0:00:00,12-05-2026 11:27:00,,12-05-2026 11:27:00,3,4,5,2,7,True,0,0,870014,V800,43,129482
4190139227,SIN_COLUMNA,NORMAL,NORMAL,Regiones,09,True,06-05-2026 0:00:00,06-05-2026 22:28:27,12-05-2026 10:52:59,12-05-2026 10:52:59,12-05-2026 11:23:00,,12-05-2026 11:23:00,4,4,5,2,7,True,0,0,770025,V750,43,718295
4190139225,SIN_COLUMNA,NORMAL,NORMAL,Regiones,10,True,06-05-2026 0:00:00,06-05-2026 21:55:56,08-05-2026 11:38:56,08-05-2026 11:38:56,08-05-2026 11:51:00,,08-05-2026 11:51:00,2,4,5,2,7,True,0,0,888005,V800,43,659206
4190139224,SIN_COLUMNA,NORMAL,NORMAL,Regiones,05,True,06-05-2026 0:00:00,06-05-2026 17:57:40,11-05-2026 13:47:17,11-05-2026 13:47:17,11-05-2026 16:12:00,,11-05-2026 16:12:00,3,4,5,2,7,True,0,0,310068,V835,43,742436
4190139221,SIN_COLUMNA,NORMAL,NORMAL,Regiones,08,True,06-05-2026 0:00:00,06-05-2026 17:31:57,13-05-2026 13:51:41,13-05-2026 13:51:41,13-05-2026 16:43:00,,13-05-2026 16:43:00,5,4,5,2,7,True,0,0,680017,V108,43,437011
4190139216,SIN_COLUMNA,NORMAL,NORMAL,Regiones,02,True,06-05-2026 0:00:00,06-05-2026 15:50:33,12-05-2026 0:00:00,12-05-2026 0:00:00,12-05-2026 10:53:00,,12-05-2026 10:53:00,4,4,5,2,7,True,0,0,150282,V817,43,407497
4190139213,SIN_COLUMNA,NORMAL,NORMAL,Regiones,05,True,06-05-2026 0:00:00,06-05-2026 13:39:54,12-05-2026 9:24:38,12-05-2026 9:24:38,12-05-2026 10:56:00,,12-05-2026 10:56:00,4,4,5,2,7,True,0,0,310062,V835,43,355103
4190139212,SIN_COLUMNA,NORMAL,NORMAL,Regiones,07,True,06-05-2026 0:00:00,06-05-2026 12:58:41,11-05-2026 12:52:17,11-05-2026 12:52:17,11-05-2026 16:08:00,,11-05-2026 16:08:00,3,4,5,2,7,True,0,0,540041,V550,43,479534
4190139211,SIN_COLUMNA,NORMAL,NORMAL,Regiones,05,True,06-05-2026 0:00:00,06-05-2026 12:58:26,11-05-2026 12:48:28,11-05-2026 12:48:28,11-05-2026 13:01:00,,11-05-2026 13:01:00,3,4,5,2,7,True,0,0,325004,V835,43,1002033
4190139209,SIN_COLUMNA,NORMAL,NORMAL,Regiones,05,True,06-05-2026 0:00:00,06-05-2026 12:18:01,12-05-2026 13:44:16,12-05-2026 13:44:16,12-05-2026 16:13:00,,12-05-2026 16:13:00,4,4,5,2,7,True,0,0,311001,V835,43,197983
4190139208,SIN_COLUMNA,NORMAL,NORMAL,Santiago,13,True,06-05-2026 0:00:00,06-05-2026 10:08:44,12-05-2026 9:20:20,12-05-2026 9:20:20,12-05-2026 10:55:00,,12-05-2026 10:55:00,4,3,4,1,5,True,0,0,462050,V650,43,898929
4190139188,SIN_COLUMNA,NORMAL,NORMAL,Regiones,02,True,05-05-2026 0:00:00,05-05-2026 15:42:46,11-05-2026 12:29:32,11-05-2026 12:29:32,11-05-2026 16:07:00,,11-05-2026 16:07:00,4,4,5,2,7,True,0,0,150186,V817,43,924710
4190139187,SIN_COLUMNA,NORMAL,NORMAL,Regiones,09,True,05-05-2026 0:00:00,05-05-2026 15:22:33,12-05-2026 12:17:28,12-05-2026 12:17:28,12-05-2026 16:17:00,,12-05-2026 16:17:00,5,4,5,2,7,True,0,0,750186,V750,43,520806
4190139182,SIN_COLUMNA,NORMAL,NORMAL,Regiones,05,True,05-05-2026 0:00:00,05-05-2026 12:54:21,12-05-2026 10:32:40,12-05-2026 10:32:40,12-05-2026 11:22:00,,12-05-2026 11:22:00,5,4,5,2,7,True,0,0,325008,V835,43,428752
4190139181,SIN_COLUMNA,NORMAL,NORMAL,Regiones,07,True,05-05-2026 0:00:00,05-05-2026 11:40:04,12-05-2026 14:27:56,12-05-2026 14:27:56,12-05-2026 14:53:00,,12-05-2026 14:53:00,5,4,5,2,7,True,0,0,550233,V550,43,306468
1166389,SIN_COLUMNA,NORMAL,NORMAL,Santiago,13,True,05-05-2026 0:00:00,05-05-2026 10:12:36,05-05-2026 12:48:55,05-05-2026 12:48:55,05-05-2026 14:43:00,,05-05-2026 14:43:00,0,3,4,1,5,True,0,0,495063,V650,43,350778
4190139190,SIN_COLUMNA,NORMAL,NORMAL,Regiones,06,True,05-05-2026 0:00:00,05-05-2026 0:00:00,12-05-2026 9:52:06,12-05-2026 9:52:06,12-05-2026 10:59:00,,12-05-2026 10:59:00,5,4,5,2,7,True,0,0,515025,V650,43,133434
4190139186,SIN_COLUMNA,NORMAL,NORMAL,Regiones,02,True,05-05-2026 0:00:00,05-05-2026 0:00:00,12-05-2026 14:27:25,12-05-2026 14:27:25,12-05-2026 14:48:00,,12-05-2026 14:48:00,5,4,5,2,7,True,0,0,150315,V817,43,76353
4190139196,SIN_COLUMNA,NORMAL,NORMAL,Regiones,01,True,05-05-2026 0:00:00,05-05-2026 0:00:00,12-05-2026 9:51:41,12-05-2026 9:51:41,12-05-2026 11:02:00,,12-05-2026 11:02:00,5,4,5,2,7,True,0,0,110044,V861,43,743758
4190140031,SIN_COLUMNA,NORMAL,NORMAL,Santiago,13,True,14-07-2026 0:00:00,14-07-2026 21:15:49,,,24-09-2020 22:47:00,,24-09-2020 22:47:00,,3,4,1,5,,,,456023,V650,43,1067672
4190140030,SIN_COLUMNA,NORMAL,NORMAL,Santiago,13,True,14-07-2026 0:00:00,14-07-2026 20:45:36,,,24-09-2020 22:47:00,,24-09-2020 22:47:00,,3,4,1,5,,,,430743,V650,43,405912
4190140029,SIN_COLUMNA,NORMAL,NORMAL,Santiago,13,True,14-07-2026 0:00:00,14-07-2026 18:59:21,,,24-09-2020 22:47:00,,24-09-2020 22:47:00,,3,4,1,5,,,,455157,V650,43,343168
4190140028,SIN_COLUMNA,NORMAL,NORMAL,Regiones,07,True,14-07-2026 0:00:00,14-07-2026 18:53:10,,,24-09-2020 22:47:00,,24-09-2020 22:47:00,,4,5,2,7,,,,555012,V550,43,323690
1168140,SIN_COLUMNA,NORMAL,NORMAL,Regiones,07,True,14-07-2026 0:00:00,14-07-2026 18:27:23,,,24-09-2020 22:47:00,,24-09-2020 22:47:00,,4,5,2,7,,,,550145,V610,45,5661237
1168139,SIN_COLUMNA,NORMAL,NORMAL,Santiago,13,True,14-07-2026 0:00:00,14-07-2026 18:21:20,,,24-09-2020 22:47:00,,24-09-2020 22:47:00,,3,4,1,5,,,,411402,V612,46,395640
1168138,SIN_COLUMNA,NORMAL,NORMAL,Santiago,13,True,14-07-2026 0:00:00,14-07-2026 18:07:44,,,24-09-2020 22:47:00,,24-09-2020 22:47:00,,3,4,1,5,,,,400566,V615,43,189142
1168137,SIN_COLUMNA,NORMAL,NORMAL,Regiones,08,True,14-07-2026 0:00:00,14-07-2026 17:37:40,,,24-09-2020 22:47:00,,24-09-2020 22:47:00,,4,5,2,7,,,,650464,V612,46,490520
1168136,SIN_COLUMNA,NORMAL,NORMAL,Santiago,13,True,14-07-2026 0:00:00,14-07-2026 16:55:14,,,24-09-2020 22:47:00,,24-09-2020 22:47:00,,3,4,1,5,,,,400560,V612,46,975810
1168131,SIN_COLUMNA,NORMAL,NORMAL,Regiones,06,True,14-07-2026 0:00:00,14-07-2026 14:19:08,,,24-09-2020 22:47:00,,24-09-2020 22:47:00,,4,5,2,7,,,,538024,V550,43,488260
1168124,SIN_COLUMNA,NORMAL,NORMAL,Regiones,07,True,14-07-2026 0:00:00,14-07-2026 9:48:26,,,24-09-2020 22:47:00,,24-09-2020 22:47:00,,4,5,2,7,,,,550245,V550,43,1187982
1168141,SIN_COLUMNA,NORMAL,NORMAL,Santiago,13,True,14-07-2026 0:00:00,14-07-2026 0:00:00,,,24-09-2020 22:47:00,,24-09-2020 22:47:00,,3,4,1,5,,,,981505,V612,46,121603
4190140025,SIN_COLUMNA,NORMAL,NORMAL,Regiones,07,True,14-07-2026 0:00:00,14-07-2026 0:00:00,,,24-09-2020 22:47:00,,24-09-2020 22:47:00,,4,5,2,7,,,,555017,V550,43,1577883
4190140022,SIN_COLUMNA,NORMAL,NORMAL,Regiones,01,True,13-07-2026 0:00:00,13-07-2026 23:27:28,,,24-09-2020 22:47:00,,24-09-2020 22:47:00,,4,5,2,7,,,,110044,V861,43,2345739
4190140018,SIN_COLUMNA,NORMAL,NORMAL,Regiones,03,True,13-07-2026 0:00:00,13-07-2026 18:41:31,,,24-09-2020 22:47:00,,24-09-2020 22:47:00,,4,5,2,7,,,,190064,V834,43,333782
1168115,SIN_COLUMNA,NORMAL,NORMAL,Regiones,09,True,13-07-2026 0:00:00,13-07-2026 12:48:04,,,24-09-2020 22:47:00,,24-09-2020 22:47:00,,4,5,2,7,,,,802023,V750,43,123601
1168105,SIN_COLUMNA,NORMAL,NORMAL,Santiago,13,True,13-07-2026 0:00:00,13-07-2026 10:03:45,,,24-09-2020 22:47:00,,24-09-2020 22:47:00,,3,4,1,5,,,,981528,V612,46,179577
1168104,SIN_COLUMNA,NORMAL,NORMAL,Santiago,13,True,13-07-2026 0:00:00,13-07-2026 10:02:47,,,24-09-2020 22:47:00,,24-09-2020 22:47:00,,3,4,1,5,,,,981528,V612,46,179577
4190140015,SIN_COLUMNA,NORMAL,NORMAL,Santiago,13,True,13-07-2026 0:00:00,13-07-2026 8:55:10,,,24-09-2020 22:47:00,,24-09-2020 22:47:00,,3,4,1,5,,,,455018,V610,43,554694
4190140013,SIN_COLUMNA,NORMAL,NORMAL,Regiones,04,True,11-07-2026 0:00:00,11-07-2026 15:23:46,,,24-09-2020 22:47:00,,24-09-2020 22:47:00,,4,5,2,7,,,,200186,V834,43,1454689
4190140012,SIN_COLUMNA,NORMAL,NORMAL,Regiones,03,True,11-07-2026 0:00:00,11-07-2026 14:32:38,,,24-09-2020 22:47:00,,24-09-2020 22:47:00,,4,5,2,7,,,,190025,V834,43,2198992
1168088,SIN_COLUMNA,NORMAL,NORMAL,Santiago,13,True,09-07-2026 0:00:00,09-07-2026 16:29:44,,,24-09-2020 22:47:00,,24-09-2020 22:47:00,,3,4,1,5,,,,411402,V612,46,402000
4190140004,SIN_COLUMNA,NORMAL,NORMAL,Regiones,08,True,09-07-2026 0:00:00,09-07-2026 13:25:16,,,24-09-2020 22:47:00,,24-09-2020 22:47:00,,4,5,2,7,,,,650481,V580,43,98486
4190140003,SIN_COLUMNA,NORMAL,NORMAL,Regiones,08,True,09-07-2026 0:00:00,09-07-2026 13:19:50,,,24-09-2020 22:47:00,,24-09-2020 22:47:00,,4,5,2,7,,,,650481,V580,43,1468648
4190139996,SIN_COLUMNA,NORMAL,NORMAL,Regiones,01,True,08-07-2026 0:00:00,08-07-2026 18:53:04,,,24-09-2020 22:47:00,,24-09-2020 22:47:00,,4,5,2,7,,,,100013,V861,43,3033004
4190139990,SIN_COLUMNA,NORMAL,NORMAL,Regiones,08,True,08-07-2026 0:00:00,08-07-2026 13:59:40,,,24-09-2020 22:47:00,,24-09-2020 22:47:00,,4,5,2,7,,,,650406,V580,43,1195320
4190139979,SIN_COLUMNA,NORMAL,NORMAL,Regiones,05,True,07-07-2026 0:00:00,07-07-2026 12:35:53,,,24-09-2020 22:47:00,,24-09-2020 22:47:00,,4,5,2,7,,,,480041,V400,43,999446
1168066,SIN_COLUMNA,NORMAL,NORMAL,Regiones,05,True,07-07-2026 0:00:00,07-07-2026 0:00:00,,,24-09-2020 22:47:00,,24-09-2020 22:47:00,,4,5,2,7,,,,480041,V400,43,1013983
1168045,SIN_COLUMNA,NORMAL,NORMAL,Santiago,13,True,06-07-2026 0:00:00,06-07-2026 19:21:07,08-07-2026 16:37:43,08-07-2026 16:37:43,13-07-2026 9:56:00,,13-07-2026 9:56:00,5,3,4,1,5,False,1,3,371038,V612,46,45408
4190139971,SIN_COLUMNA,NORMAL,NORMAL,Santiago,13,True,06-07-2026 0:00:00,06-07-2026 19:05:37,10-07-2026 13:37:58,10-07-2026 13:37:58,13-07-2026 13:16:00,,13-07-2026 13:16:00,5,3,4,1,5,False,1,1,410455,V650,45,785882
4190139969,SIN_COLUMNA,NORMAL,NORMAL,Santiago,13,True,06-07-2026 0:00:00,06-07-2026 15:31:14,10-07-2026 11:51:49,10-07-2026 11:51:49,13-07-2026 13:18:00,,13-07-2026 13:18:00,5,3,4,1,5,False,1,1,430743,V650,43,388652
1168025,SIN_COLUMNA,NORMAL,NORMAL,Regiones,10,True,06-07-2026 0:00:00,06-07-2026 9:00:34,,,24-09-2020 22:47:00,,24-09-2020 22:47:00,,4,5,2,7,,,,900005,V612,46,374355
1168037,SIN_COLUMNA,NORMAL,NORMAL,Santiago,13,True,06-07-2026 0:00:00,06-07-2026 0:00:00,,,24-09-2020 22:47:00,,24-09-2020 22:47:00,,3,4,1,5,,,,360019,V615,43,56070
1168021,SIN_COLUMNA,NORMAL,NORMAL,Santiago,13,True,03-07-2026 0:00:00,03-07-2026 17:41:06,08-07-2026 17:42:57,08-07-2026 17:42:57,14-07-2026 12:44:00,,14-07-2026 12:44:00,7,3,4,1,5,False,3,4,400560,V612,46,931416
4190139958,SIN_COLUMNA,NORMAL,NORMAL,Santiago,13,True,03-07-2026 0:00:00,03-07-2026 14:54:30,13-07-2026 0:00:00,13-07-2026 0:00:00,13-07-2026 13:23:00,,13-07-2026 13:23:00,6,3,4,1,5,False,2,0,460137,V650,43,218097
4190139957,SIN_COLUMNA,NORMAL,NORMAL,Santiago,13,True,03-07-2026 0:00:00,03-07-2026 14:50:15,10-07-2026 12:29:44,10-07-2026 12:29:44,13-07-2026 13:22:00,,13-07-2026 13:22:00,6,3,4,1,5,False,2,1,460137,V650,43,496903
1168018,SIN_COLUMNA,NORMAL,NORMAL,Santiago,13,True,03-07-2026 0:00:00,03-07-2026 11:01:37,07-07-2026 15:25:04,07-07-2026 15:25:04,10-07-2026 7:19:00,,10-07-2026 7:19:00,5,3,4,1,5,False,1,3,410159,V585,45,2715888
4190139950,SIN_COLUMNA,NORMAL,NORMAL,Santiago,13,True,02-07-2026 0:00:00,02-07-2026 17:06:59,,,24-09-2020 22:47:00,,24-09-2020 22:47:00,,3,4,1,5,,,,411459,V650,43,28342
1168010,SIN_COLUMNA,NORMAL,NORMAL,Regiones,06,True,02-07-2026 0:00:00,02-07-2026 13:34:47,,,24-09-2020 22:47:00,,24-09-2020 22:47:00,,4,5,2,7,,,,500145,V612,42,61501
4190139952,SIN_COLUMNA,NORMAL,NORMAL,Regiones,08,True,02-07-2026 0:00:00,02-07-2026 0:00:00,10-07-2026 12:06:37,10-07-2026 12:06:37,13-07-2026 7:45:00,,13-07-2026 7:45:00,7,4,5,2,7,False,2,1,650381,V580,45,458486
4190139942,SIN_COLUMNA,NORMAL,NORMAL,Santiago,13,True,01-07-2026 0:00:00,01-07-2026 11:43:40,14-07-2026 14:30:31,14-07-2026 14:30:31,14-07-2026 14:30:31,,14-07-2026 14:30:31,9,3,4,1,5,False,5,0,440425,V610,45,857084
4190139916,SIN_COLUMNA,NORMAL,NORMAL,Regiones,08,True,30-06-2026 0:00:00,30-06-2026 15:01:59,,,24-09-2020 22:47:00,,24-09-2020 22:47:00,,4,5,2,7,,,,650338,V580,45,1140910
4190139914,SIN_COLUMNA,NORMAL,NORMAL,Regiones,08,True,30-06-2026 0:00:00,30-06-2026 14:49:36,,,24-09-2020 22:47:00,,24-09-2020 22:47:00,,4,5,2,7,,,,650338,V580,45,1140910
4190139912,SIN_COLUMNA,NORMAL,NORMAL,Regiones,08,True,30-06-2026 0:00:00,30-06-2026 14:32:25,,,24-09-2020 22:47:00,,24-09-2020 22:47:00,,4,5,2,7,,,,650338,V580,45,1140910
4190139910,SIN_COLUMNA,NORMAL,NORMAL,Regiones,08,True,30-06-2026 0:00:00,30-06-2026 14:23:14,,,24-09-2020 22:47:00,,24-09-2020 22:47:00,,4,5,2,7,,,,650338,V580,45,2281822
4190139919,SIN_COLUMNA,NORMAL,NORMAL,Regiones,08,True,30-06-2026 0:00:00,30-06-2026 0:00:00,,,24-09-2020 22:47:00,,24-09-2020 22:47:00,,4,5,2,7,,,,650029,V580,43,924188
4190139862,SIN_COLUMNA,NORMAL,NORMAL,Regiones,05,True,25-06-2026 0:00:00,25-06-2026 11:58:22,13-07-2026 8:30:00,13-07-2026 8:30:00,13-07-2026 10:08:00,,13-07-2026 10:08:00,11,4,5,2,7,False,6,0,345064,V400,43,635710
1167347,SIN_COLUMNA,NORMAL,NORMAL,Santiago,13,True,24-06-2026 0:00:00,24-06-2026 18:08:37,09-07-2026 13:45:12,09-07-2026 13:45:12,09-07-2026 14:11:00,,09-07-2026 14:11:00,10,3,4,1,5,False,6,0,420428,V615,43,130639
1167341,SIN_COLUMNA,NORMAL,NORMAL,Santiago,13,True,24-06-2026 0:00:00,24-06-2026 12:40:40,30-06-2026 14:21:29,30-06-2026 14:21:29,06-07-2026 10:45:00,,06-07-2026 10:45:00,7,3,4,1,5,False,3,4,400560,V612,46,437034
4190139849,SIN_COLUMNA,NORMAL,NORMAL,Regiones,10,True,24-06-2026 0:00:00,24-06-2026 9:09:53,,,24-09-2020 22:47:00,,24-09-2020 22:47:00,,4,5,2,7,,,,810035,V800,43,1607638
1167313,SIN_COLUMNA,NORMAL,NORMAL,Regiones,06,True,23-06-2026 0:00:00,23-06-2026 15:37:57,,,24-09-2020 22:47:00,,24-09-2020 22:47:00,,4,5,2,7,,,,500145,V612,42,55723
4190139815,SIN_COLUMNA,NORMAL,NORMAL,Santiago,13,True,22-06-2026 0:00:00,22-06-2026 21:45:59,,,24-09-2020 22:47:00,,24-09-2020 22:47:00,,3,4,1,5,,,,495039,V650,43,131059
4190139812,SIN_COLUMNA,NORMAL,NORMAL,Santiago,13,True,22-06-2026 0:00:00,22-06-2026 21:02:47,10-07-2026 7:57:43,10-07-2026 7:57:43,10-07-2026 9:10:00,,10-07-2026 9:10:00,13,3,4,1,5,False,9,0,430606,V650,43,206546
4190139802,SIN_COLUMNA,NORMAL,NORMAL,Santiago,13,True,22-06-2026 0:00:00,22-06-2026 18:23:50,,,24-09-2020 22:47:00,,24-09-2020 22:47:00,,3,4,1,5,,,,465043,V650,43,203311
4190139799,SIN_COLUMNA,NORMAL,NORMAL,Regiones,08,True,22-06-2026 0:00:00,22-06-2026 17:44:13,,,24-09-2020 22:47:00,,24-09-2020 22:47:00,,4,5,2,7,,,,650702,V580,43,1658138
1167283,SIN_COLUMNA,NORMAL,NORMAL,Santiago,13,True,22-06-2026 0:00:00,22-06-2026 14:56:14,,,24-09-2020 22:47:00,,24-09-2020 22:47:00,,3,4,1,5,,,,981617,V612,46,2063569
4190139759,SIN_COLUMNA,NORMAL,NORMAL,Regiones,10,True,18-06-2026 0:00:00,18-06-2026 16:31:24,25-06-2026 12:37:21,25-06-2026 12:37:21,26-06-2026 9:24:00,,26-06-2026 9:24:00,6,4,5,2,7,False,1,1,920044,V800,43,259877
4190139747,SIN_COLUMNA,NORMAL,NORMAL,Regiones,09,True,18-06-2026 0:00:00,18-06-2026 12:57:46,,,24-09-2020 22:47:00,,24-09-2020 22:47:00,,4,5,2,7,,,,750258,V750,43,407653
4190139742,SIN_COLUMNA,NORMAL,NORMAL,Regiones,08,True,17-06-2026 0:00:00,17-06-2026 19:09:48,,,24-09-2020 22:47:00,,24-09-2020 22:47:00,,4,5,2,7,,,,650481,V580,43,1327083
4190139740,SIN_COLUMNA,NORMAL,NORMAL,Regiones,10,True,17-06-2026 0:00:00,17-06-2026 18:05:36,,,24-09-2020 22:47:00,,24-09-2020 22:47:00,,4,5,2,7,,,,850015,V800,43,257239
1167222,SIN_COLUMNA,NORMAL,NORMAL,Regiones,06,True,17-06-2026 0:00:00,17-06-2026 9:45:58,25-06-2026 12:52:49,25-06-2026 12:52:49,26-06-2026 9:26:00,,26-06-2026 9:26:00,7,4,5,2,7,False,2,1,500159,V550,43,814617
4190139732,SIN_COLUMNA,NORMAL,NORMAL,Regiones,02,True,17-06-2026 0:00:00,17-06-2026 0:00:00,,,24-09-2020 22:47:00,,24-09-2020 22:47:00,,4,5,2,7,,,,140030,V817,43,538617
1167201,SIN_COLUMNA,NORMAL,NORMAL,Santiago,13,True,16-06-2026 0:00:00,16-06-2026 11:41:34,18-06-2026 11:56:30,18-06-2026 11:56:30,23-06-2026 14:48:00,,23-06-2026 14:48:00,5,3,4,1,5,False,1,3,410159,V585,45,11385808
1167198,SIN_COLUMNA,NORMAL,NORMAL,Santiago,13,True,16-06-2026 0:00:00,16-06-2026 10:31:48,16-06-2026 0:00:00,16-06-2026 0:00:00,06-07-2026 11:36:00,,06-07-2026 11:36:00,13,3,4,1,5,False,9,13,411484,V612,43,877672
4190139722,SIN_COLUMNA,NORMAL,NORMAL,Regiones,10,True,16-06-2026 0:00:00,16-06-2026 0:00:00,26-06-2026 12:45:40,26-06-2026 12:45:40,30-06-2026 14:34:00,,30-06-2026 14:34:00,9,4,5,2,7,False,4,1,900199,V800,45,1258106
4190139713,SIN_COLUMNA,NORMAL,NORMAL,Regiones,11,True,15-06-2026 0:00:00,15-06-2026 23:10:33,23-06-2026 14:04:35,23-06-2026 14:04:35,23-06-2026 14:29:00,,23-06-2026 14:29:00,6,4,5,2,7,False,1,0,940066,V800,43,804197
1167196,SIN_COLUMNA,NORMAL,NORMAL,Regiones,02,True,15-06-2026 0:00:00,15-06-2026 21:27:08,06-07-2026 9:31:46,06-07-2026 9:31:46,06-07-2026 9:31:46,,06-07-2026 9:31:46,14,4,5,2,7,False,9,0,150230,V585,45,2844
4190139708,SIN_COLUMNA,NORMAL,NORMAL,Regiones,02,True,15-06-2026 0:00:00,15-06-2026 17:54:55,25-06-2026 16:21:08,25-06-2026 16:21:08,26-06-2026 9:17:00,,26-06-2026 9:17:00,9,4,5,2,7,False,4,1,140014,V817,43,1068711
1167181,SIN_COLUMNA,NORMAL,NORMAL,Santiago,13,True,15-06-2026 0:00:00,15-06-2026 11:38:16,16-06-2026 11:50:43,16-06-2026 11:50:43,23-06-2026 14:48:00,,23-06-2026 14:48:00,6,3,4,1,5,False,2,5,410159,V585,45,1042200
1167180,SIN_COLUMNA,NORMAL,NORMAL,Santiago,13,True,15-06-2026 0:00:00,15-06-2026 11:34:48,16-06-2026 11:50:52,16-06-2026 11:50:52,23-06-2026 14:48:00,,23-06-2026 14:48:00,6,3,4,1,5,False,2,5,410159,V585,45,320240
4190139689,SIN_COLUMNA,NORMAL,NORMAL,Regiones,10,True,12-06-2026 0:00:00,12-06-2026 14:59:04,23-06-2026 10:57:03,23-06-2026 10:57:03,23-06-2026 11:28:00,,23-06-2026 11:28:00,7,4,5,2,7,False,2,0,850025,V800,43,179961
1167159,SIN_COLUMNA,NORMAL,NORMAL,Santiago,13,True,12-06-2026 0:00:00,12-06-2026 13:08:57,15-06-2026 9:38:15,15-06-2026 9:38:15,23-06-2026 8:48:00,,23-06-2026 8:48:00,7,3,4,1,5,False,3,6,981505,V612,46,178717
1167158,SIN_COLUMNA,NORMAL,NORMAL,Santiago,13,True,12-06-2026 0:00:00,12-06-2026 11:37:47,16-06-2026 14:16:35,16-06-2026 14:16:35,30-06-2026 14:33:00,,30-06-2026 14:33:00,11,3,4,1,5,False,7,9,430881,V612,46,180604
4190139691,SIN_COLUMNA,NORMAL,NORMAL,Regiones,10,True,12-06-2026 0:00:00,12-06-2026 0:00:00,23-06-2026 0:00:00,23-06-2026 0:00:00,23-06-2026 14:31:00,,23-06-2026 14:31:00,7,4,5,2,7,False,2,0,850025,V800,43,28554
1167150,SIN_COLUMNA,NORMAL,NORMAL,Santiago,13,True,11-06-2026 0:00:00,11-06-2026 20:00:41,22-06-2026 9:56:55,22-06-2026 9:56:55,22-06-2026 16:36:00,,22-06-2026 16:36:00,7,3,4,1,5,False,3,0,400454,V615,43,155232
4190139678,SIN_COLUMNA,NORMAL,NORMAL,Regiones,08,True,11-06-2026 0:00:00,11-06-2026 19:50:01,,,24-09-2020 22:47:00,,24-09-2020 22:47:00,,4,5,2,7,,,,650668,V580,43,499704
1167140,SIN_COLUMNA,NORMAL,NORMAL,Santiago,13,True,11-06-2026 0:00:00,11-06-2026 14:28:17,19-06-2026 11:15:19,19-06-2026 11:15:19,22-06-2026 16:24:00,,22-06-2026 16:24:00,7,3,4,1,5,False,3,1,420093,V615,43,215256
4190139665,SIN_COLUMNA,NORMAL,NORMAL,Santiago,13,True,11-06-2026 0:00:00,11-06-2026 11:13:15,24-06-2026 17:22:22,24-06-2026 17:22:22,25-06-2026 11:52:00,,25-06-2026 11:52:00,10,3,4,1,5,False,6,1,460213,V650,43,223365
4190139663,SIN_COLUMNA,NORMAL,NORMAL,Santiago,13,True,11-06-2026 0:00:00,11-06-2026 11:01:49,25-06-2026 16:20:57,25-06-2026 16:20:57,26-06-2026 9:24:00,,26-06-2026 9:24:00,11,3,4,1,5,False,7,1,460213,V650,43,296982
4190139662,SIN_COLUMNA,NORMAL,NORMAL,Santiago,13,True,11-06-2026 0:00:00,11-06-2026 10:43:38,24-06-2026 17:22:16,24-06-2026 17:22:16,25-06-2026 11:51:00,,25-06-2026 11:51:00,10,3,4,1,5,False,6,1,460213,V650,43,82208
4190139659,SIN_COLUMNA,NORMAL,NORMAL,Santiago,13,True,11-06-2026 0:00:00,11-06-2026 0:00:00,22-06-2026 14:03:41,22-06-2026 14:03:41,23-06-2026 11:32:00,,23-06-2026 11:32:00,8,3,4,1,5,False,4,1,460141,V650,43,86892
4190139641,SIN_COLUMNA,NORMAL,NORMAL,Regiones,02,True,10-06-2026 0:00:00,10-06-2026 14:35:26,19-06-2026 13:52:54,19-06-2026 13:52:54,22-06-2026 15:48:00,,22-06-2026 15:48:00,8,4,5,2,7,False,3,1,130142,V817,43,382863
4190139639,SIN_COLUMNA,NORMAL,NORMAL,Regiones,05,True,10-06-2026 0:00:00,10-06-2026 12:32:02,30-06-2026 0:00:00,30-06-2026 0:00:00,30-06-2026 12:40:00,,30-06-2026 12:40:00,13,4,5,2,7,False,8,0,280026,V835,43,458405
1167124,SIN_COLUMNA,NORMAL,NORMAL,Santiago,13,True,10-06-2026 0:00:00,10-06-2026 10:44:59,22-06-2026 12:09:51,22-06-2026 12:09:51,22-06-2026 16:34:00,,22-06-2026 16:34:00,8,3,4,1,5,False,4,0,411302,V612,42,330915
1167123,SIN_COLUMNA,NORMAL,NORMAL,Santiago,13,True,10-06-2026 0:00:00,10-06-2026 10:12:47,16-06-2026 9:28:03,16-06-2026 9:28:03,17-06-2026 12:07:00,,17-06-2026 12:07:00,5,3,4,1,5,False,1,1,981617,V612,46,161422
1167121,SIN_COLUMNA,NORMAL,NORMAL,Santiago,13,True,10-06-2026 0:00:00,10-06-2026 9:39:57,16-06-2026 10:31:10,16-06-2026 10:31:10,18-06-2026 12:41:00,,18-06-2026 12:41:00,6,3,4,1,5,False,2,2,981560,V612,46,80664
4190139636,SIN_COLUMNA,NORMAL,NORMAL,Regiones,05,True,10-06-2026 0:00:00,10-06-2026 0:00:00,18-06-2026 18:04:44,18-06-2026 18:04:44,19-06-2026 12:16:00,,19-06-2026 12:16:00,7,4,5,2,7,False,2,1,335108,V400,43,405097
4190139628,SIN_COLUMNA,NORMAL,NORMAL,Regiones,05,True,09-06-2026 0:00:00,09-06-2026 16:20:48,,,24-09-2020 22:47:00,,24-09-2020 22:47:00,,4,5,2,7,,,,335073,V400,43,113214
1167110,SIN_COLUMNA,NORMAL,NORMAL,Santiago,13,True,09-06-2026 0:00:00,09-06-2026 15:10:50,26-06-2026 11:00:28,26-06-2026 11:00:28,26-06-2026 11:00:28,,26-06-2026 11:00:28,13,3,4,1,5,False,9,0,981200,V612,46,9450
4190139625,SIN_COLUMNA,NORMAL,NORMAL,Regiones,05,True,09-06-2026 0:00:00,09-06-2026 14:42:40,18-06-2026 15:20:00,18-06-2026 15:20:00,19-06-2026 10:58:00,,19-06-2026 10:58:00,8,4,5,2,7,False,3,1,335071,V400,43,219371
4190139623,SIN_COLUMNA,NORMAL,NORMAL,Regiones,05,True,09-06-2026 0:00:00,09-06-2026 12:17:01,18-06-2026 11:10:54,18-06-2026 11:10:54,18-06-2026 15:54:00,,18-06-2026 15:54:00,7,4,5,2,7,False,2,0,325009,V835,43,40678
4190139617,SIN_COLUMNA,NORMAL,NORMAL,Regiones,12,True,09-06-2026 0:00:00,09-06-2026 9:16:46,,,24-09-2020 22:47:00,,24-09-2020 22:47:00,,4,5,2,7,,,,950059,V800,45,816062
4190139626,SIN_COLUMNA,NORMAL,NORMAL,Regiones,10,True,09-06-2026 0:00:00,09-06-2026 0:00:00,18-06-2026 0:00:00,18-06-2026 0:00:00,18-06-2026 15:59:00,,18-06-2026 15:59:00,7,4,5,2,7,False,2,0,850025,V800,43,211188
4190139607,SIN_COLUMNA,NORMAL,NORMAL,Regiones,10,True,08-06-2026 0:00:00,08-06-2026 15:53:15,16-06-2026 10:07:50,16-06-2026 10:07:50,16-06-2026 15:07:00,,16-06-2026 15:07:00,6,4,5,2,7,False,1,0,902008,V800,43,1011746
1167093,SIN_COLUMNA,NORMAL,NORMAL,Regiones,06,True,08-06-2026 0:00:00,08-06-2026 14:43:59,16-06-2026 13:46:09,16-06-2026 13:46:09,16-06-2026 14:23:00,,16-06-2026 14:23:00,6,4,5,2,7,False,1,0,500006,V550,45,128748
1167085,SIN_COLUMNA,NORMAL,NORMAL,Santiago,13,True,08-06-2026 0:00:00,08-06-2026 10:30:40,12-06-2026 0:00:00,12-06-2026 0:00:00,15-06-2026 8:55:00,,15-06-2026 8:55:00,5,3,4,1,5,False,1,1,410586,V612,46,2427413
1167083,SIN_COLUMNA,NORMAL,NORMAL,Santiago,13,True,08-06-2026 0:00:00,08-06-2026 9:51:55,,,24-09-2020 22:47:00,,24-09-2020 22:47:00,,3,4,1,5,,,,410054,V612,46,291760
4190139610,SIN_COLUMNA,NORMAL,NORMAL,Regiones,10,True,08-06-2026 0:00:00,08-06-2026 0:00:00,18-06-2026 0:00:00,18-06-2026 0:00:00,18-06-2026 16:07:00,,18-06-2026 16:07:00,8,4,5,2,7,False,3,0,793001,V800,43,252362
4190139596,SIN_COLUMNA,NORMAL,NORMAL,Regiones,08,True,04-06-2026 0:00:00,04-06-2026 21:10:34,11-06-2026 10:28:13,11-06-2026 10:28:13,12-06-2026 10:42:00,,12-06-2026 10:42:00,6,4,5,2,7,False,1,1,650090,V580,45,1387067
1167069,SIN_COLUMNA,NORMAL,NORMAL,Regiones,06,True,04-06-2026 0:00:00,04-06-2026 19:48:05,11-06-2026 0:00:00,11-06-2026 0:00:00,12-06-2026 10:44:00,,12-06-2026 10:44:00,6,4,5,2,7,False,1,1,534001,V550,43,240600
4190139591,SIN_COLUMNA,NORMAL,NORMAL,Regiones,08,True,04-06-2026 0:00:00,04-06-2026 16:45:38,,,24-09-2020 22:47:00,,24-09-2020 22:47:00,,4,5,2,7,,,,650469,V580,43,1163622
1167067,SIN_COLUMNA,NORMAL,NORMAL,Santiago,13,True,04-06-2026 0:00:00,04-06-2026 16:34:08,05-06-2026 12:24:59,05-06-2026 12:24:59,15-06-2026 7:10:00,,15-06-2026 7:10:00,7,3,4,1,5,False,3,6,411410,V612,46,44308
4190139588,SIN_COLUMNA,NORMAL,NORMAL,Regiones,05,True,04-06-2026 0:00:00,04-06-2026 16:07:00,18-06-2026 9:23:03,18-06-2026 9:23:03,18-06-2026 15:50:00,,18-06-2026 15:50:00,10,4,5,2,7,False,5,0,480041,V400,43,576368
1167059,SIN_COLUMNA,NORMAL,NORMAL,Santiago,13,True,04-06-2026 0:00:00,04-06-2026 12:39:50,,,24-09-2020 22:47:00,,24-09-2020 22:47:00,,3,4,1,5,,,,411313,V614,43,1474284
4190139586,SIN_COLUMNA,NORMAL,NORMAL,Regiones,10,True,04-06-2026 0:00:00,04-06-2026 0:00:00,16-06-2026 15:31:59,16-06-2026 15:31:59,17-06-2026 15:25:00,,17-06-2026 15:25:00,9,4,5,2,7,False,4,1,900193,V800,43,591683
4190139580,SIN_COLUMNA,NORMAL,NORMAL,Regiones,04,True,03-06-2026 0:00:00,03-06-2026 17:59:38,10-06-2026 17:43:48,10-06-2026 17:43:48,11-06-2026 11:27:00,,11-06-2026 11:27:00,6,4,5,2,7,False,1,1,210085,V834,43,1746301
4190139572,SIN_COLUMNA,NORMAL,NORMAL,Regiones,05,True,03-06-2026 0:00:00,03-06-2026 14:43:55,26-06-2026 12:57:11,26-06-2026 12:57:11,30-06-2026 14:33:00,,30-06-2026 14:33:00,18,4,5,2,7,False,13,1,310024,V835,43,288117
1167034,SIN_COLUMNA,NORMAL,NORMAL,Regiones,09,True,02-06-2026 0:00:00,02-06-2026 15:35:56,26-06-2026 11:00:29,26-06-2026 11:00:29,26-06-2026 11:00:29,,26-06-2026 11:00:29,18,4,5,2,7,False,13,0,981498,V612,46,184880
4190139562,SIN_COLUMNA,NORMAL,NORMAL,Regiones,05,True,02-06-2026 0:00:00,02-06-2026 13:52:33,09-06-2026 16:45:57,09-06-2026 16:45:57,10-06-2026 12:51:00,,10-06-2026 12:51:00,6,4,5,2,7,False,1,1,325008,V835,43,292310
4190139559,SIN_COLUMNA,NORMAL,NORMAL,Regiones,09,True,02-06-2026 0:00:00,02-06-2026 13:34:52,,,24-09-2020 22:47:00,,24-09-2020 22:47:00,,4,5,2,7,,,,750286,V750,43,672382
1166993,SIN_COLUMNA,NORMAL,NORMAL,Regiones,06,True,01-06-2026 0:00:00,01-06-2026 17:06:43,09-06-2026 10:41:36,09-06-2026 10:41:36,09-06-2026 13:14:00,,09-06-2026 13:14:00,6,4,5,2,7,False,1,0,981471,V612,46,97696
4190139553,SIN_COLUMNA,NORMAL,NORMAL,Regiones,09,True,01-06-2026 0:00:00,01-06-2026 16:41:12,,,24-09-2020 22:47:00,,24-09-2020 22:47:00,,4,5,2,7,,,,750246,V750,43,1403413
4190139538,SIN_COLUMNA,NORMAL,NORMAL,Regiones,08,True,01-06-2026 0:00:00,01-06-2026 11:32:44,10-06-2026 15:37:19,10-06-2026 15:37:19,11-06-2026 11:23:00,,11-06-2026 11:23:00,8,4,5,2,7,False,3,1,650338,V580,45,5408191
4190139535,SIN_COLUMNA,NORMAL,NORMAL,Regiones,08,True,01-06-2026 0:00:00,01-06-2026 10:34:25,09-06-2026 15:15:34,09-06-2026 15:15:34,10-06-2026 15:37:00,,10-06-2026 15:37:00,7,4,5,2,7,False,2,1,650338,V580,45,5045496
1166855,SIN_COLUMNA,NORMAL,NORMAL,Regiones,07,True,01-06-2026 0:00:00,01-06-2026 0:00:00,09-06-2026 15:25:00,09-06-2026 15:25:00,24-06-2026 9:44:00,,24-06-2026 9:44:00,17,4,5,2,7,False,12,11,550126,V550,45,469499
1166843,SIN_COLUMNA,NORMAL,NORMAL,Regiones,07,True,29-05-2026 0:00:00,29-05-2026 0:00:00,16-06-2026 0:00:00,16-06-2026 0:00:00,16-06-2026 15:10:00,,16-06-2026 15:10:00,12,4,5,2,7,False,7,0,540064,V550,43,1674241
4190139509,SIN_COLUMNA,NORMAL,NORMAL,Regiones,08,True,28-05-2026 0:00:00,28-05-2026 19:23:07,05-06-2026 9:49:10,05-06-2026 9:49:10,05-06-2026 11:59:00,,05-06-2026 11:59:00,6,4,5,2,7,False,1,0,650240,V580,43,1014607
4190139504,SIN_COLUMNA,NORMAL,NORMAL,Regiones,04,True,28-05-2026 0:00:00,28-05-2026 14:05:42,04-06-2026 16:20:24,04-06-2026 16:20:24,05-06-2026 11:56:00,,05-06-2026 11:56:00,6,4,5,2,7,False,1,1,200186,V834,43,2064180
1166697,SIN_COLUMNA,NORMAL,NORMAL,Santiago,13,True,28-05-2026 0:00:00,28-05-2026 13:18:50,08-06-2026 0:00:00,08-06-2026 0:00:00,08-06-2026 0:00:00,,08-06-2026 0:00:00,7,3,4,1,5,False,3,0,420424,V102,42,32293
4190139497,SIN_COLUMNA,NORMAL,NORMAL,Regiones,07,True,28-05-2026 0:00:00,28-05-2026 12:13:43,16-06-2026 14:59:36,16-06-2026 14:59:36,17-06-2026 15:27:00,,17-06-2026 15:27:00,14,4,5,2,7,False,9,1,540046,V550,43,374061
4190139478,SIN_COLUMNA,NORMAL,NORMAL,Regiones,08,True,27-05-2026 0:00:00,27-05-2026 15:55:47,,,24-09-2020 22:47:00,,24-09-2020 22:47:00,,4,5,2,7,,,,650353,V580,43,646554
4190139477,SIN_COLUMNA,NORMAL,NORMAL,Regiones,08,True,27-05-2026 0:00:00,27-05-2026 15:39:36,,,24-09-2020 22:47:00,,24-09-2020 22:47:00,,4,5,2,7,,,,650353,V580,43,224802
4190139475,SIN_COLUMNA,NORMAL,NORMAL,Regiones,08,True,27-05-2026 0:00:00,27-05-2026 15:25:25,,,24-09-2020 22:47:00,,24-09-2020 22:47:00,,4,5,2,7,,,,650353,V580,43,509473
4190139442,SIN_COLUMNA,NORMAL,NORMAL,Regiones,07,True,26-05-2026 0:00:00,26-05-2026 10:33:57,10-06-2026 11:21:01,10-06-2026 11:21:01,10-06-2026 13:36:00,,10-06-2026 13:36:00,11,4,5,2,7,False,6,0,580004,V550,43,297763
4190139464,SIN_COLUMNA,NORMAL,NORMAL,Regiones,08,True,26-05-2026 0:00:00,26-05-2026 0:00:00,08-06-2026 14:29:54,08-06-2026 14:29:54,09-06-2026 12:50:00,,09-06-2026 12:50:00,10,4,5,2,7,False,5,1,650669,V580,43,1019856
4190139439,SIN_COLUMNA,NORMAL,NORMAL,Regiones,05,True,25-05-2026 0:00:00,25-05-2026 19:35:56,28-05-2026 10:15:20,28-05-2026 10:15:20,23-06-2026 7:16:00,,23-06-2026 7:16:00,21,4,5,2,7,False,16,18,310037,V835,43,6959864
1166641,SIN_COLUMNA,NORMAL,NORMAL,Santiago,13,True,25-05-2026 0:00:00,25-05-2026 16:31:45,26-05-2026 0:00:00,26-05-2026 0:00:00,01-06-2026 9:14:00,,01-06-2026 9:14:00,5,3,4,1,5,False,1,4,411460,V612,46,369448
1166624,SIN_COLUMNA,NORMAL,NORMAL,Regiones,10,True,25-05-2026 0:00:00,25-05-2026 9:37:00,26-06-2026 11:00:33,26-06-2026 11:00:33,26-06-2026 11:00:33,,26-06-2026 11:00:33,24,4,5,2,7,False,19,0,981535,V612,46,32230
4190139409,SIN_COLUMNA,NORMAL,NORMAL,Santiago,13,True,22-05-2026 0:00:00,22-05-2026 14:15:38,28-05-2026 15:14:46,28-05-2026 15:14:46,29-05-2026 11:57:00,,29-05-2026 11:57:00,5,3,4,1,5,False,1,1,470071,V650,43,694912
1166603,SIN_COLUMNA,NORMAL,NORMAL,Regiones,06,True,20-05-2026 0:00:00,20-05-2026 11:17:09,28-05-2026 17:30:11,28-05-2026 17:30:11,29-05-2026 11:57:00,,29-05-2026 11:57:00,6,4,5,2,7,False,1,1,532010,V650,43,963481
4190139384,SIN_COLUMNA,NORMAL,NORMAL,Regiones,09,True,19-05-2026 0:00:00,19-05-2026 18:50:03,27-05-2026 0:00:00,27-05-2026 0:00:00,28-05-2026 11:25:00,,28-05-2026 11:25:00,6,4,5,2,7,False,1,1,750151,V750,43,6077609
4190139374,SIN_COLUMNA,NORMAL,NORMAL,Santiago,13,True,19-05-2026 0:00:00,19-05-2026 9:10:49,26-05-2026 0:00:00,26-05-2026 0:00:00,27-05-2026 15:15:00,,27-05-2026 15:15:00,5,3,4,1,5,False,1,1,420496,V615,43,361780
4190139373,SIN_COLUMNA,NORMAL,NORMAL,Santiago,13,True,19-05-2026 0:00:00,19-05-2026 8:50:35,26-05-2026 17:01:46,26-05-2026 17:01:46,27-05-2026 8:26:00,,27-05-2026 8:26:00,5,3,4,1,5,False,1,1,430493,V615,43,880842
4190139361,SIN_COLUMNA,NORMAL,NORMAL,Regiones,10,True,18-05-2026 0:00:00,18-05-2026 17:59:01,20-05-2026 0:00:00,20-05-2026 0:00:00,27-05-2026 12:38:00,,27-05-2026 12:38:00,6,4,5,2,7,False,1,4,900009,V800,45,960795
4190139362,SIN_COLUMNA,NORMAL,NORMAL,Regiones,06,True,18-05-2026 0:00:00,18-05-2026 0:00:00,26-05-2026 0:00:00,26-05-2026 0:00:00,27-05-2026 8:32:00,,27-05-2026 8:32:00,6,4,5,2,7,False,1,1,500147,V650,43,623505
4190139353,SIN_COLUMNA,NORMAL,NORMAL,Regiones,08,True,15-05-2026 0:00:00,15-05-2026 15:19:41,25-05-2026 0:00:00,25-05-2026 0:00:00,26-05-2026 13:11:00,,26-05-2026 13:11:00,6,4,5,2,7,False,1,1,649003,V108,43,87742
1166540,SIN_COLUMNA,NORMAL,NORMAL,Regiones,04,True,14-05-2026 0:00:00,14-05-2026 21:32:00,20-05-2026 16:51:26,20-05-2026 16:51:26,25-05-2026 12:54:00,,25-05-2026 12:54:00,6,4,5,2,7,False,1,2,210067,V834,43,3760874
4190139345,SIN_COLUMNA,NORMAL,NORMAL,Regiones,10,True,14-05-2026 0:00:00,14-05-2026 21:31:36,26-05-2026 0:00:00,26-05-2026 0:00:00,27-05-2026 15:27:00,,27-05-2026 15:27:00,8,4,5,2,7,False,3,1,793001,V800,43,596984
4190139344,SIN_COLUMNA,NORMAL,NORMAL,Regiones,10,True,14-05-2026 0:00:00,14-05-2026 21:29:23,25-05-2026 10:29:21,25-05-2026 10:29:21,25-05-2026 14:56:00,,25-05-2026 14:56:00,6,4,5,2,7,False,1,0,921012,V800,43,529434
4190139334,SIN_COLUMNA,NORMAL,NORMAL,Santiago,13,True,14-05-2026 0:00:00,14-05-2026 12:56:44,20-05-2026 17:00:12,20-05-2026 17:00:12,25-05-2026 12:41:00,,25-05-2026 12:41:00,6,3,4,1,5,False,2,2,430472,V615,43,768079
1166524,SIN_COLUMNA,NORMAL,NORMAL,Regiones,10,True,14-05-2026 0:00:00,14-05-2026 11:22:20,11-06-2026 8:53:31,11-06-2026 8:53:31,12-06-2026 10:37:00,,12-06-2026 10:37:00,20,4,5,2,7,False,15,1,900005,V612,46,264389
1166517,SIN_COLUMNA,NORMAL,NORMAL,Regiones,08,True,14-05-2026 0:00:00,14-05-2026 8:30:46,25-05-2026 10:34:36,25-05-2026 10:34:36,25-05-2026 15:02:00,,25-05-2026 15:02:00,6,4,5,2,7,False,1,0,649003,V108,43,798204
4190139320,SIN_COLUMNA,NORMAL,NORMAL,Santiago,13,True,13-05-2026 0:00:00,13-05-2026 9:55:57,19-05-2026 0:00:00,19-05-2026 0:00:00,20-05-2026 15:15:00,,20-05-2026 15:15:00,5,3,4,1,5,False,1,1,465043,V650,43,111591
4190139318,SIN_COLUMNA,NORMAL,NORMAL,Santiago,13,True,13-05-2026 0:00:00,13-05-2026 9:46:31,19-05-2026 15:15:23,19-05-2026 15:15:23,20-05-2026 15:15:00,,20-05-2026 15:15:00,5,3,4,1,5,False,1,1,465043,V650,43,209236
4190139314,SIN_COLUMNA,NORMAL,NORMAL,Regiones,08,True,12-05-2026 0:00:00,12-05-2026 20:41:39,04-06-2026 16:21:23,04-06-2026 16:21:23,05-06-2026 11:59:00,,05-06-2026 11:59:00,17,4,5,2,7,False,12,1,650240,V580,43,113325
4190139301,SIN_COLUMNA,NORMAL,NORMAL,Regiones,09,True,11-05-2026 0:00:00,11-05-2026 16:15:46,25-05-2026 11:14:53,25-05-2026 11:14:53,25-05-2026 14:54:00,,25-05-2026 14:54:00,9,4,5,2,7,False,4,0,750018,V750,43,1204041
1166484,SIN_COLUMNA,NORMAL,NORMAL,Santiago,13,True,11-05-2026 0:00:00,11-05-2026 15:17:59,15-05-2026 9:48:02,15-05-2026 9:48:02,18-05-2026 9:49:00,,18-05-2026 9:49:00,5,3,4,1,5,False,1,1,410188,V612,46,358627
4190139299,SIN_COLUMNA,NORMAL,NORMAL,Santiago,13,True,11-05-2026 0:00:00,11-05-2026 14:47:21,15-05-2026 0:00:00,15-05-2026 0:00:00,18-05-2026 9:49:00,,18-05-2026 9:49:00,5,3,4,1,5,False,1,1,430451,V615,43,651168
1166477,SIN_COLUMNA,NORMAL,NORMAL,Santiago,13,True,11-05-2026 0:00:00,11-05-2026 9:09:58,14-05-2026 17:01:53,14-05-2026 17:01:53,18-05-2026 9:49:00,,18-05-2026 9:49:00,5,3,4,1,5,False,1,2,410586,V612,46,568712
1166473,SIN_COLUMNA,NORMAL,NORMAL,Santiago,13,True,09-05-2026 0:00:00,09-05-2026 12:55:17,14-05-2026 17:07:45,14-05-2026 17:07:45,15-05-2026 9:33:00,,15-05-2026 9:33:00,5,3,4,1,5,False,1,1,411136,V615,43,64200
1166472,SIN_COLUMNA,NORMAL,NORMAL,Santiago,13,True,09-05-2026 0:00:00,09-05-2026 12:50:50,28-05-2026 0:00:00,28-05-2026 0:00:00,28-05-2026 0:00:00,,28-05-2026 0:00:00,13,3,4,1,5,False,9,0,420630,V615,43,706552
1166471,SIN_COLUMNA,NORMAL,NORMAL,Regiones,08,True,09-05-2026 0:00:00,09-05-2026 12:28:31,22-05-2026 0:00:00,22-05-2026 0:00:00,25-05-2026 7:25:00,,25-05-2026 7:25:00,10,4,5,2,7,False,5,1,700036,V108,45,6461797
1166470,SIN_COLUMNA,NORMAL,NORMAL,Santiago,13,True,08-05-2026 0:00:00,08-05-2026 23:53:01,14-05-2026 17:55:14,14-05-2026 17:55:14,15-05-2026 8:35:00,,15-05-2026 8:35:00,5,3,4,1,5,False,1,1,411140,V614,43,77255
4190139284,SIN_COLUMNA,NORMAL,NORMAL,Santiago,13,True,08-05-2026 0:00:00,08-05-2026 23:41:14,14-05-2026 17:17:17,14-05-2026 17:17:17,15-05-2026 12:06:00,,15-05-2026 12:06:00,5,3,4,1,5,False,1,1,430933,V615,43,2687100
1166468,SIN_COLUMNA,NORMAL,NORMAL,Santiago,13,True,08-05-2026 0:00:00,08-05-2026 23:35:03,19-05-2026 11:23:02,19-05-2026 11:23:02,19-05-2026 16:09:00,,19-05-2026 16:09:00,7,3,4,1,5,False,3,0,371044,V614,43,1600640
1166462,SIN_COLUMNA,NORMAL,NORMAL,Santiago,13,True,08-05-2026 0:00:00,08-05-2026 19:33:27,13-05-2026 15:43:15,13-05-2026 15:43:15,26-05-2026 14:31:00,,26-05-2026 14:31:00,11,3,4,1,5,False,7,8,410775,V614,43,1351494
1166459,SIN_COLUMNA,NORMAL,NORMAL,Regiones,04,True,08-05-2026 0:00:00,08-05-2026 19:08:38,19-05-2026 15:22:36,19-05-2026 15:22:36,20-05-2026 15:22:00,,20-05-2026 15:22:00,8,4,5,2,7,False,3,1,210186,V834,43,523426
1166458,SIN_COLUMNA,NORMAL,NORMAL,Santiago,13,True,08-05-2026 0:00:00,08-05-2026 18:56:01,14-05-2026 17:14:13,14-05-2026 17:14:13,15-05-2026 8:56:00,,15-05-2026 8:56:00,5,3,4,1,5,False,1,1,430843,V614,43,1970110
1166456,SIN_COLUMNA,NORMAL,NORMAL,Regiones,04,True,08-05-2026 0:00:00,08-05-2026 18:14:39,19-05-2026 13:50:29,19-05-2026 13:50:29,19-05-2026 16:20:00,,19-05-2026 16:20:00,7,4,5,2,7,False,2,0,250067,V834,43,345950
4190139268,SIN_COLUMNA,NORMAL,NORMAL,Regiones,08,True,08-05-2026 0:00:00,08-05-2026 16:11:57,14-05-2026 14:58:36,14-05-2026 14:58:36,18-05-2026 16:25:00,,18-05-2026 16:25:00,6,4,5,2,7,False,1,2,650347,V580,45,1600475
1166452,SIN_COLUMNA,NORMAL,NORMAL,Santiago,13,True,08-05-2026 0:00:00,08-05-2026 13:15:33,15-05-2026 9:47:56,15-05-2026 9:47:56,18-05-2026 9:49:00,,18-05-2026 9:49:00,6,3,4,1,5,False,2,1,981560,V612,46,30150
1166445,SIN_COLUMNA,NORMAL,NORMAL,Santiago,13,True,08-05-2026 0:00:00,08-05-2026 12:16:00,14-05-2026 15:52:34,14-05-2026 15:52:34,15-05-2026 11:25:00,,15-05-2026 11:25:00,5,3,4,1,5,False,1,1,981505,V612,46,93626
1166438,SIN_COLUMNA,NORMAL,NORMAL,Regiones,08,True,08-05-2026 0:00:00,08-05-2026 9:02:45,20-05-2026 17:31:05,20-05-2026 17:31:05,22-05-2026 11:18:00,,22-05-2026 11:18:00,9,4,5,2,7,False,4,1,595020,V108,43,871196
1166435,SIN_COLUMNA,NORMAL,NORMAL,Santiago,13,True,07-05-2026 0:00:00,07-05-2026 18:20:23,14-05-2026 13:44:21,14-05-2026 13:44:21,14-05-2026 14:27:00,,14-05-2026 14:27:00,5,3,4,1,5,False,1,0,410033,V614,43,129752
4190139245,SIN_COLUMNA,NORMAL,NORMAL,Regiones,04,True,07-05-2026 0:00:00,07-05-2026 16:42:43,14-05-2026 18:14:04,14-05-2026 18:14:04,15-05-2026 8:35:00,,15-05-2026 8:35:00,6,4,5,2,7,False,1,1,257021,V835,43,821685
4190139239,SIN_COLUMNA,NORMAL,NORMAL,Regiones,05,True,07-05-2026 0:00:00,07-05-2026 13:24:32,14-05-2026 17:55:37,14-05-2026 17:55:37,15-05-2026 8:37:00,,15-05-2026 8:37:00,6,4,5,2,7,False,1,1,352003,V835,43,252018
4190139236,SIN_COLUMNA,NORMAL,NORMAL,Santiago,13,True,07-05-2026 0:00:00,07-05-2026 12:55:35,14-05-2026 14:57:55,14-05-2026 14:57:55,14-05-2026 15:36:00,,14-05-2026 15:36:00,5,3,4,1,5,False,1,0,411371,V615,43,239270
4190139232,SIN_COLUMNA,NORMAL,NORMAL,Regiones,06,True,07-05-2026 0:00:00,07-05-2026 10:50:38,14-05-2026 16:44:50,14-05-2026 16:44:50,15-05-2026 8:45:00,,15-05-2026 8:45:00,6,4,5,2,7,False,1,1,535062,V650,43,95769
4190139231,SIN_COLUMNA,NORMAL,NORMAL,Santiago,13,True,07-05-2026 0:00:00,07-05-2026 10:49:28,14-05-2026 12:28:39,14-05-2026 12:28:39,14-05-2026 14:22:00,,14-05-2026 14:22:00,5,3,4,1,5,False,1,0,481023,V650,43,46331
4190139254,SIN_COLUMNA,NORMAL,NORMAL,Regiones,08,True,07-05-2026 0:00:00,07-05-2026 0:00:00,14-05-2026 16:53:02,14-05-2026 16:53:02,15-05-2026 8:49:00,,15-05-2026 8:49:00,6,4,5,2,7,False,1,1,700068,V108,43,954284
4190139234,SIN_COLUMNA,NORMAL,NORMAL,Santiago,13,True,07-05-2026 0:00:00,07-05-2026 0:00:00,13-05-2026 15:43:46,13-05-2026 15:43:46,14-05-2026 8:05:00,,14-05-2026 8:05:00,5,3,4,1,5,False,1,1,410455,V615,45,182850
1166423,SIN_COLUMNA,NORMAL,NORMAL,Santiago,13,True,06-05-2026 0:00:00,06-05-2026 16:42:22,12-05-2026 14:36:17,12-05-2026 14:36:17,13-05-2026 9:52:00,,13-05-2026 9:52:00,5,3,4,1,5,False,1,1,400560,V612,46,1114799
4190139218,SIN_COLUMNA,NORMAL,NORMAL,Regiones,10,True,06-05-2026 0:00:00,06-05-2026 16:37:02,20-05-2026 14:28:59,20-05-2026 14:28:59,25-05-2026 7:21:00,,25-05-2026 7:21:00,12,4,5,2,7,False,7,2,920025,V800,43,6628250
4190139217,SIN_COLUMNA,NORMAL,NORMAL,Regiones,08,True,06-05-2026 0:00:00,06-05-2026 16:06:48,20-05-2026 17:11:49,20-05-2026 17:11:49,22-05-2026 11:16:00,,22-05-2026 11:16:00,11,4,5,2,7,False,6,1,680013,V108,43,436080
1166421,SIN_COLUMNA,NORMAL,NORMAL,Regiones,09,True,06-05-2026 0:00:00,06-05-2026 16:06:33,28-05-2026 12:25:54,28-05-2026 12:25:54,28-05-2026 12:25:54,,28-05-2026 12:25:54,15,4,5,2,7,False,10,0,981498,V612,46,34214
1166420,SIN_COLUMNA,NORMAL,NORMAL,Regiones,02,True,06-05-2026 0:00:00,06-05-2026 15:51:10,18-05-2026 0:00:00,18-05-2026 0:00:00,18-05-2026 16:31:00,,18-05-2026 16:31:00,8,4,5,2,7,False,3,0,150230,V585,45,3228771
1166418,SIN_COLUMNA,NORMAL,NORMAL,Regiones,09,True,06-05-2026 0:00:00,06-05-2026 14:47:22,13-05-2026 14:56:14,13-05-2026 14:56:14,14-05-2026 8:12:00,,14-05-2026 8:12:00,6,4,5,2,7,False,1,1,750158,V585,45,4147162
1166417,SIN_COLUMNA,NORMAL,NORMAL,Santiago,13,True,06-05-2026 0:00:00,06-05-2026 14:26:26,14-05-2026 17:56:03,14-05-2026 17:56:03,15-05-2026 8:38:00,,15-05-2026 8:38:00,7,3,4,1,5,False,3,1,400454,V614,43,290024
4190139214,SIN_COLUMNA,NORMAL,NORMAL,Regiones,05,True,06-05-2026 0:00:00,06-05-2026 13:41:08,14-05-2026 12:28:26,14-05-2026 12:28:26,14-05-2026 14:23:00,,14-05-2026 14:23:00,6,4,5,2,7,False,1,0,310062,V835,43,22012
1166416,SIN_COLUMNA,NORMAL,NORMAL,Santiago,13,True,06-05-2026 0:00:00,06-05-2026 13:02:40,14-05-2026 9:28:19,14-05-2026 9:28:19,15-05-2026 12:06:00,,15-05-2026 12:06:00,7,3,4,1,5,False,3,1,430881,V612,46,737851
1166415,SIN_COLUMNA,NORMAL,NORMAL,Santiago,13,True,06-05-2026 0:00:00,06-05-2026 12:23:27,12-05-2026 14:36:25,12-05-2026 14:36:25,13-05-2026 9:39:00,,13-05-2026 9:39:00,5,3,4,1,5,False,1,1,900239,V612,42,262159
1166411,SIN_COLUMNA,NORMAL,NORMAL,Santiago,13,True,06-05-2026 0:00:00,06-05-2026 11:41:04,14-05-2026 12:28:31,14-05-2026 12:28:31,14-05-2026 14:23:00,,14-05-2026 14:23:00,6,3,4,1,5,False,2,0,981505,V612,46,20146
1166409,SIN_COLUMNA,NORMAL,NORMAL,Santiago,13,True,06-05-2026 0:00:00,06-05-2026 10:39:32,12-05-2026 14:46:30,12-05-2026 14:46:30,13-05-2026 9:52:00,,13-05-2026 9:52:00,5,3,4,1,5,False,1,1,411500,V610,47,302701
4190139204,SIN_COLUMNA,NORMAL,NORMAL,Santiago,13,True,06-05-2026 0:00:00,06-05-2026 8:36:46,14-05-2026 12:01:45,14-05-2026 12:01:45,14-05-2026 12:47:00,,14-05-2026 12:47:00,6,3,4,1,5,False,2,0,470052,V610,43,662514
4190139215,SIN_COLUMNA,NORMAL,NORMAL,Regiones,08,True,06-05-2026 0:00:00,06-05-2026 0:00:00,14-05-2026 10:58:43,14-05-2026 10:58:43,14-05-2026 12:03:00,,14-05-2026 12:03:00,6,4,5,2,7,False,1,0,650030,V580,43,246107
4190139200,SIN_COLUMNA,NORMAL,NORMAL,Santiago,13,True,05-05-2026 0:00:00,05-05-2026 23:24:05,12-05-2026 12:00:00,12-05-2026 12:00:00,12-05-2026 12:18:00,,12-05-2026 12:18:00,5,3,4,1,5,False,1,0,430743,V615,43,292400
4190139199,SIN_COLUMNA,NORMAL,NORMAL,Santiago,13,True,05-05-2026 0:00:00,05-05-2026 23:20:53,12-05-2026 9:52:01,12-05-2026 9:52:01,12-05-2026 11:00:00,,12-05-2026 11:00:00,5,3,4,1,5,False,1,0,455174,V615,43,143758
4190139198,SIN_COLUMNA,NORMAL,NORMAL,Santiago,13,True,05-05-2026 0:00:00,05-05-2026 23:08:38,13-05-2026 13:51:37,13-05-2026 13:51:37,13-05-2026 14:20:00,,13-05-2026 14:20:00,6,3,4,1,5,False,2,0,440172,V615,43,321851
4190139194,SIN_COLUMNA,NORMAL,NORMAL,Regiones,08,True,05-05-2026 0:00:00,05-05-2026 21:46:47,14-05-2026 12:26:09,14-05-2026 12:26:09,14-05-2026 15:09:00,,14-05-2026 15:09:00,7,4,5,2,7,False,2,0,600016,V108,45,243704
4190139193,SIN_COLUMNA,NORMAL,NORMAL,Santiago,13,True,05-05-2026 0:00:00,05-05-2026 20:19:55,14-05-2026 11:57:51,14-05-2026 11:57:51,14-05-2026 12:46:00,,14-05-2026 12:46:00,7,3,4,1,5,False,3,0,481023,V650,43,222499
4190139192,SIN_COLUMNA,NORMAL,NORMAL,Santiago,13,True,05-05-2026 0:00:00,05-05-2026 18:49:42,11-05-2026 17:26:33,11-05-2026 17:26:33,12-05-2026 9:09:00,,12-05-2026 9:09:00,5,3,4,1,5,False,1,1,481023,V650,43,103545
4190139189,SIN_COLUMNA,NORMAL,NORMAL,Santiago,13,True,05-05-2026 0:00:00,05-05-2026 17:48:00,11-05-2026 16:49:54,11-05-2026 16:49:54,12-05-2026 9:03:00,,12-05-2026 9:03:00,5,3,4,1,5,False,1,1,460138,V615,43,216170
1166401,SIN_COLUMNA,NORMAL,NORMAL,Santiago,13,True,05-05-2026 0:00:00,05-05-2026 17:11:47,12-05-2026 14:46:24,12-05-2026 14:46:24,13-05-2026 9:52:00,,13-05-2026 9:52:00,6,3,4,1,5,False,2,1,410586,V612,46,583485
1166398,SIN_COLUMNA,NORMAL,NORMAL,Santiago,13,True,05-05-2026 0:00:00,05-05-2026 14:50:59,12-05-2026 16:48:52,12-05-2026 16:48:52,13-05-2026 12:15:00,,13-05-2026 12:15:00,6,3,4,1,5,False,2,1,400317,V614,43,187347
4190139183,SIN_COLUMNA,NORMAL,NORMAL,Santiago,13,True,05-05-2026 0:00:00,05-05-2026 13:37:39,12-05-2026 0:00:00,12-05-2026 0:00:00,12-05-2026 12:18:00,,12-05-2026 12:18:00,5,3,4,1,5,False,1,0,460004,V615,43,229955
1166392,SIN_COLUMNA,NORMAL,NORMAL,Santiago,13,True,05-05-2026 0:00:00,05-05-2026 11:39:37,07-05-2026 16:40:13,07-05-2026 16:40:13,13-05-2026 8:04:00,,13-05-2026 8:04:00,6,3,4,1,5,False,2,4,410159,V585,45,12517466
4190139180,SIN_COLUMNA,NORMAL,NORMAL,Regiones,07,True,05-05-2026 0:00:00,05-05-2026 11:30:52,14-05-2026 13:44:11,14-05-2026 13:44:11,14-05-2026 15:38:00,,14-05-2026 15:38:00,7,4,5,2,7,False,2,0,590042,V550,43,208580
4190139197,SIN_COLUMNA,NORMAL,NORMAL,Regiones,01,True,05-05-2026 0:00:00,05-05-2026 0:00:00,14-05-2026 12:29:14,14-05-2026 12:29:14,14-05-2026 13:14:00,,14-05-2026 13:14:00,7,4,5,2,7,False,2,0,110044,V861,43,31221
1166397,SIN_COLUMNA,NORMAL,NORMAL,Santiago,13,True,05-05-2026 0:00:00,05-05-2026 0:00:00,12-05-2026 14:27:42,12-05-2026 14:27:42,12-05-2026 14:50:00,,12-05-2026 14:50:00,5,3,4,1,5,False,1,0,360018,V614,43,38981
1166394,SIN_COLUMNA,NORMAL,NORMAL,Santiago,13,True,05-05-2026 0:00:00,05-05-2026 0:00:00,28-05-2026 12:25:56,28-05-2026 12:25:56,28-05-2026 12:25:56,,28-05-2026 12:25:56,16,3,4,1,5,False,12,0,981200,V612,46,390960
4190139179,SIN_COLUMNA,NORMAL,NORMAL,Regiones,10,True,04-05-2026 0:00:00,04-05-2026 23:55:33,12-05-2026 13:44:14,12-05-2026 13:44:14,12-05-2026 16:18:00,,12-05-2026 16:18:00,6,4,5,2,7,False,1,0,925015,V800,43,752351
4190139176,SIN_COLUMNA,NORMAL,NORMAL,Regiones,02,True,04-05-2026 0:00:00,04-05-2026 20:30:43,12-05-2026 10:30:31,12-05-2026 10:30:31,12-05-2026 11:21:00,,12-05-2026 11:21:00,6,4,5,2,7,False,1,0,150265,V817,43,246911
4190139174,SIN_COLUMNA,NORMAL,NORMAL,Regiones,08,True,04-05-2026 0:00:00,04-05-2026 17:47:03,12-05-2026 14:27:50,12-05-2026 14:27:50,12-05-2026 14:52:00,,12-05-2026 14:52:00,6,4,5,2,7,False,1,0,700068,V108,43,677768
4190139165,SIN_COLUMNA,NORMAL,NORMAL,Regiones,11,True,04-05-2026 0:00:00,04-05-2026 11:11:48,26-05-2026 17:00:50,26-05-2026 17:00:50,27-05-2026 15:25:00,,27-05-2026 15:25:00,16,4,5,2,7,False,11,1,940036,V800,45,422462
4190139173,SIN_COLUMNA,NORMAL,NORMAL,Santiago,13,True,04-05-2026 0:00:00,04-05-2026 0:00:00,12-05-2026 12:17:19,12-05-2026 12:17:19,13-05-2026 9:52:00,,13-05-2026 9:52:00,7,3,4,1,5,False,3,1,440425,V610,45,649544
4190139164,SIN_COLUMNA,NORMAL,NORMAL,Regiones,08,True,30-04-2026 0:00:00,30-04-2026 19:08:34,13-05-2026 13:52:19,13-05-2026 13:52:19,13-05-2026 16:44:00,,13-05-2026 16:44:00,8,4,5,2,7,False,3,0,650469,V580,43,1598893
4190139141,SIN_COLUMNA,NORMAL,NORMAL,Regiones,09,True,30-04-2026 0:00:00,30-04-2026 12:35:47,14-05-2026 17:00:21,14-05-2026 17:00:21,15-05-2026 8:50:00,,15-05-2026 8:50:00,10,4,5,2,7,False,5,1,735014,V750,43,969765
4190139140,SIN_COLUMNA,NORMAL,NORMAL,Regiones,05,True,30-04-2026 0:00:00,30-04-2026 12:27:35,14-05-2026 17:55:23,14-05-2026 17:55:23,15-05-2026 8:36:00,,15-05-2026 8:36:00,10,4,5,2,7,False,5,1,350124,V835,43,292094
4190139760,SIN_COLUMNA,SALDO,SALDO,Regiones,10,True,18-06-2026 0:00:00,18-06-2026 16:48:36,26-06-2026 12:58:31,30-06-2026 0:00:00,30-06-2026 11:32:00,,30-06-2026 11:32:00,7,4,5,2,7,False,2,0,820008,V800,43,828968
1168135,SIN_COLUMNA,NORMAL,NORMAL,Regiones,09,False,14-07-2026 0:00:00,14-07-2026 16:49:31,,,,,,11,4,5,2,7,False,6,,750239,V750,43,1309739
1168134,SIN_COLUMNA,NORMAL,NORMAL,Santiago,13,False,14-07-2026 0:00:00,14-07-2026 16:25:21,,,,,,11,3,4,1,5,False,7,,411402,V612,46,560424
4190140027,SIN_COLUMNA,NORMAL,NORMAL,Regiones,01,False,14-07-2026 0:00:00,14-07-2026 14:54:55,,,,,,11,4,5,2,7,False,6,,100133,V861,43,338715
1168130,SIN_COLUMNA,NORMAL,NORMAL,Santiago,13,False,14-07-2026 0:00:00,14-07-2026 14:15:23,,,,,,11,3,4,1,5,False,7,,445209,V650,43,2706824
4190140023,SIN_COLUMNA,NORMAL,NORMAL,Santiago,13,False,14-07-2026 0:00:00,14-07-2026 11:07:00,,,,,,11,3,4,1,5,False,7,,455151,V650,43,285423
1168125,SIN_COLUMNA,NORMAL,NORMAL,Santiago,13,False,14-07-2026 0:00:00,14-07-2026 10:31:10,,,,,,11,3,4,1,5,False,7,,410159,V585,45,1203960
4190140017,SIN_COLUMNA,NORMAL,NORMAL,Regiones,04,False,13-07-2026 0:00:00,13-07-2026 18:23:30,,,,,,12,4,5,2,7,False,7,,210187,V834,43,266294
1168120,SIN_COLUMNA,NORMAL,NORMAL,Santiago,13,False,13-07-2026 0:00:00,13-07-2026 17:02:44,,,,,,12,3,4,1,5,False,8,,371038,V612,46,116897
1168113,SIN_COLUMNA,NORMAL,NORMAL,Santiago,13,False,13-07-2026 0:00:00,13-07-2026 12:31:47,,,,,,12,3,4,1,5,False,8,,440172,V615,43,110558
1168109,SIN_COLUMNA,NORMAL,NORMAL,Santiago,13,False,13-07-2026 0:00:00,13-07-2026 11:19:15,,,,,,12,3,4,1,5,False,8,,371038,V612,46,302357
1168106,SIN_COLUMNA,NORMAL,NORMAL,Santiago,13,False,13-07-2026 0:00:00,13-07-2026 0:00:00,,,,,,12,3,4,1,5,False,8,,371038,V612,46,67462
1168086,SIN_COLUMNA,NORMAL,NORMAL,Santiago,13,False,09-07-2026 0:00:00,09-07-2026 16:29:42,,,,,,14,3,4,1,5,False,10,,445209,V650,43,1353412
1168064,SIN_COLUMNA,NORMAL,NORMAL,Santiago,13,False,07-07-2026 0:00:00,07-07-2026 19:33:50,,,,,,16,3,4,1,5,False,12,,420743,V610,45,848880
1167574,SIN_COLUMNA,FES,FES,Regiones,09,False,30-06-2026 0:00:00,30-06-2026 0:00:00,,,,,,21,4,5,2,7,False,16,,750034,V750,45,3285138
4190139778,SIN_COLUMNA,NORMAL,NORMAL,Santiago,13,False,22-06-2026 0:00:00,22-06-2026 11:37:53,,,,,,26,3,4,1,5,False,22,,470052,V650,43,1794632
4190139772,SIN_COLUMNA,NORMAL,NORMAL,Regiones,05,False,19-06-2026 0:00:00,19-06-2026 10:52:36,,,,,,27,4,5,2,7,False,22,,340007,V400,43,284470
4190139739,SIN_COLUMNA,NORMAL,NORMAL,Regiones,05,False,17-06-2026 0:00:00,17-06-2026 17:37:25,,,,,,29,4,5,2,7,False,24,,280028,V835,43,859978
1167169,SIN_COLUMNA,NORMAL,NORMAL,Santiago,13,False,15-06-2026 0:00:00,15-06-2026 9:12:37,,,,,,31,3,4,1,5,False,27,,410586,V612,46,231622
4190139492,SIN_COLUMNA,FES,FES,Santiago,13,False,28-05-2026 0:00:00,28-05-2026 0:00:00,,,,,,43,3,4,1,5,False,39,,445107,V615,43,747268
4190139472,SIN_COLUMNA,FES,FES,Santiago,13,False,27-05-2026 0:00:00,27-05-2026 13:46:45,,,,,,44,3,4,1,5,False,40,,420492,V615,43,1025963
4190139470,SIN_COLUMNA,NORMAL,NORMAL,Regiones,09,False,27-05-2026 0:00:00,27-05-2026 12:30:20,,,,,,44,4,5,2,7,False,39,,750015,V750,45,3386374
1167926,SIN_COLUMNA,FES,FES,Santiago,13,True,01-07-2026 0:00:00,01-07-2026 22:37:39,02-07-2026 8:20:35,02-07-2026 8:20:35,02-07-2026 8:20:35,08-07-2026 0:00:00,08-07-2026 0:00:00,5,3,4,1,5,False,1,4,420450,V585,45,818175
1167658,SIN_COLUMNA,FES,FES,Regiones,08,True,01-07-2026 0:00:00,01-07-2026 15:00:52,02-07-2026 9:59:33,02-07-2026 9:59:33,02-07-2026 9:59:33,20-07-2026 0:00:00,20-07-2026 0:00:00,12,4,5,2,7,False,7,11,650222,V580,45,98521774
1167646,SIN_COLUMNA,FES,FES,Regiones,10,True,01-07-2026 0:00:00,01-07-2026 12:46:51,01-07-2026 14:45:52,01-07-2026 14:45:52,01-07-2026 14:45:52,13-07-2026 0:00:00,13-07-2026 0:00:00,8,4,5,2,7,False,3,8,800131,V800,45,771421
1167645,SIN_COLUMNA,FES,FES,Regiones,10,True,01-07-2026 0:00:00,01-07-2026 12:41:02,01-07-2026 14:45:45,01-07-2026 14:45:45,01-07-2026 14:45:45,13-07-2026 0:00:00,13-07-2026 0:00:00,8,4,5,2,7,False,3,8,800131,V800,45,552161
1167627,SIN_COLUMNA,FES,FES,Regiones,08,True,01-07-2026 0:00:00,01-07-2026 12:02:57,02-07-2026 8:20:58,02-07-2026 8:20:58,02-07-2026 8:20:58,22-07-2026 0:00:00,22-07-2026 0:00:00,14,4,5,2,7,False,9,13,650222,V580,45,3420881
1167614,SIN_COLUMNA,FES,FES,Regiones,08,True,01-07-2026 0:00:00,01-07-2026 11:19:40,02-07-2026 8:20:50,02-07-2026 8:20:50,02-07-2026 8:20:50,22-07-2026 0:00:00,22-07-2026 0:00:00,14,4,5,2,7,False,9,13,650222,V580,45,11890005
4190139938,SIN_COLUMNA,FES,FES,Santiago,13,True,01-07-2026 0:00:00,01-07-2026 10:32:51,01-07-2026 10:50:36,01-07-2026 10:50:36,01-07-2026 10:50:36,27-07-2026 0:00:00,27-07-2026 0:00:00,17,3,4,1,5,False,13,17,440433,V610,45,8731243
1167581,SIN_COLUMNA,FES,FES,Santiago,13,True,30-06-2026 0:00:00,30-06-2026 22:31:19,10-07-2026 8:26:49,10-07-2026 8:26:49,10-07-2026 8:26:49,10-07-2026 0:00:00,10-07-2026 0:00:00,8,3,4,1,5,False,4,0,440409,V585,45,854676
4190139903,SIN_COLUMNA,FES,FES,Santiago,13,True,30-06-2026 0:00:00,30-06-2026 12:47:13,30-06-2026 13:00:39,30-06-2026 13:00:39,30-06-2026 13:00:39,07-07-2026 0:00:00,07-07-2026 0:00:00,5,3,4,1,5,False,1,5,410455,V650,45,140903
4190139902,SIN_COLUMNA,FES,FES,Santiago,13,True,30-06-2026 0:00:00,30-06-2026 12:39:24,30-06-2026 13:45:10,30-06-2026 13:45:10,30-06-2026 13:45:10,07-07-2026 0:00:00,07-07-2026 0:00:00,5,3,4,1,5,False,1,5,455211,V610,45,6802980
1167483,SIN_COLUMNA,FES,FES,Regiones,08,True,29-06-2026 0:00:00,29-06-2026 22:20:48,02-07-2026 8:20:36,02-07-2026 8:20:36,02-07-2026 8:20:36,07-07-2026 0:00:00,07-07-2026 0:00:00,6,4,5,2,7,False,1,3,600134,V580,45,481086
1167482,SIN_COLUMNA,FES,FES,Regiones,08,True,29-06-2026 0:00:00,29-06-2026 22:18:18,02-07-2026 8:22:13,02-07-2026 8:22:13,02-07-2026 8:22:13,07-07-2026 0:00:00,07-07-2026 0:00:00,6,4,5,2,7,False,1,3,660056,V580,45,501552
1167481,SIN_COLUMNA,FES,FES,Regiones,08,True,29-06-2026 0:00:00,29-06-2026 22:15:00,02-07-2026 8:22:01,02-07-2026 8:22:01,02-07-2026 8:22:01,07-07-2026 0:00:00,07-07-2026 0:00:00,6,4,5,2,7,False,1,3,650666,V580,45,119124
4190139892,SIN_COLUMNA,FES,FES,Regiones,08,True,29-06-2026 0:00:00,29-06-2026 22:06:56,30-06-2026 14:25:58,30-06-2026 14:25:58,30-06-2026 14:25:58,07-07-2026 0:00:00,07-07-2026 0:00:00,6,4,5,2,7,False,1,5,650338,V580,45,2980190
4190139889,SIN_COLUMNA,FES,FES,Santiago,13,True,29-06-2026 0:00:00,29-06-2026 16:56:50,01-07-2026 14:40:15,01-07-2026 14:40:15,01-07-2026 14:40:15,23-07-2026 0:00:00,23-07-2026 0:00:00,17,3,4,1,5,False,13,15,400247,V610,45,3068252
4190139888,SIN_COLUMNA,FES,FES,Santiago,13,True,29-06-2026 0:00:00,29-06-2026 16:48:55,01-07-2026 14:43:19,01-07-2026 14:43:19,01-07-2026 14:43:19,23-07-2026 0:00:00,23-07-2026 0:00:00,17,3,4,1,5,False,13,15,400247,V610,45,6608816
1167478,SIN_COLUMNA,FES,FES,Regiones,09,True,29-06-2026 0:00:00,29-06-2026 0:00:00,02-07-2026 8:22:25,02-07-2026 8:22:25,02-07-2026 8:22:25,07-07-2026 0:00:00,07-07-2026 0:00:00,6,4,5,2,7,False,1,3,750285,V580,45,506667
1167479,SIN_COLUMNA,FES,FES,Regiones,08,True,29-06-2026 0:00:00,29-06-2026 0:00:00,02-07-2026 8:21:18,02-07-2026 8:21:18,02-07-2026 8:21:18,07-07-2026 0:00:00,07-07-2026 0:00:00,6,4,5,2,7,False,1,3,650664,V580,45,537365
4190139882,SIN_COLUMNA,FES,FES,Santiago,13,True,27-06-2026 0:00:00,27-06-2026 12:50:24,01-07-2026 14:59:33,01-07-2026 14:59:33,01-07-2026 14:59:33,30-07-2026 0:00:00,30-07-2026 0:00:00,22,3,4,1,5,False,18,20,420743,V610,45,29466054
4190139883,SIN_COLUMNA,FES,FES,Santiago,13,True,27-06-2026 0:00:00,27-06-2026 0:00:00,01-07-2026 14:41:03,01-07-2026 14:41:03,01-07-2026 14:41:03,30-07-2026 0:00:00,30-07-2026 0:00:00,22,3,4,1,5,False,18,20,420743,V610,45,3665592
4190139881,SIN_COLUMNA,FES,FES,Regiones,08,True,26-06-2026 0:00:00,26-06-2026 18:51:35,30-06-2026 9:43:38,30-06-2026 9:43:38,30-06-2026 9:43:38,07-07-2026 0:00:00,07-07-2026 0:00:00,6,4,5,2,7,False,1,5,600016,V108,45,261430
4190139878,SIN_COLUMNA,FES,FES,Regiones,09,True,26-06-2026 0:00:00,26-06-2026 14:18:19,26-06-2026 14:29:51,26-06-2026 14:29:51,26-06-2026 14:29:51,13-07-2026 0:00:00,13-07-2026 0:00:00,10,4,5,2,7,False,5,10,720032,V108,45,441872
1167380,SIN_COLUMNA,FES,FES,Santiago,13,True,26-06-2026 0:00:00,26-06-2026 12:20:34,26-06-2026 12:58:56,26-06-2026 12:58:56,26-06-2026 12:58:56,07-07-2026 0:00:00,07-07-2026 0:00:00,6,3,4,1,5,False,2,6,981528,V612,46,71831
1167379,SIN_COLUMNA,FES,FES,Santiago,13,True,26-06-2026 0:00:00,26-06-2026 11:59:32,26-06-2026 12:58:55,26-06-2026 12:58:55,26-06-2026 12:58:55,07-07-2026 0:00:00,07-07-2026 0:00:00,6,3,4,1,5,False,2,6,981528,V612,46,143662
1167373,SIN_COLUMNA,FES,FES,Santiago,13,True,25-06-2026 0:00:00,25-06-2026 22:50:41,30-06-2026 9:43:18,30-06-2026 9:43:18,30-06-2026 11:52:00,23-07-2026 0:00:00,23-07-2026 0:00:00,18,3,4,1,5,False,14,16,430578,V612,46,983960
4190139868,SIN_COLUMNA,FES,FES,Regiones,11,True,25-06-2026 0:00:00,25-06-2026 17:24:45,01-07-2026 16:56:15,01-07-2026 16:56:15,01-07-2026 16:56:15,13-07-2026 0:00:00,13-07-2026 0:00:00,11,4,5,2,7,False,6,8,940036,V800,45,2877519
1167360,SIN_COLUMNA,FES,FES,Santiago,13,True,25-06-2026 0:00:00,25-06-2026 13:48:46,07-07-2026 12:05:52,07-07-2026 12:05:52,07-07-2026 12:05:52,07-07-2026 0:00:00,07-07-2026 0:00:00,7,3,4,1,5,False,3,0,410159,V585,45,12423612
4190139858,SIN_COLUMNA,FES,FES,Regiones,11,True,24-06-2026 0:00:00,24-06-2026 19:53:14,01-07-2026 16:56:13,01-07-2026 16:56:13,01-07-2026 16:56:13,13-07-2026 0:00:00,13-07-2026 0:00:00,12,4,5,2,7,False,7,8,940036,V800,45,916700
1167340,SIN_COLUMNA,FES,FES,Santiago,13,True,24-06-2026 0:00:00,24-06-2026 12:30:52,26-06-2026 12:57:46,26-06-2026 12:57:46,26-06-2026 11:48:00,06-07-2026 0:00:00,06-07-2026 0:00:00,7,3,4,1,5,False,3,5,400560,V612,46,8576552
1167324,SIN_COLUMNA,FES,FES,Regiones,04,True,24-06-2026 0:00:00,24-06-2026 0:53:45,26-06-2026 0:00:00,26-06-2026 0:00:00,30-06-2026 11:54:00,10-07-2026 0:00:00,10-07-2026 0:00:00,11,4,5,2,7,False,6,9,200049,V834,45,1645250
1167318,SIN_COLUMNA,FES,FES,Santiago,13,True,23-06-2026 0:00:00,23-06-2026 17:54:31,26-06-2026 0:00:00,26-06-2026 0:00:00,30-06-2026 11:45:00,03-07-2026 0:00:00,03-07-2026 0:00:00,7,3,4,1,5,False,3,4,430676,V615,45,821528
1167317,SIN_COLUMNA,FES,FES,Santiago,13,True,23-06-2026 0:00:00,23-06-2026 17:50:28,26-06-2026 0:00:00,26-06-2026 0:00:00,30-06-2026 11:45:00,06-07-2026 0:00:00,06-07-2026 0:00:00,8,3,4,1,5,False,4,5,430676,V615,45,477204
1167311,SIN_COLUMNA,FES,FES,Santiago,13,True,23-06-2026 0:00:00,23-06-2026 14:51:59,01-07-2026 12:11:42,01-07-2026 12:11:42,01-07-2026 12:11:42,06-07-2026 0:00:00,06-07-2026 0:00:00,8,3,4,1,5,False,4,3,981560,V612,46,248115
4190139804,SIN_COLUMNA,FES,FES,Regiones,11,True,22-06-2026 0:00:00,22-06-2026 18:33:17,01-07-2026 16:56:12,01-07-2026 16:56:12,01-07-2026 16:56:12,09-07-2026 0:00:00,09-07-2026 0:00:00,12,4,5,2,7,False,7,6,940036,V800,45,1617687
4190139801,SIN_COLUMNA,FES,FES,Regiones,11,True,22-06-2026 0:00:00,22-06-2026 18:12:39,01-07-2026 16:56:04,01-07-2026 16:56:04,01-07-2026 16:56:04,08-07-2026 0:00:00,08-07-2026 0:00:00,11,4,5,2,7,False,6,5,940036,V800,45,3008862
1167287,SIN_COLUMNA,FES,FES,Santiago,13,True,22-06-2026 0:00:00,22-06-2026 16:20:53,01-07-2026 12:11:41,01-07-2026 12:11:41,01-07-2026 12:11:41,06-07-2026 0:00:00,06-07-2026 0:00:00,9,3,4,1,5,False,5,3,981560,V612,46,191928
4190139788,SIN_COLUMNA,FES,FES,Regiones,01,True,22-06-2026 0:00:00,22-06-2026 14:22:52,01-07-2026 11:21:24,01-07-2026 11:21:24,01-07-2026 11:21:24,09-07-2026 0:00:00,09-07-2026 0:00:00,12,4,5,2,7,False,7,6,100045,V861,45,1208567
4190139745,SIN_COLUMNA,FES,FES,Regiones,08,True,18-06-2026 0:00:00,18-06-2026 11:23:22,30-06-2026 14:14:33,30-06-2026 14:14:33,30-06-2026 14:14:33,02-07-2026 0:00:00,02-07-2026 0:00:00,9,4,5,2,7,False,4,2,650347,V580,45,430999
4190139682,SIN_COLUMNA,FES,FES,Regiones,08,True,12-06-2026 0:00:00,12-06-2026 0:00:00,30-06-2026 14:14:33,30-06-2026 14:14:33,30-06-2026 14:14:33,03-07-2026 0:00:00,03-07-2026 0:00:00,14,4,5,2,7,False,9,3,650347,V580,45,1955217
1167106,SIN_COLUMNA,FES,FES,Santiago,13,True,09-06-2026 0:00:00,09-06-2026 13:34:41,26-06-2026 11:00:26,26-06-2026 11:00:26,26-06-2026 11:00:26,26-06-2026 0:00:00,26-06-2026 0:00:00,13,3,4,1,5,False,9,0,970007,V906,47,135006
1167090,SIN_COLUMNA,FES,FES,Regiones,07,True,08-06-2026 0:00:00,08-06-2026 0:00:00,26-06-2026 10:58:42,26-06-2026 10:58:42,26-06-2026 10:58:42,02-07-2026 0:00:00,02-07-2026 0:00:00,17,4,5,2,7,False,12,3,550145,V610,45,579090
4190139574,SIN_COLUMNA,FES,FES,Regiones,08,True,03-06-2026 0:00:00,03-06-2026 15:35:07,30-06-2026 14:14:22,30-06-2026 14:14:22,30-06-2026 14:14:22,03-07-2026 0:00:00,03-07-2026 0:00:00,21,4,5,2,7,False,16,3,650347,V580,45,748852
1166838,SIN_COLUMNA,FES,FES,Santiago,13,True,29-05-2026 0:00:00,29-05-2026 12:15:41,01-06-2026 9:44:17,01-06-2026 9:44:17,01-06-2026 9:44:17,05-06-2026 0:00:00,05-06-2026 0:00:00,5,3,4,1,5,False,1,4,411402,V612,46,3476479
1166700,SIN_COLUMNA,FES,FES,Santiago,13,True,28-05-2026 0:00:00,28-05-2026 14:13:36,30-05-2026 9:18:48,30-05-2026 9:18:48,30-05-2026 9:18:48,04-06-2026 0:00:00,04-06-2026 0:00:00,5,3,4,1,5,False,1,4,420743,V610,45,7113340
4190139496,SIN_COLUMNA,FES,FES,Regiones,06,True,28-05-2026 0:00:00,28-05-2026 11:46:32,01-06-2026 12:22:29,01-06-2026 12:22:29,01-06-2026 12:22:29,05-06-2026 0:00:00,05-06-2026 0:00:00,6,4,5,2,7,False,1,4,500320,V650,45,36180
1166699,SIN_COLUMNA,FES,FES,Santiago,13,True,28-05-2026 0:00:00,28-05-2026 0:00:00,01-06-2026 9:02:31,01-06-2026 9:02:31,01-06-2026 9:02:31,04-06-2026 0:00:00,04-06-2026 0:00:00,5,3,4,1,5,False,1,3,420743,V610,45,5659192
1166696,SIN_COLUMNA,FES + SALDO,FES + SALDO,Santiago,13,True,28-05-2026 0:00:00,28-05-2026 0:00:00,28-05-2026 16:53:23,03-06-2026 14:56:17,05-06-2026 9:50:00,05-06-2026 0:00:00,05-06-2026 0:00:00,6,3,4,1,5,False,2,2,410159,V585,45,49828876
1166660,SIN_COLUMNA,FES,FES,Regiones,07,True,26-05-2026 0:00:00,26-05-2026 17:49:17,26-06-2026 12:58:16,26-06-2026 12:58:16,26-06-2026 12:58:16,03-07-2026 0:00:00,03-07-2026 0:00:00,27,4,5,2,7,False,22,4,550145,V550,45,2636403
1166656,SIN_COLUMNA,FES,FES,Regiones,08,True,26-05-2026 0:00:00,26-05-2026 15:23:27,01-06-2026 9:02:43,01-06-2026 9:02:43,01-06-2026 9:02:43,03-06-2026 0:00:00,03-06-2026 0:00:00,6,4,5,2,7,False,1,2,650464,V612,46,1188512
1166377,SIN_COLUMNA,FES,FES,Santiago,13,True,04-05-2026 0:00:00,04-05-2026 13:48:40,04-05-2026 0:00:00,04-05-2026 0:00:00,04-05-2026 0:00:00,12-05-2026 0:00:00,12-05-2026 0:00:00,6,3,4,1,5,False,2,6,440454,V615,45,11720757
4190139166,SIN_COLUMNA,FES,FES,Santiago,13,True,04-05-2026 0:00:00,04-05-2026 11:58:58,04-05-2026 12:56:25,04-05-2026 12:56:25,04-05-2026 12:56:25,11-05-2026 0:00:00,11-05-2026 0:00:00,5,3,4,1,5,False,1,5,455211,V610,45,1476379
1166295,SIN_COLUMNA,FES,FES,Santiago,13,True,04-05-2026 0:00:00,04-05-2026 9:17:25,04-05-2026 11:04:33,04-05-2026 11:04:33,04-05-2026 11:04:33,11-05-2026 0:00:00,11-05-2026 0:00:00,5,3,4,1,5,False,1,5,410586,V612,46,171820
1166144,SIN_COLUMNA,FES,FES,Santiago,13,True,04-05-2026 0:00:00,04-05-2026 8:20:36,04-05-2026 11:04:39,04-05-2026 11:04:39,04-05-2026 11:04:39,18-05-2026 0:00:00,18-05-2026 0:00:00,10,3,4,1,5,False,6,10,440474,V610,45,24986591
1166070,SIN_COLUMNA,FES,FES,Santiago,13,True,30-04-2026 0:00:00,30-04-2026 12:32:05,02-05-2026 11:29:36,02-05-2026 11:29:36,02-05-2026 11:29:36,14-05-2026 0:00:00,14-05-2026 0:00:00,9,3,4,1,5,False,5,9,440454,V615,45,45103701
1166069,SIN_COLUMNA,FES,FES,Santiago,13,True,30-04-2026 0:00:00,30-04-2026 12:17:02,30-04-2026 15:36:04,30-04-2026 15:36:04,30-04-2026 15:36:04,11-05-2026 0:00:00,11-05-2026 0:00:00,6,3,4,1,5,False,2,6,411402,V612,46,128645
1166060,SIN_COLUMNA,FES,FES,Santiago,13,True,30-04-2026 0:00:00,30-04-2026 9:58:36,30-04-2026 10:44:17,30-04-2026 10:44:17,30-04-2026 10:44:17,11-05-2026 0:00:00,11-05-2026 0:00:00,6,3,4,1,5,False,2,6,410586,V612,46,155782
4190139156,SIN_COLUMNA,FES,FES,Regiones,07,True,30-04-2026 0:00:00,30-04-2026 0:00:00,02-05-2026 11:30:35,02-05-2026 11:30:35,02-05-2026 11:30:35,11-05-2026 0:00:00,11-05-2026 0:00:00,6,4,5,2,7,False,1,6,550126,V550,45,1501701
1166057,SIN_COLUMNA,FES,FES,Santiago,13,True,30-04-2026 0:00:00,30-04-2026 0:00:00,30-04-2026 20:36:55,30-04-2026 20:36:55,30-04-2026 20:36:55,03-06-2026 0:00:00,03-06-2026 0:00:00,22,3,4,1,5,False,18,22,420743,V610,45,24778068
4190139947,SIN_COLUMNA,FES,FES,Regiones,10,True,02-07-2026 0:00:00,02-07-2026 9:36:29,02-07-2026 9:45:57,02-07-2026 9:45:57,02-07-2026 9:45:57,10-07-2026 0:00:00,10-07-2026 0:00:00,6,4,5,2,7,False,1,6,900113,V800,43,262801
4190139944,SIN_COLUMNA,FES,FES,Santiago,13,True,01-07-2026 0:00:00,01-07-2026 12:41:37,01-07-2026 15:07:36,01-07-2026 15:07:36,01-07-2026 15:07:36,13-07-2026 0:00:00,13-07-2026 0:00:00,8,3,4,1,5,False,4,8,411459,V650,43,270198
4190139943,SIN_COLUMNA,FES,FES,Santiago,13,True,01-07-2026 0:00:00,01-07-2026 11:59:24,01-07-2026 15:07:34,01-07-2026 15:07:34,01-07-2026 15:07:34,13-07-2026 0:00:00,13-07-2026 0:00:00,8,3,4,1,5,False,4,8,411459,V650,43,237235
1167628,SIN_COLUMNA,FES,FES,Regiones,01,True,01-07-2026 0:00:00,01-07-2026 11:47:27,01-07-2026 0:00:00,01-07-2026 0:00:00,01-07-2026 0:00:00,14-07-2026 0:00:00,14-07-2026 0:00:00,9,4,5,2,7,False,4,9,110198,V861,43,6785153
4190139937,SIN_COLUMNA,FES,FES,Regiones,04,True,30-06-2026 0:00:00,30-06-2026 23:23:21,01-07-2026 8:59:03,01-07-2026 8:59:03,01-07-2026 8:59:03,13-07-2026 0:00:00,13-07-2026 0:00:00,9,4,5,2,7,False,4,8,205051,V834,43,1197625
4190139936,SIN_COLUMNA,FES,FES,Regiones,11,True,30-06-2026 0:00:00,30-06-2026 22:26:59,01-07-2026 8:59:52,01-07-2026 8:59:52,01-07-2026 8:59:52,08-07-2026 0:00:00,08-07-2026 0:00:00,6,4,5,2,7,False,1,5,940054,V800,43,428943
4190139935,SIN_COLUMNA,FES,FES,Regiones,11,True,30-06-2026 0:00:00,30-06-2026 22:24:46,01-07-2026 8:59:52,01-07-2026 8:59:52,01-07-2026 8:59:52,09-07-2026 0:00:00,09-07-2026 0:00:00,7,4,5,2,7,False,2,6,940054,V800,43,832560
4190139934,SIN_COLUMNA,FES,FES,Regiones,11,True,30-06-2026 0:00:00,30-06-2026 22:12:35,01-07-2026 8:59:46,01-07-2026 8:59:46,01-07-2026 8:59:46,08-07-2026 0:00:00,08-07-2026 0:00:00,6,4,5,2,7,False,1,5,940054,V800,43,626260
4190139932,SIN_COLUMNA,FES,FES,Regiones,01,True,30-06-2026 0:00:00,30-06-2026 21:54:06,01-07-2026 14:44:29,01-07-2026 14:44:29,01-07-2026 14:44:29,10-07-2026 0:00:00,10-07-2026 0:00:00,8,4,5,2,7,False,3,7,100060,V861,43,3413923
4190139931,SIN_COLUMNA,FES,FES,Regiones,11,True,30-06-2026 0:00:00,30-06-2026 21:31:42,01-07-2026 8:59:40,01-07-2026 8:59:40,01-07-2026 8:59:40,09-07-2026 0:00:00,09-07-2026 0:00:00,7,4,5,2,7,False,2,6,940051,V800,43,3188112
4190139930,SIN_COLUMNA,FES,FES,Regiones,01,True,30-06-2026 0:00:00,30-06-2026 19:25:27,01-07-2026 8:58:39,01-07-2026 8:58:39,01-07-2026 8:58:39,10-07-2026 0:00:00,10-07-2026 0:00:00,8,4,5,2,7,False,3,7,100122,V861,43,515809
4190139928,SIN_COLUMNA,FES,FES,Santiago,13,True,30-06-2026 0:00:00,30-06-2026 18:46:59,01-07-2026 8:59:27,01-07-2026 8:59:27,01-07-2026 8:59:27,09-07-2026 0:00:00,09-07-2026 0:00:00,7,3,4,1,5,False,3,6,455151,V650,43,425054
4190139927,SIN_COLUMNA,FES,FES,Regiones,11,True,30-06-2026 0:00:00,30-06-2026 18:42:47,01-07-2026 8:59:29,01-07-2026 8:59:29,01-07-2026 8:59:29,09-07-2026 0:00:00,09-07-2026 0:00:00,7,4,5,2,7,False,2,6,940051,V800,43,1252520
4190139926,SIN_COLUMNA,FES,FES,Santiago,13,True,30-06-2026 0:00:00,30-06-2026 18:36:58,30-06-2026 18:45:04,30-06-2026 18:45:04,30-06-2026 18:45:04,13-07-2026 0:00:00,13-07-2026 0:00:00,9,3,4,1,5,False,5,9,455151,V650,43,311455
4190139924,SIN_COLUMNA,FES,FES,Regiones,01,True,30-06-2026 0:00:00,30-06-2026 17:48:16,01-07-2026 8:58:42,01-07-2026 8:58:42,01-07-2026 8:58:42,09-07-2026 0:00:00,09-07-2026 0:00:00,7,4,5,2,7,False,2,6,110063,V861,43,1068441
4190139923,SIN_COLUMNA,FES,FES,Regiones,05,True,30-06-2026 0:00:00,30-06-2026 17:38:00,30-06-2026 18:45:00,30-06-2026 18:45:00,30-06-2026 18:45:00,10-07-2026 0:00:00,10-07-2026 0:00:00,8,4,5,2,7,False,3,8,335023,V400,43,780370
1167579,SIN_COLUMNA,FES,FES,Santiago,13,True,30-06-2026 0:00:00,30-06-2026 17:21:32,01-07-2026 9:49:11,01-07-2026 9:49:11,01-07-2026 9:49:11,07-07-2026 0:00:00,07-07-2026 0:00:00,5,3,4,1,5,False,1,4,400319,V615,43,399897
1167578,SIN_COLUMNA,FES,FES,Santiago,13,True,30-06-2026 0:00:00,30-06-2026 17:03:55,30-06-2026 18:16:02,30-06-2026 18:16:02,30-06-2026 18:16:02,09-07-2026 0:00:00,09-07-2026 0:00:00,7,3,4,1,5,False,3,7,420263,V615,43,252846
4190139920,SIN_COLUMNA,FES,FES,Regiones,07,True,30-06-2026 0:00:00,30-06-2026 16:54:35,02-07-2026 14:45:08,02-07-2026 14:45:08,02-07-2026 14:45:08,10-07-2026 0:00:00,10-07-2026 0:00:00,8,4,5,2,7,False,3,6,560020,V550,43,1270081
1167576,SIN_COLUMNA,FES,FES,Regiones,08,True,30-06-2026 0:00:00,30-06-2026 16:35:59,30-06-2026 18:45:32,30-06-2026 18:45:32,30-06-2026 18:45:32,21-07-2026 0:00:00,21-07-2026 0:00:00,14,4,5,2,7,False,9,14,595011,V108,43,15018994
1167575,SIN_COLUMNA,FES,FES,Regiones,02,True,30-06-2026 0:00:00,30-06-2026 16:26:42,30-06-2026 18:14:26,30-06-2026 18:14:26,30-06-2026 18:14:26,13-07-2026 0:00:00,13-07-2026 0:00:00,9,4,5,2,7,False,4,9,150290,V817,43,561647
1167573,SIN_COLUMNA,FES,FES,Santiago,13,True,30-06-2026 0:00:00,30-06-2026 15:45:29,01-07-2026 9:49:17,01-07-2026 9:49:17,01-07-2026 9:49:17,08-07-2026 0:00:00,08-07-2026 0:00:00,6,3,4,1,5,False,2,5,400495,V615,43,303529
1167571,SIN_COLUMNA,FES,FES,Santiago,13,True,30-06-2026 0:00:00,30-06-2026 14:52:12,30-06-2026 18:15:55,30-06-2026 18:15:55,30-06-2026 18:15:55,07-07-2026 0:00:00,07-07-2026 0:00:00,5,3,4,1,5,False,1,5,410850,V102,43,333991
4190139915,SIN_COLUMNA,FES,FES,Santiago,13,True,30-06-2026 0:00:00,30-06-2026 14:51:47,30-06-2026 18:16:25,30-06-2026 18:16:25,30-06-2026 18:16:25,07-07-2026 0:00:00,07-07-2026 0:00:00,5,3,4,1,5,False,1,5,430852,V650,43,334965
4190139908,SIN_COLUMNA,FES,FES,Regiones,05,True,30-06-2026 0:00:00,30-06-2026 13:59:59,30-06-2026 14:25:50,30-06-2026 14:25:50,30-06-2026 14:25:50,08-07-2026 0:00:00,08-07-2026 0:00:00,6,4,5,2,7,False,1,6,350045,V400,43,450583
4190139901,SIN_COLUMNA,FES,FES,Regiones,12,True,30-06-2026 0:00:00,30-06-2026 12:24:57,30-06-2026 13:01:53,30-06-2026 13:01:53,30-06-2026 13:01:53,13-07-2026 0:00:00,13-07-2026 0:00:00,9,4,5,2,7,False,4,9,950056,V800,43,2099475
4190139900,SIN_COLUMNA,FES,FES,Regiones,10,True,30-06-2026 0:00:00,30-06-2026 11:22:33,01-07-2026 9:49:54,01-07-2026 9:49:54,01-07-2026 9:49:54,10-07-2026 0:00:00,10-07-2026 0:00:00,8,4,5,2,7,False,3,7,900221,V800,43,3946386
4190139899,SIN_COLUMNA,FES,FES,Regiones,06,True,30-06-2026 0:00:00,30-06-2026 11:14:20,30-06-2026 12:29:12,30-06-2026 12:29:12,30-06-2026 12:29:12,13-07-2026 0:00:00,13-07-2026 0:00:00,9,4,5,2,7,False,4,9,500165,V550,43,294580
1167487,SIN_COLUMNA,FES,FES,Regiones,02,True,30-06-2026 0:00:00,30-06-2026 11:07:32,01-07-2026 14:44:34,01-07-2026 14:44:34,01-07-2026 14:44:34,08-07-2026 0:00:00,08-07-2026 0:00:00,6,4,5,2,7,False,1,5,130126,V817,43,631504
4190139898,SIN_COLUMNA,FES,FES,Santiago,13,True,30-06-2026 0:00:00,30-06-2026 10:59:09,30-06-2026 13:45:12,30-06-2026 13:45:12,30-06-2026 13:45:12,13-07-2026 0:00:00,13-07-2026 0:00:00,9,3,4,1,5,False,5,9,445070,V650,43,305030
4190139897,SIN_COLUMNA,FES,FES,Regiones,07,True,30-06-2026 0:00:00,30-06-2026 10:57:51,01-07-2026 14:45:29,01-07-2026 14:45:29,01-07-2026 14:45:29,30-07-2026 0:00:00,30-07-2026 0:00:00,21,4,5,2,7,False,16,20,540064,V550,43,3292437
1167486,SIN_COLUMNA,FES,FES,Regiones,02,True,30-06-2026 0:00:00,30-06-2026 10:40:35,30-06-2026 12:29:06,30-06-2026 12:29:06,30-06-2026 12:29:06,13-07-2026 0:00:00,13-07-2026 0:00:00,9,4,5,2,7,False,4,9,130083,V817,43,382993
4190139896,SIN_COLUMNA,FES,FES,Santiago,13,True,30-06-2026 0:00:00,30-06-2026 10:37:39,30-06-2026 11:00:12,30-06-2026 11:00:12,30-06-2026 11:00:12,07-07-2026 0:00:00,07-07-2026 0:00:00,5,3,4,1,5,False,1,5,455174,V650,43,180873
1167485,SIN_COLUMNA,FES,FES,Santiago,13,True,30-06-2026 0:00:00,30-06-2026 10:30:30,30-06-2026 0:00:00,30-06-2026 0:00:00,30-06-2026 0:00:00,07-07-2026 0:00:00,07-07-2026 0:00:00,5,3,4,1,5,False,1,5,430932,V615,43,53023
4190139893,SIN_COLUMNA,FES,FES,Regiones,04,True,30-06-2026 0:00:00,30-06-2026 8:13:46,01-07-2026 8:58:57,01-07-2026 8:58:57,01-07-2026 8:58:57,14-07-2026 0:00:00,14-07-2026 0:00:00,10,4,5,2,7,False,5,9,200149,V834,43,1144532
4190139925,SIN_COLUMNA,FES,FES,Santiago,13,True,30-06-2026 0:00:00,30-06-2026 0:00:00,01-07-2026 10:50:34,01-07-2026 10:50:34,01-07-2026 10:50:34,07-07-2026 0:00:00,07-07-2026 0:00:00,5,3,4,1,5,False,1,4,411459,V650,43,298693
4190139895,SIN_COLUMNA,FES,FES,Santiago,13,True,30-06-2026 0:00:00,30-06-2026 0:00:00,30-06-2026 14:14:19,30-06-2026 14:14:19,30-06-2026 14:14:19,07-07-2026 0:00:00,07-07-2026 0:00:00,5,3,4,1,5,False,1,5,495028,V650,43,278183
4190139918,SIN_COLUMNA,FES,FES,Santiago,13,True,30-06-2026 0:00:00,30-06-2026 0:00:00,30-06-2026 18:16:32,30-06-2026 18:16:32,30-06-2026 18:16:32,10-07-2026 0:00:00,10-07-2026 0:00:00,8,3,4,1,5,False,4,8,460198,V650,43,271275
4190139933,SIN_COLUMNA,FES,FES,Regiones,11,True,30-06-2026 0:00:00,30-06-2026 0:00:00,01-07-2026 8:59:46,01-07-2026 8:59:46,01-07-2026 8:59:46,09-07-2026 0:00:00,09-07-2026 0:00:00,7,4,5,2,7,False,2,6,940054,V800,43,1154579
4190139929,SIN_COLUMNA,FES,FES,Santiago,13,True,30-06-2026 0:00:00,30-06-2026 0:00:00,01-07-2026 8:59:27,01-07-2026 8:59:27,01-07-2026 8:59:27,09-07-2026 0:00:00,09-07-2026 0:00:00,7,3,4,1,5,False,3,6,468007,V650,43,325753
1167475,SIN_COLUMNA,FES,FES,Regiones,02,True,29-06-2026 0:00:00,29-06-2026 21:48:23,30-06-2026 13:45:14,30-06-2026 13:45:14,30-06-2026 13:45:14,10-07-2026 0:00:00,10-07-2026 0:00:00,9,4,5,2,7,False,4,8,130034,V817,43,2088795
4190139891,SIN_COLUMNA,FES,FES,Regiones,10,True,29-06-2026 0:00:00,29-06-2026 21:20:40,01-07-2026 12:11:40,01-07-2026 12:11:40,01-07-2026 12:11:40,13-07-2026 0:00:00,13-07-2026 0:00:00,10,4,5,2,7,False,5,8,880054,V800,43,211144
4190139887,SIN_COLUMNA,FES,FES,Regiones,08,True,27-06-2026 0:00:00,27-06-2026 21:40:09,30-06-2026 14:26:07,30-06-2026 14:26:07,30-06-2026 14:26:07,07-07-2026 0:00:00,07-07-2026 0:00:00,6,4,5,2,7,False,1,5,695045,V108,43,496600
4190139886,SIN_COLUMNA,FES,FES,Regiones,10,True,27-06-2026 0:00:00,27-06-2026 18:49:58,30-06-2026 9:43:22,30-06-2026 9:43:22,30-06-2026 9:43:22,13-07-2026 0:00:00,13-07-2026 0:00:00,10,4,5,2,7,False,5,9,895020,V800,43,246251
4190139885,SIN_COLUMNA,FES,FES,Regiones,10,True,27-06-2026 0:00:00,27-06-2026 18:46:01,30-06-2026 9:43:23,30-06-2026 9:43:23,30-06-2026 9:43:23,07-07-2026 0:00:00,07-07-2026 0:00:00,6,4,5,2,7,False,1,5,920025,V800,43,380966
1167471,SIN_COLUMNA,FES,FES,Santiago,13,True,26-06-2026 0:00:00,26-06-2026 17:12:38,30-06-2026 9:44:26,30-06-2026 9:44:26,30-06-2026 9:44:26,08-07-2026 0:00:00,08-07-2026 0:00:00,7,3,4,1,5,False,3,6,400471,V615,43,103709
4190139879,SIN_COLUMNA,FES,FES,Regiones,01,True,26-06-2026 0:00:00,26-06-2026 15:55:33,30-06-2026 9:44:24,30-06-2026 9:44:24,30-06-2026 9:44:24,13-07-2026 0:00:00,13-07-2026 0:00:00,10,4,5,2,7,False,5,9,110044,V861,43,1801655
4190139875,SIN_COLUMNA,FES,FES,Regiones,10,True,26-06-2026 0:00:00,26-06-2026 11:19:36,01-07-2026 9:49:32,01-07-2026 9:49:32,01-07-2026 9:49:32,09-07-2026 0:00:00,09-07-2026 0:00:00,8,4,5,2,7,False,3,6,900221,V800,43,1242396
1167470,SIN_COLUMNA,FES,FES,Santiago,13,True,26-06-2026 0:00:00,26-06-2026 0:00:00,30-06-2026 9:43:21,30-06-2026 9:43:21,30-06-2026 9:43:21,07-07-2026 0:00:00,07-07-2026 0:00:00,6,3,4,1,5,False,2,5,430932,V615,43,479001
1167469,SIN_COLUMNA,FES,FES,Santiago,13,True,26-06-2026 0:00:00,26-06-2026 0:00:00,30-06-2026 9:44:30,30-06-2026 9:44:30,30-06-2026 9:44:30,13-07-2026 0:00:00,13-07-2026 0:00:00,10,3,4,1,5,False,6,9,400666,V615,43,684627
4190139873,SIN_COLUMNA,FES,FES,Regiones,08,True,25-06-2026 0:00:00,25-06-2026 21:05:43,01-07-2026 9:49:21,01-07-2026 9:49:21,01-07-2026 9:49:21,08-07-2026 0:00:00,08-07-2026 0:00:00,8,4,5,2,7,False,3,5,653013,V580,43,1142114
4190139872,SIN_COLUMNA,FES,FES,Regiones,08,True,25-06-2026 0:00:00,25-06-2026 20:59:46,26-06-2026 12:58:27,26-06-2026 12:58:27,26-06-2026 12:58:27,07-07-2026 0:00:00,07-07-2026 0:00:00,7,4,5,2,7,False,2,6,650240,V580,43,215412
4190139870,SIN_COLUMNA,FES,FES,Regiones,10,True,25-06-2026 0:00:00,25-06-2026 19:30:18,26-06-2026 12:58:46,26-06-2026 12:58:46,26-06-2026 12:58:46,06-07-2026 0:00:00,06-07-2026 0:00:00,6,4,5,2,7,False,1,5,880051,V800,43,176350
4190139867,SIN_COLUMNA,FES,FES,Regiones,07,True,25-06-2026 0:00:00,25-06-2026 17:19:34,26-06-2026 12:58:18,26-06-2026 12:58:18,26-06-2026 12:58:18,06-07-2026 0:00:00,06-07-2026 0:00:00,6,4,5,2,7,False,1,5,571001,V550,43,2677468
4190139866,SIN_COLUMNA,FES,FES,Regiones,05,True,25-06-2026 0:00:00,25-06-2026 17:19:19,26-06-2026 12:57:44,26-06-2026 12:57:44,26-06-2026 12:57:44,06-07-2026 0:00:00,06-07-2026 0:00:00,6,4,5,2,7,False,1,5,345382,V400,43,2318014
4190139864,SIN_COLUMNA,FES,FES,Regiones,05,True,25-06-2026 0:00:00,25-06-2026 15:10:51,30-06-2026 10:59:58,30-06-2026 10:59:58,30-06-2026 10:59:58,13-07-2026 0:00:00,13-07-2026 0:00:00,11,4,5,2,7,False,6,9,375050,V400,43,1615115
1167359,SIN_COLUMNA,FES,FES,Regiones,08,True,25-06-2026 0:00:00,25-06-2026 13:45:14,01-07-2026 14:45:41,01-07-2026 14:45:41,01-07-2026 14:45:41,09-07-2026 0:00:00,09-07-2026 0:00:00,9,4,5,2,7,False,4,6,700161,V108,43,1162903
1167351,SIN_COLUMNA,FES,FES,Santiago,13,True,25-06-2026 0:00:00,25-06-2026 9:21:07,26-06-2026 12:58:04,26-06-2026 12:58:04,26-06-2026 12:58:04,09-07-2026 0:00:00,09-07-2026 0:00:00,9,3,4,1,5,False,5,8,440181,V615,43,17735
1167365,SIN_COLUMNA,FES,FES,Regiones,05,True,25-06-2026 0:00:00,25-06-2026 0:00:00,01-07-2026 8:59:20,01-07-2026 8:59:20,01-07-2026 8:59:20,14-07-2026 0:00:00,14-07-2026 0:00:00,12,4,5,2,7,False,7,9,280023,V835,43,9180229
4190139859,SIN_COLUMNA,FES,FES,Regiones,10,True,24-06-2026 0:00:00,24-06-2026 21:44:29,30-06-2026 12:29:13,30-06-2026 12:29:13,30-06-2026 12:39:00,14-07-2026 0:00:00,14-07-2026 0:00:00,13,4,5,2,7,False,8,10,880051,V800,43,491282
4190139857,SIN_COLUMNA,FES,FES,Santiago,13,True,24-06-2026 0:00:00,24-06-2026 19:41:50,26-06-2026 10:58:38,26-06-2026 10:58:38,26-06-2026 10:58:38,06-07-2026 0:00:00,06-07-2026 0:00:00,7,3,4,1,5,False,3,5,411330,V800,43,3210476
4190139856,SIN_COLUMNA,FES,FES,Regiones,03,True,24-06-2026 0:00:00,24-06-2026 18:21:10,30-06-2026 12:29:08,30-06-2026 12:29:08,30-06-2026 14:05:00,10-07-2026 0:00:00,10-07-2026 0:00:00,11,4,5,2,7,False,6,8,190006,V834,43,869744
4190139853,SIN_COLUMNA,FES,FES,Regiones,08,True,24-06-2026 0:00:00,24-06-2026 15:00:53,26-06-2026 10:59:01,26-06-2026 10:59:01,26-06-2026 10:59:01,03-07-2026 0:00:00,03-07-2026 0:00:00,6,4,5,2,7,False,1,4,653013,V580,43,2032365
4190139851,SIN_COLUMNA,FES,FES,Regiones,04,True,24-06-2026 0:00:00,24-06-2026 12:38:20,26-06-2026 12:57:24,26-06-2026 12:57:24,26-06-2026 12:57:24,03-07-2026 0:00:00,03-07-2026 0:00:00,6,4,5,2,7,False,1,4,260025,V835,43,1873035
1167337,SIN_COLUMNA,FES,FES,Santiago,13,True,24-06-2026 0:00:00,24-06-2026 11:55:24,30-06-2026 18:45:03,30-06-2026 18:45:03,30-06-2026 18:45:03,03-07-2026 0:00:00,03-07-2026 0:00:00,6,3,4,1,5,False,2,3,430848,V615,43,160729
4190139845,SIN_COLUMNA,FES,FES,Regiones,04,True,23-06-2026 0:00:00,23-06-2026 20:56:06,26-06-2026 10:57:49,26-06-2026 10:57:49,26-06-2026 11:51:00,13-07-2026 0:00:00,13-07-2026 0:00:00,13,4,5,2,7,False,8,10,250048,V834,43,533837
1167316,SIN_COLUMNA,FES,FES,Regiones,05,True,23-06-2026 0:00:00,23-06-2026 17:34:26,30-06-2026 12:29:10,30-06-2026 12:29:10,30-06-2026 12:29:10,03-07-2026 0:00:00,03-07-2026 0:00:00,7,4,5,2,7,False,2,3,327013,V400,43,191877
1167315,SIN_COLUMNA,FES,FES,Regiones,07,True,23-06-2026 0:00:00,23-06-2026 16:32:43,01-07-2026 14:59:58,01-07-2026 14:59:58,01-07-2026 14:59:58,30-07-2026 0:00:00,30-07-2026 0:00:00,25,4,5,2,7,False,20,20,540064,V550,43,8526368
1167314,SIN_COLUMNA,FES,FES,Regiones,07,True,23-06-2026 0:00:00,23-06-2026 16:31:13,01-07-2026 14:59:33,01-07-2026 14:59:33,01-07-2026 14:59:33,06-07-2026 0:00:00,06-07-2026 0:00:00,8,4,5,2,7,False,3,3,540064,V550,43,3518751
1167309,SIN_COLUMNA,FES,FES,Regiones,04,True,23-06-2026 0:00:00,23-06-2026 14:48:59,26-06-2026 12:57:32,26-06-2026 12:57:32,26-06-2026 12:57:32,03-07-2026 0:00:00,03-07-2026 0:00:00,7,4,5,2,7,False,2,4,260035,V835,43,1971634
4190139833,SIN_COLUMNA,FES,FES,Regiones,05,True,23-06-2026 0:00:00,23-06-2026 11:32:43,01-07-2026 14:44:43,01-07-2026 14:44:43,01-07-2026 14:44:43,13-07-2026 0:00:00,13-07-2026 0:00:00,13,4,5,2,7,False,8,8,351028,V400,43,484662
1167304,SIN_COLUMNA,FES,FES,Regiones,07,True,23-06-2026 0:00:00,23-06-2026 11:08:56,02-07-2026 9:46:54,02-07-2026 9:46:54,02-07-2026 9:46:54,03-07-2026 0:00:00,03-07-2026 0:00:00,7,4,5,2,7,False,2,1,590042,V610,43,643585
1167303,SIN_COLUMNA,FES,FES,Regiones,02,True,23-06-2026 0:00:00,23-06-2026 11:02:39,30-06-2026 18:14:40,30-06-2026 18:14:40,30-06-2026 18:14:40,09-07-2026 0:00:00,09-07-2026 0:00:00,11,4,5,2,7,False,6,7,150316,V817,43,1519162
4190139832,SIN_COLUMNA,FES,FES,Regiones,03,True,23-06-2026 0:00:00,23-06-2026 7:10:58,26-06-2026 10:57:48,26-06-2026 10:57:48,26-06-2026 10:57:48,07-07-2026 0:00:00,07-07-2026 0:00:00,9,4,5,2,7,False,4,6,190001,V834,43,1642270
4190139827,SIN_COLUMNA,FES,FES,Santiago,13,True,22-06-2026 0:00:00,22-06-2026 23:19:00,30-06-2026 18:45:16,30-06-2026 18:45:16,30-06-2026 18:45:16,06-07-2026 0:00:00,06-07-2026 0:00:00,9,3,4,1,5,False,5,4,460268,V650,43,237123
4190139825,SIN_COLUMNA,FES,FES,Regiones,04,True,22-06-2026 0:00:00,22-06-2026 23:13:01,30-06-2026 18:15:28,30-06-2026 18:15:28,30-06-2026 18:15:28,13-07-2026 0:00:00,13-07-2026 0:00:00,14,4,5,2,7,False,9,9,210135,V834,43,5060188
4190139823,SIN_COLUMNA,FES,FES,Santiago,13,True,22-06-2026 0:00:00,22-06-2026 23:01:36,30-06-2026 18:45:20,30-06-2026 18:45:20,30-06-2026 18:45:20,06-07-2026 0:00:00,06-07-2026 0:00:00,9,3,4,1,5,False,5,4,496035,V650,43,142547
4190139820,SIN_COLUMNA,FES,FES,Santiago,13,True,22-06-2026 0:00:00,22-06-2026 22:44:57,30-06-2026 18:45:14,30-06-2026 18:45:14,30-06-2026 18:45:14,06-07-2026 0:00:00,06-07-2026 0:00:00,9,3,4,1,5,False,5,4,455351,V650,43,151636
4190139819,SIN_COLUMNA,FES,FES,Santiago,13,True,22-06-2026 0:00:00,22-06-2026 22:33:45,30-06-2026 18:45:18,30-06-2026 18:45:18,30-06-2026 18:45:18,06-07-2026 0:00:00,06-07-2026 0:00:00,9,3,4,1,5,False,5,4,471012,V650,43,161308
4190139818,SIN_COLUMNA,FES,FES,Santiago,13,True,22-06-2026 0:00:00,22-06-2026 22:17:34,30-06-2026 13:45:08,30-06-2026 13:45:08,30-06-2026 13:45:08,06-07-2026 0:00:00,06-07-2026 0:00:00,9,3,4,1,5,False,5,4,460270,V650,43,177549
4190139811,SIN_COLUMNA,FES,FES,Santiago,13,True,22-06-2026 0:00:00,22-06-2026 20:27:35,30-06-2026 11:00:10,30-06-2026 11:00:10,30-06-2026 11:00:10,08-07-2026 0:00:00,08-07-2026 0:00:00,11,3,4,1,5,False,7,6,411412,V650,43,249968
4190139805,SIN_COLUMNA,FES,FES,Santiago,13,True,22-06-2026 0:00:00,22-06-2026 18:34:31,30-06-2026 14:14:11,30-06-2026 14:14:11,30-06-2026 14:14:11,06-07-2026 0:00:00,06-07-2026 0:00:00,9,3,4,1,5,False,5,4,460508,V650,43,231934
4190139803,SIN_COLUMNA,FES,FES,Santiago,13,True,22-06-2026 0:00:00,22-06-2026 18:31:01,30-06-2026 14:14:11,30-06-2026 14:14:11,30-06-2026 14:14:11,10-07-2026 0:00:00,10-07-2026 0:00:00,13,3,4,1,5,False,9,8,460508,V650,43,561864
1167295,SIN_COLUMNA,FES,FES,Regiones,08,True,22-06-2026 0:00:00,22-06-2026 17:47:28,26-06-2026 11:00:05,26-06-2026 11:00:05,26-06-2026 11:00:05,02-07-2026 0:00:00,02-07-2026 0:00:00,7,4,5,2,7,False,2,3,655013,V580,43,935220
1167294,SIN_COLUMNA,FES,FES,Regiones,08,True,22-06-2026 0:00:00,22-06-2026 17:46:43,26-06-2026 10:59:02,26-06-2026 10:59:02,26-06-2026 10:59:02,06-07-2026 0:00:00,06-07-2026 0:00:00,9,4,5,2,7,False,4,5,655013,V580,43,4548638
4190139798,SIN_COLUMNA,FES,FES,Regiones,05,True,22-06-2026 0:00:00,22-06-2026 17:44:01,26-06-2026 12:57:34,26-06-2026 12:57:34,26-06-2026 12:57:34,03-07-2026 0:00:00,03-07-2026 0:00:00,8,4,5,2,7,False,3,4,340001,V400,43,140689
4190139796,SIN_COLUMNA,FES,FES,Santiago,13,True,22-06-2026 0:00:00,22-06-2026 17:31:39,01-07-2026 9:49:18,01-07-2026 9:49:18,01-07-2026 9:49:18,06-07-2026 0:00:00,06-07-2026 0:00:00,9,3,4,1,5,False,5,3,455073,V650,43,2664589
4190139792,SIN_COLUMNA,FES,FES,Santiago,13,True,22-06-2026 0:00:00,22-06-2026 16:27:51,01-07-2026 9:49:20,01-07-2026 9:49:20,01-07-2026 9:49:20,06-07-2026 0:00:00,06-07-2026 0:00:00,9,3,4,1,5,False,5,3,456020,V650,43,284801
1167285,SIN_COLUMNA,FES,FES,Santiago,13,True,22-06-2026 0:00:00,22-06-2026 16:21:18,30-06-2026 18:15:30,30-06-2026 18:15:30,30-06-2026 18:15:30,08-07-2026 0:00:00,08-07-2026 0:00:00,11,3,4,1,5,False,7,6,370088,V615,43,380543
4190139786,SIN_COLUMNA,FES,FES,Santiago,13,True,22-06-2026 0:00:00,22-06-2026 13:55:14,01-07-2026 14:45:12,01-07-2026 14:45:12,01-07-2026 14:45:12,06-07-2026 0:00:00,06-07-2026 0:00:00,9,3,4,1,5,False,5,3,440549,V650,43,176386
4190139817,SIN_COLUMNA,FES,FES,Santiago,13,True,22-06-2026 0:00:00,22-06-2026 0:00:00,02-07-2026 11:50:29,02-07-2026 11:50:29,02-07-2026 11:50:29,08-07-2026 0:00:00,08-07-2026 0:00:00,11,3,4,1,5,False,7,4,470028,V650,43,153482
4190139795,SIN_COLUMNA,FES,FES,Regiones,05,True,22-06-2026 0:00:00,22-06-2026 0:00:00,,,,13-07-2026 0:00:00,13-07-2026 0:00:00,14,4,5,2,7,False,9,,335072,V400,43,399059
4190139787,SIN_COLUMNA,FES,FES,Regiones,10,True,22-06-2026 0:00:00,22-06-2026 0:00:00,01-07-2026 14:45:43,01-07-2026 14:45:43,01-07-2026 14:45:43,13-07-2026 0:00:00,13-07-2026 0:00:00,14,4,5,2,7,False,9,8,790009,V750,43,452258
4190139775,SIN_COLUMNA,FES,FES,Regiones,10,True,19-06-2026 0:00:00,19-06-2026 16:13:21,26-06-2026 14:09:32,26-06-2026 14:09:32,30-06-2026 14:34:00,10-07-2026 0:00:00,10-07-2026 0:00:00,14,4,5,2,7,False,9,9,900234,V800,43,744179
4190139771,SIN_COLUMNA,FES,FES,Regiones,05,True,19-06-2026 0:00:00,19-06-2026 10:51:23,01-07-2026 14:59:19,01-07-2026 14:59:19,01-07-2026 14:59:19,13-07-2026 0:00:00,13-07-2026 0:00:00,15,4,5,2,7,False,10,8,340033,V400,43,239461
1167260,SIN_COLUMNA,FES,FES,Regiones,06,True,18-06-2026 0:00:00,18-06-2026 22:28:19,02-07-2026 10:13:35,02-07-2026 10:13:35,02-07-2026 10:13:35,10-07-2026 0:00:00,10-07-2026 0:00:00,15,4,5,2,7,False,10,6,530075,V550,43,403510
1167256,SIN_COLUMNA,FES,FES,Regiones,07,True,18-06-2026 0:00:00,18-06-2026 18:10:58,01-07-2026 14:45:30,01-07-2026 14:45:30,01-07-2026 14:45:30,10-07-2026 0:00:00,10-07-2026 0:00:00,15,4,5,2,7,False,10,7,550182,V550,43,431217
1167250,SIN_COLUMNA,FES,FES,Santiago,13,True,18-06-2026 0:00:00,18-06-2026 17:36:27,30-06-2026 14:14:16,30-06-2026 14:14:16,30-06-2026 14:14:16,08-07-2026 0:00:00,08-07-2026 0:00:00,13,3,4,1,5,False,9,6,462022,V650,43,545792
4190139751,SIN_COLUMNA,FES,FES,Santiago,13,True,18-06-2026 0:00:00,18-06-2026 14:13:35,30-06-2026 14:14:19,30-06-2026 14:14:19,30-06-2026 14:14:19,10-07-2026 0:00:00,10-07-2026 0:00:00,15,3,4,1,5,False,11,8,462022,V650,43,273840
4190139750,SIN_COLUMNA,FES,FES,Santiago,13,True,18-06-2026 0:00:00,18-06-2026 13:47:23,30-06-2026 11:00:13,30-06-2026 11:00:13,30-06-2026 11:00:13,08-07-2026 0:00:00,08-07-2026 0:00:00,13,3,4,1,5,False,9,6,495060,V650,43,266498
1167243,SIN_COLUMNA,FES,FES,Santiago,13,True,18-06-2026 0:00:00,18-06-2026 8:57:36,30-06-2026 18:45:13,30-06-2026 18:45:13,30-06-2026 18:45:13,10-07-2026 0:00:00,10-07-2026 0:00:00,15,3,4,1,5,False,11,8,455230,V650,43,951147
1167242,SIN_COLUMNA,FES,FES,Santiago,13,True,18-06-2026 0:00:00,18-06-2026 8:55:07,30-06-2026 18:45:07,30-06-2026 18:45:07,30-06-2026 18:45:07,09-07-2026 0:00:00,09-07-2026 0:00:00,14,3,4,1,5,False,10,7,455230,V650,43,108276
4190139738,SIN_COLUMNA,FES,FES,Regiones,04,True,17-06-2026 0:00:00,17-06-2026 17:36:10,26-06-2026 10:57:54,26-06-2026 10:57:54,26-06-2026 10:57:54,06-07-2026 0:00:00,06-07-2026 0:00:00,12,4,5,2,7,False,7,5,257006,V835,43,1957281
4190139737,SIN_COLUMNA,FES,FES,Regiones,04,True,17-06-2026 0:00:00,17-06-2026 13:21:25,30-06-2026 12:29:09,30-06-2026 12:29:09,30-06-2026 12:29:09,08-07-2026 0:00:00,08-07-2026 0:00:00,14,4,5,2,7,False,9,6,200186,V834,43,1584139
4190139736,SIN_COLUMNA,FES,FES,Regiones,05,True,17-06-2026 0:00:00,17-06-2026 12:59:29,26-06-2026 10:57:55,26-06-2026 10:57:55,26-06-2026 10:57:55,06-07-2026 0:00:00,06-07-2026 0:00:00,12,4,5,2,7,False,7,5,325097,V835,43,278252
1167223,SIN_COLUMNA,FES,FES,Regiones,06,True,17-06-2026 0:00:00,17-06-2026 9:52:36,02-07-2026 14:45:07,02-07-2026 14:45:07,02-07-2026 14:45:07,10-07-2026 0:00:00,10-07-2026 0:00:00,16,4,5,2,7,False,11,6,510013,V550,43,1838938
4190139730,SIN_COLUMNA,FES,FES,Regiones,01,True,16-06-2026 0:00:00,16-06-2026 22:40:56,26-06-2026 10:53:24,26-06-2026 10:53:24,26-06-2026 10:53:24,30-06-2026 0:00:00,30-06-2026 0:00:00,9,4,5,2,7,False,4,1,110044,V861,43,1186098
4190139727,SIN_COLUMNA,FES,FES,Santiago,13,True,16-06-2026 0:00:00,16-06-2026 20:56:52,30-06-2026 18:16:36,30-06-2026 18:16:36,30-06-2026 18:16:36,10-07-2026 0:00:00,10-07-2026 0:00:00,17,3,4,1,5,False,13,8,462022,V650,43,2207333
1167171,SIN_COLUMNA,FES,FES,Santiago,13,True,15-06-2026 0:00:00,15-06-2026 9:31:27,30-06-2026 10:12:56,30-06-2026 10:12:56,30-06-2026 10:12:56,07-07-2026 0:00:00,07-07-2026 0:00:00,15,3,4,1,5,False,11,5,420493,V615,43,236880
4190139676,SIN_COLUMNA,FES,FES,Regiones,01,True,11-06-2026 0:00:00,11-06-2026 19:45:31,30-06-2026 9:42:57,30-06-2026 9:42:57,30-06-2026 9:42:57,10-07-2026 0:00:00,10-07-2026 0:00:00,20,4,5,2,7,False,15,8,100205,V861,43,335195
4190139673,SIN_COLUMNA,FES,FES,Regiones,05,True,11-06-2026 0:00:00,11-06-2026 15:21:58,01-07-2026 11:19:41,01-07-2026 11:19:41,01-07-2026 11:19:41,09-07-2026 0:00:00,09-07-2026 0:00:00,19,4,5,2,7,False,14,6,350161,V835,43,1009648
4190139661,SIN_COLUMNA,FES,FES,Santiago,13,True,11-06-2026 0:00:00,11-06-2026 10:31:28,01-07-2026 15:35:55,01-07-2026 15:35:55,01-07-2026 15:35:55,10-07-2026 0:00:00,10-07-2026 0:00:00,20,3,4,1,5,False,16,7,460051,V650,43,81925
4190139654,SIN_COLUMNA,FES,FES,Regiones,08,True,11-06-2026 0:00:00,11-06-2026 9:13:00,02-07-2026 0:00:00,02-07-2026 0:00:00,02-07-2026 0:00:00,10-07-2026 0:00:00,10-07-2026 0:00:00,20,4,5,2,7,False,15,6,650668,V580,43,302577
1167101,SIN_COLUMNA,FES,FES,Regiones,06,True,09-06-2026 0:00:00,09-06-2026 9:46:59,30-06-2026 14:25:53,30-06-2026 14:25:53,30-06-2026 14:25:53,03-07-2026 0:00:00,03-07-2026 0:00:00,17,4,5,2,7,False,12,3,530031,V550,43,353490
4190139616,SIN_COLUMNA,FES,FES,Regiones,01,True,08-06-2026 0:00:00,08-06-2026 23:46:17,26-06-2026 10:53:12,26-06-2026 10:53:12,26-06-2026 10:53:12,30-06-2026 0:00:00,30-06-2026 0:00:00,15,4,5,2,7,False,10,1,110044,V861,43,2708953
4190139615,SIN_COLUMNA,FES,FES,Regiones,01,True,08-06-2026 0:00:00,08-06-2026 23:38:02,26-06-2026 12:57:01,26-06-2026 12:57:01,26-06-2026 12:57:01,02-07-2026 0:00:00,02-07-2026 0:00:00,17,4,5,2,7,False,12,3,110054,V861,43,769459
4190139609,SIN_COLUMNA,FES + SALDO,FES + SALDO,Regiones,02,True,08-06-2026 0:00:00,08-06-2026 16:29:45,26-06-2026 12:57:11,30-06-2026 13:00:38,03-07-2026 13:15:00,03-07-2026 0:00:00,03-07-2026 0:00:00,18,4,5,2,7,False,13,3,130053,V817,43,2187751
1167033,SIN_COLUMNA,FES,FES,Regiones,07,True,02-06-2026 0:00:00,02-06-2026 14:40:38,02-07-2026 9:46:52,02-07-2026 9:46:52,02-07-2026 9:46:52,03-07-2026 0:00:00,03-07-2026 0:00:00,22,4,5,2,7,False,17,1,590042,V550,43,664132
1166844,SIN_COLUMNA,FES,FES,Santiago,13,True,29-05-2026 0:00:00,29-05-2026 15:28:34,01-06-2026 10:55:10,01-06-2026 10:55:10,01-06-2026 10:55:10,15-06-2026 0:00:00,15-06-2026 0:00:00,11,3,4,1,5,False,7,10,430929,V615,43,16662603
4190139518,SIN_COLUMNA,FES,FES,Santiago,13,True,29-05-2026 0:00:00,29-05-2026 9:37:25,30-05-2026 9:18:59,30-05-2026 9:18:59,30-05-2026 9:18:59,05-06-2026 0:00:00,05-06-2026 0:00:00,5,3,4,1,5,False,1,5,460111,V615,43,238386
1166789,SIN_COLUMNA,FES,FES,Santiago,13,True,29-05-2026 0:00:00,29-05-2026 8:59:06,05-06-2026 9:05:54,05-06-2026 9:05:54,05-06-2026 9:05:54,05-06-2026 0:00:00,05-06-2026 0:00:00,5,3,4,1,5,False,1,0,430946,V615,43,1863968
1166790,SIN_COLUMNA,FES,FES,Santiago,13,True,29-05-2026 0:00:00,29-05-2026 0:00:00,01-06-2026 12:17:08,01-06-2026 12:17:08,01-06-2026 12:17:08,05-06-2026 0:00:00,05-06-2026 0:00:00,5,3,4,1,5,False,1,4,430667,V615,43,2104792
4190139511,SIN_COLUMNA,FES,FES,Regiones,03,True,28-05-2026 0:00:00,28-05-2026 19:27:35,01-06-2026 0:00:00,01-06-2026 0:00:00,01-06-2026 0:00:00,05-06-2026 0:00:00,05-06-2026 0:00:00,6,4,5,2,7,False,1,4,190006,V834,43,901927
1166686,SIN_COLUMNA,FES,FES,Santiago,13,True,28-05-2026 0:00:00,28-05-2026 9:28:41,29-05-2026 9:30:26,29-05-2026 9:30:26,29-05-2026 9:30:26,09-06-2026 0:00:00,09-06-2026 0:00:00,8,3,4,1,5,False,4,7,445124,V610,43,3856400
1166684,SIN_COLUMNA,FES,FES,Santiago,13,True,28-05-2026 0:00:00,28-05-2026 8:52:04,01-06-2026 0:00:00,01-06-2026 0:00:00,01-06-2026 0:00:00,04-06-2026 0:00:00,04-06-2026 0:00:00,5,3,4,1,5,False,1,3,430945,V615,43,149814
4190139493,SIN_COLUMNA,FES,FES,Santiago,13,True,28-05-2026 0:00:00,28-05-2026 8:40:31,01-06-2026 13:54:58,01-06-2026 13:54:58,01-06-2026 13:54:58,04-06-2026 0:00:00,04-06-2026 0:00:00,5,3,4,1,5,False,1,3,411496,V615,43,297925
1166705,SIN_COLUMNA,FES,FES,Regiones,02,True,28-05-2026 0:00:00,28-05-2026 0:00:00,30-05-2026 9:18:41,30-05-2026 9:18:41,30-05-2026 9:18:41,05-06-2026 0:00:00,05-06-2026 0:00:00,6,4,5,2,7,False,1,5,130107,V817,43,174478
4190139483,SIN_COLUMNA,FES,FES,Regiones,10,True,27-05-2026 0:00:00,27-05-2026 17:55:33,26-06-2026 12:58:54,26-06-2026 12:58:54,26-06-2026 12:58:54,06-07-2026 0:00:00,06-07-2026 0:00:00,27,4,5,2,7,False,22,5,902005,V800,43,2429878
4190139465,SIN_COLUMNA,FES,FES,Regiones,09,True,26-05-2026 0:00:00,26-05-2026 23:33:26,28-05-2026 15:56:33,28-05-2026 15:56:33,28-05-2026 13:00:00,05-06-2026 0:00:00,05-06-2026 0:00:00,8,4,5,2,7,False,3,6,770015,V750,43,1098821
4190139460,SIN_COLUMNA,FES,FES,Regiones,01,True,26-05-2026 0:00:00,26-05-2026 19:31:25,01-06-2026 16:30:10,01-06-2026 16:30:10,01-06-2026 16:30:10,03-06-2026 0:00:00,03-06-2026 0:00:00,6,4,5,2,7,False,1,2,110044,V861,43,978012
1166655,SIN_COLUMNA,FES,FES,Regiones,03,True,26-05-2026 0:00:00,26-05-2026 0:00:00,28-05-2026 12:25:07,28-05-2026 12:25:07,28-05-2026 12:25:07,03-06-2026 0:00:00,03-06-2026 0:00:00,6,4,5,2,7,False,1,4,190025,V834,43,2008918
4190139432,SIN_COLUMNA,FES,FES,Regiones,12,True,25-05-2026 0:00:00,25-05-2026 15:23:07,01-06-2026 9:45:07,01-06-2026 9:45:07,01-06-2026 9:45:07,03-06-2026 0:00:00,03-06-2026 0:00:00,7,4,5,2,7,False,2,2,950050,V800,43,1557170
1166626,SIN_COLUMNA,FES,FES,Santiago,13,True,25-05-2026 0:00:00,25-05-2026 9:58:25,29-05-2026 9:36:10,29-05-2026 9:36:10,29-05-2026 9:36:10,01-06-2026 0:00:00,01-06-2026 0:00:00,5,3,4,1,5,False,1,1,400526,V614,43,180728
4190139414,SIN_COLUMNA,FES,FES,Regiones,06,True,22-05-2026 0:00:00,22-05-2026 15:17:36,29-05-2026 0:00:00,29-05-2026 0:00:00,29-05-2026 0:00:00,01-06-2026 0:00:00,01-06-2026 0:00:00,6,4,5,2,7,False,1,1,535061,V650,43,87404
4190139413,SIN_COLUMNA,FES,FES,Regiones,06,True,22-05-2026 0:00:00,22-05-2026 15:16:16,29-05-2026 11:11:45,29-05-2026 11:11:45,29-05-2026 11:11:45,01-06-2026 0:00:00,01-06-2026 0:00:00,6,4,5,2,7,False,1,1,535061,V650,43,211119
4190139403,SIN_COLUMNA,FES,FES,Regiones,08,True,21-05-2026 0:00:00,21-05-2026 14:51:28,01-06-2026 9:02:33,01-06-2026 9:02:33,01-06-2026 9:02:33,03-06-2026 0:00:00,03-06-2026 0:00:00,9,4,5,2,7,False,4,2,610014,V580,43,210367
1166600,SIN_COLUMNA,FES,FES,Regiones,06,True,20-05-2026 0:00:00,20-05-2026 10:02:50,28-05-2026 12:25:48,28-05-2026 12:25:48,28-05-2026 12:25:48,01-06-2026 0:00:00,01-06-2026 0:00:00,7,4,5,2,7,False,2,2,532010,V650,43,5831458
4190139382,SIN_COLUMNA,FES,FES,Santiago,13,True,19-05-2026 0:00:00,19-05-2026 16:49:36,01-06-2026 13:11:50,01-06-2026 13:11:50,01-06-2026 13:11:50,05-06-2026 0:00:00,05-06-2026 0:00:00,12,3,4,1,5,False,8,4,420642,V615,43,465510
1166585,SIN_COLUMNA,FES,FES,Santiago,13,True,19-05-2026 0:00:00,19-05-2026 9:15:52,28-05-2026 12:25:09,28-05-2026 12:25:09,28-05-2026 12:25:09,02-06-2026 0:00:00,02-06-2026 0:00:00,9,3,4,1,5,False,5,3,420496,V615,43,338533
1166565,SIN_COLUMNA,FES,FES,Regiones,07,True,18-05-2026 0:00:00,18-05-2026 11:39:49,01-06-2026 10:55:19,01-06-2026 10:55:19,01-06-2026 10:55:19,04-06-2026 0:00:00,04-06-2026 0:00:00,12,4,5,2,7,False,7,3,540068,V550,43,6001065
4190139347,SIN_COLUMNA,FES,FES,Regiones,01,True,15-05-2026 0:00:00,15-05-2026 0:00:00,01-06-2026 16:30:07,01-06-2026 16:30:07,01-06-2026 16:30:07,04-06-2026 0:00:00,04-06-2026 0:00:00,13,4,5,2,7,False,8,3,100013,V861,43,876355
4190139330,SIN_COLUMNA,FES,FES,Regiones,01,True,13-05-2026 0:00:00,13-05-2026 19:25:33,01-06-2026 12:22:07,01-06-2026 12:22:07,01-06-2026 12:22:07,03-06-2026 0:00:00,03-06-2026 0:00:00,14,4,5,2,7,False,9,2,100090,V861,43,1442476
4190139171,SIN_COLUMNA,FES,FES,Regiones,04,True,04-05-2026 0:00:00,04-05-2026 13:03:37,04-05-2026 13:05:34,04-05-2026 13:05:34,04-05-2026 13:05:34,14-05-2026 0:00:00,14-05-2026 0:00:00,8,4,5,2,7,False,3,8,260035,V835,43,156551
4190139163,SIN_COLUMNA,FES,FES,Regiones,05,True,30-04-2026 0:00:00,30-04-2026 18:36:22,02-05-2026 10:46:28,02-05-2026 10:46:28,02-05-2026 10:46:28,11-05-2026 0:00:00,11-05-2026 0:00:00,6,4,5,2,7,False,1,6,345159,V400,43,50504
4190139159,SIN_COLUMNA,FES,FES,Regiones,05,True,30-04-2026 0:00:00,30-04-2026 16:57:30,02-05-2026 11:29:07,02-05-2026 11:29:07,02-05-2026 11:29:07,11-05-2026 0:00:00,11-05-2026 0:00:00,6,4,5,2,7,False,1,6,300032,V835,43,102530
1166139,SIN_COLUMNA,FES,FES,Santiago,13,True,30-04-2026 0:00:00,30-04-2026 16:39:18,04-05-2026 9:29:52,04-05-2026 9:29:52,04-05-2026 9:29:52,08-05-2026 0:00:00,08-05-2026 0:00:00,5,3,4,1,5,False,1,4,430620,V615,43,1434552
1166137,SIN_COLUMNA,FES,FES,Santiago,13,True,30-04-2026 0:00:00,30-04-2026 16:16:59,02-05-2026 11:29:16,02-05-2026 11:29:16,02-05-2026 11:29:16,08-05-2026 0:00:00,08-05-2026 0:00:00,5,3,4,1,5,False,1,5,411502,V614,43,719284
4190139153,SIN_COLUMNA,FES,FES,Santiago,13,True,30-04-2026 0:00:00,30-04-2026 15:11:31,30-04-2026 15:36:05,30-04-2026 15:36:05,30-04-2026 15:36:05,11-05-2026 0:00:00,11-05-2026 0:00:00,6,3,4,1,5,False,2,6,430451,V615,43,60710
4190139146,SIN_COLUMNA,FES,FES,Regiones,07,True,30-04-2026 0:00:00,30-04-2026 12:59:45,30-04-2026 15:36:12,30-04-2026 15:36:12,30-04-2026 15:36:12,18-05-2026 0:00:00,18-05-2026 0:00:00,11,4,5,2,7,False,6,11,590020,V550,43,2914082
4190139142,SIN_COLUMNA,FES,FES,Regiones,09,True,30-04-2026 0:00:00,30-04-2026 12:37:00,02-05-2026 11:31:34,02-05-2026 11:31:34,02-05-2026 11:31:34,11-05-2026 0:00:00,11-05-2026 0:00:00,6,4,5,2,7,False,1,6,750005,V750,43,201195
1166067,SIN_COLUMNA,FES,FES,Santiago,13,True,30-04-2026 0:00:00,30-04-2026 11:07:32,30-04-2026 20:37:02,30-04-2026 20:37:02,30-04-2026 20:37:02,08-05-2026 0:00:00,08-05-2026 0:00:00,5,3,4,1,5,False,1,5,430667,V615,43,5649797
1167333,SIN_COLUMNA,FES + SALDO,FES + SALDO,Santiago,13,True,24-06-2026 0:00:00,24-06-2026 9:53:20,26-06-2026 12:58:55,30-06-2026 10:38:44,30-06-2026 10:38:44,01-07-2026 0:00:00,01-07-2026 0:00:00,4,3,4,1,5,True,0,1,981505,V612,46,62862
4190139485,SIN_COLUMNA,FES,FES,Regiones,04,True,27-05-2026 0:00:00,27-05-2026 18:42:20,,,,01-06-2026 0:00:00,01-06-2026 0:00:00,3,4,5,2,7,True,0,,200149,V834,43,728311
4190139479,SIN_COLUMNA,FES,FES,Regiones,04,True,27-05-2026 0:00:00,27-05-2026 16:00:07,,,,01-06-2026 0:00:00,01-06-2026 0:00:00,3,4,5,2,7,True,0,,205002,V834,43,443477
4190139473,SIN_COLUMNA,FES,FES,Regiones,05,True,27-05-2026 0:00:00,27-05-2026 0:00:00,,,,01-06-2026 0:00:00,01-06-2026 0:00:00,3,4,5,2,7,True,0,,330032,V400,43,605714
1167975,SIN_COLUMNA,FES,FES,Santiago,13,True,02-07-2026 0:00:00,02-07-2026 9:37:21,02-07-2026 10:13:41,02-07-2026 10:13:41,02-07-2026 10:13:41,07-07-2026 0:00:00,07-07-2026 0:00:00,3,3,4,1,5,True,0,3,981505,V612,46,231227
1167661,SIN_COLUMNA,FES,FES,Santiago,13,True,01-07-2026 0:00:00,01-07-2026 15:25:24,02-07-2026 9:46:51,02-07-2026 9:46:51,02-07-2026 9:46:51,07-07-2026 0:00:00,07-07-2026 0:00:00,4,3,4,1,5,True,0,3,430578,V612,46,138237
1167655,SIN_COLUMNA,FES,FES,Santiago,13,True,01-07-2026 0:00:00,01-07-2026 14:36:57,01-07-2026 14:59:26,01-07-2026 14:59:26,01-07-2026 14:59:26,06-07-2026 0:00:00,06-07-2026 0:00:00,3,3,4,1,5,True,0,3,410586,V612,46,130989
1167606,SIN_COLUMNA,FES,FES,Santiago,13,True,01-07-2026 0:00:00,01-07-2026 10:38:17,01-07-2026 14:45:10,01-07-2026 14:45:10,01-07-2026 14:45:10,02-07-2026 0:00:00,02-07-2026 0:00:00,1,3,4,1,5,True,0,1,430875,V612,46,138118
1167925,SIN_COLUMNA,FES,FES,Santiago,13,True,01-07-2026 0:00:00,01-07-2026 0:00:00,03-07-2026 10:43:49,03-07-2026 10:43:49,03-07-2026 10:43:49,06-07-2026 0:00:00,06-07-2026 0:00:00,3,3,4,1,5,True,0,1,430717,V612,42,649833
1167567,SIN_COLUMNA,FES,FES,Santiago,13,True,30-06-2026 0:00:00,30-06-2026 14:43:22,30-06-2026 18:16:51,30-06-2026 18:16:51,30-06-2026 18:16:51,01-07-2026 0:00:00,01-07-2026 0:00:00,1,3,4,1,5,True,0,1,981546,V612,46,2936001
1167491,SIN_COLUMNA,FES,FES,Santiago,13,True,30-06-2026 0:00:00,30-06-2026 14:28:40,30-06-2026 18:15:33,30-06-2026 18:15:33,30-06-2026 18:15:33,03-07-2026 0:00:00,03-07-2026 0:00:00,3,3,4,1,5,True,0,3,371038,V612,46,830292
1167480,SIN_COLUMNA,FES,FES,Santiago,13,True,29-06-2026 0:00:00,29-06-2026 0:00:00,30-06-2026 9:43:24,30-06-2026 9:43:24,30-06-2026 9:43:24,02-07-2026 0:00:00,02-07-2026 0:00:00,3,3,4,1,5,True,0,2,371038,V612,46,1328429
1167346,SIN_COLUMNA,FES,FES,Regiones,08,True,24-06-2026 0:00:00,24-06-2026 17:01:38,26-06-2026 12:58:27,26-06-2026 12:58:27,26-06-2026 12:58:27,02-07-2026 0:00:00,02-07-2026 0:00:00,5,4,5,2,7,True,0,3,650222,V580,45,8825560
1167332,SIN_COLUMNA,FES,FES,Santiago,13,True,24-06-2026 0:00:00,24-06-2026 9:43:13,01-07-2026 15:26:21,01-07-2026 15:26:21,01-07-2026 15:26:21,01-07-2026 0:00:00,01-07-2026 0:00:00,4,3,4,1,5,True,0,0,440474,V610,45,9983788
1166861,SIN_COLUMNA,FES,FES,Regiones,02,True,01-06-2026 0:00:00,01-06-2026 12:16:36,01-06-2026 17:17:59,01-06-2026 17:17:59,01-06-2026 17:17:59,04-06-2026 0:00:00,04-06-2026 0:00:00,3,4,5,2,7,True,0,3,150266,V817,43,178391
1166841,SIN_COLUMNA,FES,FES,Santiago,13,True,29-05-2026 0:00:00,29-05-2026 12:46:17,01-06-2026 13:11:50,01-06-2026 13:11:50,01-06-2026 13:11:50,03-06-2026 0:00:00,03-06-2026 0:00:00,3,3,4,1,5,True,0,2,430929,V615,43,4665992
1166828,SIN_COLUMNA,FES,FES,Santiago,13,True,29-05-2026 0:00:00,29-05-2026 10:37:21,30-05-2026 9:18:59,30-05-2026 9:18:59,30-05-2026 9:18:59,04-06-2026 0:00:00,04-06-2026 0:00:00,4,3,4,1,5,True,0,4,440425,V610,45,6739448
1166791,SIN_COLUMNA,FES,FES,Santiago,13,True,29-05-2026 0:00:00,29-05-2026 0:00:00,29-05-2026 9:36:06,29-05-2026 9:36:06,29-05-2026 9:36:06,02-06-2026 0:00:00,02-06-2026 0:00:00,2,3,4,1,5,True,0,2,400214,V610,43,1391049
1166701,SIN_COLUMNA,FES,FES,Regiones,01,True,28-05-2026 0:00:00,28-05-2026 15:45:02,01-06-2026 9:43:57,01-06-2026 9:43:57,01-06-2026 9:43:57,04-06-2026 0:00:00,04-06-2026 0:00:00,5,4,5,2,7,True,0,3,110198,V861,43,4992741
1166685,SIN_COLUMNA,FES,FES,Santiago,13,True,28-05-2026 0:00:00,28-05-2026 9:26:17,29-05-2026 9:30:25,29-05-2026 9:30:25,29-05-2026 9:30:25,29-05-2026 0:00:00,29-05-2026 0:00:00,1,3,4,1,5,True,0,0,445124,V610,43,754968
1166680,SIN_COLUMNA,FES,FES,Santiago,13,True,27-05-2026 0:00:00,27-05-2026 19:47:36,28-05-2026 12:25:10,28-05-2026 12:25:10,28-05-2026 12:25:10,01-06-2026 0:00:00,01-06-2026 0:00:00,3,3,4,1,5,True,0,2,460270,V615,43,282122
1166306,SIN_COLUMNA,FES,FES,Santiago,13,True,04-05-2026 0:00:00,04-05-2026 10:38:29,04-05-2026 11:18:07,04-05-2026 11:18:07,04-05-2026 11:18:07,04-05-2026 0:00:00,04-05-2026 0:00:00,0,3,4,1,5,True,0,0,445124,V610,43,3230820
1166304,SIN_COLUMNA,FES,FES,Santiago,13,True,04-05-2026 0:00:00,04-05-2026 10:18:45,04-05-2026 11:37:23,04-05-2026 11:37:23,04-05-2026 11:37:23,04-05-2026 0:00:00,04-05-2026 0:00:00,0,3,4,1,5,True,0,0,420421,V610,43,23223347
1166303,SIN_COLUMNA,FES,FES,Santiago,13,True,04-05-2026 0:00:00,04-05-2026 9:35:39,04-05-2026 11:04:31,04-05-2026 11:04:31,04-05-2026 11:04:31,06-05-2026 0:00:00,06-05-2026 0:00:00,2,3,4,1,5,True,0,2,371038,V612,46,79572
1166302,SIN_COLUMNA,FES,FES,Santiago,13,True,04-05-2026 0:00:00,04-05-2026 9:34:59,04-05-2026 0:00:00,04-05-2026 0:00:00,04-05-2026 0:00:00,05-05-2026 0:00:00,05-05-2026 0:00:00,1,3,4,1,5,True,0,1,371038,V612,46,48762
1166301,SIN_COLUMNA,FES,FES,Santiago,13,True,04-05-2026 0:00:00,04-05-2026 9:32:28,04-05-2026 0:00:00,04-05-2026 0:00:00,04-05-2026 0:00:00,05-05-2026 0:00:00,05-05-2026 0:00:00,1,3,4,1,5,True,0,1,371038,V612,46,118394
1166296,SIN_COLUMNA,FES,FES,Santiago,13,True,04-05-2026 0:00:00,04-05-2026 9:27:33,04-05-2026 0:00:00,04-05-2026 0:00:00,04-05-2026 0:00:00,05-05-2026 0:00:00,05-05-2026 0:00:00,1,3,4,1,5,True,0,1,371038,V612,46,106899
1166146,SIN_COLUMNA,FES,FES,Regiones,09,True,04-05-2026 0:00:00,04-05-2026 8:29:30,04-05-2026 11:05:39,04-05-2026 11:05:39,04-05-2026 11:05:39,08-05-2026 0:00:00,08-05-2026 0:00:00,4,4,5,2,7,True,0,4,720032,V108,45,5679358
1166145,SIN_COLUMNA,FES,FES,Regiones,09,True,04-05-2026 0:00:00,04-05-2026 8:26:01,04-05-2026 0:00:00,04-05-2026 0:00:00,04-05-2026 0:00:00,07-05-2026 0:00:00,07-05-2026 0:00:00,3,4,5,2,7,True,0,3,720032,V108,45,3764359
1166140,SIN_COLUMNA,FES,FES,Santiago,13,True,30-04-2026 0:00:00,30-04-2026 16:51:54,04-05-2026 9:29:40,04-05-2026 9:29:40,04-05-2026 9:29:40,06-05-2026 0:00:00,06-05-2026 0:00:00,3,3,4,1,5,True,0,2,430620,V615,43,1446946
1166136,SIN_COLUMNA,FES,FES,Regiones,06,True,30-04-2026 0:00:00,30-04-2026 15:52:15,02-05-2026 11:29:51,02-05-2026 11:29:51,02-05-2026 11:29:51,07-05-2026 0:00:00,07-05-2026 0:00:00,4,4,5,2,7,True,0,4,500320,V650,45,2709845
1166135,SIN_COLUMNA,FES,FES,Regiones,06,True,30-04-2026 0:00:00,30-04-2026 15:51:08,02-05-2026 11:29:45,02-05-2026 11:29:45,02-05-2026 11:29:45,07-05-2026 0:00:00,07-05-2026 0:00:00,4,4,5,2,7,True,0,4,500320,V650,45,2791101
1166134,SIN_COLUMNA,FES,FES,Regiones,06,True,30-04-2026 0:00:00,30-04-2026 15:32:03,02-05-2026 11:30:01,02-05-2026 11:30:01,02-05-2026 11:30:01,07-05-2026 0:00:00,07-05-2026 0:00:00,4,4,5,2,7,True,0,4,530324,V650,45,2568609
1166076,SIN_COLUMNA,FES,FES,Regiones,08,True,30-04-2026 0:00:00,30-04-2026 14:57:04,02-05-2026 11:31:11,02-05-2026 11:31:11,02-05-2026 11:31:11,08-05-2026 0:00:00,08-05-2026 0:00:00,5,4,5,2,7,True,0,5,595020,V108,43,2296345
1166075,SIN_COLUMNA,FES,FES,Regiones,08,True,30-04-2026 0:00:00,30-04-2026 14:53:25,02-05-2026 11:31:01,02-05-2026 11:31:01,02-05-2026 11:31:01,06-05-2026 0:00:00,06-05-2026 0:00:00,3,4,5,2,7,True,0,3,595020,V108,43,7945860
1166073,SIN_COLUMNA,FES,FES,Regiones,07,True,30-04-2026 0:00:00,30-04-2026 14:37:48,02-05-2026 11:30:33,02-05-2026 11:30:33,02-05-2026 11:30:33,08-05-2026 0:00:00,08-05-2026 0:00:00,5,4,5,2,7,True,0,5,540064,V550,43,2080213
1166061,SIN_COLUMNA,FES,FES,Regiones,06,True,30-04-2026 0:00:00,30-04-2026 0:00:00,30-04-2026 0:00:00,30-04-2026 0:00:00,30-04-2026 0:00:00,06-05-2026 0:00:00,06-05-2026 0:00:00,3,4,5,2,7,True,0,3,500128,V650,43,248163
1166058,SIN_COLUMNA,FES,FES,Santiago,13,True,30-04-2026 0:00:00,30-04-2026 0:00:00,30-04-2026 10:44:41,30-04-2026 10:44:41,30-04-2026 10:44:41,05-05-2026 0:00:00,05-05-2026 0:00:00,2,3,4,1,5,True,0,2,371038,V612,46,87222
4190139949,SIN_COLUMNA,FES,FES,Regiones,07,True,02-07-2026 0:00:00,02-07-2026 13:21:08,02-07-2026 13:45:36,02-07-2026 13:45:36,02-07-2026 13:45:36,03-07-2026 0:00:00,03-07-2026 0:00:00,1,4,5,2,7,True,0,1,590042,V610,43,1228136
4190139948,SIN_COLUMNA,FES,FES,Regiones,08,True,02-07-2026 0:00:00,02-07-2026 9:45:43,02-07-2026 10:13:40,02-07-2026 10:13:40,02-07-2026 10:13:40,08-07-2026 0:00:00,08-07-2026 0:00:00,4,4,5,2,7,True,0,4,700068,V108,43,1064254
1167787,SIN_COLUMNA,FES,FES,Regiones,07,True,01-07-2026 0:00:00,01-07-2026 15:48:23,02-07-2026 9:59:20,02-07-2026 9:59:20,02-07-2026 9:59:20,03-07-2026 0:00:00,03-07-2026 0:00:00,2,4,5,2,7,True,0,1,590042,V610,43,288809
1167656,SIN_COLUMNA,FES,FES,Santiago,13,True,01-07-2026 0:00:00,01-07-2026 14:44:03,01-07-2026 15:35:52,01-07-2026 15:35:52,01-07-2026 15:35:52,06-07-2026 0:00:00,06-07-2026 0:00:00,3,3,4,1,5,True,0,3,440083,V610,45,48274
4190139945,SIN_COLUMNA,FES,FES,Regiones,08,True,01-07-2026 0:00:00,01-07-2026 13:16:51,01-07-2026 13:30:54,01-07-2026 13:30:54,01-07-2026 13:30:54,01-07-2026 0:00:00,01-07-2026 0:00:00,0,4,5,2,7,True,0,0,700036,V108,45,279986
1167647,SIN_COLUMNA,FES,FES,Santiago,13,True,01-07-2026 0:00:00,01-07-2026 13:05:44,01-07-2026 14:44:56,01-07-2026 14:44:56,01-07-2026 14:44:56,03-07-2026 0:00:00,03-07-2026 0:00:00,2,3,4,1,5,True,0,2,411430,V612,46,296366
1167626,SIN_COLUMNA,FES,FES,Regiones,08,True,01-07-2026 0:00:00,01-07-2026 11:59:17,02-07-2026 8:22:01,02-07-2026 8:22:01,02-07-2026 8:22:01,07-07-2026 0:00:00,07-07-2026 0:00:00,4,4,5,2,7,True,0,3,650665,V580,45,634467
1167625,SIN_COLUMNA,FES,FES,Regiones,08,True,01-07-2026 0:00:00,01-07-2026 11:52:39,02-07-2026 8:21:35,02-07-2026 8:21:35,02-07-2026 8:21:35,07-07-2026 0:00:00,07-07-2026 0:00:00,4,4,5,2,7,True,0,3,650664,V580,45,1287620
1167623,SIN_COLUMNA,FES,FES,Regiones,09,True,01-07-2026 0:00:00,01-07-2026 11:48:06,02-07-2026 8:22:46,02-07-2026 8:22:46,02-07-2026 8:22:46,07-07-2026 0:00:00,07-07-2026 0:00:00,4,4,5,2,7,True,0,3,750285,V580,45,1751365
1167622,SIN_COLUMNA,FES,FES,Regiones,08,True,01-07-2026 0:00:00,01-07-2026 11:42:33,02-07-2026 8:21:16,02-07-2026 8:21:16,02-07-2026 8:21:16,07-07-2026 0:00:00,07-07-2026 0:00:00,4,4,5,2,7,True,0,3,650663,V580,45,864095
1167621,SIN_COLUMNA,FES,FES,Regiones,08,True,01-07-2026 0:00:00,01-07-2026 11:36:22,02-07-2026 8:22:11,02-07-2026 8:22:11,02-07-2026 8:22:11,07-07-2026 0:00:00,07-07-2026 0:00:00,4,4,5,2,7,True,0,3,650666,V580,45,1120761
1167620,SIN_COLUMNA,FES,FES,Regiones,08,True,01-07-2026 0:00:00,01-07-2026 11:28:48,02-07-2026 8:22:23,02-07-2026 8:22:23,02-07-2026 8:22:23,07-07-2026 0:00:00,07-07-2026 0:00:00,4,4,5,2,7,True,0,3,660056,V580,45,696109
1167619,SIN_COLUMNA,FES,FES,Regiones,08,True,01-07-2026 0:00:00,01-07-2026 11:23:32,02-07-2026 8:20:46,02-07-2026 8:20:46,02-07-2026 8:20:46,07-07-2026 0:00:00,07-07-2026 0:00:00,4,4,5,2,7,True,0,3,600134,V580,45,808843
4190139941,SIN_COLUMNA,FES,FES,Regiones,07,True,01-07-2026 0:00:00,01-07-2026 11:21:28,02-07-2026 9:57:32,02-07-2026 9:57:32,02-07-2026 9:57:32,03-07-2026 0:00:00,03-07-2026 0:00:00,2,4,5,2,7,True,0,1,590042,V610,43,278800
1167613,SIN_COLUMNA,FES,FES,Regiones,08,True,01-07-2026 0:00:00,01-07-2026 11:14:46,02-07-2026 8:21:38,02-07-2026 8:21:38,02-07-2026 8:21:38,07-07-2026 0:00:00,07-07-2026 0:00:00,4,4,5,2,7,True,0,3,650665,V580,45,1648207
1167609,SIN_COLUMNA,FES,FES,Regiones,08,True,01-07-2026 0:00:00,01-07-2026 10:59:11,02-07-2026 8:21:00,02-07-2026 8:21:00,02-07-2026 8:21:00,07-07-2026 0:00:00,07-07-2026 0:00:00,4,4,5,2,7,True,0,3,650663,V580,45,671724
1167608,SIN_COLUMNA,FES,FES,Regiones,08,True,01-07-2026 0:00:00,01-07-2026 10:53:19,02-07-2026 8:22:02,02-07-2026 8:22:02,02-07-2026 8:22:02,07-07-2026 0:00:00,07-07-2026 0:00:00,4,4,5,2,7,True,0,3,650666,V580,45,1348371
1167607,SIN_COLUMNA,FES,FES,Regiones,08,True,01-07-2026 0:00:00,01-07-2026 10:47:26,02-07-2026 8:22:15,02-07-2026 8:22:15,02-07-2026 8:22:15,07-07-2026 0:00:00,07-07-2026 0:00:00,4,4,5,2,7,True,0,3,660056,V580,45,1193011
4190139940,SIN_COLUMNA,FES,FES,Santiago,13,True,01-07-2026 0:00:00,01-07-2026 10:45:35,01-07-2026 10:50:38,01-07-2026 10:50:38,01-07-2026 10:50:38,01-07-2026 0:00:00,01-07-2026 0:00:00,0,3,4,1,5,True,0,0,440433,V610,45,4531784
1167605,SIN_COLUMNA,FES,FES,Regiones,08,True,01-07-2026 0:00:00,01-07-2026 10:44:10,02-07-2026 8:20:39,02-07-2026 8:20:39,02-07-2026 8:20:39,07-07-2026 0:00:00,07-07-2026 0:00:00,4,4,5,2,7,True,0,3,600134,V580,45,813880
4190139939,SIN_COLUMNA,FES,FES,Santiago,13,True,01-07-2026 0:00:00,01-07-2026 10:40:48,01-07-2026 10:50:37,01-07-2026 10:50:37,01-07-2026 10:50:37,01-07-2026 0:00:00,01-07-2026 0:00:00,0,3,4,1,5,True,0,0,440433,V610,45,5532807
1167611,SIN_COLUMNA,FES,FES,Regiones,08,True,01-07-2026 0:00:00,01-07-2026 0:00:00,02-07-2026 8:21:22,02-07-2026 8:21:22,02-07-2026 8:21:22,07-07-2026 0:00:00,07-07-2026 0:00:00,4,4,5,2,7,True,0,3,650664,V580,45,1517340
4190139946,SIN_COLUMNA,FES,FES,Regiones,08,True,01-07-2026 0:00:00,01-07-2026 0:00:00,02-07-2026 10:13:38,02-07-2026 10:13:38,02-07-2026 10:13:38,08-07-2026 0:00:00,08-07-2026 0:00:00,5,4,5,2,7,True,0,4,653014,V580,45,1152754
1167610,SIN_COLUMNA,FES,FES,Regiones,09,True,01-07-2026 0:00:00,01-07-2026 0:00:00,02-07-2026 8:22:35,02-07-2026 8:22:35,02-07-2026 8:22:35,07-07-2026 0:00:00,07-07-2026 0:00:00,4,4,5,2,7,True,0,3,750285,V580,45,1790070
1167582,SIN_COLUMNA,FES,FES,Regiones,02,True,30-06-2026 0:00:00,30-06-2026 23:37:00,01-07-2026 0:00:00,01-07-2026 0:00:00,01-07-2026 0:00:00,07-07-2026 0:00:00,07-07-2026 0:00:00,5,4,5,2,7,True,0,4,150234,V817,43,1179911
1167580,SIN_COLUMNA,FES,FES,Santiago,13,True,30-06-2026 0:00:00,30-06-2026 17:48:49,01-07-2026 15:29:18,01-07-2026 15:29:18,01-07-2026 15:29:18,01-07-2026 0:00:00,01-07-2026 0:00:00,1,3,4,1,5,True,0,0,440474,V610,45,2299838
4190139922,SIN_COLUMNA,FES,FES,Santiago,13,True,30-06-2026 0:00:00,30-06-2026 17:31:13,02-07-2026 8:59:14,02-07-2026 8:59:14,02-07-2026 8:59:14,02-07-2026 0:00:00,02-07-2026 0:00:00,2,3,4,1,5,True,0,0,440474,V610,45,2299838
4190139921,SIN_COLUMNA,FES,FES,Regiones,10,True,30-06-2026 0:00:00,30-06-2026 17:06:47,30-06-2026 18:16:41,30-06-2026 18:16:41,30-06-2026 18:16:41,07-07-2026 0:00:00,07-07-2026 0:00:00,5,4,5,2,7,True,0,5,920038,V800,43,293163
1167577,SIN_COLUMNA,FES,FES,Santiago,13,True,30-06-2026 0:00:00,30-06-2026 16:50:32,01-07-2026 12:11:39,01-07-2026 12:11:39,01-07-2026 12:11:39,02-07-2026 0:00:00,02-07-2026 0:00:00,2,3,4,1,5,True,0,1,410444,V612,42,237865
1167569,SIN_COLUMNA,FES,FES,Regiones,08,True,30-06-2026 0:00:00,30-06-2026 14:49:01,02-07-2026 9:59:35,02-07-2026 9:59:35,02-07-2026 9:59:35,07-07-2026 0:00:00,07-07-2026 0:00:00,5,4,5,2,7,True,0,3,650663,V580,45,149820
1167568,SIN_COLUMNA,FES,FES,Santiago,13,True,30-06-2026 0:00:00,30-06-2026 14:46:28,30-06-2026 18:16:44,30-06-2026 18:16:44,30-06-2026 18:16:44,30-06-2026 0:00:00,30-06-2026 0:00:00,0,3,4,1,5,True,0,0,970007,V906,47,112086
4190139913,SIN_COLUMNA,FES,FES,Santiago,13,True,30-06-2026 0:00:00,30-06-2026 14:35:23,01-07-2026 15:34:06,01-07-2026 15:34:06,01-07-2026 15:34:06,01-07-2026 0:00:00,01-07-2026 0:00:00,1,3,4,1,5,True,0,0,400147,V610,45,8318880
1167519,SIN_COLUMNA,FES,FES,Santiago,13,True,30-06-2026 0:00:00,30-06-2026 14:34:20,30-06-2026 18:15:37,30-06-2026 18:15:37,30-06-2026 18:15:37,06-07-2026 0:00:00,06-07-2026 0:00:00,4,3,4,1,5,True,0,4,400560,V612,46,138554
1167490,SIN_COLUMNA,FES,FES,Santiago,13,True,30-06-2026 0:00:00,30-06-2026 14:25:47,01-07-2026 12:11:42,01-07-2026 12:11:42,01-07-2026 12:11:42,06-07-2026 0:00:00,06-07-2026 0:00:00,4,3,4,1,5,True,0,3,981560,V612,46,402214
4190139911,SIN_COLUMNA,FES,FES,Santiago,13,True,30-06-2026 0:00:00,30-06-2026 14:25:34,01-07-2026 15:31:42,01-07-2026 15:31:42,01-07-2026 15:31:42,01-07-2026 0:00:00,01-07-2026 0:00:00,1,3,4,1,5,True,0,0,400147,V610,45,2880618
1167489,SIN_COLUMNA,FES,FES,Santiago,13,True,30-06-2026 0:00:00,30-06-2026 14:16:04,30-06-2026 18:15:45,30-06-2026 18:15:45,30-06-2026 18:15:45,06-07-2026 0:00:00,06-07-2026 0:00:00,4,3,4,1,5,True,0,4,400560,V612,46,8570822
4190139907,SIN_COLUMNA,FES,FES,Regiones,08,True,30-06-2026 0:00:00,30-06-2026 13:34:48,30-06-2026 14:26:06,30-06-2026 14:26:06,30-06-2026 14:26:06,07-07-2026 0:00:00,07-07-2026 0:00:00,5,4,5,2,7,True,0,5,650338,V580,45,1535614
4190139906,SIN_COLUMNA,FES,FES,Regiones,08,True,30-06-2026 0:00:00,30-06-2026 13:30:40,30-06-2026 14:26:02,30-06-2026 14:26:02,30-06-2026 14:26:02,07-07-2026 0:00:00,07-07-2026 0:00:00,5,4,5,2,7,True,0,5,650338,V580,45,1535614
4190139905,SIN_COLUMNA,FES,FES,Regiones,08,True,30-06-2026 0:00:00,30-06-2026 13:25:29,30-06-2026 14:26:00,30-06-2026 14:26:00,30-06-2026 14:26:00,07-07-2026 0:00:00,07-07-2026 0:00:00,5,4,5,2,7,True,0,5,650338,V580,45,1535614
4190139904,SIN_COLUMNA,FES,FES,Santiago,13,True,30-06-2026 0:00:00,30-06-2026 13:03:32,30-06-2026 14:25:52,30-06-2026 14:25:52,30-06-2026 14:25:52,01-07-2026 0:00:00,01-07-2026 0:00:00,1,3,4,1,5,True,0,1,440083,V610,45,105666
4190139894,SIN_COLUMNA,FES,FES,Regiones,04,True,30-06-2026 0:00:00,30-06-2026 9:51:15,30-06-2026 10:12:54,30-06-2026 10:12:54,30-06-2026 10:12:54,07-07-2026 0:00:00,07-07-2026 0:00:00,5,4,5,2,7,True,0,5,210136,V834,43,291647
4190139917,SIN_COLUMNA,FES,FES,Santiago,13,True,30-06-2026 0:00:00,30-06-2026 0:00:00,01-07-2026 15:35:50,01-07-2026 15:35:50,01-07-2026 15:35:50,01-07-2026 0:00:00,01-07-2026 0:00:00,1,3,4,1,5,True,0,0,400147,V610,45,8617380
4190139909,SIN_COLUMNA,FES,FES,Santiago,13,True,30-06-2026 0:00:00,30-06-2026 0:00:00,30-06-2026 18:16:27,30-06-2026 18:16:27,30-06-2026 18:16:27,30-06-2026 0:00:00,30-06-2026 0:00:00,0,3,4,1,5,True,0,0,445124,V610,43,9268944
1167477,SIN_COLUMNA,FES,FES,Regiones,08,True,29-06-2026 0:00:00,29-06-2026 21:59:19,02-07-2026 8:20:49,02-07-2026 8:20:49,02-07-2026 8:20:49,02-07-2026 0:00:00,02-07-2026 0:00:00,3,4,5,2,7,True,0,0,650222,V580,45,3200980
1167476,SIN_COLUMNA,FES,FES,Regiones,08,True,29-06-2026 0:00:00,29-06-2026 21:51:58,02-07-2026 8:20:48,02-07-2026 8:20:48,02-07-2026 8:20:48,02-07-2026 0:00:00,02-07-2026 0:00:00,3,4,5,2,7,True,0,0,650222,V580,45,3200980
4190139890,SIN_COLUMNA,FES,FES,Santiago,13,True,29-06-2026 0:00:00,29-06-2026 17:49:24,30-06-2026 9:43:20,30-06-2026 9:43:20,30-06-2026 9:43:20,03-07-2026 0:00:00,03-07-2026 0:00:00,4,3,4,1,5,True,0,3,455018,V610,43,683969
4190139884,SIN_COLUMNA,FES,FES,Santiago,13,True,27-06-2026 0:00:00,27-06-2026 13:15:29,01-07-2026 14:42:15,01-07-2026 14:42:15,01-07-2026 14:42:15,01-07-2026 0:00:00,01-07-2026 0:00:00,2,3,4,1,5,True,0,0,420743,V610,45,8399778
4190139880,SIN_COLUMNA,FES,FES,Regiones,08,True,26-06-2026 0:00:00,26-06-2026 16:32:25,30-06-2026 9:44:22,30-06-2026 9:44:22,30-06-2026 9:44:22,02-07-2026 0:00:00,02-07-2026 0:00:00,3,4,5,2,7,True,0,2,700036,V108,45,354167
4190139877,SIN_COLUMNA,FES,FES,Regiones,08,True,26-06-2026 0:00:00,26-06-2026 11:49:05,26-06-2026 12:58:25,26-06-2026 12:58:25,26-06-2026 12:58:25,06-07-2026 0:00:00,06-07-2026 0:00:00,5,4,5,2,7,True,0,5,650029,V580,43,536807
4190139876,SIN_COLUMNA,FES,FES,Regiones,08,True,26-06-2026 0:00:00,26-06-2026 11:43:53,26-06-2026 12:58:19,26-06-2026 12:58:19,26-06-2026 12:58:19,06-07-2026 0:00:00,06-07-2026 0:00:00,5,4,5,2,7,True,0,5,600016,V108,45,810816
4190139874,SIN_COLUMNA,FES,FES,Regiones,01,True,26-06-2026 0:00:00,26-06-2026 0:00:00,26-06-2026 12:56:52,26-06-2026 12:56:52,26-06-2026 12:56:52,02-07-2026 0:00:00,02-07-2026 0:00:00,3,4,5,2,7,True,0,3,110044,V861,43,284275
1167374,SIN_COLUMNA,FES,FES,Regiones,12,True,25-06-2026 0:00:00,25-06-2026 23:01:45,30-06-2026 18:45:34,30-06-2026 18:45:34,30-06-2026 18:45:34,30-06-2026 0:00:00,30-06-2026 0:00:00,2,4,5,2,7,True,0,0,950054,V612,46,225061
1167372,SIN_COLUMNA,FES,FES,Regiones,01,True,25-06-2026 0:00:00,25-06-2026 22:24:52,26-06-2026 12:56:51,26-06-2026 12:56:51,26-06-2026 12:56:51,02-07-2026 0:00:00,02-07-2026 0:00:00,4,4,5,2,7,True,0,3,100136,V861,43,1450836
4190139871,SIN_COLUMNA,FES,FES,Regiones,04,True,25-06-2026 0:00:00,25-06-2026 19:58:30,26-06-2026 12:57:19,26-06-2026 12:57:19,26-06-2026 12:57:19,02-07-2026 0:00:00,02-07-2026 0:00:00,4,4,5,2,7,True,0,3,205051,V834,43,159296
4190139869,SIN_COLUMNA,FES,FES,Regiones,10,True,25-06-2026 0:00:00,25-06-2026 19:20:59,26-06-2026 12:58:43,26-06-2026 12:58:43,26-06-2026 12:58:43,02-07-2026 0:00:00,02-07-2026 0:00:00,4,4,5,2,7,True,0,3,850109,V800,43,2101552
1167369,SIN_COLUMNA,FES,FES,Santiago,13,True,25-06-2026 0:00:00,25-06-2026 17:00:44,26-06-2026 12:57:47,26-06-2026 12:57:47,26-06-2026 12:57:47,01-07-2026 0:00:00,01-07-2026 0:00:00,3,3,4,1,5,True,0,2,410919,V615,43,145676
1167368,SIN_COLUMNA,FES,FES,Regiones,08,True,25-06-2026 0:00:00,25-06-2026 16:59:49,26-06-2026 11:00:13,26-06-2026 11:00:13,26-06-2026 11:00:13,03-07-2026 0:00:00,03-07-2026 0:00:00,5,4,5,2,7,True,0,4,695001,V108,43,1003775
1167367,SIN_COLUMNA,FES,FES,Regiones,08,True,25-06-2026 0:00:00,25-06-2026 16:52:01,26-06-2026 11:00:12,26-06-2026 11:00:12,26-06-2026 11:00:12,03-07-2026 0:00:00,03-07-2026 0:00:00,5,4,5,2,7,True,0,4,695001,V108,43,1227944
1167364,SIN_COLUMNA,FES,FES,Santiago,13,True,25-06-2026 0:00:00,25-06-2026 16:17:46,30-06-2026 18:16:24,30-06-2026 18:16:24,30-06-2026 18:16:24,30-06-2026 0:00:00,30-06-2026 0:00:00,2,3,4,1,5,True,0,0,420421,V610,43,23581902
4190139863,SIN_COLUMNA,FES,FES,Regiones,05,True,25-06-2026 0:00:00,25-06-2026 15:05:40,26-06-2026 10:57:56,26-06-2026 10:57:56,26-06-2026 10:57:56,01-07-2026 0:00:00,01-07-2026 0:00:00,3,4,5,2,7,True,0,2,345099,V400,45,1555796
4190139861,SIN_COLUMNA,FES,FES,Regiones,10,True,25-06-2026 0:00:00,25-06-2026 9:57:09,26-06-2026 11:00:26,26-06-2026 11:00:26,26-06-2026 11:00:26,01-07-2026 0:00:00,01-07-2026 0:00:00,3,4,5,2,7,True,0,2,850055,V800,43,68700
4190139860,SIN_COLUMNA,FES,FES,Regiones,01,True,25-06-2026 0:00:00,25-06-2026 0:05:48,26-06-2026 12:57:10,26-06-2026 12:57:10,26-06-2026 12:57:10,02-07-2026 0:00:00,02-07-2026 0:00:00,4,4,5,2,7,True,0,3,110054,V861,43,790973
4190139865,SIN_COLUMNA,FES,FES,Regiones,07,True,25-06-2026 0:00:00,25-06-2026 0:00:00,26-06-2026 12:58:16,26-06-2026 12:58:16,26-06-2026 12:58:16,01-07-2026 0:00:00,01-07-2026 0:00:00,3,4,5,2,7,True,0,2,555018,V550,43,295044
1167370,SIN_COLUMNA,FES,FES,Regiones,08,True,25-06-2026 0:00:00,25-06-2026 0:00:00,26-06-2026 12:58:29,26-06-2026 12:58:29,26-06-2026 12:58:29,02-07-2026 0:00:00,02-07-2026 0:00:00,4,4,5,2,7,True,0,3,695001,V108,43,271436
1167348,SIN_COLUMNA,FES,FES,Santiago,13,True,24-06-2026 0:00:00,24-06-2026 18:10:50,26-06-2026 12:58:00,26-06-2026 12:58:00,26-06-2026 12:58:00,01-07-2026 0:00:00,01-07-2026 0:00:00,4,3,4,1,5,True,0,2,411496,V615,43,70214
4190139854,SIN_COLUMNA,FES,FES,Regiones,10,True,24-06-2026 0:00:00,24-06-2026 15:15:20,26-06-2026 11:00:20,26-06-2026 11:00:20,26-06-2026 11:00:20,01-07-2026 0:00:00,01-07-2026 0:00:00,4,4,5,2,7,True,0,2,793001,V800,43,176377
4190139852,SIN_COLUMNA,FES,FES,Regiones,08,True,24-06-2026 0:00:00,24-06-2026 12:40:39,26-06-2026 12:58:28,26-06-2026 12:58:28,30-06-2026 14:33:00,01-07-2026 0:00:00,01-07-2026 0:00:00,4,4,5,2,7,True,0,2,653017,V580,43,516164
1167334,SIN_COLUMNA,FES,FES,Santiago,13,True,24-06-2026 0:00:00,24-06-2026 10:00:56,30-06-2026 10:59:58,30-06-2026 10:59:58,01-07-2026 9:01:00,01-07-2026 0:00:00,01-07-2026 0:00:00,4,3,4,1,5,True,0,1,410158,V585,45,24755127
1167335,SIN_COLUMNA,FES,FES,Santiago,13,True,24-06-2026 0:00:00,24-06-2026 9:56:28,26-06-2026 12:57:59,26-06-2026 12:57:59,26-06-2026 12:57:59,01-07-2026 0:00:00,01-07-2026 0:00:00,4,3,4,1,5,True,0,2,411302,V612,42,636324
1167323,SIN_COLUMNA,FES,FES,Regiones,04,True,24-06-2026 0:00:00,24-06-2026 0:45:42,26-06-2026 0:00:00,26-06-2026 0:00:00,30-06-2026 11:54:00,30-06-2026 0:00:00,30-06-2026 0:00:00,3,4,5,2,7,True,0,1,200049,V834,45,3361585
4190139848,SIN_COLUMNA,FES,FES,Regiones,09,True,23-06-2026 0:00:00,23-06-2026 23:58:33,26-06-2026 0:00:00,26-06-2026 0:00:00,30-06-2026 11:40:00,30-06-2026 0:00:00,30-06-2026 0:00:00,4,4,5,2,7,True,0,1,745007,V750,43,617829
4190139843,SIN_COLUMNA,FES,FES,Regiones,10,True,23-06-2026 0:00:00,23-06-2026 20:01:53,26-06-2026 12:58:47,26-06-2026 12:58:47,30-06-2026 14:34:00,01-07-2026 0:00:00,01-07-2026 0:00:00,5,4,5,2,7,True,0,2,900009,V800,45,766439
4190139837,SIN_COLUMNA,FES,FES,Regiones,10,True,23-06-2026 0:00:00,23-06-2026 15:14:36,26-06-2026 12:58:30,26-06-2026 12:58:30,30-06-2026 15:46:00,01-07-2026 0:00:00,01-07-2026 0:00:00,5,4,5,2,7,True,0,2,810035,V800,43,610436
4190139835,SIN_COLUMNA,FES,FES,Regiones,05,True,23-06-2026 0:00:00,23-06-2026 11:59:10,26-06-2026 12:57:35,26-06-2026 12:57:35,30-06-2026 14:33:00,01-07-2026 0:00:00,01-07-2026 0:00:00,5,4,5,2,7,True,0,2,345159,V400,43,422455
4190139552,SIN_COLUMNA,FES,FES,Regiones,08,True,01-06-2026 0:00:00,01-06-2026 16:40:58,01-06-2026 17:18:11,01-06-2026 17:18:11,01-06-2026 17:18:11,03-06-2026 0:00:00,03-06-2026 0:00:00,2,4,5,2,7,True,0,2,650259,V580,43,570411
1166992,SIN_COLUMNA,FES,FES,Santiago,13,True,01-06-2026 0:00:00,01-06-2026 15:52:23,01-06-2026 16:16:11,01-06-2026 16:16:11,01-06-2026 16:16:11,04-06-2026 0:00:00,04-06-2026 0:00:00,3,3,4,1,5,True,0,3,430893,V612,46,178963
4190139545,SIN_COLUMNA,FES,FES,Regiones,01,True,01-06-2026 0:00:00,01-06-2026 14:43:49,01-06-2026 15:36:18,01-06-2026 15:36:18,01-06-2026 15:36:18,03-06-2026 0:00:00,03-06-2026 0:00:00,2,4,5,2,7,True,0,2,110044,V861,43,1264694
4190139542,SIN_COLUMNA,FES,FES,Regiones,01,True,01-06-2026 0:00:00,01-06-2026 12:29:59,01-06-2026 17:17:52,01-06-2026 17:17:52,01-06-2026 17:17:52,03-06-2026 0:00:00,03-06-2026 0:00:00,2,4,5,2,7,True,0,2,110302,V861,43,1500894
4190139541,SIN_COLUMNA,FES,FES,Santiago,13,True,01-06-2026 0:00:00,01-06-2026 11:59:05,01-06-2026 13:11:35,01-06-2026 13:11:35,01-06-2026 13:11:35,03-06-2026 0:00:00,03-06-2026 0:00:00,2,3,4,1,5,True,0,2,411390,V615,43,313204
1166857,SIN_COLUMNA,FES,FES,Santiago,13,True,01-06-2026 0:00:00,01-06-2026 11:43:07,01-06-2026 13:11:58,01-06-2026 13:11:58,01-06-2026 13:11:58,03-06-2026 0:00:00,03-06-2026 0:00:00,2,3,4,1,5,True,0,2,460257,V612,46,70085
1166856,SIN_COLUMNA,FES,FES,Santiago,13,True,01-06-2026 0:00:00,01-06-2026 11:35:01,01-06-2026 13:11:43,01-06-2026 13:11:43,01-06-2026 13:11:43,04-06-2026 0:00:00,04-06-2026 0:00:00,3,3,4,1,5,True,0,3,411402,V612,46,1653905
4190139539,SIN_COLUMNA,FES,FES,Santiago,13,True,01-06-2026 0:00:00,01-06-2026 11:34:37,01-06-2026 12:22:23,01-06-2026 12:22:23,01-06-2026 12:22:23,03-06-2026 0:00:00,03-06-2026 0:00:00,2,3,4,1,5,True,0,2,430561,V615,43,1023257
4190139537,SIN_COLUMNA,FES,FES,Regiones,06,True,01-06-2026 0:00:00,01-06-2026 11:11:58,01-06-2026 13:55:07,01-06-2026 13:55:07,01-06-2026 13:55:07,03-06-2026 0:00:00,03-06-2026 0:00:00,2,4,5,2,7,True,0,2,538024,V650,43,392358
4190139536,SIN_COLUMNA,FES,FES,Regiones,01,True,01-06-2026 0:00:00,01-06-2026 10:54:26,01-06-2026 12:22:08,01-06-2026 12:22:08,01-06-2026 12:22:08,04-06-2026 0:00:00,04-06-2026 0:00:00,3,4,5,2,7,True,0,3,110159,V861,43,2388835
4190139534,SIN_COLUMNA,FES,FES,Regiones,02,True,01-06-2026 0:00:00,01-06-2026 9:47:12,01-06-2026 17:17:58,01-06-2026 17:17:58,01-06-2026 17:17:58,04-06-2026 0:00:00,04-06-2026 0:00:00,3,4,5,2,7,True,0,3,130016,V817,43,387854
1166852,SIN_COLUMNA,FES,FES,Santiago,13,True,01-06-2026 0:00:00,01-06-2026 9:38:01,01-06-2026 13:11:42,01-06-2026 13:11:42,01-06-2026 13:11:42,04-06-2026 0:00:00,04-06-2026 0:00:00,3,3,4,1,5,True,0,3,411402,V612,46,967100
4190139533,SIN_COLUMNA,FES,FES,Regiones,08,True,01-06-2026 0:00:00,01-06-2026 8:55:57,01-06-2026 17:18:07,01-06-2026 17:18:07,01-06-2026 17:18:07,05-06-2026 0:00:00,05-06-2026 0:00:00,4,4,5,2,7,True,0,4,650068,V580,43,7832748
1166849,SIN_COLUMNA,FES,FES,Santiago,13,True,30-05-2026 0:00:00,30-05-2026 16:32:55,01-06-2026 10:55:01,01-06-2026 10:55:01,01-06-2026 10:55:01,03-06-2026 0:00:00,03-06-2026 0:00:00,3,3,4,1,5,True,0,2,410384,V614,43,82400
1166848,SIN_COLUMNA,FES,FES,Santiago,13,True,30-05-2026 0:00:00,30-05-2026 16:26:05,01-06-2026 10:54:58,01-06-2026 10:54:58,01-06-2026 10:54:58,03-06-2026 0:00:00,03-06-2026 0:00:00,3,3,4,1,5,True,0,2,410384,V614,43,174423
1166847,SIN_COLUMNA,FES,FES,Santiago,13,True,30-05-2026 0:00:00,30-05-2026 14:00:17,01-06-2026 16:15:53,01-06-2026 16:15:53,01-06-2026 16:15:53,03-06-2026 0:00:00,03-06-2026 0:00:00,3,3,4,1,5,True,0,2,411366,V614,43,782911
1166846,SIN_COLUMNA,FES,FES,Santiago,13,True,30-05-2026 0:00:00,30-05-2026 13:47:52,01-06-2026 10:54:49,01-06-2026 10:54:49,01-06-2026 10:54:49,04-06-2026 0:00:00,04-06-2026 0:00:00,4,3,4,1,5,True,0,3,370085,V614,43,281432
1166845,SIN_COLUMNA,FES,FES,Santiago,13,True,30-05-2026 0:00:00,30-05-2026 13:41:42,01-06-2026 10:54:44,01-06-2026 10:54:44,01-06-2026 10:54:44,04-06-2026 0:00:00,04-06-2026 0:00:00,4,3,4,1,5,True,0,3,370085,V614,43,108963
4190139531,SIN_COLUMNA,FES,FES,Regiones,09,True,29-05-2026 0:00:00,29-05-2026 18:54:04,30-05-2026 9:20:08,30-05-2026 9:20:08,30-05-2026 9:20:08,03-06-2026 0:00:00,03-06-2026 0:00:00,3,4,5,2,7,True,0,3,750228,V750,43,2615092
4190139530,SIN_COLUMNA,FES,FES,Regiones,04,True,29-05-2026 0:00:00,29-05-2026 18:47:19,01-06-2026 0:00:00,01-06-2026 0:00:00,01-06-2026 0:00:00,03-06-2026 0:00:00,03-06-2026 0:00:00,3,4,5,2,7,True,0,2,250048,V834,43,1375365
4190139529,SIN_COLUMNA,FES,FES,Regiones,10,True,29-05-2026 0:00:00,29-05-2026 17:44:50,30-05-2026 9:20:14,30-05-2026 9:20:14,30-05-2026 9:20:14,04-06-2026 0:00:00,04-06-2026 0:00:00,4,4,5,2,7,True,0,4,900190,V800,43,132081
4190139528,SIN_COLUMNA,FES,FES,Regiones,08,True,29-05-2026 0:00:00,29-05-2026 15:21:38,30-05-2026 9:20:02,30-05-2026 9:20:02,30-05-2026 9:20:02,02-06-2026 0:00:00,02-06-2026 0:00:00,2,4,5,2,7,True,0,2,600016,V108,45,248197
4190139527,SIN_COLUMNA,FES,FES,Santiago,13,True,29-05-2026 0:00:00,29-05-2026 12:57:25,01-06-2026 10:54:57,01-06-2026 10:54:57,01-06-2026 10:54:57,04-06-2026 0:00:00,04-06-2026 0:00:00,4,3,4,1,5,True,0,3,400424,V615,43,252894
4190139526,SIN_COLUMNA,FES,FES,Santiago,13,True,29-05-2026 0:00:00,29-05-2026 12:41:14,01-06-2026 0:00:00,01-06-2026 0:00:00,01-06-2026 0:00:00,03-06-2026 0:00:00,03-06-2026 0:00:00,3,3,4,1,5,True,0,2,430667,V615,43,1150837
4190139525,SIN_COLUMNA,FES,FES,Regiones,09,True,29-05-2026 0:00:00,29-05-2026 12:32:03,30-05-2026 9:20:13,30-05-2026 9:20:13,30-05-2026 9:20:13,03-06-2026 0:00:00,03-06-2026 0:00:00,3,4,5,2,7,True,0,3,765001,V750,43,208713
4190139524,SIN_COLUMNA,FES,FES,Regiones,06,True,29-05-2026 0:00:00,29-05-2026 12:30:47,01-06-2026 9:44:39,01-06-2026 9:44:39,01-06-2026 9:44:39,03-06-2026 0:00:00,03-06-2026 0:00:00,3,4,5,2,7,True,0,2,530031,V650,43,821456
1166840,SIN_COLUMNA,FES,FES,Santiago,13,True,29-05-2026 0:00:00,29-05-2026 12:30:33,01-06-2026 9:44:18,01-06-2026 9:44:18,01-06-2026 9:44:18,02-06-2026 0:00:00,02-06-2026 0:00:00,2,3,4,1,5,True,0,1,460257,V612,46,450500
4190139522,SIN_COLUMNA,FES,FES,Santiago,13,True,29-05-2026 0:00:00,29-05-2026 11:51:16,30-05-2026 9:18:53,30-05-2026 9:18:53,30-05-2026 9:18:53,03-06-2026 0:00:00,03-06-2026 0:00:00,3,3,4,1,5,True,0,3,430493,V615,43,665308
4190139521,SIN_COLUMNA,FES,FES,Regiones,06,True,29-05-2026 0:00:00,29-05-2026 11:45:03,30-05-2026 9:19:00,30-05-2026 9:19:00,30-05-2026 9:19:00,03-06-2026 0:00:00,03-06-2026 0:00:00,3,4,5,2,7,True,0,3,498018,V650,43,684777
1166829,SIN_COLUMNA,FES,FES,Regiones,08,True,29-05-2026 0:00:00,29-05-2026 10:40:53,29-05-2026 11:15:18,29-05-2026 11:15:18,29-05-2026 11:15:18,01-06-2026 0:00:00,01-06-2026 0:00:00,1,4,5,2,7,True,0,1,981604,V612,46,97554
4190139520,SIN_COLUMNA,FES,FES,Regiones,06,True,29-05-2026 0:00:00,29-05-2026 10:24:48,01-06-2026 9:44:26,01-06-2026 9:44:26,01-06-2026 9:44:26,05-06-2026 0:00:00,05-06-2026 0:00:00,5,4,5,2,7,True,0,4,500216,V650,43,1187965
1166827,SIN_COLUMNA,FES,FES,Regiones,10,True,29-05-2026 0:00:00,29-05-2026 10:15:28,01-06-2026 12:22:30,01-06-2026 12:22:30,01-06-2026 12:22:30,01-06-2026 0:00:00,01-06-2026 0:00:00,1,4,5,2,7,True,0,0,981531,V612,46,22449
4190139519,SIN_COLUMNA,FES,FES,Regiones,07,True,29-05-2026 0:00:00,29-05-2026 9:37:36,29-05-2026 0:00:00,29-05-2026 0:00:00,29-05-2026 0:00:00,29-05-2026 0:00:00,29-05-2026 0:00:00,0,4,5,2,7,True,0,0,540085,V550,43,537821
4190139517,SIN_COLUMNA,FES,FES,Regiones,03,True,29-05-2026 0:00:00,29-05-2026 8:56:20,29-05-2026 9:36:04,29-05-2026 9:36:04,29-05-2026 9:36:04,01-06-2026 0:00:00,01-06-2026 0:00:00,1,4,5,2,7,True,0,1,175000,V834,43,378352
1166788,SIN_COLUMNA,FES,FES,Santiago,13,True,29-05-2026 0:00:00,29-05-2026 8:44:55,29-05-2026 9:36:13,29-05-2026 9:36:13,29-05-2026 9:36:13,01-06-2026 0:00:00,01-06-2026 0:00:00,1,3,4,1,5,True,0,1,430578,V612,46,89730
1166787,SIN_COLUMNA,FES,FES,Santiago,13,True,29-05-2026 0:00:00,29-05-2026 8:32:54,29-05-2026 9:30:20,29-05-2026 9:30:20,29-05-2026 9:30:20,01-06-2026 0:00:00,01-06-2026 0:00:00,1,3,4,1,5,True,0,1,411430,V612,46,85053
4190139516,SIN_COLUMNA,FES,FES,Santiago,13,True,29-05-2026 0:00:00,29-05-2026 0:28:39,29-05-2026 9:36:08,29-05-2026 9:36:08,29-05-2026 9:36:08,01-06-2026 0:00:00,01-06-2026 0:00:00,1,3,4,1,5,True,0,1,400319,V615,43,297933
4190139515,SIN_COLUMNA,FES,FES,Regiones,09,True,29-05-2026 0:00:00,29-05-2026 0:15:23,29-05-2026 9:30:57,29-05-2026 9:30:57,29-05-2026 9:30:57,29-05-2026 0:00:00,29-05-2026 0:00:00,0,4,5,2,7,True,0,0,780013,V750,43,1314162
4190139514,SIN_COLUMNA,FES,FES,Regiones,09,True,29-05-2026 0:00:00,29-05-2026 0:15:07,29-05-2026 9:30:46,29-05-2026 9:30:46,29-05-2026 9:30:46,29-05-2026 0:00:00,29-05-2026 0:00:00,0,4,5,2,7,True,0,0,780013,V750,43,1314162
4190139513,SIN_COLUMNA,FES,FES,Regiones,09,True,29-05-2026 0:00:00,29-05-2026 0:14:50,29-05-2026 9:30:40,29-05-2026 9:30:40,29-05-2026 9:30:40,02-06-2026 0:00:00,02-06-2026 0:00:00,2,4,5,2,7,True,0,2,780013,V750,43,1314162
4190139523,SIN_COLUMNA,FES,FES,Regiones,06,True,29-05-2026 0:00:00,29-05-2026 0:00:00,30-05-2026 9:20:01,30-05-2026 9:20:01,30-05-2026 9:20:01,03-06-2026 0:00:00,03-06-2026 0:00:00,3,4,5,2,7,True,0,3,500146,V650,43,724374
1166839,SIN_COLUMNA,FES,FES,Santiago,13,True,29-05-2026 0:00:00,29-05-2026 0:00:00,30-05-2026 9:18:43,30-05-2026 9:18:43,30-05-2026 9:18:43,04-06-2026 0:00:00,04-06-2026 0:00:00,4,3,4,1,5,True,0,4,420377,V615,43,1440872
1166786,SIN_COLUMNA,FES,FES,Regiones,07,True,28-05-2026 0:00:00,28-05-2026 22:00:21,01-06-2026 9:45:00,01-06-2026 9:45:00,01-06-2026 9:45:00,04-06-2026 0:00:00,04-06-2026 0:00:00,5,4,5,2,7,True,0,3,550245,V550,43,1981641
1166785,SIN_COLUMNA,FES,FES,Santiago,13,True,28-05-2026 0:00:00,28-05-2026 20:51:27,29-05-2026 9:30:21,29-05-2026 9:30:21,29-05-2026 9:30:21,02-06-2026 0:00:00,02-06-2026 0:00:00,3,3,4,1,5,True,0,2,411442,V614,43,584903
4190139512,SIN_COLUMNA,FES,FES,Regiones,08,True,28-05-2026 0:00:00,28-05-2026 19:32:35,29-05-2026 9:30:33,29-05-2026 9:30:33,29-05-2026 9:30:33,02-06-2026 0:00:00,02-06-2026 0:00:00,3,4,5,2,7,True,0,2,650030,V580,43,983528
4190139510,SIN_COLUMNA,FES,FES,Regiones,10,True,28-05-2026 0:00:00,28-05-2026 19:23:20,29-05-2026 0:00:00,29-05-2026 0:00:00,29-05-2026 0:00:00,02-06-2026 0:00:00,02-06-2026 0:00:00,3,4,5,2,7,True,0,2,880015,V800,43,554275
4190139508,SIN_COLUMNA,FES,FES,Regiones,11,True,28-05-2026 0:00:00,28-05-2026 18:41:54,29-05-2026 9:31:00,29-05-2026 9:31:00,29-05-2026 9:31:00,01-06-2026 0:00:00,01-06-2026 0:00:00,2,4,5,2,7,True,0,1,940026,V800,43,1318231
4190139507,SIN_COLUMNA,FES,FES,Regiones,02,True,28-05-2026 0:00:00,28-05-2026 18:27:37,29-05-2026 9:30:11,29-05-2026 9:30:11,29-05-2026 9:30:11,02-06-2026 0:00:00,02-06-2026 0:00:00,3,4,5,2,7,True,0,2,150241,V817,43,846890
1166782,SIN_COLUMNA,FES,FES,Santiago,13,True,28-05-2026 0:00:00,28-05-2026 16:44:33,29-05-2026 9:36:11,29-05-2026 9:36:11,29-05-2026 9:36:11,01-06-2026 0:00:00,01-06-2026 0:00:00,2,3,4,1,5,True,0,1,411430,V612,46,577500
1166703,SIN_COLUMNA,FES,FES,Santiago,13,True,28-05-2026 0:00:00,28-05-2026 15:45:17,28-05-2026 16:53:39,28-05-2026 16:53:39,28-05-2026 16:53:39,01-06-2026 0:00:00,01-06-2026 0:00:00,2,3,4,1,5,True,0,2,410586,V612,46,330797
4190139506,SIN_COLUMNA,FES,FES,Santiago,13,True,28-05-2026 0:00:00,28-05-2026 14:20:26,28-05-2026 15:56:25,28-05-2026 15:56:25,28-05-2026 15:56:25,29-05-2026 0:00:00,29-05-2026 0:00:00,1,3,4,1,5,True,0,1,445107,V615,43,63565
4190139505,SIN_COLUMNA,FES,FES,Santiago,13,True,28-05-2026 0:00:00,28-05-2026 14:18:16,28-05-2026 15:56:19,28-05-2026 15:56:19,28-05-2026 15:56:19,29-05-2026 0:00:00,29-05-2026 0:00:00,1,3,4,1,5,True,0,1,430865,V615,43,381915
4190139503,SIN_COLUMNA,FES,FES,Regiones,05,True,28-05-2026 0:00:00,28-05-2026 13:47:04,28-05-2026 16:53:18,28-05-2026 16:53:18,28-05-2026 16:53:18,01-06-2026 0:00:00,01-06-2026 0:00:00,2,4,5,2,7,True,0,2,300032,V835,43,146056
4190139502,SIN_COLUMNA,FES,FES,Regiones,02,True,28-05-2026 0:00:00,28-05-2026 13:20:43,01-06-2026 9:44:09,01-06-2026 9:44:09,01-06-2026 9:44:09,03-06-2026 0:00:00,03-06-2026 0:00:00,4,4,5,2,7,True,0,2,150276,V817,43,1441625
4190139501,SIN_COLUMNA,FES,FES,Regiones,06,True,28-05-2026 0:00:00,28-05-2026 13:17:30,01-06-2026 10:55:13,01-06-2026 10:55:13,01-06-2026 10:55:13,03-06-2026 0:00:00,03-06-2026 0:00:00,4,4,5,2,7,True,0,2,518014,V650,43,365225
4190139500,SIN_COLUMNA,FES,FES,Regiones,06,True,28-05-2026 0:00:00,28-05-2026 12:37:17,28-05-2026 15:56:30,28-05-2026 15:56:30,28-05-2026 15:56:30,28-05-2026 0:00:00,28-05-2026 0:00:00,0,4,5,2,7,True,0,0,500160,V650,43,218649
4190139499,SIN_COLUMNA,FES,FES,Regiones,06,True,28-05-2026 0:00:00,28-05-2026 12:18:06,01-06-2026 13:55:00,01-06-2026 13:55:00,01-06-2026 13:55:00,04-06-2026 0:00:00,04-06-2026 0:00:00,5,4,5,2,7,True,0,3,500322,V650,45,170238
4190139498,SIN_COLUMNA,FES,FES,Regiones,06,True,28-05-2026 0:00:00,28-05-2026 12:14:55,28-05-2026 12:26:01,28-05-2026 12:26:01,28-05-2026 12:26:01,02-06-2026 0:00:00,02-06-2026 0:00:00,3,4,5,2,7,True,0,3,500322,V650,45,930146
1166694,SIN_COLUMNA,FES,FES,Santiago,13,True,28-05-2026 0:00:00,28-05-2026 12:11:36,28-05-2026 15:56:46,28-05-2026 15:56:46,28-05-2026 15:56:46,29-05-2026 0:00:00,29-05-2026 0:00:00,1,3,4,1,5,True,0,1,981505,V612,46,190271
1166691,SIN_COLUMNA,FES,FES,Regiones,06,True,28-05-2026 0:00:00,28-05-2026 11:41:49,01-06-2026 12:22:25,01-06-2026 12:22:25,01-06-2026 12:22:25,03-06-2026 0:00:00,03-06-2026 0:00:00,4,4,5,2,7,True,0,2,500320,V650,45,77875
1166690,SIN_COLUMNA,FES,FES,Santiago,13,True,28-05-2026 0:00:00,28-05-2026 11:38:06,28-05-2026 12:25:08,28-05-2026 12:25:08,28-05-2026 12:25:08,29-05-2026 0:00:00,29-05-2026 0:00:00,1,3,4,1,5,True,0,1,420450,V585,45,2402016
4190139495,SIN_COLUMNA,FES,FES,Regiones,06,True,28-05-2026 0:00:00,28-05-2026 11:32:59,01-06-2026 12:22:26,01-06-2026 12:22:26,01-06-2026 12:22:26,04-06-2026 0:00:00,04-06-2026 0:00:00,5,4,5,2,7,True,0,3,500320,V650,45,434555
4190139494,SIN_COLUMNA,FES,FES,Regiones,08,True,28-05-2026 0:00:00,28-05-2026 11:20:45,28-05-2026 16:53:41,28-05-2026 16:53:41,28-05-2026 16:53:41,02-06-2026 0:00:00,02-06-2026 0:00:00,3,4,5,2,7,True,0,3,695045,V108,43,368005
1166688,SIN_COLUMNA,FES,FES,Santiago,13,True,28-05-2026 0:00:00,28-05-2026 10:48:41,28-05-2026 12:25:07,28-05-2026 12:25:07,28-05-2026 12:25:07,01-06-2026 0:00:00,01-06-2026 0:00:00,2,3,4,1,5,True,0,2,411460,V612,46,73196
1166687,SIN_COLUMNA,FES,FES,Santiago,13,True,28-05-2026 0:00:00,28-05-2026 9:42:50,28-05-2026 16:53:21,28-05-2026 16:53:21,28-05-2026 16:53:21,02-06-2026 0:00:00,02-06-2026 0:00:00,3,3,4,1,5,True,0,3,410159,V585,45,2861216
4190139490,SIN_COLUMNA,FES,FES,Santiago,13,True,28-05-2026 0:00:00,28-05-2026 0:40:56,01-06-2026 13:11:54,01-06-2026 13:11:54,01-06-2026 13:11:54,03-06-2026 0:00:00,03-06-2026 0:00:00,4,3,4,1,5,True,0,2,440549,V615,43,311803
1166682,SIN_COLUMNA,FES,FES,Regiones,07,True,28-05-2026 0:00:00,28-05-2026 0:14:54,28-05-2026 12:21:55,28-05-2026 12:21:55,28-05-2026 12:21:55,29-05-2026 0:00:00,29-05-2026 0:00:00,1,4,5,2,7,True,0,1,550132,V550,45,2161936
1166683,SIN_COLUMNA,FES,FES,Regiones,07,True,28-05-2026 0:00:00,28-05-2026 0:00:00,29-05-2026 11:17:58,29-05-2026 11:17:58,29-05-2026 11:17:58,03-06-2026 0:00:00,03-06-2026 0:00:00,4,4,5,2,7,True,0,3,550153,V550,43,1749919
1166689,SIN_COLUMNA,FES,FES,Santiago,13,True,28-05-2026 0:00:00,28-05-2026 0:00:00,29-05-2026 11:11:40,29-05-2026 11:11:40,29-05-2026 11:11:40,01-06-2026 0:00:00,01-06-2026 0:00:00,2,3,4,1,5,True,0,1,460257,V612,46,46916
1166698,SIN_COLUMNA,FES,FES,Santiago,13,True,28-05-2026 0:00:00,28-05-2026 0:00:00,01-06-2026 12:58:26,01-06-2026 12:58:26,01-06-2026 12:58:26,02-06-2026 0:00:00,02-06-2026 0:00:00,3,3,4,1,5,True,0,1,495028,V650,43,349817
1166783,SIN_COLUMNA,FES,FES,Regiones,08,True,28-05-2026 0:00:00,28-05-2026 0:00:00,30-05-2026 9:20:07,30-05-2026 9:20:07,30-05-2026 9:20:07,03-06-2026 0:00:00,03-06-2026 0:00:00,4,4,5,2,7,True,0,3,650464,V612,46,278266
1166784,SIN_COLUMNA,FES,FES,Santiago,13,True,28-05-2026 0:00:00,28-05-2026 0:00:00,29-05-2026 9:30:19,29-05-2026 9:30:19,29-05-2026 9:30:19,02-06-2026 0:00:00,02-06-2026 0:00:00,3,3,4,1,5,True,0,2,411235,V615,43,1037467
4190139491,SIN_COLUMNA,FES,FES,Santiago,13,True,28-05-2026 0:00:00,28-05-2026 0:00:00,28-05-2026 15:13:49,28-05-2026 15:13:49,29-05-2026 11:56:00,29-05-2026 0:00:00,29-05-2026 0:00:00,1,3,4,1,5,True,0,1,430353,V615,43,1289042
4190139488,SIN_COLUMNA,FES,FES,Regiones,03,True,27-05-2026 0:00:00,27-05-2026 23:04:45,28-05-2026 12:25:07,28-05-2026 12:25:07,28-05-2026 12:25:07,29-05-2026 0:00:00,29-05-2026 0:00:00,2,4,5,2,7,True,0,1,190025,V834,43,52676
4190139486,SIN_COLUMNA,FES,FES,Regiones,05,True,27-05-2026 0:00:00,27-05-2026 19:30:59,28-05-2026 12:25:16,28-05-2026 12:25:16,28-05-2026 12:25:16,29-05-2026 0:00:00,29-05-2026 0:00:00,2,4,5,2,7,True,0,1,480110,V400,43,53039
4190139481,SIN_COLUMNA,FES,FES,Regiones,08,True,27-05-2026 0:00:00,27-05-2026 16:37:09,28-05-2026 15:56:32,28-05-2026 15:56:32,28-05-2026 16:11:00,28-05-2026 0:00:00,28-05-2026 0:00:00,1,4,5,2,7,True,0,0,660051,V580,45,1022959
4190139480,SIN_COLUMNA,FES,FES,Regiones,08,True,27-05-2026 0:00:00,27-05-2026 16:05:57,28-05-2026 12:25:49,28-05-2026 12:25:49,28-05-2026 12:25:49,29-05-2026 0:00:00,29-05-2026 0:00:00,2,4,5,2,7,True,0,1,558000,V108,43,266307
4190139471,SIN_COLUMNA,FES,FES,Regiones,04,True,27-05-2026 0:00:00,27-05-2026 13:17:33,28-05-2026 12:39:55,28-05-2026 12:39:55,28-05-2026 13:02:00,28-05-2026 0:00:00,28-05-2026 0:00:00,1,4,5,2,7,True,0,0,200149,V834,43,141823
4190139467,SIN_COLUMNA,FES,FES,Santiago,13,True,27-05-2026 0:00:00,27-05-2026 10:15:40,28-05-2026 12:15:25,28-05-2026 12:15:25,28-05-2026 12:15:25,28-05-2026 0:00:00,28-05-2026 0:00:00,1,3,4,1,5,True,0,0,445090,V610,43,2034034
1166668,SIN_COLUMNA,FES,FES,Regiones,08,True,27-05-2026 0:00:00,27-05-2026 9:29:18,28-05-2026 12:25:53,28-05-2026 12:25:53,28-05-2026 12:25:53,28-05-2026 0:00:00,28-05-2026 0:00:00,1,4,5,2,7,True,0,0,981604,V612,46,200914
1166678,SIN_COLUMNA,FES,FES,Santiago,13,True,27-05-2026 0:00:00,27-05-2026 0:00:00,28-05-2026 12:25:08,28-05-2026 12:25:08,28-05-2026 12:25:08,29-05-2026 0:00:00,29-05-2026 0:00:00,2,3,4,1,5,True,0,1,411484,V612,43,321635
4190139457,SIN_COLUMNA,FES,FES,Regiones,09,True,26-05-2026 0:00:00,26-05-2026 18:17:42,28-05-2026 12:25:52,28-05-2026 12:25:52,28-05-2026 12:25:52,02-06-2026 0:00:00,02-06-2026 0:00:00,5,4,5,2,7,True,0,3,709002,V108,43,475068
4190139456,SIN_COLUMNA,FES,FES,Santiago,13,True,26-05-2026 0:00:00,26-05-2026 17:55:29,28-05-2026 15:56:27,28-05-2026 15:56:27,28-05-2026 12:57:00,01-06-2026 0:00:00,01-06-2026 0:00:00,4,3,4,1,5,True,0,2,456020,V615,43,424314
4190139455,SIN_COLUMNA,FES,FES,Regiones,10,True,26-05-2026 0:00:00,26-05-2026 16:16:10,28-05-2026 15:56:36,28-05-2026 15:56:36,28-05-2026 16:05:00,28-05-2026 0:00:00,28-05-2026 0:00:00,2,4,5,2,7,True,0,0,850109,V800,43,2086804
4190139453,SIN_COLUMNA,FES,FES,Regiones,09,True,26-05-2026 0:00:00,26-05-2026 15:56:41,28-05-2026 15:56:34,28-05-2026 15:56:34,28-05-2026 16:05:00,01-06-2026 0:00:00,01-06-2026 0:00:00,4,4,5,2,7,True,0,2,802025,V750,43,1733866
4190139443,SIN_COLUMNA,FES,FES,Regiones,05,True,26-05-2026 0:00:00,26-05-2026 11:15:10,28-05-2026 12:25:15,28-05-2026 12:25:15,28-05-2026 12:25:15,01-06-2026 0:00:00,01-06-2026 0:00:00,4,4,5,2,7,True,0,2,480036,V400,43,810922
4190139451,SIN_COLUMNA,FES,FES,Regiones,04,True,26-05-2026 0:00:00,26-05-2026 0:00:00,28-05-2026 16:53:16,28-05-2026 16:53:16,28-05-2026 16:53:16,01-06-2026 0:00:00,01-06-2026 0:00:00,4,4,5,2,7,True,0,2,257005,V835,43,101365
4190139172,SIN_COLUMNA,FES,FES,Santiago,13,True,04-05-2026 0:00:00,04-05-2026 13:19:49,04-05-2026 13:54:37,04-05-2026 13:54:37,04-05-2026 13:54:37,07-05-2026 0:00:00,07-05-2026 0:00:00,3,3,4,1,5,True,0,3,460007,V615,43,399663
4190139170,SIN_COLUMNA,FES,FES,Regiones,07,True,04-05-2026 0:00:00,04-05-2026 12:51:26,04-05-2026 13:05:36,04-05-2026 13:05:36,04-05-2026 13:05:36,08-05-2026 0:00:00,08-05-2026 0:00:00,4,4,5,2,7,True,0,4,550102,V550,43,240862
4190139168,SIN_COLUMNA,FES,FES,Regiones,05,True,04-05-2026 0:00:00,04-05-2026 12:21:02,04-05-2026 12:56:23,04-05-2026 12:56:23,04-05-2026 12:56:23,08-05-2026 0:00:00,08-05-2026 0:00:00,4,4,5,2,7,True,0,4,351028,V400,43,437416
1166361,SIN_COLUMNA,FES,FES,Regiones,06,True,04-05-2026 0:00:00,04-05-2026 11:41:23,04-05-2026 12:49:43,04-05-2026 12:49:43,04-05-2026 12:49:43,06-05-2026 0:00:00,06-05-2026 0:00:00,2,4,5,2,7,True,0,2,498018,V650,43,844268
1166305,SIN_COLUMNA,FES,FES,Santiago,13,True,04-05-2026 0:00:00,04-05-2026 10:31:57,04-05-2026 10:41:42,04-05-2026 10:41:42,04-05-2026 10:41:42,05-05-2026 0:00:00,05-05-2026 0:00:00,1,3,4,1,5,True,0,1,420450,V585,45,3112419
1166316,SIN_COLUMNA,FES,FES,Santiago,13,True,04-05-2026 0:00:00,04-05-2026 0:00:00,04-05-2026 14:32:51,04-05-2026 14:32:51,04-05-2026 14:32:51,06-05-2026 0:00:00,06-05-2026 0:00:00,2,3,4,1,5,True,0,2,411402,V612,46,208653
4190139162,SIN_COLUMNA,FES,FES,Regiones,05,True,30-04-2026 0:00:00,30-04-2026 18:33:10,02-05-2026 10:46:31,02-05-2026 10:46:31,02-05-2026 10:46:31,06-05-2026 0:00:00,06-05-2026 0:00:00,3,4,5,2,7,True,0,3,345250,V400,43,361813
4190139161,SIN_COLUMNA,FES,FES,Regiones,05,True,30-04-2026 0:00:00,30-04-2026 18:27:56,02-05-2026 11:29:08,02-05-2026 11:29:08,02-05-2026 11:29:08,07-05-2026 0:00:00,07-05-2026 0:00:00,4,4,5,2,7,True,0,4,345099,V400,45,1243231
4190139160,SIN_COLUMNA,FES,FES,Regiones,10,True,30-04-2026 0:00:00,30-04-2026 18:07:44,02-05-2026 11:31:35,02-05-2026 11:31:35,02-05-2026 11:31:35,06-05-2026 0:00:00,06-05-2026 0:00:00,3,4,5,2,7,True,0,3,800034,V800,45,513899
1166141,SIN_COLUMNA,FES,FES,Santiago,13,True,30-04-2026 0:00:00,30-04-2026 17:51:04,04-05-2026 11:05:40,04-05-2026 11:05:40,04-05-2026 11:05:40,05-05-2026 0:00:00,05-05-2026 0:00:00,2,3,4,1,5,True,0,1,981505,V612,46,12794
1166138,SIN_COLUMNA,FES,FES,Santiago,13,True,30-04-2026 0:00:00,30-04-2026 16:36:57,02-05-2026 11:29:18,02-05-2026 11:29:18,02-05-2026 11:29:18,06-05-2026 0:00:00,06-05-2026 0:00:00,3,3,4,1,5,True,0,3,420377,V615,43,906737
4190139158,SIN_COLUMNA,FES,FES,Regiones,10,True,30-04-2026 0:00:00,30-04-2026 16:22:16,02-05-2026 11:31:46,02-05-2026 11:31:46,02-05-2026 11:31:46,06-05-2026 0:00:00,06-05-2026 0:00:00,3,4,5,2,7,True,0,3,850109,V800,43,503025
4190139157,SIN_COLUMNA,FES,FES,Santiago,13,True,30-04-2026 0:00:00,30-04-2026 16:19:05,02-05-2026 11:29:23,02-05-2026 11:29:23,02-05-2026 11:29:23,05-05-2026 0:00:00,05-05-2026 0:00:00,2,3,4,1,5,True,0,2,430074,V610,43,115713
4190139155,SIN_COLUMNA,FES,FES,Santiago,13,True,30-04-2026 0:00:00,30-04-2026 16:00:54,02-05-2026 11:29:21,02-05-2026 11:29:21,02-05-2026 11:29:21,05-05-2026 0:00:00,05-05-2026 0:00:00,2,3,4,1,5,True,0,2,420377,V615,43,1121748
4190139154,SIN_COLUMNA,FES,FES,Regiones,08,True,30-04-2026 0:00:00,30-04-2026 15:36:42,02-05-2026 11:31:23,02-05-2026 11:31:23,02-05-2026 11:31:23,08-05-2026 0:00:00,08-05-2026 0:00:00,5,4,5,2,7,True,0,5,655012,V580,45,1759401
1166074,SIN_COLUMNA,FES,FES,Santiago,13,True,30-04-2026 0:00:00,30-04-2026 14:47:59,02-05-2026 11:31:51,02-05-2026 11:31:51,02-05-2026 11:31:51,04-05-2026 0:00:00,04-05-2026 0:00:00,1,3,4,1,5,True,0,1,970007,V906,47,91440
1166072,SIN_COLUMNA,FES,FES,Regiones,08,True,30-04-2026 0:00:00,30-04-2026 14:31:55,30-04-2026 15:36:16,30-04-2026 15:36:16,30-04-2026 15:36:16,06-05-2026 0:00:00,06-05-2026 0:00:00,3,4,5,2,7,True,0,3,650222,V580,45,1061280
1166071,SIN_COLUMNA,FES,FES,Regiones,02,True,30-04-2026 0:00:00,30-04-2026 14:08:42,30-04-2026 20:36:45,30-04-2026 20:36:45,30-04-2026 20:36:45,07-05-2026 0:00:00,07-05-2026 0:00:00,4,4,5,2,7,True,0,4,130016,V817,43,3804463
4190139151,SIN_COLUMNA,FES,FES,Regiones,07,True,30-04-2026 0:00:00,30-04-2026 13:45:54,02-05-2026 11:30:40,02-05-2026 11:30:40,02-05-2026 11:30:40,06-05-2026 0:00:00,06-05-2026 0:00:00,3,4,5,2,7,True,0,3,550239,V550,45,1390038
4190139150,SIN_COLUMNA,FES,FES,Regiones,08,True,30-04-2026 0:00:00,30-04-2026 13:35:40,30-04-2026 15:04:40,30-04-2026 15:04:40,30-04-2026 15:04:40,06-05-2026 0:00:00,06-05-2026 0:00:00,3,4,5,2,7,True,0,3,600140,V108,43,703424
4190139149,SIN_COLUMNA,FES,FES,Regiones,09,True,30-04-2026 0:00:00,30-04-2026 13:14:28,30-04-2026 15:04:48,30-04-2026 15:04:48,30-04-2026 15:04:48,30-04-2026 0:00:00,30-04-2026 0:00:00,0,4,5,2,7,True,0,0,750159,V750,45,1944935
4190139147,SIN_COLUMNA,FES,FES,Regiones,06,True,30-04-2026 0:00:00,30-04-2026 13:00:00,02-05-2026 11:29:41,02-05-2026 11:29:41,02-05-2026 11:29:41,07-05-2026 0:00:00,07-05-2026 0:00:00,4,4,5,2,7,True,0,4,498025,V650,43,5738514
4190139145,SIN_COLUMNA,FES,FES,Regiones,08,True,30-04-2026 0:00:00,30-04-2026 12:58:34,04-05-2026 11:04:40,04-05-2026 11:04:40,04-05-2026 11:04:40,07-05-2026 0:00:00,07-05-2026 0:00:00,4,4,5,2,7,True,0,3,700162,V108,43,125799
4190139144,SIN_COLUMNA,FES,FES,Regiones,10,True,30-04-2026 0:00:00,30-04-2026 12:53:22,02-05-2026 11:31:48,02-05-2026 11:31:48,02-05-2026 11:31:48,08-05-2026 0:00:00,08-05-2026 0:00:00,5,4,5,2,7,True,0,5,900199,V800,45,1092104
4190139143,SIN_COLUMNA,FES,FES,Regiones,10,True,30-04-2026 0:00:00,30-04-2026 12:39:11,30-04-2026 0:00:00,30-04-2026 0:00:00,30-04-2026 0:00:00,07-05-2026 0:00:00,07-05-2026 0:00:00,4,4,5,2,7,True,0,4,925015,V800,43,153846
4190139139,SIN_COLUMNA,FES,FES,Regiones,05,True,30-04-2026 0:00:00,30-04-2026 12:14:22,30-04-2026 0:00:00,30-04-2026 0:00:00,30-04-2026 0:00:00,06-05-2026 0:00:00,06-05-2026 0:00:00,3,4,5,2,7,True,0,3,345159,V400,43,195006
4190139137,SIN_COLUMNA,FES,FES,Regiones,09,True,30-04-2026 0:00:00,30-04-2026 12:00:56,30-04-2026 0:00:00,30-04-2026 0:00:00,30-04-2026 0:00:00,08-05-2026 0:00:00,08-05-2026 0:00:00,5,4,5,2,7,True,0,5,730050,V750,43,227570
4190139136,SIN_COLUMNA,FES,FES,Regiones,09,True,30-04-2026 0:00:00,30-04-2026 11:58:37,30-04-2026 15:36:41,30-04-2026 15:36:41,30-04-2026 15:36:41,07-05-2026 0:00:00,07-05-2026 0:00:00,4,4,5,2,7,True,0,4,750005,V750,43,2963372
1166066,SIN_COLUMNA,FES,FES,Santiago,13,True,30-04-2026 0:00:00,30-04-2026 10:53:34,30-04-2026 0:00:00,30-04-2026 0:00:00,30-04-2026 0:00:00,04-05-2026 0:00:00,04-05-2026 0:00:00,1,3,4,1,5,True,0,1,430881,V612,46,420268
1166062,SIN_COLUMNA,FES,FES,Santiago,13,True,30-04-2026 0:00:00,30-04-2026 10:14:00,30-04-2026 14:04:39,30-04-2026 14:04:39,30-04-2026 14:04:39,06-05-2026 0:00:00,06-05-2026 0:00:00,3,3,4,1,5,True,0,3,411430,V612,46,308034
1166059,SIN_COLUMNA,FES,FES,Santiago,13,True,30-04-2026 0:00:00,30-04-2026 9:32:25,30-04-2026 11:38:46,30-04-2026 11:38:46,30-04-2026 11:38:46,06-05-2026 0:00:00,06-05-2026 0:00:00,3,3,4,1,5,True,0,3,411402,V612,46,375249
4190139133,SIN_COLUMNA,FES,FES,Regiones,02,True,30-04-2026 0:00:00,30-04-2026 8:47:57,30-04-2026 14:03:54,30-04-2026 14:03:54,30-04-2026 14:03:54,06-05-2026 0:00:00,06-05-2026 0:00:00,3,4,5,2,7,True,0,3,150165,V817,43,336215
1166056,SIN_COLUMNA,FES,FES,Santiago,13,True,30-04-2026 0:00:00,30-04-2026 8:39:35,30-04-2026 0:00:00,30-04-2026 0:00:00,30-04-2026 0:00:00,05-05-2026 0:00:00,05-05-2026 0:00:00,2,3,4,1,5,True,0,2,981505,V612,46,236400
4190139132,SIN_COLUMNA,FES,FES,Regiones,06,True,30-04-2026 0:00:00,30-04-2026 8:31:46,30-04-2026 0:00:00,30-04-2026 0:00:00,30-04-2026 0:00:00,05-05-2026 0:00:00,05-05-2026 0:00:00,2,4,5,2,7,True,0,2,500128,V650,43,121599
4190139126,SIN_COLUMNA,FES,FES,Regiones,09,True,30-04-2026 0:00:00,30-04-2026 0:27:02,30-04-2026 0:00:00,30-04-2026 0:00:00,30-04-2026 0:00:00,06-05-2026 0:00:00,06-05-2026 0:00:00,3,4,5,2,7,True,0,3,750034,V750,45,4539225
4190139138,SIN_COLUMNA,FES,FES,Regiones,01,True,30-04-2026 0:00:00,30-04-2026 0:00:00,02-05-2026 11:28:58,02-05-2026 11:28:58,02-05-2026 11:28:58,06-05-2026 0:00:00,06-05-2026 0:00:00,3,4,5,2,7,True,0,3,100114,V861,43,1097890
4190139135,SIN_COLUMNA,FES,FES,Regiones,01,True,30-04-2026 0:00:00,30-04-2026 0:00:00,30-04-2026 0:00:00,30-04-2026 0:00:00,30-04-2026 0:00:00,06-05-2026 0:00:00,06-05-2026 0:00:00,3,4,5,2,7,True,0,3,100121,V861,43,299300
4190139134,SIN_COLUMNA,FES,FES,Regiones,06,True,30-04-2026 0:00:00,30-04-2026 0:00:00,30-04-2026 0:00:00,30-04-2026 0:00:00,30-04-2026 0:00:00,06-05-2026 0:00:00,06-05-2026 0:00:00,3,4,5,2,7,True,0,3,499021,V650,43,513941
4190139148,SIN_COLUMNA,FES,FES,Regiones,08,True,30-04-2026 0:00:00,30-04-2026 0:00:00,04-05-2026 0:00:00,04-05-2026 0:00:00,04-05-2026 0:00:00,06-05-2026 0:00:00,06-05-2026 0:00:00,3,4,5,2,7,True,0,2,700162,V108,43,246676
4190139152,SIN_COLUMNA,FES,FES,Regiones,06,True,30-04-2026 0:00:00,30-04-2026 0:00:00,02-05-2026 11:30:06,02-05-2026 11:30:06,02-05-2026 11:30:06,07-05-2026 0:00:00,07-05-2026 0:00:00,4,4,5,2,7,True,0,4,530324,V650,45,2679840
