PEDIDO,FLUJO,ZONA,ES_CERRADO,FECHA_CREACION,FACTURA_INICIO_MODELO,FACTURA_INICIO_RECALCULADA,DESPACHO_FINAL_MODELO,DESPACHO_FINAL_RECALCULADO,MANIFIESTO_FINAL_MODELO,MANIFIESTO_FINAL_RECALCULADO,CIERRE_MODELO,CIERRE_ESPERADO,FUENTE_CIERRE_MODELO,FUENTE_CIERRE_ESPERADA,COINCIDE_CIERRE
1168129,NORMAL,Santiago,True,14-07-2026 13:59:10,14-07-2026 0:00:00,14-07-2026 0:00:00,14-07-2026 0:00:00,14-07-2026 0:00:00,,,14-07-2026 0:00:00,14-07-2026 0:00:00,DESPACHO,DESPACHO,True
1168117,NORMAL,Santiago,True,13-07-2026 13:00:58,14-07-2026 9:10:39,14-07-2026 9:10:39,14-07-2026 16:49:00,14-07-2026 16:49:00,,,14-07-2026 16:49:00,14-07-2026 16:49:00,DESPACHO,DESPACHO,True
1168108,NORMAL,Santiago,True,13-07-2026 11:08:43,14-07-2026 8:23:52,14-07-2026 8:23:52,14-07-2026 14:36:00,14-07-2026 14:36:00,,,14-07-2026 14:36:00,14-07-2026 14:36:00,DESPACHO,DESPACHO,True
1168107,NORMAL,Santiago,True,13-07-2026 11:00:35,14-07-2026 12:06:40,14-07-2026 12:06:40,14-07-2026 12:06:40,14-07-2026 12:06:40,,,14-07-2026 12:06:40,14-07-2026 12:06:40,DESPACHO,DESPACHO,True
1168103,NORMAL,Santiago,True,13-07-2026 9:26:39,13-07-2026 14:30:19,13-07-2026 14:30:19,13-07-2026 16:48:00,13-07-2026 16:48:00,,,13-07-2026 16:48:00,13-07-2026 16:48:00,DESPACHO,DESPACHO,True
1168122,NORMAL,Santiago,True,13-07-2026 0:00:00,14-07-2026 9:50:19,14-07-2026 9:50:19,14-07-2026 12:44:00,14-07-2026 12:44:00,,,14-07-2026 12:44:00,14-07-2026 12:44:00,DESPACHO,DESPACHO,True
1168112,NORMAL,Santiago,True,13-07-2026 0:00:00,13-07-2026 14:57:18,13-07-2026 14:57:18,13-07-2026 16:51:00,13-07-2026 16:51:00,,,13-07-2026 16:51:00,13-07-2026 16:51:00,DESPACHO,DESPACHO,True
1168111,NORMAL,Santiago,True,13-07-2026 0:00:00,14-07-2026 11:45:55,14-07-2026 11:45:55,14-07-2026 11:45:55,14-07-2026 11:45:55,,,14-07-2026 11:45:55,14-07-2026 11:45:55,DESPACHO,DESPACHO,True
1168097,NORMAL,Santiago,True,10-07-2026 21:21:37,13-07-2026 0:00:00,13-07-2026 0:00:00,13-07-2026 0:00:00,13-07-2026 0:00:00,,,13-07-2026 0:00:00,13-07-2026 0:00:00,DESPACHO,DESPACHO,True
1168096,NORMAL,Santiago,True,10-07-2026 13:36:23,13-07-2026 0:00:00,13-07-2026 0:00:00,13-07-2026 14:27:00,13-07-2026 14:27:00,,,13-07-2026 14:27:00,13-07-2026 14:27:00,DESPACHO,DESPACHO,True
1168092,NORMAL,Santiago,True,10-07-2026 11:43:41,13-07-2026 8:31:34,13-07-2026 8:31:34,13-07-2026 14:23:00,13-07-2026 14:23:00,,,13-07-2026 14:23:00,13-07-2026 14:23:00,DESPACHO,DESPACHO,True
1168087,NORMAL,Santiago,True,09-07-2026 16:53:02,10-07-2026 0:00:00,10-07-2026 0:00:00,10-07-2026 13:17:00,10-07-2026 13:17:00,,,10-07-2026 13:17:00,10-07-2026 13:17:00,DESPACHO,DESPACHO,True
1168085,NORMAL,Santiago,True,09-07-2026 15:58:05,14-07-2026 12:35:05,14-07-2026 12:35:05,14-07-2026 16:50:00,14-07-2026 16:50:00,,,14-07-2026 16:50:00,14-07-2026 16:50:00,DESPACHO,DESPACHO,True
1168080,NORMAL,Santiago,True,09-07-2026 11:34:02,09-07-2026 14:18:45,09-07-2026 14:18:45,09-07-2026 16:10:00,09-07-2026 16:10:00,,,09-07-2026 16:10:00,09-07-2026 16:10:00,DESPACHO,DESPACHO,True
4190139991,NORMAL,Santiago,True,08-07-2026 16:53:59,13-07-2026 10:01:47,13-07-2026 10:01:47,13-07-2026 14:30:00,13-07-2026 14:30:00,,,13-07-2026 14:30:00,13-07-2026 14:30:00,DESPACHO,DESPACHO,True
1168065,NORMAL,Santiago,True,07-07-2026 19:54:09,09-07-2026 11:49:54,09-07-2026 11:49:54,09-07-2026 12:25:00,09-07-2026 12:25:00,,,09-07-2026 12:25:00,09-07-2026 12:25:00,DESPACHO,DESPACHO,True
1168059,NORMAL,Santiago,True,07-07-2026 16:37:03,09-07-2026 11:52:39,09-07-2026 11:52:39,09-07-2026 11:55:00,09-07-2026 11:55:00,,,09-07-2026 11:55:00,09-07-2026 11:55:00,DESPACHO,DESPACHO,True
1168055,NORMAL,Santiago,True,07-07-2026 15:14:48,09-07-2026 10:37:18,09-07-2026 10:37:18,09-07-2026 12:14:00,09-07-2026 12:14:00,,,09-07-2026 12:14:00,09-07-2026 12:14:00,DESPACHO,DESPACHO,True
1168054,NORMAL,Santiago,True,07-07-2026 15:04:43,09-07-2026 10:37:33,09-07-2026 10:37:33,09-07-2026 12:10:00,09-07-2026 12:10:00,,,09-07-2026 12:10:00,09-07-2026 12:10:00,DESPACHO,DESPACHO,True
1168052,NORMAL,Santiago,True,07-07-2026 14:59:02,10-07-2026 7:57:32,10-07-2026 7:57:32,10-07-2026 9:11:00,10-07-2026 9:11:00,,,10-07-2026 9:11:00,10-07-2026 9:11:00,DESPACHO,DESPACHO,True
1168051,NORMAL,Santiago,True,07-07-2026 14:54:49,10-07-2026 7:57:23,10-07-2026 7:57:23,10-07-2026 9:12:00,10-07-2026 9:12:00,,,10-07-2026 9:12:00,10-07-2026 9:12:00,DESPACHO,DESPACHO,True
1168050,NORMAL,Santiago,True,07-07-2026 13:50:46,09-07-2026 10:37:25,09-07-2026 10:37:25,09-07-2026 12:01:00,09-07-2026 12:01:00,,,09-07-2026 12:01:00,09-07-2026 12:01:00,DESPACHO,DESPACHO,True
1168041,NORMAL,Santiago,True,06-07-2026 15:26:57,09-07-2026 9:41:31,09-07-2026 9:41:31,09-07-2026 14:50:00,09-07-2026 14:50:00,,,09-07-2026 14:50:00,09-07-2026 14:50:00,DESPACHO,DESPACHO,True
1168040,NORMAL,Santiago,True,06-07-2026 15:26:27,07-07-2026 10:17:15,07-07-2026 10:17:15,07-07-2026 11:48:00,07-07-2026 11:48:00,,,07-07-2026 11:48:00,07-07-2026 11:48:00,DESPACHO,DESPACHO,True
1168038,NORMAL,Santiago,True,06-07-2026 0:00:00,08-07-2026 13:57:33,08-07-2026 13:57:33,08-07-2026 14:47:00,08-07-2026 14:47:00,,,08-07-2026 14:47:00,08-07-2026 14:47:00,DESPACHO,DESPACHO,True
4190139953,NORMAL,Santiago,True,03-07-2026 10:52:15,06-07-2026 14:37:48,06-07-2026 14:37:48,06-07-2026 14:59:00,06-07-2026 14:59:00,,,06-07-2026 14:59:00,06-07-2026 14:59:00,DESPACHO,DESPACHO,True
1168022,NORMAL,Santiago,True,03-07-2026 0:00:00,07-07-2026 11:47:19,07-07-2026 11:47:19,07-07-2026 11:47:19,07-07-2026 11:47:19,,,07-07-2026 11:47:19,07-07-2026 11:47:19,DESPACHO,DESPACHO,True
1168016,NORMAL,Santiago,True,02-07-2026 17:46:24,06-07-2026 11:17:06,06-07-2026 11:17:06,06-07-2026 11:22:00,06-07-2026 11:22:00,,,06-07-2026 11:22:00,06-07-2026 11:22:00,DESPACHO,DESPACHO,True
1168006,NORMAL,Santiago,True,02-07-2026 10:48:50,06-07-2026 13:31:19,06-07-2026 13:31:19,06-07-2026 13:31:19,06-07-2026 13:31:19,,,06-07-2026 13:31:19,06-07-2026 13:31:19,DESPACHO,DESPACHO,True
1167362,NORMAL,Santiago,True,25-06-2026 14:20:46,25-06-2026 16:23:58,25-06-2026 16:23:58,25-06-2026 16:30:00,25-06-2026 16:30:00,,,25-06-2026 16:30:00,25-06-2026 16:30:00,DESPACHO,DESPACHO,True
1167361,NORMAL,Santiago,True,25-06-2026 13:49:40,25-06-2026 16:08:32,25-06-2026 16:08:32,25-06-2026 16:13:00,25-06-2026 16:13:00,,,25-06-2026 16:13:00,25-06-2026 16:13:00,DESPACHO,DESPACHO,True
1167357,NORMAL,Santiago,True,25-06-2026 11:54:26,26-06-2026 0:00:00,26-06-2026 0:00:00,26-06-2026 12:18:00,26-06-2026 12:18:00,,,26-06-2026 12:18:00,26-06-2026 12:18:00,DESPACHO,DESPACHO,True
1167356,NORMAL,Santiago,True,25-06-2026 11:42:47,26-06-2026 0:00:00,26-06-2026 0:00:00,26-06-2026 12:18:00,26-06-2026 12:18:00,,,26-06-2026 12:18:00,26-06-2026 12:18:00,DESPACHO,DESPACHO,True
1167350,NORMAL,Santiago,True,25-06-2026 9:11:32,30-06-2026 12:36:12,30-06-2026 12:36:12,30-06-2026 14:07:00,30-06-2026 14:07:00,,,30-06-2026 14:07:00,30-06-2026 14:07:00,DESPACHO,DESPACHO,True
1167345,NORMAL,Santiago,True,24-06-2026 16:01:38,30-06-2026 12:36:10,30-06-2026 12:36:10,30-06-2026 14:07:00,30-06-2026 14:07:00,,,30-06-2026 14:07:00,30-06-2026 14:07:00,DESPACHO,DESPACHO,True
1167342,NORMAL,Santiago,True,24-06-2026 13:39:27,26-06-2026 12:13:27,26-06-2026 12:13:27,26-06-2026 12:18:00,26-06-2026 12:18:00,,,26-06-2026 12:18:00,26-06-2026 12:18:00,DESPACHO,DESPACHO,True
1167336,NORMAL,Santiago,True,24-06-2026 11:44:44,30-06-2026 0:00:00,30-06-2026 0:00:00,30-06-2026 12:40:00,30-06-2026 12:40:00,,,30-06-2026 12:40:00,30-06-2026 12:40:00,DESPACHO,DESPACHO,True
1167307,NORMAL,Santiago,True,23-06-2026 13:21:22,30-06-2026 10:31:18,30-06-2026 10:31:18,30-06-2026 11:42:00,30-06-2026 11:42:00,,,30-06-2026 11:42:00,30-06-2026 11:42:00,DESPACHO,DESPACHO,True
1167302,NORMAL,Santiago,True,23-06-2026 10:23:54,24-06-2026 10:54:07,24-06-2026 10:54:07,24-06-2026 15:13:00,24-06-2026 15:13:00,,,24-06-2026 15:13:00,24-06-2026 15:13:00,DESPACHO,DESPACHO,True
4190139829,NORMAL,Santiago,True,22-06-2026 23:31:11,24-06-2026 11:37:15,24-06-2026 11:37:15,24-06-2026 14:26:00,24-06-2026 14:26:00,,,24-06-2026 14:26:00,24-06-2026 14:26:00,DESPACHO,DESPACHO,True
1167298,NORMAL,Santiago,True,22-06-2026 20:42:16,25-06-2026 12:34:48,25-06-2026 12:34:48,25-06-2026 14:45:00,25-06-2026 14:45:00,,,25-06-2026 14:45:00,25-06-2026 14:45:00,DESPACHO,DESPACHO,True
1167296,NORMAL,Santiago,True,22-06-2026 17:49:02,24-06-2026 0:00:00,24-06-2026 0:00:00,24-06-2026 14:23:00,24-06-2026 14:23:00,,,24-06-2026 14:23:00,24-06-2026 14:23:00,DESPACHO,DESPACHO,True
1167292,NORMAL,Santiago,True,22-06-2026 17:08:00,24-06-2026 11:37:20,24-06-2026 11:37:20,24-06-2026 14:24:00,24-06-2026 14:24:00,,,24-06-2026 14:24:00,24-06-2026 14:24:00,DESPACHO,DESPACHO,True
1167284,NORMAL,Santiago,True,22-06-2026 16:06:48,24-06-2026 16:41:32,24-06-2026 16:41:32,24-06-2026 16:41:32,24-06-2026 16:41:32,,,24-06-2026 16:41:32,24-06-2026 16:41:32,DESPACHO,DESPACHO,True
1167282,NORMAL,Santiago,True,22-06-2026 14:38:08,24-06-2026 9:30:42,24-06-2026 9:30:42,24-06-2026 11:15:00,24-06-2026 11:15:00,,,24-06-2026 11:15:00,24-06-2026 11:15:00,DESPACHO,DESPACHO,True
4190139789,NORMAL,Santiago,True,22-06-2026 14:36:04,24-06-2026 9:30:47,24-06-2026 9:30:47,24-06-2026 11:11:00,24-06-2026 11:11:00,,,24-06-2026 11:11:00,24-06-2026 11:11:00,DESPACHO,DESPACHO,True
1167281,NORMAL,Santiago,True,22-06-2026 14:12:53,23-06-2026 12:14:20,23-06-2026 12:14:20,23-06-2026 12:55:00,23-06-2026 12:55:00,,,23-06-2026 12:55:00,23-06-2026 12:55:00,DESPACHO,DESPACHO,True
4190139785,NORMAL,Santiago,True,22-06-2026 13:52:21,24-06-2026 10:58:13,24-06-2026 10:58:13,24-06-2026 12:35:00,24-06-2026 12:35:00,,,24-06-2026 12:35:00,24-06-2026 12:35:00,DESPACHO,DESPACHO,True
1167278,NORMAL,Santiago,True,22-06-2026 12:58:34,24-06-2026 10:54:54,24-06-2026 10:54:54,24-06-2026 12:49:00,24-06-2026 12:49:00,,,24-06-2026 12:49:00,24-06-2026 12:49:00,DESPACHO,DESPACHO,True
1167277,NORMAL,Santiago,True,22-06-2026 12:44:28,24-06-2026 10:55:03,24-06-2026 10:55:03,24-06-2026 12:51:00,24-06-2026 12:51:00,,,24-06-2026 12:51:00,24-06-2026 12:51:00,DESPACHO,DESPACHO,True
1167268,NORMAL,Santiago,True,22-06-2026 10:16:43,24-06-2026 10:57:18,24-06-2026 10:57:18,24-06-2026 13:05:00,24-06-2026 13:05:00,,,24-06-2026 13:05:00,24-06-2026 13:05:00,DESPACHO,DESPACHO,True
1167279,NORMAL,Santiago,True,22-06-2026 0:00:00,23-06-2026 9:21:34,23-06-2026 9:21:34,23-06-2026 10:49:00,23-06-2026 10:49:00,,,23-06-2026 10:49:00,23-06-2026 10:49:00,DESPACHO,DESPACHO,True
1167263,NORMAL,Santiago,True,19-06-2026 12:31:13,25-06-2026 12:34:51,25-06-2026 12:34:51,25-06-2026 14:32:00,25-06-2026 14:32:00,,,25-06-2026 14:32:00,25-06-2026 14:32:00,DESPACHO,DESPACHO,True
4190139769,NORMAL,Santiago,True,19-06-2026 9:58:58,22-06-2026 10:45:31,22-06-2026 10:45:31,22-06-2026 16:35:00,22-06-2026 16:35:00,,,22-06-2026 16:35:00,22-06-2026 16:35:00,DESPACHO,DESPACHO,True
1167255,NORMAL,Santiago,True,18-06-2026 18:00:12,22-06-2026 11:20:08,22-06-2026 11:20:08,22-06-2026 16:36:00,22-06-2026 16:36:00,,,22-06-2026 16:36:00,22-06-2026 16:36:00,DESPACHO,DESPACHO,True
1167254,NORMAL,Santiago,True,18-06-2026 17:56:14,22-06-2026 9:33:56,22-06-2026 9:33:56,22-06-2026 16:36:00,22-06-2026 16:36:00,,,22-06-2026 16:36:00,22-06-2026 16:36:00,DESPACHO,DESPACHO,True
1167251,NORMAL,Santiago,True,18-06-2026 17:38:21,23-06-2026 10:50:31,23-06-2026 10:50:31,23-06-2026 11:27:00,23-06-2026 11:27:00,,,23-06-2026 11:27:00,23-06-2026 11:27:00,DESPACHO,DESPACHO,True
4190139752,NORMAL,Santiago,True,18-06-2026 14:52:47,22-06-2026 10:55:31,22-06-2026 10:55:31,22-06-2026 16:36:00,22-06-2026 16:36:00,,,22-06-2026 16:36:00,22-06-2026 16:36:00,DESPACHO,DESPACHO,True
1167257,NORMAL,Santiago,True,18-06-2026 0:00:00,22-06-2026 11:20:16,22-06-2026 11:20:16,22-06-2026 16:37:00,22-06-2026 16:37:00,,,22-06-2026 16:37:00,22-06-2026 16:37:00,DESPACHO,DESPACHO,True
1167239,NORMAL,Santiago,True,17-06-2026 21:40:05,22-06-2026 8:53:54,22-06-2026 8:53:54,22-06-2026 10:24:00,22-06-2026 10:24:00,,,22-06-2026 10:24:00,22-06-2026 10:24:00,DESPACHO,DESPACHO,True
1167238,NORMAL,Santiago,True,17-06-2026 21:39:09,22-06-2026 8:53:39,22-06-2026 8:53:39,22-06-2026 10:24:00,22-06-2026 10:24:00,,,22-06-2026 10:24:00,22-06-2026 10:24:00,DESPACHO,DESPACHO,True
1167233,NORMAL,Santiago,True,17-06-2026 14:28:52,18-06-2026 11:29:18,18-06-2026 11:29:18,18-06-2026 15:56:00,18-06-2026 15:56:00,,,18-06-2026 15:56:00,18-06-2026 15:56:00,DESPACHO,DESPACHO,True
1167231,NORMAL,Santiago,True,17-06-2026 14:16:45,18-06-2026 11:10:49,18-06-2026 11:10:49,18-06-2026 16:02:00,18-06-2026 16:02:00,,,18-06-2026 16:02:00,18-06-2026 16:02:00,DESPACHO,DESPACHO,True
1167228,NORMAL,Santiago,True,17-06-2026 13:15:28,18-06-2026 8:50:50,18-06-2026 8:50:50,18-06-2026 11:43:00,18-06-2026 11:43:00,,,18-06-2026 11:43:00,18-06-2026 11:43:00,DESPACHO,DESPACHO,True
1167216,NORMAL,Santiago,True,17-06-2026 8:35:07,17-06-2026 9:59:44,17-06-2026 9:59:44,17-06-2026 12:37:00,17-06-2026 12:37:00,,,17-06-2026 12:37:00,17-06-2026 12:37:00,DESPACHO,DESPACHO,True
1167217,NORMAL,Santiago,True,17-06-2026 8:29:56,17-06-2026 12:59:44,17-06-2026 12:59:44,17-06-2026 16:29:00,17-06-2026 16:29:00,,,17-06-2026 16:29:00,17-06-2026 16:29:00,DESPACHO,DESPACHO,True
1167212,NORMAL,Santiago,True,16-06-2026 16:25:45,17-06-2026 10:30:07,17-06-2026 10:30:07,17-06-2026 12:37:00,17-06-2026 12:37:00,,,17-06-2026 12:37:00,17-06-2026 12:37:00,DESPACHO,DESPACHO,True
1167210,NORMAL,Santiago,True,16-06-2026 16:02:55,17-06-2026 9:59:54,17-06-2026 9:59:54,17-06-2026 15:53:00,17-06-2026 15:53:00,,,17-06-2026 15:53:00,17-06-2026 15:53:00,DESPACHO,DESPACHO,True
1167209,NORMAL,Santiago,True,16-06-2026 15:51:09,17-06-2026 9:59:36,17-06-2026 9:59:36,17-06-2026 12:46:00,17-06-2026 12:46:00,,,17-06-2026 12:46:00,17-06-2026 12:46:00,DESPACHO,DESPACHO,True
1167211,NORMAL,Santiago,True,16-06-2026 15:34:17,17-06-2026 8:48:56,17-06-2026 8:48:56,17-06-2026 12:46:00,17-06-2026 12:46:00,,,17-06-2026 12:46:00,17-06-2026 12:46:00,DESPACHO,DESPACHO,True
1167208,NORMAL,Santiago,True,16-06-2026 14:58:34,17-06-2026 9:59:32,17-06-2026 9:59:32,17-06-2026 12:46:00,17-06-2026 12:46:00,,,17-06-2026 12:46:00,17-06-2026 12:46:00,DESPACHO,DESPACHO,True
1167207,NORMAL,Santiago,True,16-06-2026 14:46:35,17-06-2026 8:49:02,17-06-2026 8:49:02,17-06-2026 15:54:00,17-06-2026 15:54:00,,,17-06-2026 15:54:00,17-06-2026 15:54:00,DESPACHO,DESPACHO,True
1167202,NORMAL,Santiago,True,16-06-2026 11:58:55,22-06-2026 8:49:44,22-06-2026 8:49:44,22-06-2026 8:49:44,22-06-2026 8:49:44,,,22-06-2026 8:49:44,22-06-2026 8:49:44,DESPACHO,DESPACHO,True
1167195,NORMAL,Santiago,True,15-06-2026 20:30:37,16-06-2026 11:18:24,16-06-2026 11:18:24,16-06-2026 15:48:00,16-06-2026 15:48:00,,,16-06-2026 15:48:00,16-06-2026 15:48:00,DESPACHO,DESPACHO,True
1167194,NORMAL,Santiago,True,15-06-2026 20:18:25,17-06-2026 9:39:42,17-06-2026 9:39:42,17-06-2026 15:56:00,17-06-2026 15:56:00,,,17-06-2026 15:56:00,17-06-2026 15:56:00,DESPACHO,DESPACHO,True
1167192,NORMAL,Santiago,True,15-06-2026 17:13:46,18-06-2026 9:22:58,18-06-2026 9:22:58,18-06-2026 10:02:00,18-06-2026 10:02:00,,,18-06-2026 10:02:00,18-06-2026 10:02:00,DESPACHO,DESPACHO,True
1167190,NORMAL,Santiago,True,15-06-2026 15:25:15,17-06-2026 9:17:51,17-06-2026 9:17:51,17-06-2026 10:07:00,17-06-2026 10:07:00,,,17-06-2026 10:07:00,17-06-2026 10:07:00,DESPACHO,DESPACHO,True
1167189,NORMAL,Santiago,True,15-06-2026 14:57:28,16-06-2026 11:35:27,16-06-2026 11:35:27,16-06-2026 14:26:00,16-06-2026 14:26:00,,,16-06-2026 14:26:00,16-06-2026 14:26:00,DESPACHO,DESPACHO,True
1167187,NORMAL,Santiago,True,15-06-2026 14:39:35,16-06-2026 10:16:50,16-06-2026 10:16:50,16-06-2026 15:55:00,16-06-2026 15:55:00,,,16-06-2026 15:55:00,16-06-2026 15:55:00,DESPACHO,DESPACHO,True
1167178,NORMAL,Santiago,True,15-06-2026 11:01:59,15-06-2026 15:15:21,15-06-2026 15:15:21,15-06-2026 16:27:00,15-06-2026 16:27:00,,,15-06-2026 16:27:00,15-06-2026 16:27:00,DESPACHO,DESPACHO,True
1167175,NORMAL,Santiago,True,15-06-2026 10:39:10,15-06-2026 15:15:12,15-06-2026 15:15:12,15-06-2026 16:27:00,15-06-2026 16:27:00,,,15-06-2026 16:27:00,15-06-2026 16:27:00,DESPACHO,DESPACHO,True
1167174,NORMAL,Santiago,True,15-06-2026 10:16:23,16-06-2026 11:18:19,16-06-2026 11:18:19,16-06-2026 14:31:00,16-06-2026 14:31:00,,,16-06-2026 14:31:00,16-06-2026 14:31:00,DESPACHO,DESPACHO,True
1167173,NORMAL,Santiago,True,15-06-2026 9:48:51,15-06-2026 12:15:28,15-06-2026 12:15:28,15-06-2026 13:08:00,15-06-2026 13:08:00,,,15-06-2026 13:08:00,15-06-2026 13:08:00,DESPACHO,DESPACHO,True
1167172,NORMAL,Santiago,True,15-06-2026 9:39:50,16-06-2026 0:00:00,16-06-2026 0:00:00,16-06-2026 15:02:00,16-06-2026 15:02:00,,,16-06-2026 15:02:00,16-06-2026 15:02:00,DESPACHO,DESPACHO,True
1167167,NORMAL,Santiago,True,15-06-2026 9:00:16,15-06-2026 11:58:28,15-06-2026 11:58:28,15-06-2026 13:18:00,15-06-2026 13:18:00,,,15-06-2026 13:18:00,15-06-2026 13:18:00,DESPACHO,DESPACHO,True
1167163,NORMAL,Santiago,True,15-06-2026 8:29:00,16-06-2026 10:32:34,16-06-2026 10:32:34,16-06-2026 15:50:00,16-06-2026 15:50:00,,,16-06-2026 15:50:00,16-06-2026 15:50:00,DESPACHO,DESPACHO,True
1167157,NORMAL,Santiago,True,12-06-2026 11:58:56,15-06-2026 12:53:49,15-06-2026 12:53:49,15-06-2026 16:27:00,15-06-2026 16:27:00,,,15-06-2026 16:27:00,15-06-2026 16:27:00,DESPACHO,DESPACHO,True
1167152,NORMAL,Santiago,True,12-06-2026 10:01:42,12-06-2026 10:57:06,12-06-2026 10:57:06,12-06-2026 11:00:00,12-06-2026 11:00:00,,,12-06-2026 11:00:00,12-06-2026 11:00:00,DESPACHO,DESPACHO,True
1167153,NORMAL,Santiago,True,12-06-2026 9:41:32,15-06-2026 0:00:00,15-06-2026 0:00:00,15-06-2026 12:53:00,15-06-2026 12:53:00,,,15-06-2026 12:53:00,15-06-2026 12:53:00,DESPACHO,DESPACHO,True
1167149,NORMAL,Santiago,True,11-06-2026 19:46:44,15-06-2026 12:44:00,15-06-2026 12:44:00,15-06-2026 14:15:00,15-06-2026 14:15:00,,,15-06-2026 14:15:00,15-06-2026 14:15:00,DESPACHO,DESPACHO,True
1167146,NORMAL,Santiago,True,11-06-2026 16:42:01,12-06-2026 10:36:27,12-06-2026 10:36:27,12-06-2026 13:03:00,12-06-2026 13:03:00,,,12-06-2026 13:03:00,12-06-2026 13:03:00,DESPACHO,DESPACHO,True
1167145,NORMAL,Santiago,True,11-06-2026 15:46:09,12-06-2026 10:17:37,12-06-2026 10:17:37,12-06-2026 13:03:00,12-06-2026 13:03:00,,,12-06-2026 13:03:00,12-06-2026 13:03:00,DESPACHO,DESPACHO,True
1167143,NORMAL,Santiago,True,11-06-2026 15:21:46,15-06-2026 11:40:03,15-06-2026 11:40:03,15-06-2026 12:06:00,15-06-2026 12:06:00,,,15-06-2026 12:06:00,15-06-2026 12:06:00,DESPACHO,DESPACHO,True
1167139,NORMAL,Santiago,True,11-06-2026 14:20:19,12-06-2026 10:18:01,12-06-2026 10:18:01,12-06-2026 11:52:00,12-06-2026 11:52:00,,,12-06-2026 11:52:00,12-06-2026 11:52:00,DESPACHO,DESPACHO,True
1167122,NORMAL,Santiago,True,10-06-2026 10:01:36,15-06-2026 11:39:57,15-06-2026 11:39:57,15-06-2026 11:59:00,15-06-2026 11:59:00,,,15-06-2026 11:59:00,15-06-2026 11:59:00,DESPACHO,DESPACHO,True
1167118,NORMAL,Santiago,True,10-06-2026 8:57:17,10-06-2026 11:22:41,10-06-2026 11:22:41,10-06-2026 15:05:00,10-06-2026 15:05:00,,,10-06-2026 15:05:00,10-06-2026 15:05:00,DESPACHO,DESPACHO,True
1167114,NORMAL,Santiago,True,09-06-2026 22:25:53,10-06-2026 9:47:37,10-06-2026 9:47:37,10-06-2026 13:23:00,10-06-2026 13:23:00,,,10-06-2026 13:23:00,10-06-2026 13:23:00,DESPACHO,DESPACHO,True
4190139632,NORMAL,Santiago,True,09-06-2026 21:19:08,15-06-2026 0:00:00,15-06-2026 0:00:00,15-06-2026 12:13:00,15-06-2026 12:13:00,,,15-06-2026 12:13:00,15-06-2026 12:13:00,DESPACHO,DESPACHO,True
4190139629,NORMAL,Santiago,True,09-06-2026 16:34:59,10-06-2026 8:58:40,10-06-2026 8:58:40,10-06-2026 13:04:00,10-06-2026 13:04:00,,,10-06-2026 13:04:00,10-06-2026 13:04:00,DESPACHO,DESPACHO,True
4190139627,NORMAL,Santiago,True,09-06-2026 15:20:10,11-06-2026 9:58:32,11-06-2026 9:58:32,11-06-2026 13:04:00,11-06-2026 13:04:00,,,11-06-2026 13:04:00,11-06-2026 13:04:00,DESPACHO,DESPACHO,True
1167109,NORMAL,Santiago,True,09-06-2026 14:41:28,10-06-2026 0:00:00,10-06-2026 0:00:00,10-06-2026 13:02:00,10-06-2026 13:02:00,,,10-06-2026 13:02:00,10-06-2026 13:02:00,DESPACHO,DESPACHO,True
4190139624,NORMAL,Santiago,True,09-06-2026 14:31:37,10-06-2026 12:04:48,10-06-2026 12:04:48,10-06-2026 13:45:00,10-06-2026 13:45:00,,,10-06-2026 13:45:00,10-06-2026 13:45:00,DESPACHO,DESPACHO,True
1167105,NORMAL,Santiago,True,09-06-2026 13:20:57,10-06-2026 11:21:57,10-06-2026 11:21:57,10-06-2026 12:25:00,10-06-2026 12:25:00,,,10-06-2026 12:25:00,10-06-2026 12:25:00,DESPACHO,DESPACHO,True
1167113,NORMAL,Santiago,True,09-06-2026 0:00:00,10-06-2026 0:00:00,10-06-2026 0:00:00,10-06-2026 12:58:00,10-06-2026 12:58:00,,,10-06-2026 12:58:00,10-06-2026 12:58:00,DESPACHO,DESPACHO,True
4190139614,NORMAL,Santiago,True,08-06-2026 22:11:39,10-06-2026 11:21:45,10-06-2026 11:21:45,10-06-2026 13:41:00,10-06-2026 13:41:00,,,10-06-2026 13:41:00,10-06-2026 13:41:00,DESPACHO,DESPACHO,True
1167097,NORMAL,Santiago,True,08-06-2026 17:38:14,09-06-2026 9:55:53,09-06-2026 9:55:53,09-06-2026 13:05:00,09-06-2026 13:05:00,,,09-06-2026 13:05:00,09-06-2026 13:05:00,DESPACHO,DESPACHO,True
1167098,NORMAL,Santiago,True,08-06-2026 0:00:00,09-06-2026 10:41:33,09-06-2026 10:41:33,09-06-2026 13:01:00,09-06-2026 13:01:00,,,09-06-2026 13:01:00,09-06-2026 13:01:00,DESPACHO,DESPACHO,True
1167091,NORMAL,Santiago,True,08-06-2026 0:00:00,08-06-2026 17:52:26,08-06-2026 17:52:26,08-06-2026 17:52:26,08-06-2026 17:52:26,,,08-06-2026 17:52:26,08-06-2026 17:52:26,DESPACHO,DESPACHO,True
1167100,NORMAL,Santiago,True,08-06-2026 0:00:00,09-06-2026 11:56:11,09-06-2026 11:56:11,09-06-2026 13:17:00,09-06-2026 13:17:00,,,09-06-2026 13:17:00,09-06-2026 13:17:00,DESPACHO,DESPACHO,True
1167076,NORMAL,Santiago,True,05-06-2026 13:55:36,08-06-2026 9:46:32,08-06-2026 9:46:32,08-06-2026 15:04:00,08-06-2026 15:04:00,,,08-06-2026 15:04:00,08-06-2026 15:04:00,DESPACHO,DESPACHO,True
1167075,NORMAL,Santiago,True,05-06-2026 0:00:00,10-06-2026 9:20:35,10-06-2026 9:20:35,10-06-2026 13:07:00,10-06-2026 13:07:00,,,10-06-2026 13:07:00,10-06-2026 13:07:00,DESPACHO,DESPACHO,True
1167072,NORMAL,Santiago,True,04-06-2026 22:18:03,05-06-2026 12:39:54,05-06-2026 12:39:54,05-06-2026 12:58:00,05-06-2026 12:58:00,,,05-06-2026 12:58:00,05-06-2026 12:58:00,DESPACHO,DESPACHO,True
1167070,NORMAL,Santiago,True,04-06-2026 21:41:51,08-06-2026 11:12:36,08-06-2026 11:12:36,08-06-2026 16:15:00,08-06-2026 16:15:00,,,08-06-2026 16:15:00,08-06-2026 16:15:00,DESPACHO,DESPACHO,True
1167065,NORMAL,Santiago,True,04-06-2026 15:16:16,05-06-2026 11:44:47,05-06-2026 11:44:47,05-06-2026 12:27:00,05-06-2026 12:27:00,,,05-06-2026 12:27:00,05-06-2026 12:27:00,DESPACHO,DESPACHO,True
1167060,NORMAL,Santiago,True,04-06-2026 13:17:35,05-06-2026 11:44:39,05-06-2026 11:44:39,05-06-2026 12:10:00,05-06-2026 12:10:00,,,05-06-2026 12:10:00,05-06-2026 12:10:00,DESPACHO,DESPACHO,True
1167057,NORMAL,Santiago,True,04-06-2026 12:34:32,04-06-2026 14:36:52,04-06-2026 14:36:52,04-06-2026 15:24:00,04-06-2026 15:24:00,,,04-06-2026 15:24:00,04-06-2026 15:24:00,DESPACHO,DESPACHO,True
1167053,NORMAL,Santiago,True,03-06-2026 20:22:01,08-06-2026 21:30:26,08-06-2026 21:30:26,08-06-2026 21:30:26,08-06-2026 21:30:26,,,08-06-2026 21:30:26,08-06-2026 21:30:26,DESPACHO,DESPACHO,True
1167050,NORMAL,Santiago,True,03-06-2026 16:34:01,05-06-2026 8:54:12,05-06-2026 8:54:12,05-06-2026 11:58:00,05-06-2026 11:58:00,,,05-06-2026 11:58:00,05-06-2026 11:58:00,DESPACHO,DESPACHO,True
1167045,NORMAL,Santiago,True,03-06-2026 12:41:00,04-06-2026 14:21:31,04-06-2026 14:21:31,04-06-2026 15:26:00,04-06-2026 15:26:00,,,04-06-2026 15:26:00,04-06-2026 15:26:00,DESPACHO,DESPACHO,True
1167038,NORMAL,Santiago,True,02-06-2026 17:58:07,04-06-2026 9:02:36,04-06-2026 9:02:36,04-06-2026 9:02:36,04-06-2026 9:02:36,,,04-06-2026 9:02:36,04-06-2026 9:02:36,DESPACHO,DESPACHO,True
1167037,NORMAL,Santiago,True,02-06-2026 16:55:48,05-06-2026 9:16:04,05-06-2026 9:16:04,05-06-2026 10:03:00,05-06-2026 10:03:00,,,05-06-2026 10:03:00,05-06-2026 10:03:00,DESPACHO,DESPACHO,True
1167036,NORMAL,Santiago,True,02-06-2026 16:09:44,05-06-2026 9:34:29,05-06-2026 9:34:29,05-06-2026 10:12:00,05-06-2026 10:12:00,,,05-06-2026 10:12:00,05-06-2026 10:12:00,DESPACHO,DESPACHO,True
1167032,NORMAL,Santiago,True,02-06-2026 14:51:37,05-06-2026 10:51:46,05-06-2026 10:51:46,05-06-2026 11:21:00,05-06-2026 11:21:00,,,05-06-2026 11:21:00,05-06-2026 11:21:00,DESPACHO,DESPACHO,True
4190139560,NORMAL,Santiago,True,02-06-2026 13:41:07,05-06-2026 10:51:40,05-06-2026 10:51:40,05-06-2026 12:19:00,05-06-2026 12:19:00,,,05-06-2026 12:19:00,05-06-2026 12:19:00,DESPACHO,DESPACHO,True
1167026,NORMAL,Santiago,True,02-06-2026 12:24:55,04-06-2026 11:59:19,04-06-2026 11:59:19,04-06-2026 14:27:00,04-06-2026 14:27:00,,,04-06-2026 14:27:00,04-06-2026 14:27:00,DESPACHO,DESPACHO,True
1167025,NORMAL,Santiago,True,02-06-2026 10:53:04,05-06-2026 11:44:27,05-06-2026 11:44:27,05-06-2026 12:25:00,05-06-2026 12:25:00,,,05-06-2026 12:25:00,05-06-2026 12:25:00,DESPACHO,DESPACHO,True
1167023,NORMAL,Santiago,True,02-06-2026 8:51:38,05-06-2026 9:55:31,05-06-2026 9:55:31,05-06-2026 10:14:00,05-06-2026 10:14:00,,,05-06-2026 10:14:00,05-06-2026 10:14:00,DESPACHO,DESPACHO,True
4190139489,NORMAL,Santiago,True,28-05-2026 0:22:38,28-05-2026 12:41:08,28-05-2026 12:41:08,28-05-2026 13:03:00,28-05-2026 13:03:00,,,28-05-2026 13:03:00,28-05-2026 13:03:00,DESPACHO,DESPACHO,True
1166679,NORMAL,Santiago,True,27-05-2026 17:16:45,28-05-2026 10:00:49,28-05-2026 10:00:49,28-05-2026 12:24:00,28-05-2026 12:24:00,,,28-05-2026 12:24:00,28-05-2026 12:24:00,DESPACHO,DESPACHO,True
1166676,NORMAL,Santiago,True,27-05-2026 15:50:54,28-05-2026 11:02:43,28-05-2026 11:02:43,28-05-2026 11:02:43,28-05-2026 11:02:43,,,28-05-2026 11:02:43,28-05-2026 11:02:43,DESPACHO,DESPACHO,True
1166674,NORMAL,Santiago,True,27-05-2026 14:34:43,28-05-2026 10:00:45,28-05-2026 10:00:45,28-05-2026 15:47:00,28-05-2026 15:47:00,,,28-05-2026 15:47:00,28-05-2026 15:47:00,DESPACHO,DESPACHO,True
4190139469,NORMAL,Santiago,True,27-05-2026 11:57:07,28-05-2026 12:39:48,28-05-2026 12:39:48,28-05-2026 13:00:00,28-05-2026 13:00:00,,,28-05-2026 13:00:00,28-05-2026 13:00:00,DESPACHO,DESPACHO,True
1166661,NORMAL,Santiago,True,26-05-2026 18:37:47,28-05-2026 12:41:30,28-05-2026 12:41:30,28-05-2026 13:03:00,28-05-2026 13:03:00,,,28-05-2026 13:03:00,28-05-2026 13:03:00,DESPACHO,DESPACHO,True
1166657,NORMAL,Santiago,True,26-05-2026 14:27:42,27-05-2026 15:33:16,27-05-2026 15:33:16,27-05-2026 15:36:00,27-05-2026 15:36:00,,,27-05-2026 15:36:00,27-05-2026 15:36:00,DESPACHO,DESPACHO,True
1166648,NORMAL,Santiago,True,26-05-2026 9:34:56,28-05-2026 12:18:55,28-05-2026 12:18:55,28-05-2026 12:24:00,28-05-2026 12:24:00,,,28-05-2026 12:24:00,28-05-2026 12:24:00,DESPACHO,DESPACHO,True
1166644,NORMAL,Santiago,True,26-05-2026 8:59:23,27-05-2026 9:56:05,27-05-2026 9:56:05,27-05-2026 12:58:00,27-05-2026 12:58:00,,,27-05-2026 12:58:00,27-05-2026 12:58:00,DESPACHO,DESPACHO,True
1166643,NORMAL,Santiago,True,26-05-2026 8:48:56,27-05-2026 9:34:24,27-05-2026 9:34:24,27-05-2026 11:25:00,27-05-2026 11:25:00,,,27-05-2026 11:25:00,27-05-2026 11:25:00,DESPACHO,DESPACHO,True
1166642,NORMAL,Santiago,True,26-05-2026 8:45:03,27-05-2026 11:22:45,27-05-2026 11:22:45,27-05-2026 11:25:00,27-05-2026 11:25:00,,,27-05-2026 11:25:00,27-05-2026 11:25:00,DESPACHO,DESPACHO,True
1166646,NORMAL,Santiago,True,26-05-2026 0:00:00,27-05-2026 9:34:35,27-05-2026 9:34:35,27-05-2026 10:57:00,27-05-2026 10:57:00,,,27-05-2026 10:57:00,27-05-2026 10:57:00,DESPACHO,DESPACHO,True
1166630,NORMAL,Santiago,True,25-05-2026 10:30:59,27-05-2026 9:34:40,27-05-2026 9:34:40,27-05-2026 15:24:00,27-05-2026 15:24:00,,,27-05-2026 15:24:00,27-05-2026 15:24:00,DESPACHO,DESPACHO,True
4190139410,NORMAL,Santiago,True,22-05-2026 14:37:52,28-05-2026 12:38:24,28-05-2026 12:38:24,28-05-2026 12:58:00,28-05-2026 12:58:00,,,28-05-2026 12:58:00,28-05-2026 12:58:00,DESPACHO,DESPACHO,True
1166619,NORMAL,Santiago,True,22-05-2026 11:34:58,25-05-2026 0:00:00,25-05-2026 0:00:00,25-05-2026 14:55:00,25-05-2026 14:55:00,,,25-05-2026 14:55:00,25-05-2026 14:55:00,DESPACHO,DESPACHO,True
1166616,NORMAL,Santiago,True,22-05-2026 10:10:43,25-05-2026 10:29:33,25-05-2026 10:29:33,25-05-2026 14:55:00,25-05-2026 14:55:00,,,25-05-2026 14:55:00,25-05-2026 14:55:00,DESPACHO,DESPACHO,True
4190139405,NORMAL,Santiago,True,21-05-2026 19:36:46,25-05-2026 10:29:14,25-05-2026 10:29:14,25-05-2026 12:56:00,25-05-2026 12:56:00,,,25-05-2026 12:56:00,25-05-2026 12:56:00,DESPACHO,DESPACHO,True
1166604,NORMAL,Santiago,True,20-05-2026 11:21:33,20-05-2026 15:53:09,20-05-2026 15:53:09,20-05-2026 16:42:00,20-05-2026 16:42:00,,,20-05-2026 16:42:00,20-05-2026 16:42:00,DESPACHO,DESPACHO,True
1166601,NORMAL,Santiago,True,20-05-2026 10:35:19,20-05-2026 14:37:36,20-05-2026 14:37:36,20-05-2026 16:42:00,20-05-2026 16:42:00,,,20-05-2026 16:42:00,20-05-2026 16:42:00,DESPACHO,DESPACHO,True
1166606,NORMAL,Santiago,True,20-05-2026 10:18:12,22-05-2026 9:17:50,22-05-2026 9:17:50,22-05-2026 10:01:00,22-05-2026 10:01:00,,,22-05-2026 10:01:00,22-05-2026 10:01:00,DESPACHO,DESPACHO,True
4190139399,NORMAL,Santiago,True,20-05-2026 0:00:00,27-05-2026 12:05:41,27-05-2026 12:05:41,27-05-2026 15:17:00,27-05-2026 15:17:00,,,27-05-2026 15:17:00,27-05-2026 15:17:00,DESPACHO,DESPACHO,True
1166590,NORMAL,Santiago,True,19-05-2026 13:44:19,20-05-2026 11:23:21,20-05-2026 11:23:21,20-05-2026 11:47:00,20-05-2026 11:47:00,,,20-05-2026 11:47:00,20-05-2026 11:47:00,DESPACHO,DESPACHO,True
1166588,NORMAL,Santiago,True,19-05-2026 9:45:26,22-05-2026 11:22:49,22-05-2026 11:22:49,22-05-2026 11:22:49,22-05-2026 11:22:49,,,22-05-2026 11:22:49,22-05-2026 11:22:49,DESPACHO,DESPACHO,True
1166586,NORMAL,Santiago,True,19-05-2026 9:22:43,20-05-2026 9:56:46,20-05-2026 9:56:46,20-05-2026 14:26:00,20-05-2026 14:26:00,,,20-05-2026 14:26:00,20-05-2026 14:26:00,DESPACHO,DESPACHO,True
4190139358,NORMAL,Santiago,True,18-05-2026 16:29:30,19-05-2026 14:43:50,19-05-2026 14:43:50,19-05-2026 14:43:50,19-05-2026 14:43:50,,,19-05-2026 14:43:50,19-05-2026 14:43:50,DESPACHO,DESPACHO,True
1166577,NORMAL,Santiago,True,18-05-2026 16:05:50,20-05-2026 10:05:56,20-05-2026 10:05:56,20-05-2026 15:59:00,20-05-2026 15:59:00,,,20-05-2026 15:59:00,20-05-2026 15:59:00,DESPACHO,DESPACHO,True
1166572,NORMAL,Santiago,True,18-05-2026 12:44:17,19-05-2026 13:49:48,19-05-2026 13:49:48,19-05-2026 14:13:00,19-05-2026 14:13:00,,,19-05-2026 14:13:00,19-05-2026 14:13:00,DESPACHO,DESPACHO,True
4190139355,NORMAL,Santiago,True,17-05-2026 19:52:28,19-05-2026 12:31:22,19-05-2026 12:31:22,19-05-2026 16:17:00,19-05-2026 16:17:00,,,19-05-2026 16:17:00,19-05-2026 16:17:00,DESPACHO,DESPACHO,True
1166546,NORMAL,Santiago,True,15-05-2026 9:54:56,18-05-2026 11:19:00,18-05-2026 11:19:00,18-05-2026 16:27:00,18-05-2026 16:27:00,,,18-05-2026 16:27:00,18-05-2026 16:27:00,DESPACHO,DESPACHO,True
4190139341,NORMAL,Santiago,True,14-05-2026 17:45:37,19-05-2026 13:50:32,19-05-2026 13:50:32,19-05-2026 16:22:00,19-05-2026 16:22:00,,,19-05-2026 16:22:00,19-05-2026 16:22:00,DESPACHO,DESPACHO,True
1166534,NORMAL,Santiago,True,14-05-2026 16:21:59,18-05-2026 10:57:16,18-05-2026 10:57:16,18-05-2026 16:02:00,18-05-2026 16:02:00,,,18-05-2026 16:02:00,18-05-2026 16:02:00,DESPACHO,DESPACHO,True
1166525,NORMAL,Santiago,True,14-05-2026 11:24:38,15-05-2026 11:07:50,15-05-2026 11:07:50,15-05-2026 12:06:00,15-05-2026 12:06:00,,,15-05-2026 12:06:00,15-05-2026 12:06:00,DESPACHO,DESPACHO,True
1166515,NORMAL,Santiago,True,13-05-2026 19:13:04,14-05-2026 0:00:00,14-05-2026 0:00:00,14-05-2026 12:48:00,14-05-2026 12:48:00,,,14-05-2026 12:48:00,14-05-2026 12:48:00,DESPACHO,DESPACHO,True
1166507,NORMAL,Santiago,True,13-05-2026 12:39:34,14-05-2026 12:44:57,14-05-2026 12:44:57,14-05-2026 16:11:00,14-05-2026 16:11:00,,,14-05-2026 16:11:00,14-05-2026 16:11:00,DESPACHO,DESPACHO,True
1166504,NORMAL,Santiago,True,13-05-2026 11:28:34,15-05-2026 9:18:43,15-05-2026 9:18:43,15-05-2026 11:51:00,15-05-2026 11:51:00,,,15-05-2026 11:51:00,15-05-2026 11:51:00,DESPACHO,DESPACHO,True
1166502,NORMAL,Santiago,True,13-05-2026 9:44:21,15-05-2026 0:00:00,15-05-2026 0:00:00,15-05-2026 11:45:00,15-05-2026 11:45:00,,,15-05-2026 11:45:00,15-05-2026 11:45:00,DESPACHO,DESPACHO,True
1166513,NORMAL,Santiago,True,13-05-2026 0:00:00,15-05-2026 9:47:49,15-05-2026 9:47:49,15-05-2026 11:24:00,15-05-2026 11:24:00,,,15-05-2026 11:24:00,15-05-2026 11:24:00,DESPACHO,DESPACHO,True
1166503,NORMAL,Santiago,True,13-05-2026 0:00:00,15-05-2026 11:09:46,15-05-2026 11:09:46,15-05-2026 11:25:00,15-05-2026 11:25:00,,,15-05-2026 11:25:00,15-05-2026 11:25:00,DESPACHO,DESPACHO,True
4190139310,NORMAL,Santiago,True,12-05-2026 14:50:06,12-05-2026 16:56:56,12-05-2026 16:56:56,12-05-2026 17:14:00,12-05-2026 17:14:00,,,12-05-2026 17:14:00,12-05-2026 17:14:00,DESPACHO,DESPACHO,True
1166490,NORMAL,Santiago,True,12-05-2026 10:01:55,14-05-2026 11:27:42,14-05-2026 11:27:42,14-05-2026 12:38:00,14-05-2026 12:38:00,,,14-05-2026 12:38:00,14-05-2026 12:38:00,DESPACHO,DESPACHO,True
4190139303,NORMAL,Santiago,True,11-05-2026 18:40:13,14-05-2026 10:58:30,14-05-2026 10:58:30,14-05-2026 12:02:00,14-05-2026 12:02:00,,,14-05-2026 12:02:00,14-05-2026 12:02:00,DESPACHO,DESPACHO,True
4190139302,NORMAL,Santiago,True,11-05-2026 18:28:59,14-05-2026 11:42:27,14-05-2026 11:42:27,14-05-2026 14:06:00,14-05-2026 14:06:00,,,14-05-2026 14:06:00,14-05-2026 14:06:00,DESPACHO,DESPACHO,True
1166488,NORMAL,Santiago,True,11-05-2026 17:16:37,12-05-2026 11:49:45,12-05-2026 11:49:45,12-05-2026 12:11:00,12-05-2026 12:11:00,,,12-05-2026 12:11:00,12-05-2026 12:11:00,DESPACHO,DESPACHO,True
1166487,NORMAL,Santiago,True,11-05-2026 16:56:54,12-05-2026 13:44:09,12-05-2026 13:44:09,12-05-2026 16:19:00,12-05-2026 16:19:00,,,12-05-2026 16:19:00,12-05-2026 16:19:00,DESPACHO,DESPACHO,True
4190139300,NORMAL,Santiago,True,11-05-2026 16:01:33,14-05-2026 12:28:18,14-05-2026 12:28:18,14-05-2026 14:06:00,14-05-2026 14:06:00,,,14-05-2026 14:06:00,14-05-2026 14:06:00,DESPACHO,DESPACHO,True
1166486,NORMAL,Santiago,True,11-05-2026 15:44:18,12-05-2026 11:49:42,12-05-2026 11:49:42,12-05-2026 12:11:00,12-05-2026 12:11:00,,,12-05-2026 12:11:00,12-05-2026 12:11:00,DESPACHO,DESPACHO,True
1166480,NORMAL,Santiago,True,11-05-2026 11:38:14,14-05-2026 11:10:42,14-05-2026 11:10:42,14-05-2026 14:08:00,14-05-2026 14:08:00,,,14-05-2026 14:08:00,14-05-2026 14:08:00,DESPACHO,DESPACHO,True
1166481,NORMAL,Santiago,True,11-05-2026 11:30:33,14-05-2026 0:00:00,14-05-2026 0:00:00,14-05-2026 14:08:00,14-05-2026 14:08:00,,,14-05-2026 14:08:00,14-05-2026 14:08:00,DESPACHO,DESPACHO,True
4190139288,NORMAL,Santiago,True,11-05-2026 9:48:02,13-05-2026 11:21:04,13-05-2026 11:21:04,13-05-2026 14:13:00,13-05-2026 14:13:00,,,13-05-2026 14:13:00,13-05-2026 14:13:00,DESPACHO,DESPACHO,True
1166476,NORMAL,Santiago,True,11-05-2026 8:49:21,12-05-2026 12:29:15,12-05-2026 12:29:15,12-05-2026 16:19:00,12-05-2026 16:19:00,,,12-05-2026 16:19:00,12-05-2026 16:19:00,DESPACHO,DESPACHO,True
1166469,NORMAL,Santiago,True,08-05-2026 23:48:43,14-05-2026 11:54:07,14-05-2026 11:54:07,14-05-2026 13:12:00,14-05-2026 13:12:00,,,14-05-2026 13:12:00,14-05-2026 13:12:00,DESPACHO,DESPACHO,True
1166457,NORMAL,Santiago,True,08-05-2026 18:35:23,14-05-2026 14:57:36,14-05-2026 14:57:36,14-05-2026 15:32:00,14-05-2026 15:32:00,,,14-05-2026 15:32:00,14-05-2026 15:32:00,DESPACHO,DESPACHO,True
1166451,NORMAL,Santiago,True,08-05-2026 12:53:49,11-05-2026 14:18:54,11-05-2026 14:18:54,11-05-2026 15:17:00,11-05-2026 15:17:00,,,11-05-2026 15:17:00,11-05-2026 15:17:00,DESPACHO,DESPACHO,True
1166450,NORMAL,Santiago,True,08-05-2026 12:50:46,14-05-2026 11:27:56,14-05-2026 11:27:56,14-05-2026 14:06:00,14-05-2026 14:06:00,,,14-05-2026 14:06:00,14-05-2026 14:06:00,DESPACHO,DESPACHO,True
1166447,NORMAL,Santiago,True,08-05-2026 12:26:37,11-05-2026 15:16:46,11-05-2026 15:16:46,11-05-2026 15:54:00,11-05-2026 15:54:00,,,11-05-2026 15:54:00,11-05-2026 15:54:00,DESPACHO,DESPACHO,True
1166446,NORMAL,Santiago,True,08-05-2026 12:19:21,12-05-2026 14:27:46,12-05-2026 14:27:46,12-05-2026 14:51:00,12-05-2026 14:51:00,,,12-05-2026 14:51:00,12-05-2026 14:51:00,DESPACHO,DESPACHO,True
1166443,NORMAL,Santiago,True,08-05-2026 11:57:58,14-05-2026 13:44:15,14-05-2026 13:44:15,14-05-2026 14:06:00,14-05-2026 14:06:00,,,14-05-2026 14:06:00,14-05-2026 14:06:00,DESPACHO,DESPACHO,True
1166441,NORMAL,Santiago,True,08-05-2026 11:24:42,12-05-2026 9:52:11,12-05-2026 9:52:11,12-05-2026 10:58:00,12-05-2026 10:58:00,,,12-05-2026 10:58:00,12-05-2026 10:58:00,DESPACHO,DESPACHO,True
4190139258,NORMAL,Santiago,True,08-05-2026 10:03:52,11-05-2026 15:49:59,11-05-2026 15:49:59,11-05-2026 16:23:00,11-05-2026 16:23:00,,,11-05-2026 16:23:00,11-05-2026 16:23:00,DESPACHO,DESPACHO,True
1166466,NORMAL,Santiago,True,08-05-2026 0:00:00,13-05-2026 13:51:49,13-05-2026 13:51:49,13-05-2026 14:19:00,13-05-2026 14:19:00,,,13-05-2026 14:19:00,13-05-2026 14:19:00,DESPACHO,DESPACHO,True
1166436,NORMAL,Santiago,True,07-05-2026 18:23:28,12-05-2026 0:00:00,12-05-2026 0:00:00,12-05-2026 11:25:00,12-05-2026 11:25:00,,,12-05-2026 11:25:00,12-05-2026 11:25:00,DESPACHO,DESPACHO,True
4190139223,NORMAL,Santiago,True,06-05-2026 17:47:22,11-05-2026 12:54:22,11-05-2026 12:54:22,11-05-2026 13:00:00,11-05-2026 13:00:00,,,11-05-2026 13:00:00,11-05-2026 13:00:00,DESPACHO,DESPACHO,True
1166408,NORMAL,Santiago,True,06-05-2026 9:34:19,11-05-2026 11:46:59,11-05-2026 11:46:59,11-05-2026 15:14:00,11-05-2026 15:14:00,,,11-05-2026 15:14:00,11-05-2026 15:14:00,DESPACHO,DESPACHO,True
4190139205,NORMAL,Santiago,True,06-05-2026 9:24:50,08-05-2026 12:38:02,08-05-2026 12:38:02,08-05-2026 12:46:00,08-05-2026 12:46:00,,,08-05-2026 12:46:00,08-05-2026 12:46:00,DESPACHO,DESPACHO,True
1166407,NORMAL,Santiago,True,06-05-2026 8:56:09,12-05-2026 11:49:32,12-05-2026 11:49:32,12-05-2026 13:02:00,12-05-2026 13:02:00,,,12-05-2026 13:02:00,12-05-2026 13:02:00,DESPACHO,DESPACHO,True
1166406,NORMAL,Santiago,True,06-05-2026 8:23:20,06-05-2026 13:48:10,06-05-2026 13:48:10,06-05-2026 15:09:00,06-05-2026 15:09:00,,,06-05-2026 15:09:00,06-05-2026 15:09:00,DESPACHO,DESPACHO,True
4190139202,NORMAL,Santiago,True,06-05-2026 7:50:46,06-05-2026 13:59:15,06-05-2026 13:59:15,06-05-2026 14:14:00,06-05-2026 14:14:00,,,06-05-2026 14:14:00,06-05-2026 14:14:00,DESPACHO,DESPACHO,True
4190139201,NORMAL,Santiago,True,06-05-2026 0:15:18,08-05-2026 12:41:20,08-05-2026 12:41:20,08-05-2026 12:46:00,08-05-2026 12:46:00,,,08-05-2026 12:46:00,08-05-2026 12:46:00,DESPACHO,DESPACHO,True
1166388,NORMAL,Santiago,True,05-05-2026 8:19:03,06-05-2026 11:37:11,06-05-2026 11:37:11,06-05-2026 15:09:00,06-05-2026 15:09:00,,,06-05-2026 15:09:00,06-05-2026 15:09:00,DESPACHO,DESPACHO,True
1166351,NORMAL,Santiago,True,04-05-2026 11:23:30,07-05-2026 0:00:00,07-05-2026 0:00:00,07-05-2026 9:47:00,07-05-2026 9:47:00,,,07-05-2026 9:47:00,07-05-2026 9:47:00,DESPACHO,DESPACHO,True
1168114,NORMAL,Santiago,True,13-07-2026 12:38:37,13-07-2026 16:51:22,13-07-2026 16:51:22,14-07-2026 16:47:00,14-07-2026 16:47:00,,,14-07-2026 16:47:00,14-07-2026 16:47:00,DESPACHO,DESPACHO,True
1168100,NORMAL,Santiago,True,10-07-2026 21:42:46,13-07-2026 14:30:25,13-07-2026 14:30:25,14-07-2026 12:44:00,14-07-2026 12:44:00,,,14-07-2026 12:44:00,14-07-2026 12:44:00,DESPACHO,DESPACHO,True
1168098,NORMAL,Santiago,True,10-07-2026 21:35:01,13-07-2026 12:54:33,13-07-2026 12:54:33,14-07-2026 12:44:00,14-07-2026 12:44:00,,,14-07-2026 12:44:00,14-07-2026 12:44:00,DESPACHO,DESPACHO,True
1168094,NORMAL,Santiago,True,10-07-2026 12:44:39,10-07-2026 13:47:40,10-07-2026 13:47:40,13-07-2026 15:05:00,13-07-2026 15:05:00,,,13-07-2026 15:05:00,13-07-2026 15:05:00,DESPACHO,DESPACHO,True
1168093,NORMAL,Santiago,True,10-07-2026 12:42:56,10-07-2026 13:24:50,10-07-2026 13:24:50,13-07-2026 15:05:00,13-07-2026 15:05:00,,,13-07-2026 15:05:00,13-07-2026 15:05:00,DESPACHO,DESPACHO,True
1168083,NORMAL,Santiago,True,09-07-2026 13:15:37,10-07-2026 11:17:37,10-07-2026 11:17:37,13-07-2026 13:20:00,13-07-2026 13:20:00,,,13-07-2026 13:20:00,13-07-2026 13:20:00,DESPACHO,DESPACHO,True
1168082,NORMAL,Santiago,True,09-07-2026 12:48:42,10-07-2026 13:31:04,10-07-2026 13:31:04,13-07-2026 14:25:00,13-07-2026 14:25:00,,,13-07-2026 14:25:00,13-07-2026 14:25:00,DESPACHO,DESPACHO,True
1168079,NORMAL,Santiago,True,09-07-2026 10:45:47,10-07-2026 10:41:34,10-07-2026 10:41:34,13-07-2026 13:29:00,13-07-2026 13:29:00,,,13-07-2026 13:29:00,13-07-2026 13:29:00,DESPACHO,DESPACHO,True
1168077,NORMAL,Santiago,True,09-07-2026 9:26:04,10-07-2026 10:15:54,10-07-2026 10:15:54,13-07-2026 9:10:00,13-07-2026 9:10:00,,,13-07-2026 9:10:00,13-07-2026 9:10:00,DESPACHO,DESPACHO,True
1168075,NORMAL,Santiago,True,08-07-2026 21:28:24,10-07-2026 10:41:15,10-07-2026 10:41:15,13-07-2026 13:30:00,13-07-2026 13:30:00,,,13-07-2026 13:30:00,13-07-2026 13:30:00,DESPACHO,DESPACHO,True
1168074,NORMAL,Santiago,True,08-07-2026 21:22:41,10-07-2026 13:10:55,10-07-2026 13:10:55,13-07-2026 14:21:00,13-07-2026 14:21:00,,,13-07-2026 14:21:00,13-07-2026 14:21:00,DESPACHO,DESPACHO,True
1168073,NORMAL,Santiago,True,08-07-2026 16:08:52,10-07-2026 11:45:24,10-07-2026 11:45:24,13-07-2026 13:29:00,13-07-2026 13:29:00,,,13-07-2026 13:29:00,13-07-2026 13:29:00,DESPACHO,DESPACHO,True
1168069,NORMAL,Santiago,True,08-07-2026 10:03:53,09-07-2026 0:00:00,09-07-2026 0:00:00,10-07-2026 7:19:00,10-07-2026 7:19:00,,,10-07-2026 7:19:00,10-07-2026 7:19:00,DESPACHO,DESPACHO,True
1168063,NORMAL,Santiago,True,07-07-2026 19:27:12,10-07-2026 13:10:53,10-07-2026 13:10:53,13-07-2026 14:16:00,13-07-2026 14:16:00,,,13-07-2026 14:16:00,13-07-2026 14:16:00,DESPACHO,DESPACHO,True
1168062,NORMAL,Santiago,True,07-07-2026 19:19:16,10-07-2026 10:42:03,10-07-2026 10:42:03,13-07-2026 14:19:00,13-07-2026 14:19:00,,,13-07-2026 14:19:00,13-07-2026 14:19:00,DESPACHO,DESPACHO,True
1168061,NORMAL,Santiago,True,07-07-2026 18:34:02,08-07-2026 16:25:06,08-07-2026 16:25:06,09-07-2026 8:28:00,09-07-2026 8:28:00,,,09-07-2026 8:28:00,09-07-2026 8:28:00,DESPACHO,DESPACHO,True
1168058,NORMAL,Santiago,True,07-07-2026 16:32:20,08-07-2026 17:25:00,08-07-2026 17:25:00,09-07-2026 11:55:00,09-07-2026 11:55:00,,,09-07-2026 11:55:00,09-07-2026 11:55:00,DESPACHO,DESPACHO,True
1168057,NORMAL,Santiago,True,07-07-2026 16:26:10,10-07-2026 13:24:43,10-07-2026 13:24:43,13-07-2026 13:27:00,13-07-2026 13:27:00,,,13-07-2026 13:27:00,13-07-2026 13:27:00,DESPACHO,DESPACHO,True
1168056,NORMAL,Santiago,True,07-07-2026 16:19:22,08-07-2026 16:30:26,08-07-2026 16:30:26,09-07-2026 8:27:00,09-07-2026 8:27:00,,,09-07-2026 8:27:00,09-07-2026 8:27:00,DESPACHO,DESPACHO,True
1168053,NORMAL,Santiago,True,07-07-2026 15:02:54,10-07-2026 11:19:47,10-07-2026 11:19:47,13-07-2026 13:25:00,13-07-2026 13:25:00,,,13-07-2026 13:25:00,13-07-2026 13:25:00,DESPACHO,DESPACHO,True
1168048,NORMAL,Santiago,True,07-07-2026 10:48:26,07-07-2026 15:53:03,07-07-2026 15:53:03,08-07-2026 9:49:00,08-07-2026 9:49:00,,,08-07-2026 9:49:00,08-07-2026 9:49:00,DESPACHO,DESPACHO,True
1168047,NORMAL,Santiago,True,07-07-2026 0:00:00,08-07-2026 16:30:17,08-07-2026 16:30:17,09-07-2026 8:25:00,09-07-2026 8:25:00,,,09-07-2026 8:25:00,09-07-2026 8:25:00,DESPACHO,DESPACHO,True
1168036,NORMAL,Santiago,True,06-07-2026 14:09:57,09-07-2026 16:10:50,09-07-2026 16:10:50,10-07-2026 7:57:00,10-07-2026 7:57:00,,,10-07-2026 7:57:00,10-07-2026 7:57:00,DESPACHO,DESPACHO,True
1168023,NORMAL,Santiago,True,06-07-2026 8:47:46,07-07-2026 10:18:28,07-07-2026 10:18:28,08-07-2026 10:26:00,08-07-2026 10:26:00,,,08-07-2026 10:26:00,08-07-2026 10:26:00,DESPACHO,DESPACHO,True
1168012,NORMAL,Santiago,True,02-07-2026 14:51:24,06-07-2026 0:00:00,06-07-2026 0:00:00,07-07-2026 14:35:00,07-07-2026 14:35:00,,,07-07-2026 14:35:00,07-07-2026 14:35:00,DESPACHO,DESPACHO,True
1167649,NORMAL,Santiago,True,01-07-2026 13:33:08,06-07-2026 14:23:35,06-07-2026 14:23:35,07-07-2026 16:44:00,07-07-2026 16:44:00,,,07-07-2026 16:44:00,07-07-2026 16:44:00,DESPACHO,DESPACHO,True
1167634,NORMAL,Santiago,True,01-07-2026 12:24:31,06-07-2026 14:23:32,06-07-2026 14:23:32,07-07-2026 16:44:00,07-07-2026 16:44:00,,,07-07-2026 16:44:00,07-07-2026 16:44:00,DESPACHO,DESPACHO,True
1167378,NORMAL,Santiago,True,26-06-2026 11:20:20,26-06-2026 12:57:05,26-06-2026 12:57:05,30-06-2026 10:49:00,30-06-2026 10:49:00,,,30-06-2026 10:49:00,30-06-2026 10:49:00,DESPACHO,DESPACHO,True
1167371,NORMAL,Santiago,True,25-06-2026 18:33:09,26-06-2026 12:29:57,26-06-2026 12:29:57,30-06-2026 9:48:00,30-06-2026 9:48:00,,,30-06-2026 9:48:00,30-06-2026 9:48:00,DESPACHO,DESPACHO,True
1167366,NORMAL,Santiago,True,25-06-2026 16:39:54,26-06-2026 12:57:17,26-06-2026 12:57:17,30-06-2026 9:40:00,30-06-2026 9:40:00,,,30-06-2026 9:40:00,30-06-2026 9:40:00,DESPACHO,DESPACHO,True
1167352,NORMAL,Santiago,True,25-06-2026 9:25:29,26-06-2026 13:28:47,26-06-2026 13:28:47,30-06-2026 11:45:00,30-06-2026 11:45:00,,,30-06-2026 11:45:00,30-06-2026 11:45:00,DESPACHO,DESPACHO,True
1167343,NORMAL,Santiago,True,24-06-2026 13:46:55,25-06-2026 13:48:01,25-06-2026 13:48:01,26-06-2026 12:18:00,26-06-2026 12:18:00,,,26-06-2026 12:18:00,26-06-2026 12:18:00,DESPACHO,DESPACHO,True
1167312,NORMAL,Santiago,True,23-06-2026 15:30:33,25-06-2026 12:37:26,25-06-2026 12:37:26,26-06-2026 9:22:00,26-06-2026 9:22:00,,,26-06-2026 9:22:00,26-06-2026 9:22:00,DESPACHO,DESPACHO,True
1167306,NORMAL,Santiago,True,23-06-2026 12:00:25,25-06-2026 11:56:05,25-06-2026 11:56:05,26-06-2026 10:09:00,26-06-2026 10:09:00,,,26-06-2026 10:09:00,26-06-2026 10:09:00,DESPACHO,DESPACHO,True
1167301,NORMAL,Santiago,True,23-06-2026 9:29:22,24-06-2026 17:22:06,24-06-2026 17:22:06,25-06-2026 11:53:00,25-06-2026 11:53:00,,,25-06-2026 11:53:00,25-06-2026 11:53:00,DESPACHO,DESPACHO,True
1167300,NORMAL,Santiago,True,23-06-2026 0:00:00,24-06-2026 15:25:53,24-06-2026 15:25:53,25-06-2026 11:24:00,25-06-2026 11:24:00,,,25-06-2026 11:24:00,25-06-2026 11:24:00,DESPACHO,DESPACHO,True
4190139830,NORMAL,Santiago,True,22-06-2026 23:37:22,23-06-2026 14:50:24,23-06-2026 14:50:24,24-06-2026 9:28:00,24-06-2026 9:28:00,,,24-06-2026 9:28:00,24-06-2026 9:28:00,DESPACHO,DESPACHO,True
4190139822,NORMAL,Santiago,True,22-06-2026 22:55:24,24-06-2026 17:22:43,24-06-2026 17:22:43,25-06-2026 11:53:00,25-06-2026 11:53:00,,,25-06-2026 11:53:00,25-06-2026 11:53:00,DESPACHO,DESPACHO,True
4190139816,NORMAL,Santiago,True,22-06-2026 21:56:11,24-06-2026 17:22:38,24-06-2026 17:22:38,25-06-2026 11:52:00,25-06-2026 11:52:00,,,25-06-2026 11:52:00,25-06-2026 11:52:00,DESPACHO,DESPACHO,True
1167297,NORMAL,Santiago,True,22-06-2026 20:36:52,25-06-2026 13:48:17,25-06-2026 13:48:17,26-06-2026 9:23:00,26-06-2026 9:23:00,,,26-06-2026 9:23:00,26-06-2026 9:23:00,DESPACHO,DESPACHO,True
4190139807,NORMAL,Santiago,True,22-06-2026 19:27:54,24-06-2026 17:22:34,24-06-2026 17:22:34,25-06-2026 11:53:00,25-06-2026 11:53:00,,,25-06-2026 11:53:00,25-06-2026 11:53:00,DESPACHO,DESPACHO,True
4190139806,NORMAL,Santiago,True,22-06-2026 19:07:43,24-06-2026 17:22:29,24-06-2026 17:22:29,25-06-2026 11:53:00,25-06-2026 11:53:00,,,25-06-2026 11:53:00,25-06-2026 11:53:00,DESPACHO,DESPACHO,True
4190139797,NORMAL,Santiago,True,22-06-2026 17:39:50,24-06-2026 16:42:15,24-06-2026 16:42:15,25-06-2026 11:10:00,25-06-2026 11:10:00,,,25-06-2026 11:10:00,25-06-2026 11:10:00,DESPACHO,DESPACHO,True
1167291,NORMAL,Santiago,True,22-06-2026 16:59:55,24-06-2026 15:26:04,24-06-2026 15:26:04,25-06-2026 11:51:00,25-06-2026 11:51:00,,,25-06-2026 11:51:00,25-06-2026 11:51:00,DESPACHO,DESPACHO,True
1167290,NORMAL,Santiago,True,22-06-2026 16:57:29,24-06-2026 15:25:58,24-06-2026 15:25:58,25-06-2026 11:27:00,25-06-2026 11:27:00,,,25-06-2026 11:27:00,25-06-2026 11:27:00,DESPACHO,DESPACHO,True
1167289,NORMAL,Santiago,True,22-06-2026 16:45:53,24-06-2026 16:41:15,24-06-2026 16:41:15,25-06-2026 11:05:00,25-06-2026 11:05:00,,,25-06-2026 11:05:00,25-06-2026 11:05:00,DESPACHO,DESPACHO,True
1167286,NORMAL,Santiago,True,22-06-2026 16:28:33,24-06-2026 15:25:47,24-06-2026 15:25:47,25-06-2026 11:50:00,25-06-2026 11:50:00,,,25-06-2026 11:50:00,25-06-2026 11:50:00,DESPACHO,DESPACHO,True
4190139791,NORMAL,Santiago,True,22-06-2026 15:19:23,24-06-2026 15:25:42,24-06-2026 15:25:42,25-06-2026 11:25:00,25-06-2026 11:25:00,,,25-06-2026 11:25:00,25-06-2026 11:25:00,DESPACHO,DESPACHO,True
4190139783,NORMAL,Santiago,True,22-06-2026 13:22:07,24-06-2026 17:37:06,24-06-2026 17:37:06,25-06-2026 11:03:00,25-06-2026 11:03:00,,,25-06-2026 11:03:00,25-06-2026 11:03:00,DESPACHO,DESPACHO,True
1167280,NORMAL,Santiago,True,22-06-2026 13:20:41,23-06-2026 12:49:16,23-06-2026 12:49:16,24-06-2026 9:24:00,24-06-2026 9:24:00,,,24-06-2026 9:24:00,24-06-2026 9:24:00,DESPACHO,DESPACHO,True
1167269,NORMAL,Santiago,True,22-06-2026 10:31:42,22-06-2026 0:00:00,22-06-2026 0:00:00,23-06-2026 9:58:00,23-06-2026 9:58:00,,,23-06-2026 9:58:00,23-06-2026 9:58:00,DESPACHO,DESPACHO,True
1167266,NORMAL,Santiago,True,22-06-2026 8:54:11,23-06-2026 9:54:42,23-06-2026 9:54:42,24-06-2026 13:09:00,24-06-2026 13:09:00,,,24-06-2026 13:09:00,24-06-2026 13:09:00,DESPACHO,DESPACHO,True
4190139809,NORMAL,Santiago,True,22-06-2026 0:00:00,24-06-2026 16:42:35,24-06-2026 16:42:35,25-06-2026 11:19:00,25-06-2026 11:19:00,,,25-06-2026 11:19:00,25-06-2026 11:19:00,DESPACHO,DESPACHO,True
1167262,NORMAL,Santiago,True,19-06-2026 12:18:31,22-06-2026 10:45:14,22-06-2026 10:45:14,23-06-2026 9:58:00,23-06-2026 9:58:00,,,23-06-2026 9:58:00,23-06-2026 9:58:00,DESPACHO,DESPACHO,True
1167258,NORMAL,Santiago,True,18-06-2026 18:40:57,22-06-2026 14:44:29,22-06-2026 14:44:29,23-06-2026 7:08:00,23-06-2026 7:08:00,,,23-06-2026 7:08:00,23-06-2026 7:08:00,DESPACHO,DESPACHO,True
1167253,NORMAL,Santiago,True,18-06-2026 17:40:45,23-06-2026 10:50:17,23-06-2026 10:50:17,24-06-2026 9:30:00,24-06-2026 9:30:00,,,24-06-2026 9:30:00,24-06-2026 9:30:00,DESPACHO,DESPACHO,True
1167247,NORMAL,Santiago,True,18-06-2026 13:57:25,19-06-2026 11:15:57,19-06-2026 11:15:57,22-06-2026 16:01:00,22-06-2026 16:01:00,,,22-06-2026 16:01:00,22-06-2026 16:01:00,DESPACHO,DESPACHO,True
4190139746,NORMAL,Santiago,True,18-06-2026 12:56:33,18-06-2026 0:00:00,18-06-2026 0:00:00,19-06-2026 10:55:00,19-06-2026 10:55:00,,,19-06-2026 10:55:00,19-06-2026 10:55:00,DESPACHO,DESPACHO,True
1167241,NORMAL,Santiago,True,18-06-2026 8:21:05,18-06-2026 12:48:45,18-06-2026 12:48:45,19-06-2026 10:46:00,19-06-2026 10:46:00,,,19-06-2026 10:46:00,19-06-2026 10:46:00,DESPACHO,DESPACHO,True
1167249,NORMAL,Santiago,True,18-06-2026 0:00:00,22-06-2026 9:54:59,22-06-2026 9:54:59,23-06-2026 9:58:00,23-06-2026 9:58:00,,,23-06-2026 9:58:00,23-06-2026 9:58:00,DESPACHO,DESPACHO,True
1167248,NORMAL,Santiago,True,18-06-2026 0:00:00,22-06-2026 9:33:38,22-06-2026 9:33:38,23-06-2026 9:58:00,23-06-2026 9:58:00,,,23-06-2026 9:58:00,23-06-2026 9:58:00,DESPACHO,DESPACHO,True
1167237,NORMAL,Santiago,True,17-06-2026 21:18:22,18-06-2026 0:00:00,18-06-2026 0:00:00,19-06-2026 10:56:00,19-06-2026 10:56:00,,,19-06-2026 10:56:00,19-06-2026 10:56:00,DESPACHO,DESPACHO,True
1167218,NORMAL,Santiago,True,17-06-2026 8:49:03,18-06-2026 0:00:00,18-06-2026 0:00:00,19-06-2026 12:02:00,19-06-2026 12:02:00,,,19-06-2026 12:02:00,19-06-2026 12:02:00,DESPACHO,DESPACHO,True
1167236,NORMAL,Santiago,True,17-06-2026 0:00:00,18-06-2026 15:30:30,18-06-2026 15:30:30,19-06-2026 10:56:00,19-06-2026 10:56:00,,,19-06-2026 10:56:00,19-06-2026 10:56:00,DESPACHO,DESPACHO,True
4190139729,NORMAL,Santiago,True,16-06-2026 21:18:12,18-06-2026 18:02:50,18-06-2026 18:02:50,19-06-2026 11:20:00,19-06-2026 11:20:00,,,19-06-2026 11:20:00,19-06-2026 11:20:00,DESPACHO,DESPACHO,True
4190139728,NORMAL,Santiago,True,16-06-2026 21:01:47,17-06-2026 0:00:00,17-06-2026 0:00:00,18-06-2026 15:46:00,18-06-2026 15:46:00,,,18-06-2026 15:46:00,18-06-2026 15:46:00,DESPACHO,DESPACHO,True
1167204,NORMAL,Santiago,True,16-06-2026 12:41:38,16-06-2026 16:01:55,16-06-2026 16:01:55,17-06-2026 12:46:00,17-06-2026 12:46:00,,,17-06-2026 12:46:00,17-06-2026 12:46:00,DESPACHO,DESPACHO,True
1167199,NORMAL,Santiago,True,16-06-2026 10:40:59,17-06-2026 15:57:47,17-06-2026 15:57:47,18-06-2026 15:48:00,18-06-2026 15:48:00,,,18-06-2026 15:48:00,18-06-2026 15:48:00,DESPACHO,DESPACHO,True
1167197,NORMAL,Santiago,True,16-06-2026 9:14:04,17-06-2026 0:00:00,17-06-2026 0:00:00,18-06-2026 12:41:00,18-06-2026 12:41:00,,,18-06-2026 12:41:00,18-06-2026 12:41:00,DESPACHO,DESPACHO,True
1167193,NORMAL,Santiago,True,15-06-2026 18:14:50,16-06-2026 11:25:41,16-06-2026 11:25:41,17-06-2026 12:07:00,17-06-2026 12:07:00,,,17-06-2026 12:07:00,17-06-2026 12:07:00,DESPACHO,DESPACHO,True
1167186,NORMAL,Santiago,True,15-06-2026 13:11:44,16-06-2026 10:54:13,16-06-2026 10:54:13,17-06-2026 10:07:00,17-06-2026 10:07:00,,,17-06-2026 10:07:00,17-06-2026 10:07:00,DESPACHO,DESPACHO,True
1167185,NORMAL,Santiago,True,15-06-2026 12:28:33,16-06-2026 11:19:42,16-06-2026 11:19:42,17-06-2026 12:46:00,17-06-2026 12:46:00,,,17-06-2026 12:46:00,17-06-2026 12:46:00,DESPACHO,DESPACHO,True
1167182,NORMAL,Santiago,True,15-06-2026 11:56:47,16-06-2026 9:28:27,16-06-2026 9:28:27,17-06-2026 9:52:00,17-06-2026 9:52:00,,,17-06-2026 9:52:00,17-06-2026 9:52:00,DESPACHO,DESPACHO,True
1167165,NORMAL,Santiago,True,15-06-2026 8:35:47,17-06-2026 0:00:00,17-06-2026 0:00:00,18-06-2026 11:23:00,18-06-2026 11:23:00,,,18-06-2026 11:23:00,18-06-2026 11:23:00,DESPACHO,DESPACHO,True
1167156,NORMAL,Santiago,True,12-06-2026 11:54:55,16-06-2026 10:16:58,16-06-2026 10:16:58,17-06-2026 9:25:00,17-06-2026 9:25:00,,,17-06-2026 9:25:00,17-06-2026 9:25:00,DESPACHO,DESPACHO,True
1167154,NORMAL,Santiago,True,12-06-2026 11:13:57,12-06-2026 13:50:15,12-06-2026 13:50:15,15-06-2026 8:55:00,15-06-2026 8:55:00,,,15-06-2026 8:55:00,15-06-2026 8:55:00,DESPACHO,DESPACHO,True
1167144,NORMAL,Santiago,True,11-06-2026 15:47:01,12-06-2026 0:00:00,12-06-2026 0:00:00,15-06-2026 14:39:00,15-06-2026 14:39:00,,,15-06-2026 14:39:00,15-06-2026 14:39:00,DESPACHO,DESPACHO,True
1167142,NORMAL,Santiago,True,11-06-2026 15:19:20,12-06-2026 13:04:38,12-06-2026 13:04:38,15-06-2026 14:41:00,15-06-2026 14:41:00,,,15-06-2026 14:41:00,15-06-2026 14:41:00,DESPACHO,DESPACHO,True
1167141,NORMAL,Santiago,True,11-06-2026 15:00:15,16-06-2026 17:52:10,16-06-2026 17:52:10,17-06-2026 9:52:00,17-06-2026 9:52:00,,,17-06-2026 9:52:00,17-06-2026 9:52:00,DESPACHO,DESPACHO,True
1167138,NORMAL,Santiago,True,11-06-2026 13:29:16,11-06-2026 16:21:24,11-06-2026 16:21:24,12-06-2026 13:03:00,12-06-2026 13:03:00,,,12-06-2026 13:03:00,12-06-2026 13:03:00,DESPACHO,DESPACHO,True
1167137,NORMAL,Santiago,True,11-06-2026 13:00:04,12-06-2026 10:18:13,12-06-2026 10:18:13,15-06-2026 8:55:00,15-06-2026 8:55:00,,,15-06-2026 8:55:00,15-06-2026 8:55:00,DESPACHO,DESPACHO,True
1167136,NORMAL,Santiago,True,11-06-2026 12:10:48,12-06-2026 10:18:07,12-06-2026 10:18:07,15-06-2026 8:55:00,15-06-2026 8:55:00,,,15-06-2026 8:55:00,15-06-2026 8:55:00,DESPACHO,DESPACHO,True
4190139667,NORMAL,Santiago,True,11-06-2026 11:52:39,11-06-2026 14:01:36,11-06-2026 14:01:36,12-06-2026 11:14:00,12-06-2026 11:14:00,,,12-06-2026 11:14:00,12-06-2026 11:14:00,DESPACHO,DESPACHO,True
4190139660,NORMAL,Santiago,True,11-06-2026 10:29:16,12-06-2026 13:04:44,12-06-2026 13:04:44,15-06-2026 7:05:00,15-06-2026 7:05:00,,,15-06-2026 7:05:00,15-06-2026 7:05:00,DESPACHO,DESPACHO,True
1167133,NORMAL,Santiago,True,11-06-2026 9:29:44,12-06-2026 0:00:00,12-06-2026 0:00:00,15-06-2026 13:18:00,15-06-2026 13:18:00,,,15-06-2026 13:18:00,15-06-2026 13:18:00,DESPACHO,DESPACHO,True
4190139648,NORMAL,Santiago,True,11-06-2026 9:00:40,11-06-2026 12:18:53,11-06-2026 12:18:53,12-06-2026 11:18:00,12-06-2026 11:18:00,,,12-06-2026 11:18:00,12-06-2026 11:18:00,DESPACHO,DESPACHO,True
1167111,NORMAL,Santiago,True,09-06-2026 15:50:01,11-06-2026 16:56:05,11-06-2026 16:56:05,12-06-2026 10:36:00,12-06-2026 10:36:00,,,12-06-2026 10:36:00,12-06-2026 10:36:00,DESPACHO,DESPACHO,True
1167108,NORMAL,Santiago,True,09-06-2026 14:34:11,10-06-2026 0:00:00,10-06-2026 0:00:00,11-06-2026 12:06:00,11-06-2026 12:06:00,,,11-06-2026 12:06:00,11-06-2026 12:06:00,DESPACHO,DESPACHO,True
1167103,NORMAL,Santiago,True,09-06-2026 11:37:08,09-06-2026 17:29:00,09-06-2026 17:29:00,10-06-2026 15:05:00,10-06-2026 15:05:00,,,10-06-2026 15:05:00,10-06-2026 15:05:00,DESPACHO,DESPACHO,True
1167104,NORMAL,Santiago,True,09-06-2026 0:00:00,09-06-2026 17:28:56,09-06-2026 17:28:56,10-06-2026 12:45:00,10-06-2026 12:45:00,,,10-06-2026 12:45:00,10-06-2026 12:45:00,DESPACHO,DESPACHO,True
1167099,NORMAL,Santiago,True,08-06-2026 18:31:55,09-06-2026 16:59:09,09-06-2026 16:59:09,10-06-2026 12:49:00,10-06-2026 12:49:00,,,10-06-2026 12:49:00,10-06-2026 12:49:00,DESPACHO,DESPACHO,True
1167088,NORMAL,Santiago,True,08-06-2026 11:09:49,09-06-2026 15:46:42,09-06-2026 15:46:42,10-06-2026 12:09:00,10-06-2026 12:09:00,,,10-06-2026 12:09:00,10-06-2026 12:09:00,DESPACHO,DESPACHO,True
1167087,NORMAL,Santiago,True,08-06-2026 11:02:32,09-06-2026 15:21:32,09-06-2026 15:21:32,10-06-2026 12:09:00,10-06-2026 12:09:00,,,10-06-2026 12:09:00,10-06-2026 12:09:00,DESPACHO,DESPACHO,True
1167073,NORMAL,Santiago,True,05-06-2026 8:43:17,05-06-2026 13:19:29,05-06-2026 13:19:29,08-06-2026 11:58:00,08-06-2026 11:58:00,,,08-06-2026 11:58:00,08-06-2026 11:58:00,DESPACHO,DESPACHO,True
1167063,NORMAL,Santiago,True,04-06-2026 14:54:55,05-06-2026 0:00:00,05-06-2026 0:00:00,08-06-2026 16:14:00,08-06-2026 16:14:00,,,08-06-2026 16:14:00,08-06-2026 16:14:00,DESPACHO,DESPACHO,True
1167058,NORMAL,Santiago,True,04-06-2026 12:45:19,05-06-2026 8:54:24,05-06-2026 8:54:24,08-06-2026 9:57:00,08-06-2026 9:57:00,,,08-06-2026 9:57:00,08-06-2026 9:57:00,DESPACHO,DESPACHO,True
1167055,NORMAL,Santiago,True,04-06-2026 8:41:00,05-06-2026 8:53:49,05-06-2026 8:53:49,08-06-2026 14:21:00,08-06-2026 14:21:00,,,08-06-2026 14:21:00,08-06-2026 14:21:00,DESPACHO,DESPACHO,True
1167064,NORMAL,Santiago,True,04-06-2026 0:00:00,05-06-2026 12:48:32,05-06-2026 12:48:32,08-06-2026 12:21:00,08-06-2026 12:21:00,,,08-06-2026 12:21:00,08-06-2026 12:21:00,DESPACHO,DESPACHO,True
1167056,NORMAL,Santiago,True,04-06-2026 0:00:00,05-06-2026 14:18:53,05-06-2026 14:18:53,08-06-2026 11:41:00,08-06-2026 11:41:00,,,08-06-2026 11:41:00,08-06-2026 11:41:00,DESPACHO,DESPACHO,True
1167051,NORMAL,Santiago,True,03-06-2026 16:39:30,04-06-2026 16:19:51,04-06-2026 16:19:51,05-06-2026 12:12:00,05-06-2026 12:12:00,,,05-06-2026 12:12:00,05-06-2026 12:12:00,DESPACHO,DESPACHO,True
1167048,NORMAL,Santiago,True,03-06-2026 13:07:45,03-06-2026 0:00:00,03-06-2026 0:00:00,04-06-2026 9:44:00,04-06-2026 9:44:00,,,04-06-2026 9:44:00,04-06-2026 9:44:00,DESPACHO,DESPACHO,True
1167044,NORMAL,Santiago,True,03-06-2026 8:56:35,04-06-2026 17:24:04,04-06-2026 17:24:04,05-06-2026 11:29:00,05-06-2026 11:29:00,,,05-06-2026 11:29:00,05-06-2026 11:29:00,DESPACHO,DESPACHO,True
1167039,NORMAL,Santiago,True,02-06-2026 18:16:58,05-06-2026 12:47:16,05-06-2026 12:47:16,08-06-2026 10:39:00,08-06-2026 10:39:00,,,08-06-2026 10:39:00,08-06-2026 10:39:00,DESPACHO,DESPACHO,True
1167031,NORMAL,Santiago,True,02-06-2026 14:37:37,03-06-2026 14:41:08,03-06-2026 14:41:08,04-06-2026 14:22:00,04-06-2026 14:22:00,,,04-06-2026 14:22:00,04-06-2026 14:22:00,DESPACHO,DESPACHO,True
1167028,NORMAL,Santiago,True,02-06-2026 12:49:59,04-06-2026 17:23:20,04-06-2026 17:23:20,05-06-2026 12:07:00,05-06-2026 12:07:00,,,05-06-2026 12:07:00,05-06-2026 12:07:00,DESPACHO,DESPACHO,True
1166842,NORMAL,Santiago,True,29-05-2026 0:00:00,03-06-2026 18:03:36,03-06-2026 18:03:36,04-06-2026 14:51:00,04-06-2026 14:51:00,,,04-06-2026 14:51:00,04-06-2026 14:51:00,DESPACHO,DESPACHO,True
4190139484,NORMAL,Santiago,True,27-05-2026 18:00:49,28-05-2026 15:15:34,28-05-2026 15:15:34,29-05-2026 11:55:00,29-05-2026 11:55:00,,,29-05-2026 11:55:00,29-05-2026 11:55:00,DESPACHO,DESPACHO,True
1166677,NORMAL,Santiago,True,27-05-2026 17:00:05,28-05-2026 0:00:00,28-05-2026 0:00:00,29-05-2026 11:54:00,29-05-2026 11:54:00,,,29-05-2026 11:54:00,29-05-2026 11:54:00,DESPACHO,DESPACHO,True
1166675,NORMAL,Santiago,True,27-05-2026 14:49:09,28-05-2026 8:48:41,28-05-2026 8:48:41,29-05-2026 11:47:00,29-05-2026 11:47:00,,,29-05-2026 11:47:00,29-05-2026 11:47:00,DESPACHO,DESPACHO,True
1166670,NORMAL,Santiago,True,27-05-2026 10:45:40,27-05-2026 14:13:53,27-05-2026 14:13:53,28-05-2026 11:30:00,28-05-2026 11:30:00,,,28-05-2026 11:30:00,28-05-2026 11:30:00,DESPACHO,DESPACHO,True
4190139466,NORMAL,Santiago,True,27-05-2026 9:30:16,27-05-2026 12:59:18,27-05-2026 12:59:18,28-05-2026 11:27:00,28-05-2026 11:27:00,,,28-05-2026 11:27:00,28-05-2026 11:27:00,DESPACHO,DESPACHO,True
1166667,NORMAL,Santiago,True,27-05-2026 9:21:35,27-05-2026 14:45:41,27-05-2026 14:45:41,28-05-2026 11:29:00,28-05-2026 11:29:00,,,28-05-2026 11:29:00,28-05-2026 11:29:00,DESPACHO,DESPACHO,True
1166666,NORMAL,Santiago,True,27-05-2026 9:04:52,27-05-2026 14:13:59,27-05-2026 14:13:59,28-05-2026 11:34:00,28-05-2026 11:34:00,,,28-05-2026 11:34:00,28-05-2026 11:34:00,DESPACHO,DESPACHO,True
1166671,NORMAL,Santiago,True,27-05-2026 0:00:00,28-05-2026 8:58:04,28-05-2026 8:58:04,29-05-2026 12:35:00,29-05-2026 12:35:00,,,29-05-2026 12:35:00,29-05-2026 12:35:00,DESPACHO,DESPACHO,True
1166673,NORMAL,Santiago,True,27-05-2026 0:00:00,28-05-2026 17:30:40,28-05-2026 17:30:40,29-05-2026 11:54:00,29-05-2026 11:54:00,,,29-05-2026 11:54:00,29-05-2026 11:54:00,DESPACHO,DESPACHO,True
1166652,NORMAL,Santiago,True,26-05-2026 11:27:06,26-05-2026 16:48:30,26-05-2026 16:48:30,27-05-2026 10:38:00,27-05-2026 10:38:00,,,27-05-2026 10:38:00,27-05-2026 10:38:00,DESPACHO,DESPACHO,True
1166649,NORMAL,Santiago,True,26-05-2026 10:06:50,26-05-2026 15:42:59,26-05-2026 15:42:59,27-05-2026 8:16:00,27-05-2026 8:16:00,,,27-05-2026 8:16:00,27-05-2026 8:16:00,DESPACHO,DESPACHO,True
1166651,NORMAL,Santiago,True,26-05-2026 0:00:00,27-05-2026 16:36:00,27-05-2026 16:36:00,28-05-2026 8:55:00,28-05-2026 8:55:00,,,28-05-2026 8:55:00,28-05-2026 8:55:00,DESPACHO,DESPACHO,True
1166647,NORMAL,Santiago,True,26-05-2026 0:00:00,26-05-2026 16:37:23,26-05-2026 16:37:23,27-05-2026 12:18:00,27-05-2026 12:18:00,,,27-05-2026 12:18:00,27-05-2026 12:18:00,DESPACHO,DESPACHO,True
4190139441,NORMAL,Santiago,True,25-05-2026 22:59:34,26-05-2026 15:09:35,26-05-2026 15:09:35,27-05-2026 15:19:00,27-05-2026 15:19:00,,,27-05-2026 15:19:00,27-05-2026 15:19:00,DESPACHO,DESPACHO,True
1166637,NORMAL,Santiago,True,25-05-2026 13:17:42,25-05-2026 16:58:34,25-05-2026 16:58:34,26-05-2026 13:14:00,26-05-2026 13:14:00,,,26-05-2026 13:14:00,26-05-2026 13:14:00,DESPACHO,DESPACHO,True
1166634,NORMAL,Santiago,True,25-05-2026 12:04:48,26-05-2026 10:07:48,26-05-2026 10:07:48,27-05-2026 8:48:00,27-05-2026 8:48:00,,,27-05-2026 8:48:00,27-05-2026 8:48:00,DESPACHO,DESPACHO,True
1166631,NORMAL,Santiago,True,25-05-2026 11:08:54,25-05-2026 15:04:54,25-05-2026 15:04:54,26-05-2026 13:12:00,26-05-2026 13:12:00,,,26-05-2026 13:12:00,26-05-2026 13:12:00,DESPACHO,DESPACHO,True
4190139424,NORMAL,Santiago,True,25-05-2026 10:04:53,26-05-2026 10:07:52,26-05-2026 10:07:52,27-05-2026 8:48:00,27-05-2026 8:48:00,,,27-05-2026 8:48:00,27-05-2026 8:48:00,DESPACHO,DESPACHO,True
1166635,NORMAL,Santiago,True,25-05-2026 0:00:00,26-05-2026 14:33:17,26-05-2026 14:33:17,27-05-2026 8:48:00,27-05-2026 8:48:00,,,27-05-2026 8:48:00,27-05-2026 8:48:00,DESPACHO,DESPACHO,True
1166636,NORMAL,Santiago,True,25-05-2026 0:00:00,26-05-2026 0:00:00,26-05-2026 0:00:00,27-05-2026 8:48:00,27-05-2026 8:48:00,,,27-05-2026 8:48:00,27-05-2026 8:48:00,DESPACHO,DESPACHO,True
1166618,NORMAL,Santiago,True,22-05-2026 10:48:55,25-05-2026 15:46:40,25-05-2026 15:46:40,26-05-2026 14:12:00,26-05-2026 14:12:00,,,26-05-2026 14:12:00,26-05-2026 14:12:00,DESPACHO,DESPACHO,True
4190139404,NORMAL,Santiago,True,21-05-2026 0:00:00,25-05-2026 17:24:38,25-05-2026 17:24:38,26-05-2026 15:09:00,26-05-2026 15:09:00,,,26-05-2026 15:09:00,26-05-2026 15:09:00,DESPACHO,DESPACHO,True
1166612,NORMAL,Santiago,True,20-05-2026 15:32:30,22-05-2026 8:48:32,22-05-2026 8:48:32,25-05-2026 14:54:00,25-05-2026 14:54:00,,,25-05-2026 14:54:00,25-05-2026 14:54:00,DESPACHO,DESPACHO,True
4190139398,NORMAL,Santiago,True,20-05-2026 13:46:59,20-05-2026 17:33:04,20-05-2026 17:33:04,22-05-2026 11:12:00,22-05-2026 11:12:00,,,22-05-2026 11:12:00,22-05-2026 11:12:00,DESPACHO,DESPACHO,True
1166609,NORMAL,Santiago,True,20-05-2026 13:15:12,20-05-2026 15:48:27,20-05-2026 15:48:27,22-05-2026 11:07:00,22-05-2026 11:07:00,,,22-05-2026 11:07:00,22-05-2026 11:07:00,DESPACHO,DESPACHO,True
4190139395,NORMAL,Santiago,True,20-05-2026 12:06:55,22-05-2026 9:22:22,22-05-2026 9:22:22,25-05-2026 12:57:00,25-05-2026 12:57:00,,,25-05-2026 12:57:00,25-05-2026 12:57:00,DESPACHO,DESPACHO,True
1166602,NORMAL,Santiago,True,20-05-2026 10:43:41,22-05-2026 10:43:48,22-05-2026 10:43:48,25-05-2026 12:39:09,25-05-2026 12:39:09,,,25-05-2026 12:39:09,25-05-2026 12:39:09,DESPACHO,DESPACHO,True
1166596,NORMAL,Santiago,True,20-05-2026 0:00:00,25-05-2026 15:26:11,25-05-2026 15:26:11,26-05-2026 15:10:00,26-05-2026 15:10:00,,,26-05-2026 15:10:00,26-05-2026 15:10:00,DESPACHO,DESPACHO,True
1166599,NORMAL,Santiago,True,20-05-2026 0:00:00,20-05-2026 17:11:56,20-05-2026 17:11:56,22-05-2026 11:17:00,22-05-2026 11:17:00,,,22-05-2026 11:17:00,22-05-2026 11:17:00,DESPACHO,DESPACHO,True
1166583,NORMAL,Santiago,True,19-05-2026 8:42:02,22-05-2026 10:06:42,22-05-2026 10:06:42,25-05-2026 7:29:00,25-05-2026 7:29:00,,,25-05-2026 7:29:00,25-05-2026 7:29:00,DESPACHO,DESPACHO,True
1166580,NORMAL,Santiago,True,18-05-2026 19:29:45,19-05-2026 16:38:15,19-05-2026 16:38:15,20-05-2026 15:23:00,20-05-2026 15:23:00,,,20-05-2026 15:23:00,20-05-2026 15:23:00,DESPACHO,DESPACHO,True
1166576,NORMAL,Santiago,True,18-05-2026 16:05:35,19-05-2026 16:38:33,19-05-2026 16:38:33,20-05-2026 15:24:00,20-05-2026 15:24:00,,,20-05-2026 15:24:00,20-05-2026 15:24:00,DESPACHO,DESPACHO,True
1166567,NORMAL,Santiago,True,18-05-2026 11:51:05,19-05-2026 13:49:30,19-05-2026 13:49:30,20-05-2026 10:04:00,20-05-2026 10:04:00,,,20-05-2026 10:04:00,20-05-2026 10:04:00,DESPACHO,DESPACHO,True
1166566,NORMAL,Santiago,True,18-05-2026 11:49:08,19-05-2026 13:49:24,19-05-2026 13:49:24,20-05-2026 10:04:00,20-05-2026 10:04:00,,,20-05-2026 10:04:00,20-05-2026 10:04:00,DESPACHO,DESPACHO,True
1166568,NORMAL,Santiago,True,18-05-2026 11:44:01,19-05-2026 0:00:00,19-05-2026 0:00:00,20-05-2026 15:07:00,20-05-2026 15:07:00,,,20-05-2026 15:07:00,20-05-2026 15:07:00,DESPACHO,DESPACHO,True
1166553,NORMAL,Santiago,True,15-05-2026 16:23:11,19-05-2026 16:38:27,19-05-2026 16:38:27,20-05-2026 15:25:00,20-05-2026 15:25:00,,,20-05-2026 15:25:00,20-05-2026 15:25:00,DESPACHO,DESPACHO,True
4190139351,NORMAL,Santiago,True,15-05-2026 14:28:10,20-05-2026 14:30:04,20-05-2026 14:30:04,22-05-2026 11:02:00,22-05-2026 11:02:00,,,22-05-2026 11:02:00,22-05-2026 11:02:00,DESPACHO,DESPACHO,True
1166545,NORMAL,Santiago,True,15-05-2026 9:26:50,15-05-2026 12:46:05,15-05-2026 12:46:05,18-05-2026 9:49:00,18-05-2026 9:49:00,,,18-05-2026 9:49:00,18-05-2026 9:49:00,DESPACHO,DESPACHO,True
1166544,NORMAL,Santiago,True,15-05-2026 8:28:54,15-05-2026 13:15:19,15-05-2026 13:15:19,18-05-2026 9:49:00,18-05-2026 9:49:00,,,18-05-2026 9:49:00,18-05-2026 9:49:00,DESPACHO,DESPACHO,True
1166552,NORMAL,Santiago,True,15-05-2026 0:00:00,18-05-2026 15:14:26,18-05-2026 15:14:26,19-05-2026 16:07:00,19-05-2026 16:07:00,,,19-05-2026 16:07:00,19-05-2026 16:07:00,DESPACHO,DESPACHO,True
1166547,NORMAL,Santiago,True,15-05-2026 0:00:00,15-05-2026 0:00:00,15-05-2026 0:00:00,18-05-2026 9:49:00,18-05-2026 9:49:00,,,18-05-2026 9:49:00,18-05-2026 9:49:00,DESPACHO,DESPACHO,True
1166551,NORMAL,Santiago,True,15-05-2026 0:00:00,19-05-2026 0:00:00,19-05-2026 0:00:00,20-05-2026 15:08:00,20-05-2026 15:08:00,,,20-05-2026 15:08:00,20-05-2026 15:08:00,DESPACHO,DESPACHO,True
1166537,NORMAL,Santiago,True,14-05-2026 20:00:22,19-05-2026 15:06:32,19-05-2026 15:06:32,20-05-2026 15:12:00,20-05-2026 15:12:00,,,20-05-2026 15:12:00,20-05-2026 15:12:00,DESPACHO,DESPACHO,True
1166536,NORMAL,Santiago,True,14-05-2026 18:28:05,15-05-2026 13:56:36,15-05-2026 13:56:36,18-05-2026 9:44:00,18-05-2026 9:44:00,,,18-05-2026 9:44:00,18-05-2026 9:44:00,DESPACHO,DESPACHO,True
1166535,NORMAL,Santiago,True,14-05-2026 17:22:32,15-05-2026 12:48:15,15-05-2026 12:48:15,18-05-2026 9:13:00,18-05-2026 9:13:00,,,18-05-2026 9:13:00,18-05-2026 9:13:00,DESPACHO,DESPACHO,True
1166532,NORMAL,Santiago,True,14-05-2026 15:11:37,15-05-2026 12:04:37,15-05-2026 12:04:37,18-05-2026 10:56:00,18-05-2026 10:56:00,,,18-05-2026 10:56:00,18-05-2026 10:56:00,DESPACHO,DESPACHO,True
1166531,NORMAL,Santiago,True,14-05-2026 14:44:56,14-05-2026 17:57:36,14-05-2026 17:57:36,15-05-2026 9:38:00,15-05-2026 9:38:00,,,15-05-2026 9:38:00,15-05-2026 9:38:00,DESPACHO,DESPACHO,True
4190139335,NORMAL,Santiago,True,14-05-2026 13:18:45,18-05-2026 9:34:13,18-05-2026 9:34:13,19-05-2026 16:08:00,19-05-2026 16:08:00,,,19-05-2026 16:08:00,19-05-2026 16:08:00,DESPACHO,DESPACHO,True
1166521,NORMAL,Santiago,True,14-05-2026 10:14:16,15-05-2026 12:47:51,15-05-2026 12:47:51,18-05-2026 10:56:00,18-05-2026 10:56:00,,,18-05-2026 10:56:00,18-05-2026 10:56:00,DESPACHO,DESPACHO,True
1166523,NORMAL,Santiago,True,14-05-2026 10:07:58,15-05-2026 12:47:58,15-05-2026 12:47:58,18-05-2026 10:24:00,18-05-2026 10:24:00,,,18-05-2026 10:24:00,18-05-2026 10:24:00,DESPACHO,DESPACHO,True
1166519,NORMAL,Santiago,True,14-05-2026 8:39:17,15-05-2026 11:08:55,15-05-2026 11:08:55,18-05-2026 14:16:00,18-05-2026 14:16:00,,,18-05-2026 14:16:00,18-05-2026 14:16:00,DESPACHO,DESPACHO,True
1166514,NORMAL,Santiago,True,13-05-2026 17:22:24,15-05-2026 12:47:46,15-05-2026 12:47:46,18-05-2026 9:49:00,18-05-2026 9:49:00,,,18-05-2026 9:49:00,18-05-2026 9:49:00,DESPACHO,DESPACHO,True
1166511,NORMAL,Santiago,True,13-05-2026 16:50:32,14-05-2026 16:43:49,14-05-2026 16:43:49,15-05-2026 9:37:00,15-05-2026 9:37:00,,,15-05-2026 9:37:00,15-05-2026 9:37:00,DESPACHO,DESPACHO,True
1166510,NORMAL,Santiago,True,13-05-2026 14:46:37,15-05-2026 12:04:46,15-05-2026 12:04:46,18-05-2026 12:46:00,18-05-2026 12:46:00,,,18-05-2026 12:46:00,18-05-2026 12:46:00,DESPACHO,DESPACHO,True
1166509,NORMAL,Santiago,True,13-05-2026 14:31:50,15-05-2026 11:14:52,15-05-2026 11:14:52,18-05-2026 10:56:00,18-05-2026 10:56:00,,,18-05-2026 10:56:00,18-05-2026 10:56:00,DESPACHO,DESPACHO,True
4190139321,NORMAL,Santiago,True,13-05-2026 10:13:13,14-05-2026 0:00:00,14-05-2026 0:00:00,15-05-2026 11:16:00,15-05-2026 11:16:00,,,15-05-2026 11:16:00,15-05-2026 11:16:00,DESPACHO,DESPACHO,True
1166501,NORMAL,Santiago,True,13-05-2026 8:49:05,14-05-2026 15:36:32,14-05-2026 15:36:32,15-05-2026 10:57:00,15-05-2026 10:57:00,,,15-05-2026 10:57:00,15-05-2026 10:57:00,DESPACHO,DESPACHO,True
1166489,NORMAL,Santiago,True,12-05-2026 9:56:44,14-05-2026 0:00:00,14-05-2026 0:00:00,15-05-2026 9:37:00,15-05-2026 9:37:00,,,15-05-2026 9:37:00,15-05-2026 9:37:00,DESPACHO,DESPACHO,True
1166496,NORMAL,Santiago,True,12-05-2026 0:00:00,13-05-2026 15:15:16,13-05-2026 15:15:16,14-05-2026 8:20:00,14-05-2026 8:20:00,,,14-05-2026 8:20:00,14-05-2026 8:20:00,DESPACHO,DESPACHO,True
4190139285,NORMAL,Santiago,True,09-05-2026 0:01:34,13-05-2026 13:52:02,13-05-2026 13:52:02,14-05-2026 11:29:00,14-05-2026 11:29:00,,,14-05-2026 11:29:00,14-05-2026 11:29:00,DESPACHO,DESPACHO,True
1166465,NORMAL,Santiago,True,08-05-2026 21:25:07,13-05-2026 15:43:34,13-05-2026 15:43:34,14-05-2026 15:12:00,14-05-2026 15:12:00,,,14-05-2026 15:12:00,14-05-2026 15:12:00,DESPACHO,DESPACHO,True
1166461,NORMAL,Santiago,True,08-05-2026 19:13:53,12-05-2026 15:15:22,12-05-2026 15:15:22,13-05-2026 9:38:00,13-05-2026 9:38:00,,,13-05-2026 9:38:00,13-05-2026 9:38:00,DESPACHO,DESPACHO,True
1166454,NORMAL,Santiago,True,08-05-2026 16:40:35,12-05-2026 15:15:10,12-05-2026 15:15:10,13-05-2026 9:37:00,13-05-2026 9:37:00,,,13-05-2026 9:37:00,13-05-2026 9:37:00,DESPACHO,DESPACHO,True
1166449,NORMAL,Santiago,True,08-05-2026 12:48:36,12-05-2026 15:15:04,12-05-2026 15:15:04,13-05-2026 12:10:00,13-05-2026 12:10:00,,,13-05-2026 12:10:00,13-05-2026 12:10:00,DESPACHO,DESPACHO,True
1166448,NORMAL,Santiago,True,08-05-2026 12:44:47,13-05-2026 16:28:23,13-05-2026 16:28:23,14-05-2026 14:06:00,14-05-2026 14:06:00,,,14-05-2026 14:06:00,14-05-2026 14:06:00,DESPACHO,DESPACHO,True
1166440,NORMAL,Santiago,True,08-05-2026 9:34:49,08-05-2026 11:00:41,08-05-2026 11:00:41,11-05-2026 12:45:00,11-05-2026 12:45:00,,,11-05-2026 12:45:00,11-05-2026 12:45:00,DESPACHO,DESPACHO,True
1166453,NORMAL,Santiago,True,08-05-2026 0:00:00,12-05-2026 15:15:19,12-05-2026 15:15:19,13-05-2026 9:36:00,13-05-2026 9:36:00,,,13-05-2026 9:36:00,13-05-2026 9:36:00,DESPACHO,DESPACHO,True
1166437,NORMAL,Santiago,True,07-05-2026 19:51:35,11-05-2026 17:26:06,11-05-2026 17:26:06,12-05-2026 9:10:00,12-05-2026 9:10:00,,,12-05-2026 9:10:00,12-05-2026 9:10:00,DESPACHO,DESPACHO,True
1166433,NORMAL,Santiago,True,07-05-2026 16:02:55,11-05-2026 15:50:06,11-05-2026 15:50:06,12-05-2026 10:03:00,12-05-2026 10:03:00,,,12-05-2026 10:03:00,12-05-2026 10:03:00,DESPACHO,DESPACHO,True
4190139240,NORMAL,Santiago,True,07-05-2026 13:33:11,08-05-2026 13:21:45,08-05-2026 13:21:45,11-05-2026 8:48:00,11-05-2026 8:48:00,,,11-05-2026 8:48:00,11-05-2026 8:48:00,DESPACHO,DESPACHO,True
1166431,NORMAL,Santiago,True,07-05-2026 12:44:27,07-05-2026 16:26:53,07-05-2026 16:26:53,08-05-2026 9:41:00,08-05-2026 9:41:00,,,08-05-2026 9:41:00,08-05-2026 9:41:00,DESPACHO,DESPACHO,True
1166427,NORMAL,Santiago,True,07-05-2026 9:53:17,08-05-2026 11:41:42,08-05-2026 11:41:42,11-05-2026 10:35:00,11-05-2026 10:35:00,,,11-05-2026 10:35:00,11-05-2026 10:35:00,DESPACHO,DESPACHO,True
1166425,NORMAL,Santiago,True,07-05-2026 8:56:20,08-05-2026 13:18:58,08-05-2026 13:18:58,11-05-2026 9:15:00,11-05-2026 9:15:00,,,11-05-2026 9:15:00,11-05-2026 9:15:00,DESPACHO,DESPACHO,True
1166426,NORMAL,Santiago,True,07-05-2026 8:34:13,08-05-2026 13:30:52,08-05-2026 13:30:52,11-05-2026 11:38:00,11-05-2026 11:38:00,,,11-05-2026 11:38:00,11-05-2026 11:38:00,DESPACHO,DESPACHO,True
1166428,NORMAL,Santiago,True,07-05-2026 0:00:00,08-05-2026 11:54:08,08-05-2026 11:54:08,11-05-2026 10:35:00,11-05-2026 10:35:00,,,11-05-2026 10:35:00,11-05-2026 10:35:00,DESPACHO,DESPACHO,True
1166412,NORMAL,Santiago,True,06-05-2026 11:53:04,06-05-2026 17:55:00,06-05-2026 17:55:00,07-05-2026 8:50:00,07-05-2026 8:50:00,,,07-05-2026 8:50:00,07-05-2026 8:50:00,DESPACHO,DESPACHO,True
1166413,NORMAL,Santiago,True,06-05-2026 11:45:36,08-05-2026 11:00:20,08-05-2026 11:00:20,11-05-2026 14:33:00,11-05-2026 14:33:00,,,11-05-2026 14:33:00,11-05-2026 14:33:00,DESPACHO,DESPACHO,True
1166419,NORMAL,Santiago,True,06-05-2026 0:00:00,08-05-2026 12:05:52,08-05-2026 12:05:52,11-05-2026 9:12:00,11-05-2026 9:12:00,,,11-05-2026 9:12:00,11-05-2026 9:12:00,DESPACHO,DESPACHO,True
1166399,NORMAL,Santiago,True,05-05-2026 15:19:01,08-05-2026 13:45:45,08-05-2026 13:45:45,11-05-2026 11:16:00,11-05-2026 11:16:00,,,11-05-2026 11:16:00,11-05-2026 11:16:00,DESPACHO,DESPACHO,True
1166395,NORMAL,Santiago,True,05-05-2026 12:29:30,06-05-2026 17:55:33,06-05-2026 17:55:33,07-05-2026 9:27:00,07-05-2026 9:27:00,,,07-05-2026 9:27:00,07-05-2026 9:27:00,DESPACHO,DESPACHO,True
1166393,NORMAL,Santiago,True,05-05-2026 11:50:51,06-05-2026 17:54:43,06-05-2026 17:54:43,07-05-2026 11:30:00,07-05-2026 11:30:00,,,07-05-2026 11:30:00,07-05-2026 11:30:00,DESPACHO,DESPACHO,True
1166391,NORMAL,Santiago,True,05-05-2026 11:22:57,08-05-2026 12:16:44,08-05-2026 12:16:44,11-05-2026 7:20:00,11-05-2026 7:20:00,,,11-05-2026 7:20:00,11-05-2026 7:20:00,DESPACHO,DESPACHO,True
1166390,NORMAL,Santiago,True,05-05-2026 10:42:17,05-05-2026 16:35:11,05-05-2026 16:35:11,06-05-2026 7:53:00,06-05-2026 7:53:00,,,06-05-2026 7:53:00,06-05-2026 7:53:00,DESPACHO,DESPACHO,True
1166403,NORMAL,Santiago,True,05-05-2026 0:00:00,06-05-2026 15:14:16,06-05-2026 15:14:16,07-05-2026 0:00:00,07-05-2026 0:00:00,,,07-05-2026 0:00:00,07-05-2026 0:00:00,DESPACHO,DESPACHO,True
1166384,NORMAL,Santiago,True,04-05-2026 14:48:21,05-05-2026 15:27:26,05-05-2026 15:27:26,06-05-2026 10:27:00,06-05-2026 10:27:00,,,06-05-2026 10:27:00,06-05-2026 10:27:00,DESPACHO,DESPACHO,True
1166382,NORMAL,Santiago,True,04-05-2026 14:43:21,05-05-2026 12:42:05,05-05-2026 12:42:05,06-05-2026 10:27:00,06-05-2026 10:27:00,,,06-05-2026 10:27:00,06-05-2026 10:27:00,DESPACHO,DESPACHO,True
1166371,NORMAL,Santiago,True,04-05-2026 0:00:00,06-05-2026 15:41:00,06-05-2026 15:41:00,07-05-2026 14:59:00,07-05-2026 14:59:00,,,07-05-2026 14:59:00,07-05-2026 14:59:00,DESPACHO,DESPACHO,True
1168078,NORMAL,Santiago,True,09-07-2026 10:28:12,09-07-2026 13:55:18,09-07-2026 13:55:18,13-07-2026 9:56:00,13-07-2026 9:56:00,,,13-07-2026 9:56:00,13-07-2026 9:56:00,DESPACHO,DESPACHO,True
1168039,NORMAL,Santiago,True,06-07-2026 15:18:29,07-07-2026 10:18:26,07-07-2026 10:18:26,09-07-2026 14:05:00,09-07-2026 14:05:00,,,09-07-2026 14:05:00,09-07-2026 14:05:00,DESPACHO,DESPACHO,True
1168024,NORMAL,Santiago,True,06-07-2026 8:52:59,06-07-2026 15:45:33,06-07-2026 15:45:33,08-07-2026 15:19:00,08-07-2026 15:19:00,,,08-07-2026 15:19:00,08-07-2026 15:19:00,DESPACHO,DESPACHO,True
1168020,NORMAL,Santiago,True,03-07-2026 17:03:51,07-07-2026 10:18:17,07-07-2026 10:18:17,09-07-2026 14:59:00,09-07-2026 14:59:00,,,09-07-2026 14:59:00,09-07-2026 14:59:00,DESPACHO,DESPACHO,True
1168019,NORMAL,Santiago,True,03-07-2026 13:09:57,06-07-2026 15:45:31,06-07-2026 15:45:31,08-07-2026 10:26:00,08-07-2026 10:26:00,,,08-07-2026 10:26:00,08-07-2026 10:26:00,DESPACHO,DESPACHO,True
1167363,NORMAL,Santiago,True,25-06-2026 14:35:39,26-06-2026 13:33:45,26-06-2026 13:33:45,01-07-2026 12:00:00,01-07-2026 12:00:00,,,01-07-2026 12:00:00,01-07-2026 12:00:00,DESPACHO,DESPACHO,True
1167353,NORMAL,Santiago,True,25-06-2026 10:38:09,25-06-2026 14:45:43,25-06-2026 14:45:43,30-06-2026 12:37:00,30-06-2026 12:37:00,,,30-06-2026 12:37:00,30-06-2026 12:37:00,DESPACHO,DESPACHO,True
1167338,NORMAL,Santiago,True,24-06-2026 11:42:59,25-06-2026 14:44:17,25-06-2026 14:44:17,01-07-2026 11:31:00,01-07-2026 11:31:00,,,01-07-2026 11:31:00,01-07-2026 11:31:00,DESPACHO,DESPACHO,True
1167299,NORMAL,Santiago,True,23-06-2026 8:14:00,,,24-06-2026 9:42:00,24-06-2026 9:42:00,,,24-06-2026 9:42:00,24-06-2026 9:42:00,DESPACHO,DESPACHO,True
1167276,NORMAL,Santiago,True,22-06-2026 12:16:13,23-06-2026 15:43:42,23-06-2026 15:43:42,26-06-2026 11:48:00,26-06-2026 11:48:00,,,26-06-2026 11:48:00,26-06-2026 11:48:00,DESPACHO,DESPACHO,True
1167267,NORMAL,Santiago,True,22-06-2026 10:02:47,23-06-2026 12:48:34,23-06-2026 12:48:34,25-06-2026 13:15:00,25-06-2026 13:15:00,,,25-06-2026 13:15:00,25-06-2026 13:15:00,DESPACHO,DESPACHO,True
1167244,NORMAL,Santiago,True,18-06-2026 10:23:05,18-06-2026 15:19:31,18-06-2026 15:19:31,22-06-2026 10:08:00,22-06-2026 10:08:00,,,22-06-2026 10:08:00,22-06-2026 10:08:00,DESPACHO,DESPACHO,True
1167179,NORMAL,Santiago,True,15-06-2026 11:20:12,15-06-2026 17:39:58,15-06-2026 17:39:58,18-06-2026 10:02:00,18-06-2026 10:02:00,,,18-06-2026 10:02:00,18-06-2026 10:02:00,DESPACHO,DESPACHO,True
1167160,NORMAL,Santiago,True,12-06-2026 12:58:20,15-06-2026 12:43:42,15-06-2026 12:43:42,17-06-2026 9:25:00,17-06-2026 9:25:00,,,17-06-2026 9:25:00,17-06-2026 9:25:00,DESPACHO,DESPACHO,True
1167131,NORMAL,Santiago,True,11-06-2026 8:57:19,11-06-2026 12:35:46,11-06-2026 12:35:46,15-06-2026 7:15:00,15-06-2026 7:15:00,,,15-06-2026 7:15:00,15-06-2026 7:15:00,DESPACHO,DESPACHO,True
1167128,NORMAL,Santiago,True,10-06-2026 16:20:55,11-06-2026 16:42:17,11-06-2026 16:42:17,15-06-2026 10:31:00,15-06-2026 10:31:00,,,15-06-2026 10:31:00,15-06-2026 10:31:00,DESPACHO,DESPACHO,True
1167129,NORMAL,Santiago,True,10-06-2026 16:16:18,11-06-2026 9:53:52,11-06-2026 9:53:52,15-06-2026 10:45:00,15-06-2026 10:45:00,,,15-06-2026 10:45:00,15-06-2026 10:45:00,DESPACHO,DESPACHO,True
1167102,NORMAL,Santiago,True,09-06-2026 10:17:34,09-06-2026 12:48:43,09-06-2026 12:48:43,15-06-2026 7:09:00,15-06-2026 7:09:00,,,15-06-2026 7:09:00,15-06-2026 7:09:00,DESPACHO,DESPACHO,True
1166669,NORMAL,Santiago,True,27-05-2026 10:37:51,27-05-2026 15:39:41,27-05-2026 15:39:41,29-05-2026 8:13:00,29-05-2026 8:13:00,,,29-05-2026 8:13:00,29-05-2026 8:13:00,DESPACHO,DESPACHO,True
1166617,NORMAL,Santiago,True,22-05-2026 10:31:52,25-05-2026 13:45:56,25-05-2026 13:45:56,27-05-2026 12:18:00,27-05-2026 12:18:00,,,27-05-2026 12:18:00,27-05-2026 12:18:00,DESPACHO,DESPACHO,True
4190139400,NORMAL,Santiago,True,20-05-2026 14:17:37,20-05-2026 16:31:31,20-05-2026 16:31:31,26-05-2026 12:59:00,26-05-2026 12:59:00,,,26-05-2026 12:59:00,26-05-2026 12:59:00,DESPACHO,DESPACHO,True
1166611,NORMAL,Santiago,True,20-05-2026 14:15:39,20-05-2026 17:32:38,20-05-2026 17:32:38,25-05-2026 8:10:00,25-05-2026 8:10:00,,,25-05-2026 8:10:00,25-05-2026 8:10:00,DESPACHO,DESPACHO,True
1166608,NORMAL,Santiago,True,20-05-2026 12:58:34,20-05-2026 16:50:27,20-05-2026 16:50:27,25-05-2026 12:49:00,25-05-2026 12:49:00,,,25-05-2026 12:49:00,25-05-2026 12:49:00,DESPACHO,DESPACHO,True
1166605,NORMAL,Santiago,True,20-05-2026 11:55:35,20-05-2026 16:31:34,20-05-2026 16:31:34,25-05-2026 14:54:00,25-05-2026 14:54:00,,,25-05-2026 14:54:00,25-05-2026 14:54:00,DESPACHO,DESPACHO,True
1166597,NORMAL,Santiago,True,20-05-2026 9:33:05,20-05-2026 14:30:57,20-05-2026 14:30:57,25-05-2026 9:59:00,25-05-2026 9:59:00,,,25-05-2026 9:59:00,25-05-2026 9:59:00,DESPACHO,DESPACHO,True
1166595,NORMAL,Santiago,True,20-05-2026 8:19:49,20-05-2026 15:48:30,20-05-2026 15:48:30,25-05-2026 12:50:00,25-05-2026 12:50:00,,,25-05-2026 12:50:00,25-05-2026 12:50:00,DESPACHO,DESPACHO,True
1166589,NORMAL,Santiago,True,19-05-2026 10:13:19,20-05-2026 16:31:26,20-05-2026 16:31:26,25-05-2026 12:51:00,25-05-2026 12:51:00,,,25-05-2026 12:51:00,25-05-2026 12:51:00,DESPACHO,DESPACHO,True
1166587,NORMAL,Santiago,True,19-05-2026 9:42:05,20-05-2026 14:30:22,20-05-2026 14:30:22,25-05-2026 8:21:00,25-05-2026 8:21:00,,,25-05-2026 8:21:00,25-05-2026 8:21:00,DESPACHO,DESPACHO,True
1166584,NORMAL,Santiago,True,19-05-2026 9:08:49,19-05-2026 16:38:20,19-05-2026 16:38:20,25-05-2026 12:48:00,25-05-2026 12:48:00,,,25-05-2026 12:48:00,25-05-2026 12:48:00,DESPACHO,DESPACHO,True
1166579,NORMAL,Santiago,True,18-05-2026 18:19:48,20-05-2026 17:32:45,20-05-2026 17:32:45,25-05-2026 12:40:00,25-05-2026 12:40:00,,,25-05-2026 12:40:00,25-05-2026 12:40:00,DESPACHO,DESPACHO,True
1166578,NORMAL,Santiago,True,18-05-2026 16:33:22,20-05-2026 15:00:13,20-05-2026 15:00:13,25-05-2026 8:21:00,25-05-2026 8:21:00,,,25-05-2026 8:21:00,25-05-2026 8:21:00,DESPACHO,DESPACHO,True
1166571,NORMAL,Santiago,True,18-05-2026 12:19:51,19-05-2026 13:49:37,19-05-2026 13:49:37,25-05-2026 12:53:00,25-05-2026 12:53:00,,,25-05-2026 12:53:00,25-05-2026 12:53:00,DESPACHO,DESPACHO,True
1166561,NORMAL,Santiago,True,18-05-2026 9:22:09,19-05-2026 13:50:14,19-05-2026 13:50:14,25-05-2026 12:47:00,25-05-2026 12:47:00,,,25-05-2026 12:47:00,25-05-2026 12:47:00,DESPACHO,DESPACHO,True
1166548,NORMAL,Santiago,True,15-05-2026 10:25:29,18-05-2026 13:44:15,18-05-2026 13:44:15,20-05-2026 8:19:00,20-05-2026 8:19:00,,,20-05-2026 8:19:00,20-05-2026 8:19:00,DESPACHO,DESPACHO,True
1166533,NORMAL,Santiago,True,14-05-2026 0:00:00,15-05-2026 12:04:59,15-05-2026 12:04:59,19-05-2026 14:25:00,19-05-2026 14:25:00,,,19-05-2026 14:25:00,19-05-2026 14:25:00,DESPACHO,DESPACHO,True
1166430,NORMAL,Santiago,True,07-05-2026 12:16:03,07-05-2026 16:28:35,07-05-2026 16:28:35,11-05-2026 9:08:00,11-05-2026 9:08:00,,,11-05-2026 9:08:00,11-05-2026 9:08:00,DESPACHO,DESPACHO,True
4190139233,NORMAL,Santiago,True,07-05-2026 11:06:50,11-05-2026 13:51:20,11-05-2026 13:51:20,13-05-2026 9:23:00,13-05-2026 9:23:00,,,13-05-2026 9:23:00,13-05-2026 9:23:00,DESPACHO,DESPACHO,True
4190139230,NORMAL,Santiago,True,07-05-2026 10:39:15,11-05-2026 13:53:06,11-05-2026 13:53:06,13-05-2026 9:23:00,13-05-2026 9:23:00,,,13-05-2026 9:23:00,13-05-2026 9:23:00,DESPACHO,DESPACHO,True
1166424,NORMAL,Santiago,True,06-05-2026 20:20:47,07-05-2026 17:12:49,07-05-2026 17:12:49,11-05-2026 10:31:00,11-05-2026 10:31:00,,,11-05-2026 10:31:00,11-05-2026 10:31:00,DESPACHO,DESPACHO,True
1167339,NORMAL,Regiones,True,24-06-2026 12:11:32,30-06-2026 14:34:28,30-06-2026 14:34:28,02-07-2026 11:38:00,02-07-2026 11:38:00,,,02-07-2026 11:38:00,02-07-2026 11:38:00,DESPACHO,DESPACHO,True
1167310,NORMAL,Regiones,True,23-06-2026 14:54:19,23-06-2026 16:38:36,23-06-2026 16:38:36,26-06-2026 12:48:00,26-06-2026 12:48:00,,,26-06-2026 12:48:00,26-06-2026 12:48:00,DESPACHO,DESPACHO,True
4190139814,NORMAL,Regiones,True,22-06-2026 21:36:46,24-06-2026 16:41:54,24-06-2026 16:41:54,26-06-2026 9:31:00,26-06-2026 9:31:00,,,26-06-2026 9:31:00,26-06-2026 9:31:00,DESPACHO,DESPACHO,True
4190139748,NORMAL,Regiones,True,18-06-2026 13:03:58,18-06-2026 0:00:00,18-06-2026 0:00:00,22-06-2026 16:33:00,22-06-2026 16:33:00,,,22-06-2026 16:33:00,22-06-2026 16:33:00,DESPACHO,DESPACHO,True
1167246,NORMAL,Regiones,True,18-06-2026 0:00:00,18-06-2026 14:21:43,18-06-2026 14:21:43,22-06-2026 15:01:00,22-06-2026 15:01:00,,,22-06-2026 15:01:00,22-06-2026 15:01:00,DESPACHO,DESPACHO,True
4190139731,NORMAL,Regiones,True,16-06-2026 22:51:32,18-06-2026 0:00:00,18-06-2026 0:00:00,22-06-2026 15:40:00,22-06-2026 15:40:00,,,22-06-2026 15:40:00,22-06-2026 15:40:00,DESPACHO,DESPACHO,True
1167213,NORMAL,Regiones,True,16-06-2026 18:36:04,,,19-06-2026 11:19:00,19-06-2026 11:19:00,,,19-06-2026 11:19:00,19-06-2026 11:19:00,DESPACHO,DESPACHO,True
1167082,NORMAL,Regiones,True,08-06-2026 9:45:40,08-06-2026 17:37:47,08-06-2026 17:37:47,10-06-2026 15:19:00,10-06-2026 15:19:00,,,10-06-2026 15:19:00,10-06-2026 15:19:00,DESPACHO,DESPACHO,True
1167049,NORMAL,Regiones,True,03-06-2026 15:24:44,05-06-2026 12:25:06,05-06-2026 12:25:06,09-06-2026 12:39:00,09-06-2026 12:39:00,,,09-06-2026 12:39:00,09-06-2026 12:39:00,DESPACHO,DESPACHO,True
1167024,NORMAL,Regiones,True,02-06-2026 9:42:35,04-06-2026 0:00:00,04-06-2026 0:00:00,08-06-2026 15:13:00,08-06-2026 15:13:00,,,08-06-2026 15:13:00,08-06-2026 15:13:00,DESPACHO,DESPACHO,True
1166658,NORMAL,Regiones,True,26-05-2026 16:47:10,27-05-2026 14:14:01,27-05-2026 14:14:01,29-05-2026 9:36:00,29-05-2026 9:36:00,,,29-05-2026 9:36:00,29-05-2026 9:36:00,DESPACHO,DESPACHO,True
1166659,NORMAL,Regiones,True,26-05-2026 16:35:17,27-05-2026 14:45:14,27-05-2026 14:45:14,29-05-2026 9:36:00,29-05-2026 9:36:00,,,29-05-2026 9:36:00,29-05-2026 9:36:00,DESPACHO,DESPACHO,True
4190139380,NORMAL,Regiones,True,19-05-2026 10:14:09,20-05-2026 17:32:57,20-05-2026 17:32:57,25-05-2026 7:14:00,25-05-2026 7:14:00,,,25-05-2026 7:14:00,25-05-2026 7:14:00,DESPACHO,DESPACHO,True
4190139377,NORMAL,Regiones,True,19-05-2026 9:44:30,20-05-2026 17:32:53,20-05-2026 17:32:53,25-05-2026 7:17:00,25-05-2026 7:17:00,,,25-05-2026 7:17:00,25-05-2026 7:17:00,DESPACHO,DESPACHO,True
4190139375,NORMAL,Regiones,True,19-05-2026 9:19:03,20-05-2026 17:33:02,20-05-2026 17:33:02,25-05-2026 7:16:00,25-05-2026 7:16:00,,,25-05-2026 7:16:00,25-05-2026 7:16:00,DESPACHO,DESPACHO,True
4190139365,NORMAL,Regiones,True,18-05-2026 18:48:32,20-05-2026 17:00:43,20-05-2026 17:00:43,25-05-2026 12:53:00,25-05-2026 12:53:00,,,25-05-2026 12:53:00,25-05-2026 12:53:00,DESPACHO,DESPACHO,True
4190139359,NORMAL,Regiones,True,18-05-2026 17:56:34,20-05-2026 17:08:50,20-05-2026 17:08:50,25-05-2026 13:09:00,25-05-2026 13:09:00,,,25-05-2026 13:09:00,25-05-2026 13:09:00,DESPACHO,DESPACHO,True
1166575,NORMAL,Regiones,True,18-05-2026 14:18:36,19-05-2026 17:24:11,19-05-2026 17:24:11,22-05-2026 12:33:00,22-05-2026 12:33:00,,,22-05-2026 12:33:00,22-05-2026 12:33:00,DESPACHO,DESPACHO,True
4190139357,NORMAL,Santiago,True,18-05-2026 0:00:00,20-05-2026 17:00:38,20-05-2026 17:00:38,25-05-2026 7:15:00,25-05-2026 7:15:00,,,25-05-2026 7:15:00,25-05-2026 7:15:00,DESPACHO,DESPACHO,True
1166557,NORMAL,Regiones,True,16-05-2026 12:07:35,20-05-2026 14:31:32,20-05-2026 14:31:32,25-05-2026 7:20:00,25-05-2026 7:20:00,,,25-05-2026 7:20:00,25-05-2026 7:20:00,DESPACHO,DESPACHO,True
1166556,NORMAL,Regiones,True,15-05-2026 19:56:55,20-05-2026 14:33:18,20-05-2026 14:33:18,25-05-2026 7:23:00,25-05-2026 7:23:00,,,25-05-2026 7:23:00,25-05-2026 7:23:00,DESPACHO,DESPACHO,True
4190139175,NORMAL,Regiones,True,04-05-2026 18:28:17,,,07-05-2026 15:58:00,07-05-2026 15:58:00,,,07-05-2026 15:58:00,07-05-2026 15:58:00,DESPACHO,DESPACHO,True
4190139169,NORMAL,Regiones,True,04-05-2026 12:50:14,,,07-05-2026 15:57:00,07-05-2026 15:57:00,,,07-05-2026 15:57:00,07-05-2026 15:57:00,DESPACHO,DESPACHO,True
1168089,NORMAL,Regiones,True,10-07-2026 11:28:12,10-07-2026 14:14:35,10-07-2026 14:14:35,13-07-2026 7:23:00,13-07-2026 7:23:00,,,13-07-2026 7:23:00,13-07-2026 7:23:00,DESPACHO,DESPACHO,True
1168081,NORMAL,Regiones,True,09-07-2026 12:26:56,09-07-2026 16:10:53,09-07-2026 16:10:53,10-07-2026 7:58:00,10-07-2026 7:58:00,,,10-07-2026 7:58:00,10-07-2026 7:58:00,DESPACHO,DESPACHO,True
4190139988,NORMAL,Regiones,True,08-07-2026 12:28:02,10-07-2026 10:41:26,10-07-2026 10:41:26,13-07-2026 7:39:00,13-07-2026 7:39:00,,,13-07-2026 7:39:00,13-07-2026 7:39:00,DESPACHO,DESPACHO,True
4190139986,NORMAL,Regiones,True,07-07-2026 21:23:23,09-07-2026 17:07:38,09-07-2026 17:07:38,10-07-2026 7:35:00,10-07-2026 7:35:00,,,10-07-2026 7:35:00,10-07-2026 7:35:00,DESPACHO,DESPACHO,True
1167354,NORMAL,Regiones,True,25-06-2026 10:43:31,26-06-2026 12:51:08,26-06-2026 12:51:08,30-06-2026 11:49:00,30-06-2026 11:49:00,,,30-06-2026 11:49:00,30-06-2026 11:49:00,DESPACHO,DESPACHO,True
1167331,NORMAL,Santiago,True,24-06-2026 8:51:27,25-06-2026 17:03:53,25-06-2026 17:03:53,26-06-2026 9:50:00,26-06-2026 9:50:00,,,26-06-2026 9:50:00,26-06-2026 9:50:00,DESPACHO,DESPACHO,True
4190139828,NORMAL,Regiones,True,22-06-2026 23:23:17,24-06-2026 17:22:57,24-06-2026 17:22:57,25-06-2026 11:54:00,25-06-2026 11:54:00,,,25-06-2026 11:54:00,25-06-2026 11:54:00,DESPACHO,DESPACHO,True
1167265,NORMAL,Regiones,True,22-06-2026 7:15:05,22-06-2026 16:21:25,22-06-2026 16:21:25,23-06-2026 7:13:00,23-06-2026 7:13:00,,,23-06-2026 7:13:00,23-06-2026 7:13:00,DESPACHO,DESPACHO,True
1167151,NORMAL,Santiago,True,12-06-2026 0:00:00,12-06-2026 13:36:32,12-06-2026 13:36:32,15-06-2026 11:27:00,15-06-2026 11:27:00,,,15-06-2026 11:27:00,15-06-2026 11:27:00,DESPACHO,DESPACHO,True
4190139649,NORMAL,Regiones,True,11-06-2026 9:01:54,11-06-2026 16:08:42,11-06-2026 16:08:42,12-06-2026 11:40:00,12-06-2026 11:40:00,,,12-06-2026 11:40:00,12-06-2026 11:40:00,DESPACHO,DESPACHO,True
4190139647,NORMAL,Regiones,True,11-06-2026 8:59:29,11-06-2026 12:18:49,11-06-2026 12:18:49,12-06-2026 11:12:00,12-06-2026 11:12:00,,,12-06-2026 11:12:00,12-06-2026 11:12:00,DESPACHO,DESPACHO,True
4190139664,NORMAL,Regiones,True,11-06-2026 0:00:00,11-06-2026 14:51:21,11-06-2026 14:51:21,12-06-2026 11:27:00,12-06-2026 11:27:00,,,12-06-2026 11:27:00,12-06-2026 11:27:00,DESPACHO,DESPACHO,True
4190139650,NORMAL,Regiones,True,11-06-2026 0:00:00,11-06-2026 12:18:42,11-06-2026 12:18:42,12-06-2026 11:20:00,12-06-2026 11:20:00,,,12-06-2026 11:20:00,12-06-2026 11:20:00,DESPACHO,DESPACHO,True
4190139644,NORMAL,Regiones,True,10-06-2026 18:38:55,11-06-2026 17:25:54,11-06-2026 17:25:54,12-06-2026 11:38:00,12-06-2026 11:38:00,,,12-06-2026 11:38:00,12-06-2026 11:38:00,DESPACHO,DESPACHO,True
4190139640,NORMAL,Regiones,True,10-06-2026 12:56:14,10-06-2026 17:43:57,10-06-2026 17:43:57,11-06-2026 11:26:00,11-06-2026 11:26:00,,,11-06-2026 11:26:00,11-06-2026 11:26:00,DESPACHO,DESPACHO,True
4190139631,NORMAL,Regiones,True,09-06-2026 19:49:29,10-06-2026 15:40:59,10-06-2026 15:40:59,11-06-2026 11:26:00,11-06-2026 11:26:00,,,11-06-2026 11:26:00,11-06-2026 11:26:00,DESPACHO,DESPACHO,True
1167092,NORMAL,Regiones,True,08-06-2026 14:36:36,09-06-2026 0:00:00,09-06-2026 0:00:00,10-06-2026 12:44:00,10-06-2026 12:44:00,,,10-06-2026 12:44:00,10-06-2026 12:44:00,DESPACHO,DESPACHO,True
1167084,NORMAL,Regiones,True,08-06-2026 0:00:00,09-06-2026 0:00:00,09-06-2026 0:00:00,10-06-2026 15:19:00,10-06-2026 15:19:00,,,10-06-2026 15:19:00,10-06-2026 15:19:00,DESPACHO,DESPACHO,True
4190139476,NORMAL,Regiones,True,27-05-2026 15:28:13,28-05-2026 17:28:48,28-05-2026 17:28:48,29-05-2026 11:44:00,29-05-2026 11:44:00,,,29-05-2026 11:44:00,29-05-2026 11:44:00,DESPACHO,DESPACHO,True
1166645,NORMAL,Regiones,True,26-05-2026 8:59:54,26-05-2026 17:37:06,26-05-2026 17:37:06,27-05-2026 8:19:00,27-05-2026 8:19:00,,,27-05-2026 8:19:00,27-05-2026 8:19:00,DESPACHO,DESPACHO,True
1166640,NORMAL,Regiones,True,25-05-2026 16:03:53,26-05-2026 16:47:09,26-05-2026 16:47:09,27-05-2026 8:28:00,27-05-2026 8:28:00,,,27-05-2026 8:28:00,27-05-2026 8:28:00,DESPACHO,DESPACHO,True
1166638,NORMAL,Santiago,True,25-05-2026 13:30:45,25-05-2026 16:58:41,25-05-2026 16:58:41,26-05-2026 11:47:00,26-05-2026 11:47:00,,,26-05-2026 11:47:00,26-05-2026 11:47:00,DESPACHO,DESPACHO,True
4190139421,NORMAL,Regiones,True,25-05-2026 9:34:59,26-05-2026 0:00:00,26-05-2026 0:00:00,27-05-2026 8:25:00,27-05-2026 8:25:00,,,27-05-2026 8:25:00,27-05-2026 8:25:00,DESPACHO,DESPACHO,True
4190139416,NORMAL,Regiones,True,25-05-2026 8:24:54,26-05-2026 16:15:49,26-05-2026 16:15:49,27-05-2026 15:23:00,27-05-2026 15:23:00,,,27-05-2026 15:23:00,27-05-2026 15:23:00,DESPACHO,DESPACHO,True
4190139417,NORMAL,Regiones,True,25-05-2026 0:00:00,25-05-2026 16:13:24,25-05-2026 16:13:24,26-05-2026 13:15:00,26-05-2026 13:15:00,,,26-05-2026 13:15:00,26-05-2026 13:15:00,DESPACHO,DESPACHO,True
4190139407,NORMAL,Regiones,True,22-05-2026 13:49:37,26-05-2026 17:11:37,26-05-2026 17:11:37,27-05-2026 8:15:00,27-05-2026 8:15:00,,,27-05-2026 8:15:00,27-05-2026 8:15:00,DESPACHO,DESPACHO,True
4190139389,NORMAL,Regiones,True,20-05-2026 9:50:07,20-05-2026 17:00:55,20-05-2026 17:00:55,22-05-2026 11:11:00,22-05-2026 11:11:00,,,22-05-2026 11:11:00,22-05-2026 11:11:00,DESPACHO,DESPACHO,True
4190139390,NORMAL,Regiones,True,20-05-2026 0:00:00,20-05-2026 0:00:00,20-05-2026 0:00:00,22-05-2026 11:11:00,22-05-2026 11:11:00,,,22-05-2026 11:11:00,22-05-2026 11:11:00,DESPACHO,DESPACHO,True
4190139363,NORMAL,Regiones,True,18-05-2026 18:24:57,19-05-2026 0:00:00,19-05-2026 0:00:00,20-05-2026 15:32:00,20-05-2026 15:32:00,,,20-05-2026 15:32:00,20-05-2026 15:32:00,DESPACHO,DESPACHO,True
4190139333,NORMAL,Regiones,True,14-05-2026 12:21:33,14-05-2026 16:52:23,14-05-2026 16:52:23,15-05-2026 8:46:00,15-05-2026 8:46:00,,,15-05-2026 8:46:00,15-05-2026 8:46:00,DESPACHO,DESPACHO,True
4190139326,NORMAL,Regiones,True,13-05-2026 0:00:00,14-05-2026 17:56:08,14-05-2026 17:56:08,15-05-2026 8:38:00,15-05-2026 8:38:00,,,15-05-2026 8:38:00,15-05-2026 8:38:00,DESPACHO,DESPACHO,True
4190139311,NORMAL,Regiones,True,12-05-2026 16:26:06,14-05-2026 11:41:54,14-05-2026 11:41:54,15-05-2026 11:51:00,15-05-2026 11:51:00,,,15-05-2026 11:51:00,15-05-2026 11:51:00,DESPACHO,DESPACHO,True
4190139287,NORMAL,Regiones,True,09-05-2026 18:15:27,14-05-2026 17:08:42,14-05-2026 17:08:42,15-05-2026 8:54:00,15-05-2026 8:54:00,,,15-05-2026 8:54:00,15-05-2026 8:54:00,DESPACHO,DESPACHO,True
4190139274,NORMAL,Regiones,True,08-05-2026 17:47:38,14-05-2026 16:44:46,14-05-2026 16:44:46,15-05-2026 8:44:00,15-05-2026 8:44:00,,,15-05-2026 8:44:00,15-05-2026 8:44:00,DESPACHO,DESPACHO,True
4190139273,NORMAL,Regiones,True,08-05-2026 0:00:00,14-05-2026 17:08:51,14-05-2026 17:08:51,15-05-2026 8:55:00,15-05-2026 8:55:00,,,15-05-2026 8:55:00,15-05-2026 8:55:00,DESPACHO,DESPACHO,True
1166429,NORMAL,Regiones,True,07-05-2026 11:44:13,08-05-2026 13:45:33,08-05-2026 13:45:33,11-05-2026 8:50:00,11-05-2026 8:50:00,,,11-05-2026 8:50:00,11-05-2026 8:50:00,DESPACHO,DESPACHO,True
1166410,NORMAL,Regiones,True,06-05-2026 10:43:21,08-05-2026 12:30:39,08-05-2026 12:30:39,11-05-2026 11:06:00,11-05-2026 11:06:00,,,11-05-2026 11:06:00,11-05-2026 11:06:00,DESPACHO,DESPACHO,True
1166400,NORMAL,Regiones,True,05-05-2026 15:46:29,08-05-2026 12:35:41,08-05-2026 12:35:41,11-05-2026 11:06:00,11-05-2026 11:06:00,,,11-05-2026 11:06:00,11-05-2026 11:06:00,DESPACHO,DESPACHO,True
1166386,NORMAL,Regiones,True,04-05-2026 15:17:52,06-05-2026 14:56:29,06-05-2026 14:56:29,07-05-2026 0:00:00,07-05-2026 0:00:00,,,07-05-2026 0:00:00,07-05-2026 0:00:00,DESPACHO,DESPACHO,True
1168049,NORMAL,Regiones,True,07-07-2026 13:40:01,10-07-2026 11:13:27,10-07-2026 11:13:27,13-07-2026 7:35:00,13-07-2026 7:35:00,,,13-07-2026 7:35:00,13-07-2026 7:35:00,DESPACHO,DESPACHO,True
1167293,NORMAL,Regiones,True,22-06-2026 17:21:48,24-06-2026 16:41:25,24-06-2026 16:41:25,25-06-2026 11:11:00,25-06-2026 11:11:00,,,25-06-2026 11:11:00,25-06-2026 11:11:00,DESPACHO,DESPACHO,True
1167252,NORMAL,Regiones,True,18-06-2026 17:20:03,19-06-2026 13:52:41,19-06-2026 13:52:41,22-06-2026 16:18:00,22-06-2026 16:18:00,,,22-06-2026 16:18:00,22-06-2026 16:18:00,DESPACHO,DESPACHO,True
1167234,NORMAL,Regiones,True,17-06-2026 15:29:45,18-06-2026 0:00:00,18-06-2026 0:00:00,19-06-2026 12:18:00,19-06-2026 12:18:00,,,19-06-2026 12:18:00,19-06-2026 12:18:00,DESPACHO,DESPACHO,True
1167224,NORMAL,Regiones,True,17-06-2026 9:56:24,18-06-2026 0:00:00,18-06-2026 0:00:00,19-06-2026 12:17:00,19-06-2026 12:17:00,,,19-06-2026 12:17:00,19-06-2026 12:17:00,DESPACHO,DESPACHO,True
1167220,NORMAL,Regiones,True,17-06-2026 9:13:47,18-06-2026 18:05:57,18-06-2026 18:05:57,19-06-2026 12:01:00,19-06-2026 12:01:00,,,19-06-2026 12:01:00,19-06-2026 12:01:00,DESPACHO,DESPACHO,True
1167227,NORMAL,Regiones,True,17-06-2026 0:00:00,18-06-2026 15:19:49,18-06-2026 15:19:49,19-06-2026 11:04:00,19-06-2026 11:04:00,,,19-06-2026 11:04:00,19-06-2026 11:04:00,DESPACHO,DESPACHO,True
4190139719,NORMAL,Regiones,True,16-06-2026 15:23:52,18-06-2026 0:00:00,18-06-2026 0:00:00,19-06-2026 12:19:00,19-06-2026 12:19:00,,,19-06-2026 12:19:00,19-06-2026 12:19:00,DESPACHO,DESPACHO,True
1167164,NORMAL,Regiones,True,15-06-2026 8:26:42,18-06-2026 0:00:00,18-06-2026 0:00:00,19-06-2026 11:18:00,19-06-2026 11:18:00,,,19-06-2026 11:18:00,19-06-2026 11:18:00,DESPACHO,DESPACHO,True
1167134,NORMAL,Regiones,True,11-06-2026 11:48:42,11-06-2026 15:36:55,11-06-2026 15:36:55,12-06-2026 11:45:00,12-06-2026 11:45:00,,,12-06-2026 11:45:00,12-06-2026 11:45:00,DESPACHO,DESPACHO,True
1167127,NORMAL,Regiones,True,10-06-2026 16:10:00,12-06-2026 13:05:49,12-06-2026 13:05:49,15-06-2026 7:04:00,15-06-2026 7:04:00,,,15-06-2026 7:04:00,15-06-2026 7:04:00,DESPACHO,DESPACHO,True
1167126,NORMAL,Regiones,True,10-06-2026 11:27:00,10-06-2026 14:50:31,10-06-2026 14:50:31,11-06-2026 11:25:00,11-06-2026 11:25:00,,,11-06-2026 11:25:00,11-06-2026 11:25:00,DESPACHO,DESPACHO,True
1167086,NORMAL,Regiones,True,08-06-2026 10:53:47,09-06-2026 16:59:02,09-06-2026 16:59:02,10-06-2026 12:50:00,10-06-2026 12:50:00,,,10-06-2026 12:50:00,10-06-2026 12:50:00,DESPACHO,DESPACHO,True
1167062,NORMAL,Regiones,True,04-06-2026 14:44:00,04-06-2026 17:23:51,04-06-2026 17:23:51,05-06-2026 12:10:00,05-06-2026 12:10:00,,,05-06-2026 12:10:00,05-06-2026 12:10:00,DESPACHO,DESPACHO,True
4190139589,NORMAL,Regiones,True,04-06-2026 0:00:00,05-06-2026 14:18:56,05-06-2026 14:18:56,08-06-2026 11:32:00,08-06-2026 11:32:00,,,08-06-2026 11:32:00,08-06-2026 11:32:00,DESPACHO,DESPACHO,True
1167046,NORMAL,Regiones,True,03-06-2026 12:55:44,05-06-2026 12:47:26,05-06-2026 12:47:26,08-06-2026 10:35:00,08-06-2026 10:35:00,,,08-06-2026 10:35:00,08-06-2026 10:35:00,DESPACHO,DESPACHO,True
1166653,NORMAL,Regiones,True,26-05-2026 13:46:39,26-05-2026 16:37:20,26-05-2026 16:37:20,27-05-2026 15:16:00,27-05-2026 15:16:00,,,27-05-2026 15:16:00,27-05-2026 15:16:00,DESPACHO,DESPACHO,True
1166591,NORMAL,Regiones,True,19-05-2026 14:51:35,19-05-2026 17:24:14,19-05-2026 17:24:14,20-05-2026 15:53:00,20-05-2026 15:53:00,,,20-05-2026 15:53:00,20-05-2026 15:53:00,DESPACHO,DESPACHO,True
1166555,NORMAL,Regiones,True,15-05-2026 19:22:49,19-05-2026 0:00:00,19-05-2026 0:00:00,20-05-2026 15:16:00,20-05-2026 15:16:00,,,20-05-2026 15:16:00,20-05-2026 15:16:00,DESPACHO,DESPACHO,True
1166538,NORMAL,Regiones,True,14-05-2026 20:50:40,15-05-2026 13:31:00,15-05-2026 13:31:00,18-05-2026 9:37:00,18-05-2026 9:37:00,,,18-05-2026 9:37:00,18-05-2026 9:37:00,DESPACHO,DESPACHO,True
1166526,NORMAL,Regiones,True,14-05-2026 11:54:13,15-05-2026 13:43:41,15-05-2026 13:43:41,18-05-2026 9:39:00,18-05-2026 9:39:00,,,18-05-2026 9:39:00,18-05-2026 9:39:00,DESPACHO,DESPACHO,True
1166520,NORMAL,Regiones,True,14-05-2026 9:30:31,14-05-2026 0:00:00,14-05-2026 0:00:00,15-05-2026 8:53:00,15-05-2026 8:53:00,,,15-05-2026 8:53:00,15-05-2026 8:53:00,DESPACHO,DESPACHO,True
1166498,NORMAL,Regiones,True,12-05-2026 17:54:51,14-05-2026 0:00:00,14-05-2026 0:00:00,15-05-2026 8:51:00,15-05-2026 8:51:00,,,15-05-2026 8:51:00,15-05-2026 8:51:00,DESPACHO,DESPACHO,True
1166493,NORMAL,Regiones,True,12-05-2026 11:30:40,14-05-2026 12:29:00,14-05-2026 12:29:00,15-05-2026 8:43:00,15-05-2026 8:43:00,,,15-05-2026 8:43:00,15-05-2026 8:43:00,DESPACHO,DESPACHO,True
1166467,NORMAL,Regiones,True,08-05-2026 22:29:48,14-05-2026 17:13:41,14-05-2026 17:13:41,15-05-2026 8:56:00,15-05-2026 8:56:00,,,15-05-2026 8:56:00,15-05-2026 8:56:00,DESPACHO,DESPACHO,True
1166455,NORMAL,Regiones,True,08-05-2026 18:08:51,12-05-2026 15:15:15,12-05-2026 15:15:15,13-05-2026 16:38:00,13-05-2026 16:38:00,,,13-05-2026 16:38:00,13-05-2026 16:38:00,DESPACHO,DESPACHO,True
1166439,NORMAL,Regiones,True,08-05-2026 9:19:24,13-05-2026 0:00:00,13-05-2026 0:00:00,14-05-2026 8:09:00,14-05-2026 8:09:00,,,14-05-2026 8:09:00,14-05-2026 8:09:00,DESPACHO,DESPACHO,True
1166385,NORMAL,Regiones,True,04-05-2026 15:13:59,08-05-2026 0:00:00,08-05-2026 0:00:00,11-05-2026 7:22:00,11-05-2026 7:22:00,,,11-05-2026 7:22:00,11-05-2026 7:22:00,DESPACHO,DESPACHO,True
4190139824,NORMAL,Santiago,True,22-06-2026 23:08:49,24-06-2026 17:22:49,24-06-2026 17:22:49,25-06-2026 11:52:00,25-06-2026 11:52:00,,,25-06-2026 11:52:00,25-06-2026 11:52:00,DESPACHO,DESPACHO,True
1167288,NORMAL,Santiago,True,22-06-2026 16:33:05,24-06-2026 16:41:43,24-06-2026 16:41:43,25-06-2026 11:08:00,25-06-2026 11:08:00,,,25-06-2026 11:08:00,25-06-2026 11:08:00,DESPACHO,DESPACHO,True
4190139779,NORMAL,Santiago,True,22-06-2026 11:54:23,24-06-2026 16:42:10,24-06-2026 16:42:10,25-06-2026 11:07:00,25-06-2026 11:07:00,,,25-06-2026 11:07:00,25-06-2026 11:07:00,DESPACHO,DESPACHO,True
1166672,NORMAL,Santiago,True,27-05-2026 13:42:31,28-05-2026 17:30:26,28-05-2026 17:30:26,29-05-2026 11:59:00,29-05-2026 11:59:00,,,29-05-2026 11:59:00,29-05-2026 11:59:00,DESPACHO,DESPACHO,True
4190139406,NORMAL,Santiago,True,22-05-2026 13:13:23,26-05-2026 0:00:00,26-05-2026 0:00:00,27-05-2026 15:03:00,27-05-2026 15:03:00,,,27-05-2026 15:03:00,27-05-2026 15:03:00,DESPACHO,DESPACHO,True
4190139349,NORMAL,Santiago,True,15-05-2026 8:58:41,15-05-2026 12:45:58,15-05-2026 12:45:58,18-05-2026 9:33:00,18-05-2026 9:33:00,,,18-05-2026 9:33:00,18-05-2026 9:33:00,DESPACHO,DESPACHO,True
4190139348,NORMAL,Santiago,True,15-05-2026 8:26:28,19-05-2026 0:00:00,19-05-2026 0:00:00,20-05-2026 15:10:00,20-05-2026 15:10:00,,,20-05-2026 15:10:00,20-05-2026 15:10:00,DESPACHO,DESPACHO,True
4190139317,NORMAL,Santiago,True,13-05-2026 9:26:18,14-05-2026 17:56:35,14-05-2026 17:56:35,15-05-2026 8:40:00,15-05-2026 8:40:00,,,15-05-2026 8:40:00,15-05-2026 8:40:00,DESPACHO,DESPACHO,True
4190139207,NORMAL,Santiago,True,06-05-2026 0:00:00,11-05-2026 17:27:00,11-05-2026 17:27:00,12-05-2026 9:08:00,12-05-2026 9:08:00,,,12-05-2026 9:08:00,12-05-2026 9:08:00,DESPACHO,DESPACHO,True
4190140006,NORMAL,Regiones,True,10-07-2026 8:59:25,10-07-2026 12:12:35,10-07-2026 12:12:35,13-07-2026 7:46:00,13-07-2026 7:46:00,,,13-07-2026 7:46:00,13-07-2026 7:46:00,DESPACHO,DESPACHO,True
4190139999,NORMAL,Regiones,True,08-07-2026 21:19:48,10-07-2026 12:12:33,10-07-2026 12:12:33,13-07-2026 7:46:00,13-07-2026 7:46:00,,,13-07-2026 7:46:00,13-07-2026 7:46:00,DESPACHO,DESPACHO,True
4190139997,NORMAL,Regiones,True,08-07-2026 20:45:22,10-07-2026 13:19:28,10-07-2026 13:19:28,13-07-2026 7:21:00,13-07-2026 7:21:00,,,13-07-2026 7:21:00,13-07-2026 7:21:00,DESPACHO,DESPACHO,True
4190139995,NORMAL,Regiones,True,08-07-2026 18:44:51,10-07-2026 13:34:43,10-07-2026 13:34:43,13-07-2026 7:22:00,13-07-2026 7:22:00,,,13-07-2026 7:22:00,13-07-2026 7:22:00,DESPACHO,DESPACHO,True
4190139992,NORMAL,Regiones,True,08-07-2026 0:00:00,10-07-2026 13:09:56,10-07-2026 13:09:56,13-07-2026 6:59:00,13-07-2026 6:59:00,,,13-07-2026 6:59:00,13-07-2026 6:59:00,DESPACHO,DESPACHO,True
4190139983,NORMAL,Regiones,True,07-07-2026 15:57:40,10-07-2026 10:41:50,10-07-2026 10:41:50,13-07-2026 7:40:00,13-07-2026 7:40:00,,,13-07-2026 7:40:00,13-07-2026 7:40:00,DESPACHO,DESPACHO,True
4190139982,NORMAL,Regiones,True,07-07-2026 15:56:13,10-07-2026 13:09:46,10-07-2026 13:09:46,13-07-2026 7:00:00,13-07-2026 7:00:00,,,13-07-2026 7:00:00,13-07-2026 7:00:00,DESPACHO,DESPACHO,True
4190139977,NORMAL,Regiones,True,07-07-2026 10:58:17,10-07-2026 13:19:33,10-07-2026 13:19:33,13-07-2026 7:20:00,13-07-2026 7:20:00,,,13-07-2026 7:20:00,13-07-2026 7:20:00,DESPACHO,DESPACHO,True
4190139975,NORMAL,Regiones,True,06-07-2026 22:42:16,10-07-2026 12:25:19,10-07-2026 12:25:19,13-07-2026 7:47:00,13-07-2026 7:47:00,,,13-07-2026 7:47:00,13-07-2026 7:47:00,DESPACHO,DESPACHO,True
4190139972,NORMAL,Regiones,True,06-07-2026 19:16:47,10-07-2026 10:47:46,10-07-2026 10:47:46,13-07-2026 7:38:00,13-07-2026 7:38:00,,,13-07-2026 7:38:00,13-07-2026 7:38:00,DESPACHO,DESPACHO,True
4190139968,NORMAL,Regiones,True,06-07-2026 14:47:18,09-07-2026 16:10:40,09-07-2026 16:10:40,10-07-2026 7:56:00,10-07-2026 7:56:00,,,10-07-2026 7:56:00,10-07-2026 7:56:00,DESPACHO,DESPACHO,True
4190139967,NORMAL,Regiones,True,06-07-2026 14:44:39,10-07-2026 13:16:22,10-07-2026 13:16:22,13-07-2026 7:19:00,13-07-2026 7:19:00,,,13-07-2026 7:19:00,13-07-2026 7:19:00,DESPACHO,DESPACHO,True
4190139966,NORMAL,Regiones,True,06-07-2026 13:13:07,09-07-2026 0:00:00,09-07-2026 0:00:00,10-07-2026 7:59:00,10-07-2026 7:59:00,,,10-07-2026 7:59:00,10-07-2026 7:59:00,DESPACHO,DESPACHO,True
4190139965,NORMAL,Regiones,True,06-07-2026 11:29:08,10-07-2026 13:09:41,10-07-2026 13:09:41,13-07-2026 7:17:00,13-07-2026 7:17:00,,,13-07-2026 7:17:00,13-07-2026 7:17:00,DESPACHO,DESPACHO,True
4190139964,NORMAL,Regiones,True,06-07-2026 10:52:33,10-07-2026 13:09:33,10-07-2026 13:09:33,13-07-2026 7:18:00,13-07-2026 7:18:00,,,13-07-2026 7:18:00,13-07-2026 7:18:00,DESPACHO,DESPACHO,True
4190139963,NORMAL,Regiones,True,06-07-2026 10:46:19,09-07-2026 0:00:00,09-07-2026 0:00:00,10-07-2026 7:36:00,10-07-2026 7:36:00,,,10-07-2026 7:36:00,10-07-2026 7:36:00,DESPACHO,DESPACHO,True
4190139962,NORMAL,Regiones,True,06-07-2026 10:42:08,07-07-2026 16:06:45,07-07-2026 16:06:45,08-07-2026 16:01:00,08-07-2026 16:01:00,,,08-07-2026 16:01:00,08-07-2026 16:01:00,DESPACHO,DESPACHO,True
1168027,NORMAL,Regiones,True,06-07-2026 9:24:58,10-07-2026 11:13:33,10-07-2026 11:13:33,13-07-2026 7:37:00,13-07-2026 7:37:00,,,13-07-2026 7:37:00,13-07-2026 7:37:00,DESPACHO,DESPACHO,True
1168026,NORMAL,Regiones,True,06-07-2026 9:19:25,10-07-2026 13:47:34,10-07-2026 13:47:34,13-07-2026 7:22:00,13-07-2026 7:22:00,,,13-07-2026 7:22:00,13-07-2026 7:22:00,DESPACHO,DESPACHO,True
4190139961,NORMAL,Regiones,True,06-07-2026 8:39:55,08-07-2026 16:30:09,08-07-2026 16:30:09,09-07-2026 8:24:00,09-07-2026 8:24:00,,,09-07-2026 8:24:00,09-07-2026 8:24:00,DESPACHO,DESPACHO,True
4190139855,NORMAL,Regiones,True,24-06-2026 16:39:33,26-06-2026 12:41:30,26-06-2026 12:41:30,30-06-2026 11:49:00,30-06-2026 11:49:00,,,30-06-2026 11:49:00,30-06-2026 11:49:00,DESPACHO,DESPACHO,True
4190139850,NORMAL,Regiones,True,24-06-2026 12:29:08,26-06-2026 12:57:19,26-06-2026 12:57:19,30-06-2026 14:33:00,30-06-2026 14:33:00,,,30-06-2026 14:33:00,30-06-2026 14:33:00,DESPACHO,DESPACHO,True
1167330,NORMAL,Regiones,True,24-06-2026 8:21:09,25-06-2026 12:40:33,25-06-2026 12:40:33,26-06-2026 9:25:00,26-06-2026 9:25:00,,,26-06-2026 9:25:00,26-06-2026 9:25:00,DESPACHO,DESPACHO,True
1167326,NORMAL,Regiones,True,24-06-2026 1:28:58,26-06-2026 13:15:14,26-06-2026 13:15:14,30-06-2026 11:56:00,30-06-2026 11:56:00,,,30-06-2026 11:56:00,30-06-2026 11:56:00,DESPACHO,DESPACHO,True
4190139846,NORMAL,Regiones,True,23-06-2026 21:54:07,26-06-2026 12:45:45,26-06-2026 12:45:45,30-06-2026 14:33:00,30-06-2026 14:33:00,,,30-06-2026 14:33:00,30-06-2026 14:33:00,DESPACHO,DESPACHO,True
4190139840,NORMAL,Regiones,True,23-06-2026 17:20:16,26-06-2026 13:15:25,26-06-2026 13:15:25,30-06-2026 14:33:00,30-06-2026 14:33:00,,,30-06-2026 14:33:00,30-06-2026 14:33:00,DESPACHO,DESPACHO,True
4190139839,NORMAL,Regiones,True,23-06-2026 17:16:02,26-06-2026 13:13:03,26-06-2026 13:13:03,30-06-2026 14:33:00,30-06-2026 14:33:00,,,30-06-2026 14:33:00,30-06-2026 14:33:00,DESPACHO,DESPACHO,True
4190139838,NORMAL,Regiones,True,23-06-2026 16:40:51,26-06-2026 12:45:35,26-06-2026 12:45:35,30-06-2026 14:33:00,30-06-2026 14:33:00,,,30-06-2026 14:33:00,30-06-2026 14:33:00,DESPACHO,DESPACHO,True
4190139834,NORMAL,Regiones,True,23-06-2026 11:44:58,25-06-2026 12:52:58,25-06-2026 12:52:58,26-06-2026 9:27:00,26-06-2026 9:27:00,,,26-06-2026 9:27:00,26-06-2026 9:27:00,DESPACHO,DESPACHO,True
4190139831,NORMAL,Regiones,True,23-06-2026 0:05:53,25-06-2026 16:35:38,25-06-2026 16:35:38,26-06-2026 9:18:00,26-06-2026 9:18:00,,,26-06-2026 9:18:00,26-06-2026 9:18:00,DESPACHO,DESPACHO,True
4190139826,NORMAL,Regiones,True,22-06-2026 23:16:46,25-06-2026 16:32:05,25-06-2026 16:32:05,26-06-2026 9:28:00,26-06-2026 9:28:00,,,26-06-2026 9:28:00,26-06-2026 9:28:00,DESPACHO,DESPACHO,True
4190139821,NORMAL,Regiones,True,22-06-2026 22:54:08,25-06-2026 16:20:34,25-06-2026 16:20:34,26-06-2026 9:21:00,26-06-2026 9:21:00,,,26-06-2026 9:21:00,26-06-2026 9:21:00,DESPACHO,DESPACHO,True
4190139813,NORMAL,Regiones,True,22-06-2026 21:07:37,25-06-2026 16:20:51,25-06-2026 16:20:51,26-06-2026 9:18:00,26-06-2026 9:18:00,,,26-06-2026 9:18:00,26-06-2026 9:18:00,DESPACHO,DESPACHO,True
4190139810,NORMAL,Regiones,True,22-06-2026 20:21:28,24-06-2026 16:41:49,24-06-2026 16:41:49,25-06-2026 11:16:00,25-06-2026 11:16:00,,,25-06-2026 11:16:00,25-06-2026 11:16:00,DESPACHO,DESPACHO,True
4190139808,NORMAL,Regiones,True,22-06-2026 19:38:05,25-06-2026 16:20:46,25-06-2026 16:20:46,26-06-2026 9:26:00,26-06-2026 9:26:00,,,26-06-2026 9:26:00,26-06-2026 9:26:00,DESPACHO,DESPACHO,True
4190139800,NORMAL,Regiones,True,22-06-2026 17:51:28,24-06-2026 16:42:22,24-06-2026 16:42:22,25-06-2026 11:17:00,25-06-2026 11:17:00,,,25-06-2026 11:17:00,25-06-2026 11:17:00,DESPACHO,DESPACHO,True
4190139784,NORMAL,Regiones,True,22-06-2026 13:32:44,24-06-2026 0:00:00,24-06-2026 0:00:00,25-06-2026 11:50:00,25-06-2026 11:50:00,,,25-06-2026 11:50:00,25-06-2026 11:50:00,DESPACHO,DESPACHO,True
4190139777,NORMAL,Regiones,True,22-06-2026 0:00:00,22-06-2026 14:43:41,22-06-2026 14:43:41,23-06-2026 7:05:00,23-06-2026 7:05:00,,,23-06-2026 7:05:00,23-06-2026 7:05:00,DESPACHO,DESPACHO,True
4190139776,NORMAL,Regiones,True,19-06-2026 17:15:34,24-06-2026 15:25:37,24-06-2026 15:25:37,25-06-2026 11:21:00,25-06-2026 11:21:00,,,25-06-2026 11:21:00,25-06-2026 11:21:00,DESPACHO,DESPACHO,True
4190139768,NORMAL,Regiones,True,18-06-2026 22:27:28,19-06-2026 13:52:36,19-06-2026 13:52:36,22-06-2026 15:56:00,22-06-2026 15:56:00,,,22-06-2026 15:56:00,22-06-2026 15:56:00,DESPACHO,DESPACHO,True
4190139767,NORMAL,Regiones,True,18-06-2026 20:55:06,22-06-2026 16:56:36,22-06-2026 16:56:36,23-06-2026 8:06:00,23-06-2026 8:06:00,,,23-06-2026 8:06:00,23-06-2026 8:06:00,DESPACHO,DESPACHO,True
4190139765,NORMAL,Regiones,True,18-06-2026 19:48:59,19-06-2026 10:57:41,19-06-2026 10:57:41,22-06-2026 16:04:00,22-06-2026 16:04:00,,,22-06-2026 16:04:00,22-06-2026 16:04:00,DESPACHO,DESPACHO,True
1167259,NORMAL,Regiones,True,18-06-2026 19:20:05,22-06-2026 14:44:55,22-06-2026 14:44:55,23-06-2026 7:10:00,23-06-2026 7:10:00,,,23-06-2026 7:10:00,23-06-2026 7:10:00,DESPACHO,DESPACHO,True
4190139756,NORMAL,Regiones,True,18-06-2026 16:02:53,19-06-2026 9:51:42,19-06-2026 9:51:42,22-06-2026 15:46:00,22-06-2026 15:46:00,,,22-06-2026 15:46:00,22-06-2026 15:46:00,DESPACHO,DESPACHO,True
4190139753,NORMAL,Regiones,True,18-06-2026 15:11:58,19-06-2026 13:52:31,19-06-2026 13:52:31,22-06-2026 15:50:00,22-06-2026 15:50:00,,,22-06-2026 15:50:00,22-06-2026 15:50:00,DESPACHO,DESPACHO,True
4190139749,NORMAL,Regiones,True,18-06-2026 13:17:10,18-06-2026 0:00:00,18-06-2026 0:00:00,19-06-2026 12:20:00,19-06-2026 12:20:00,,,19-06-2026 12:20:00,19-06-2026 12:20:00,DESPACHO,DESPACHO,True
4190139743,NORMAL,Regiones,True,17-06-2026 21:43:45,18-06-2026 15:19:25,18-06-2026 15:19:25,19-06-2026 10:57:00,19-06-2026 10:57:00,,,19-06-2026 10:57:00,19-06-2026 10:57:00,DESPACHO,DESPACHO,True
4190139741,NORMAL,Regiones,True,17-06-2026 18:38:24,19-06-2026 9:51:44,19-06-2026 9:51:44,22-06-2026 15:43:00,22-06-2026 15:43:00,,,22-06-2026 15:43:00,22-06-2026 15:43:00,DESPACHO,DESPACHO,True
4190139735,NORMAL,Regiones,True,17-06-2026 12:54:38,17-06-2026 14:49:08,17-06-2026 14:49:08,18-06-2026 15:43:00,18-06-2026 15:43:00,,,18-06-2026 15:43:00,18-06-2026 15:43:00,DESPACHO,DESPACHO,True
4190139734,NORMAL,Regiones,True,17-06-2026 12:43:56,17-06-2026 16:39:06,17-06-2026 16:39:06,18-06-2026 15:44:00,18-06-2026 15:44:00,,,18-06-2026 15:44:00,18-06-2026 15:44:00,DESPACHO,DESPACHO,True
4190139733,NORMAL,Regiones,True,17-06-2026 11:47:58,18-06-2026 0:00:00,18-06-2026 0:00:00,19-06-2026 10:59:00,19-06-2026 10:59:00,,,19-06-2026 10:59:00,19-06-2026 10:59:00,DESPACHO,DESPACHO,True
4190139720,NORMAL,Regiones,True,16-06-2026 15:27:04,18-06-2026 18:04:51,18-06-2026 18:04:51,19-06-2026 12:04:00,19-06-2026 12:04:00,,,19-06-2026 12:04:00,19-06-2026 12:04:00,DESPACHO,DESPACHO,True
4190139718,NORMAL,Regiones,True,16-06-2026 14:07:34,16-06-2026 17:25:34,16-06-2026 17:25:34,17-06-2026 15:23:00,17-06-2026 15:23:00,,,17-06-2026 15:23:00,17-06-2026 15:23:00,DESPACHO,DESPACHO,True
4190139717,NORMAL,Regiones,True,16-06-2026 13:49:20,16-06-2026 17:33:56,16-06-2026 17:33:56,17-06-2026 15:21:00,17-06-2026 15:21:00,,,17-06-2026 15:21:00,17-06-2026 15:21:00,DESPACHO,DESPACHO,True
4190139716,NORMAL,Regiones,True,16-06-2026 13:27:08,18-06-2026 15:13:02,18-06-2026 15:13:02,19-06-2026 11:03:00,19-06-2026 11:03:00,,,19-06-2026 11:03:00,19-06-2026 11:03:00,DESPACHO,DESPACHO,True
4190139709,NORMAL,Regiones,True,15-06-2026 18:06:50,18-06-2026 0:00:00,18-06-2026 0:00:00,19-06-2026 10:52:00,19-06-2026 10:52:00,,,19-06-2026 10:52:00,19-06-2026 10:52:00,DESPACHO,DESPACHO,True
4190139707,NORMAL,Regiones,True,15-06-2026 17:48:48,16-06-2026 16:14:06,16-06-2026 16:14:06,17-06-2026 15:31:00,17-06-2026 15:31:00,,,17-06-2026 15:31:00,17-06-2026 15:31:00,DESPACHO,DESPACHO,True
4190139706,NORMAL,Regiones,True,15-06-2026 17:44:47,18-06-2026 15:19:06,18-06-2026 15:19:06,19-06-2026 10:52:00,19-06-2026 10:52:00,,,19-06-2026 10:52:00,19-06-2026 10:52:00,DESPACHO,DESPACHO,True
4190139705,NORMAL,Regiones,True,15-06-2026 17:38:35,18-06-2026 0:00:00,18-06-2026 0:00:00,19-06-2026 10:52:00,19-06-2026 10:52:00,,,19-06-2026 10:52:00,19-06-2026 10:52:00,DESPACHO,DESPACHO,True
4190139703,NORMAL,Regiones,True,15-06-2026 17:17:07,18-06-2026 15:18:56,18-06-2026 15:18:56,19-06-2026 10:52:00,19-06-2026 10:52:00,,,19-06-2026 10:52:00,19-06-2026 10:52:00,DESPACHO,DESPACHO,True
4190139701,NORMAL,Regiones,True,15-06-2026 13:34:31,16-06-2026 17:32:43,16-06-2026 17:32:43,17-06-2026 15:33:00,17-06-2026 15:33:00,,,17-06-2026 15:33:00,17-06-2026 15:33:00,DESPACHO,DESPACHO,True
4190139700,NORMAL,Regiones,True,15-06-2026 12:47:18,16-06-2026 17:32:13,16-06-2026 17:32:13,17-06-2026 15:45:00,17-06-2026 15:45:00,,,17-06-2026 15:45:00,17-06-2026 15:45:00,DESPACHO,DESPACHO,True
4190139699,NORMAL,Regiones,True,15-06-2026 12:23:01,16-06-2026 17:32:09,16-06-2026 17:32:09,17-06-2026 15:35:00,17-06-2026 15:35:00,,,17-06-2026 15:35:00,17-06-2026 15:35:00,DESPACHO,DESPACHO,True
4190139712,NORMAL,Regiones,True,15-06-2026 0:00:00,18-06-2026 15:01:48,18-06-2026 15:01:48,19-06-2026 10:53:00,19-06-2026 10:53:00,,,19-06-2026 10:53:00,19-06-2026 10:53:00,DESPACHO,DESPACHO,True
4190139697,NORMAL,Regiones,True,14-06-2026 23:51:03,15-06-2026 14:30:48,15-06-2026 14:30:48,16-06-2026 7:22:00,16-06-2026 7:22:00,,,16-06-2026 7:22:00,16-06-2026 7:22:00,DESPACHO,DESPACHO,True
4190139696,NORMAL,Regiones,True,14-06-2026 23:08:39,18-06-2026 15:19:19,18-06-2026 15:19:19,19-06-2026 11:02:00,19-06-2026 11:02:00,,,19-06-2026 11:02:00,19-06-2026 11:02:00,DESPACHO,DESPACHO,True
4190139695,NORMAL,Regiones,True,14-06-2026 22:41:19,15-06-2026 0:00:00,15-06-2026 0:00:00,16-06-2026 7:21:00,16-06-2026 7:21:00,,,16-06-2026 7:21:00,16-06-2026 7:21:00,DESPACHO,DESPACHO,True
4190139688,NORMAL,Regiones,True,12-06-2026 13:52:23,16-06-2026 17:32:01,16-06-2026 17:32:01,17-06-2026 15:44:00,17-06-2026 15:44:00,,,17-06-2026 15:44:00,17-06-2026 15:44:00,DESPACHO,DESPACHO,True
4190139685,NORMAL,Regiones,True,12-06-2026 12:45:50,15-06-2026 15:15:06,15-06-2026 15:15:06,16-06-2026 7:23:00,16-06-2026 7:23:00,,,16-06-2026 7:23:00,16-06-2026 7:23:00,DESPACHO,DESPACHO,True
4190139684,NORMAL,Regiones,True,12-06-2026 12:41:40,15-06-2026 15:15:29,15-06-2026 15:15:29,16-06-2026 15:15:00,16-06-2026 15:15:00,,,16-06-2026 15:15:00,16-06-2026 15:15:00,DESPACHO,DESPACHO,True
4190139681,NORMAL,Regiones,True,12-06-2026 12:08:58,16-06-2026 17:31:54,16-06-2026 17:31:54,17-06-2026 15:37:00,17-06-2026 15:37:00,,,17-06-2026 15:37:00,17-06-2026 15:37:00,DESPACHO,DESPACHO,True
4190139674,NORMAL,Regiones,True,11-06-2026 18:20:55,12-06-2026 12:37:20,12-06-2026 12:37:20,15-06-2026 7:07:00,15-06-2026 7:07:00,,,15-06-2026 7:07:00,15-06-2026 7:07:00,DESPACHO,DESPACHO,True
4190139672,NORMAL,Regiones,True,11-06-2026 14:17:45,12-06-2026 12:16:31,12-06-2026 12:16:31,15-06-2026 7:08:00,15-06-2026 7:08:00,,,15-06-2026 7:08:00,15-06-2026 7:08:00,DESPACHO,DESPACHO,True
4190139671,NORMAL,Regiones,True,11-06-2026 14:17:32,12-06-2026 0:00:00,12-06-2026 0:00:00,15-06-2026 7:06:00,15-06-2026 7:06:00,,,15-06-2026 7:06:00,15-06-2026 7:06:00,DESPACHO,DESPACHO,True
4190139670,NORMAL,Regiones,True,11-06-2026 14:13:20,12-06-2026 12:09:35,12-06-2026 12:09:35,15-06-2026 14:48:00,15-06-2026 14:48:00,,,15-06-2026 14:48:00,15-06-2026 14:48:00,DESPACHO,DESPACHO,True
4190139668,NORMAL,Regiones,True,11-06-2026 12:16:53,12-06-2026 0:00:00,12-06-2026 0:00:00,15-06-2026 7:07:00,15-06-2026 7:07:00,,,15-06-2026 7:07:00,15-06-2026 7:07:00,DESPACHO,DESPACHO,True
4190139666,NORMAL,Regiones,True,11-06-2026 11:42:28,12-06-2026 11:22:31,12-06-2026 11:22:31,15-06-2026 14:43:00,15-06-2026 14:43:00,,,15-06-2026 14:43:00,15-06-2026 14:43:00,DESPACHO,DESPACHO,True
4190139658,NORMAL,Regiones,True,11-06-2026 9:47:51,11-06-2026 12:35:56,11-06-2026 12:35:56,12-06-2026 11:16:00,12-06-2026 11:16:00,,,12-06-2026 11:16:00,12-06-2026 11:16:00,DESPACHO,DESPACHO,True
4190139657,NORMAL,Regiones,True,11-06-2026 9:16:38,11-06-2026 0:00:00,11-06-2026 0:00:00,12-06-2026 11:42:00,12-06-2026 11:42:00,,,12-06-2026 11:42:00,12-06-2026 11:42:00,DESPACHO,DESPACHO,True
4190139656,NORMAL,Regiones,True,11-06-2026 9:15:26,11-06-2026 0:00:00,11-06-2026 0:00:00,12-06-2026 11:31:00,12-06-2026 11:31:00,,,12-06-2026 11:31:00,12-06-2026 11:31:00,DESPACHO,DESPACHO,True
4190139652,NORMAL,Regiones,True,11-06-2026 9:10:32,11-06-2026 0:00:00,11-06-2026 0:00:00,12-06-2026 11:33:00,12-06-2026 11:33:00,,,12-06-2026 11:33:00,12-06-2026 11:33:00,DESPACHO,DESPACHO,True
4190139645,NORMAL,Regiones,True,11-06-2026 8:42:57,11-06-2026 16:08:37,11-06-2026 16:08:37,12-06-2026 11:26:00,12-06-2026 11:26:00,,,12-06-2026 11:26:00,12-06-2026 11:26:00,DESPACHO,DESPACHO,True
4190139651,NORMAL,Regiones,True,11-06-2026 0:00:00,11-06-2026 16:08:56,11-06-2026 16:08:56,12-06-2026 11:35:00,12-06-2026 11:35:00,,,12-06-2026 11:35:00,12-06-2026 11:35:00,DESPACHO,DESPACHO,True
4190139669,NORMAL,Regiones,True,11-06-2026 0:00:00,12-06-2026 10:49:41,12-06-2026 10:49:41,15-06-2026 14:47:00,15-06-2026 14:47:00,,,15-06-2026 14:47:00,15-06-2026 14:47:00,DESPACHO,DESPACHO,True
4190139638,NORMAL,Regiones,True,10-06-2026 12:03:47,11-06-2026 15:58:51,11-06-2026 15:58:51,12-06-2026 11:48:00,12-06-2026 11:48:00,,,12-06-2026 11:48:00,12-06-2026 11:48:00,DESPACHO,DESPACHO,True
4190139635,NORMAL,Regiones,True,09-06-2026 22:51:11,11-06-2026 9:53:45,11-06-2026 9:53:45,12-06-2026 10:40:00,12-06-2026 10:40:00,,,12-06-2026 10:40:00,12-06-2026 10:40:00,DESPACHO,DESPACHO,True
4190139622,NORMAL,Regiones,True,09-06-2026 12:07:49,09-06-2026 15:47:19,09-06-2026 15:47:19,10-06-2026 11:59:00,10-06-2026 11:59:00,,,10-06-2026 11:59:00,10-06-2026 11:59:00,DESPACHO,DESPACHO,True
4190139621,NORMAL,Regiones,True,09-06-2026 10:43:35,09-06-2026 17:18:59,09-06-2026 17:18:59,10-06-2026 12:46:00,10-06-2026 12:46:00,,,10-06-2026 12:46:00,10-06-2026 12:46:00,DESPACHO,DESPACHO,True
4190139619,NORMAL,Regiones,True,09-06-2026 10:31:10,10-06-2026 14:20:41,10-06-2026 14:20:41,11-06-2026 11:22:00,11-06-2026 11:22:00,,,11-06-2026 11:22:00,11-06-2026 11:22:00,DESPACHO,DESPACHO,True
4190139611,NORMAL,Regiones,True,08-06-2026 17:47:14,09-06-2026 15:47:05,09-06-2026 15:47:05,10-06-2026 11:58:00,10-06-2026 11:58:00,,,10-06-2026 11:58:00,10-06-2026 11:58:00,DESPACHO,DESPACHO,True
4190139605,NORMAL,Regiones,True,08-06-2026 15:49:51,09-06-2026 14:16:21,09-06-2026 14:16:21,10-06-2026 12:42:00,10-06-2026 12:42:00,,,10-06-2026 12:42:00,10-06-2026 12:42:00,DESPACHO,DESPACHO,True
4190139603,NORMAL,Regiones,True,08-06-2026 15:43:26,09-06-2026 14:41:04,09-06-2026 14:41:04,10-06-2026 12:47:00,10-06-2026 12:47:00,,,10-06-2026 12:47:00,10-06-2026 12:47:00,DESPACHO,DESPACHO,True
4190139601,NORMAL,Regiones,True,08-06-2026 15:36:01,09-06-2026 14:36:04,09-06-2026 14:36:04,10-06-2026 12:01:00,10-06-2026 12:01:00,,,10-06-2026 12:01:00,10-06-2026 12:01:00,DESPACHO,DESPACHO,True
4190139598,NORMAL,Regiones,True,07-06-2026 23:35:24,09-06-2026 14:36:00,09-06-2026 14:36:00,10-06-2026 12:40:00,10-06-2026 12:40:00,,,10-06-2026 12:40:00,10-06-2026 12:40:00,DESPACHO,DESPACHO,True
4190139595,NORMAL,Regiones,True,04-06-2026 20:55:22,10-06-2026 14:48:31,10-06-2026 14:48:31,11-06-2026 11:24:00,11-06-2026 11:24:00,,,11-06-2026 11:24:00,11-06-2026 11:24:00,DESPACHO,DESPACHO,True
1167068,NORMAL,Regiones,True,04-06-2026 18:48:29,05-06-2026 13:19:22,05-06-2026 13:19:22,08-06-2026 11:33:00,08-06-2026 11:33:00,,,08-06-2026 11:33:00,08-06-2026 11:33:00,DESPACHO,DESPACHO,True
1167066,NORMAL,Regiones,True,04-06-2026 15:27:44,05-06-2026 12:45:13,05-06-2026 12:45:13,08-06-2026 10:38:00,08-06-2026 10:38:00,,,08-06-2026 10:38:00,08-06-2026 10:38:00,DESPACHO,DESPACHO,True
4190139585,NORMAL,Regiones,True,04-06-2026 14:24:43,08-06-2026 17:39:38,08-06-2026 17:39:38,09-06-2026 12:53:00,09-06-2026 12:53:00,,,09-06-2026 12:53:00,09-06-2026 12:53:00,DESPACHO,DESPACHO,True
4190139584,NORMAL,Regiones,True,04-06-2026 14:17:15,09-06-2026 14:28:33,09-06-2026 14:28:33,10-06-2026 12:43:00,10-06-2026 12:43:00,,,10-06-2026 12:43:00,10-06-2026 12:43:00,DESPACHO,DESPACHO,True
4190139579,NORMAL,Regiones,True,03-06-2026 17:21:11,05-06-2026 12:44:40,05-06-2026 12:44:40,08-06-2026 10:34:00,08-06-2026 10:34:00,,,08-06-2026 10:34:00,08-06-2026 10:34:00,DESPACHO,DESPACHO,True
4190139573,NORMAL,Regiones,True,03-06-2026 15:20:16,08-06-2026 16:02:49,08-06-2026 16:02:49,09-06-2026 12:56:00,09-06-2026 12:56:00,,,09-06-2026 12:56:00,09-06-2026 12:56:00,DESPACHO,DESPACHO,True
4190139567,NORMAL,Regiones,True,03-06-2026 11:42:52,05-06-2026 12:47:21,05-06-2026 12:47:21,08-06-2026 10:37:00,08-06-2026 10:37:00,,,08-06-2026 10:37:00,08-06-2026 10:37:00,DESPACHO,DESPACHO,True
4190139564,NORMAL,Regiones,True,02-06-2026 16:05:00,04-06-2026 16:21:12,04-06-2026 16:21:12,05-06-2026 11:51:00,05-06-2026 11:51:00,,,05-06-2026 11:51:00,05-06-2026 11:51:00,DESPACHO,DESPACHO,True
4190139563,NORMAL,Regiones,True,02-06-2026 14:19:46,04-06-2026 16:20:43,04-06-2026 16:20:43,05-06-2026 11:53:00,05-06-2026 11:53:00,,,05-06-2026 11:53:00,05-06-2026 11:53:00,DESPACHO,DESPACHO,True
1167030,NORMAL,Regiones,True,02-06-2026 12:54:15,02-06-2026 17:26:41,02-06-2026 17:26:41,03-06-2026 12:04:00,03-06-2026 12:04:00,,,03-06-2026 12:04:00,03-06-2026 12:04:00,DESPACHO,DESPACHO,True
1167029,NORMAL,Regiones,True,02-06-2026 12:51:12,02-06-2026 15:29:23,02-06-2026 15:29:23,03-06-2026 12:04:00,03-06-2026 12:04:00,,,03-06-2026 12:04:00,03-06-2026 12:04:00,DESPACHO,DESPACHO,True
1167027,NORMAL,Regiones,True,02-06-2026 12:47:12,02-06-2026 15:29:21,02-06-2026 15:29:21,03-06-2026 12:04:00,03-06-2026 12:04:00,,,03-06-2026 12:04:00,03-06-2026 12:04:00,DESPACHO,DESPACHO,True
4190139540,NORMAL,Regiones,True,01-06-2026 11:42:55,05-06-2026 12:47:03,05-06-2026 12:47:03,08-06-2026 10:40:00,08-06-2026 10:40:00,,,08-06-2026 10:40:00,08-06-2026 10:40:00,DESPACHO,DESPACHO,True
4190139487,NORMAL,Regiones,True,27-05-2026 19:33:11,28-05-2026 14:55:52,28-05-2026 14:55:52,29-05-2026 11:51:00,29-05-2026 11:51:00,,,29-05-2026 11:51:00,29-05-2026 11:51:00,DESPACHO,DESPACHO,True
4190139482,NORMAL,Regiones,True,27-05-2026 17:42:21,28-05-2026 15:15:18,28-05-2026 15:15:18,29-05-2026 11:50:00,29-05-2026 11:50:00,,,29-05-2026 11:50:00,29-05-2026 11:50:00,DESPACHO,DESPACHO,True
4190139474,NORMAL,Regiones,True,27-05-2026 14:39:13,28-05-2026 15:17:04,28-05-2026 15:17:04,29-05-2026 11:58:00,29-05-2026 11:58:00,,,29-05-2026 11:58:00,29-05-2026 11:58:00,DESPACHO,DESPACHO,True
4190139468,NORMAL,Regiones,True,27-05-2026 10:33:50,28-05-2026 17:28:10,28-05-2026 17:28:10,29-05-2026 11:49:00,29-05-2026 11:49:00,,,29-05-2026 11:49:00,29-05-2026 11:49:00,DESPACHO,DESPACHO,True
4190139462,NORMAL,Regiones,True,26-05-2026 20:21:36,28-05-2026 17:27:20,28-05-2026 17:27:20,29-05-2026 11:53:00,29-05-2026 11:53:00,,,29-05-2026 11:53:00,29-05-2026 11:53:00,DESPACHO,DESPACHO,True
4190139461,NORMAL,Regiones,True,26-05-2026 19:43:02,28-05-2026 15:15:04,28-05-2026 15:15:04,29-05-2026 11:50:00,29-05-2026 11:50:00,,,29-05-2026 11:50:00,29-05-2026 11:50:00,DESPACHO,DESPACHO,True
4190139450,NORMAL,Regiones,True,26-05-2026 14:53:01,28-05-2026 17:30:54,28-05-2026 17:30:54,29-05-2026 11:52:00,29-05-2026 11:52:00,,,29-05-2026 11:52:00,29-05-2026 11:52:00,DESPACHO,DESPACHO,True
4190139449,NORMAL,Regiones,True,26-05-2026 13:17:45,27-05-2026 15:35:02,27-05-2026 15:35:02,28-05-2026 8:54:00,28-05-2026 8:54:00,,,28-05-2026 8:54:00,28-05-2026 8:54:00,DESPACHO,DESPACHO,True
4190139448,NORMAL,Regiones,True,26-05-2026 12:53:29,27-05-2026 15:34:49,27-05-2026 15:34:49,28-05-2026 11:26:00,28-05-2026 11:26:00,,,28-05-2026 11:26:00,28-05-2026 11:26:00,DESPACHO,DESPACHO,True
4190139447,NORMAL,Regiones,True,26-05-2026 12:20:16,27-05-2026 15:34:37,27-05-2026 15:34:37,28-05-2026 8:53:00,28-05-2026 8:53:00,,,28-05-2026 8:53:00,28-05-2026 8:53:00,DESPACHO,DESPACHO,True
4190139446,NORMAL,Regiones,True,26-05-2026 12:16:05,26-05-2026 16:15:59,26-05-2026 16:15:59,27-05-2026 15:17:00,27-05-2026 15:17:00,,,27-05-2026 15:17:00,27-05-2026 15:17:00,DESPACHO,DESPACHO,True
4190139445,NORMAL,Regiones,True,26-05-2026 12:02:49,27-05-2026 15:34:29,27-05-2026 15:34:29,28-05-2026 8:53:00,28-05-2026 8:53:00,,,28-05-2026 8:53:00,28-05-2026 8:53:00,DESPACHO,DESPACHO,True
4190139444,NORMAL,Regiones,True,26-05-2026 11:31:35,27-05-2026 15:35:26,27-05-2026 15:35:26,28-05-2026 11:37:00,28-05-2026 11:37:00,,,28-05-2026 11:37:00,28-05-2026 11:37:00,DESPACHO,DESPACHO,True
4190139438,NORMAL,Regiones,True,25-05-2026 19:03:37,26-05-2026 0:00:00,26-05-2026 0:00:00,27-05-2026 15:18:00,27-05-2026 15:18:00,,,27-05-2026 15:18:00,27-05-2026 15:18:00,DESPACHO,DESPACHO,True
4190139434,NORMAL,Regiones,True,25-05-2026 16:44:39,26-05-2026 0:00:00,26-05-2026 0:00:00,27-05-2026 15:14:00,27-05-2026 15:14:00,,,27-05-2026 15:14:00,27-05-2026 15:14:00,DESPACHO,DESPACHO,True
4190139433,NORMAL,Regiones,True,25-05-2026 16:33:27,26-05-2026 0:00:00,26-05-2026 0:00:00,27-05-2026 15:06:00,27-05-2026 15:06:00,,,27-05-2026 15:06:00,27-05-2026 15:06:00,DESPACHO,DESPACHO,True
4190139431,NORMAL,Regiones,True,25-05-2026 12:26:52,26-05-2026 11:49:25,26-05-2026 11:49:25,27-05-2026 8:39:00,27-05-2026 8:39:00,,,27-05-2026 8:39:00,27-05-2026 8:39:00,DESPACHO,DESPACHO,True
4190139430,NORMAL,Regiones,True,25-05-2026 12:16:41,25-05-2026 16:41:16,25-05-2026 16:41:16,26-05-2026 13:13:00,26-05-2026 13:13:00,,,26-05-2026 13:13:00,26-05-2026 13:13:00,DESPACHO,DESPACHO,True
4190139426,NORMAL,Regiones,True,25-05-2026 11:49:48,27-05-2026 15:35:20,27-05-2026 15:35:20,28-05-2026 11:28:00,28-05-2026 11:28:00,,,28-05-2026 11:28:00,28-05-2026 11:28:00,DESPACHO,DESPACHO,True
4190139420,NORMAL,Regiones,True,25-05-2026 9:29:47,26-05-2026 17:11:46,26-05-2026 17:11:46,27-05-2026 8:21:00,27-05-2026 8:21:00,,,27-05-2026 8:21:00,27-05-2026 8:21:00,DESPACHO,DESPACHO,True
4190139419,NORMAL,Regiones,True,25-05-2026 9:21:32,26-05-2026 17:14:28,26-05-2026 17:14:28,27-05-2026 8:20:00,27-05-2026 8:20:00,,,27-05-2026 8:20:00,27-05-2026 8:20:00,DESPACHO,DESPACHO,True
4190139418,NORMAL,Regiones,True,25-05-2026 9:15:19,26-05-2026 0:00:00,26-05-2026 0:00:00,27-05-2026 8:22:00,27-05-2026 8:22:00,,,27-05-2026 8:22:00,27-05-2026 8:22:00,DESPACHO,DESPACHO,True
4190139437,NORMAL,Regiones,True,25-05-2026 0:00:00,26-05-2026 15:15:26,26-05-2026 15:15:26,27-05-2026 8:34:00,27-05-2026 8:34:00,,,27-05-2026 8:34:00,27-05-2026 8:34:00,DESPACHO,DESPACHO,True
4190139429,NORMAL,Regiones,True,25-05-2026 0:00:00,26-05-2026 0:00:00,26-05-2026 0:00:00,27-05-2026 15:20:00,27-05-2026 15:20:00,,,27-05-2026 15:20:00,27-05-2026 15:20:00,DESPACHO,DESPACHO,True
4190139415,NORMAL,Regiones,True,22-05-2026 15:50:58,28-05-2026 17:29:43,28-05-2026 17:29:43,29-05-2026 11:48:00,29-05-2026 11:48:00,,,29-05-2026 11:48:00,29-05-2026 11:48:00,DESPACHO,DESPACHO,True
4190139412,NORMAL,Regiones,True,22-05-2026 14:54:16,26-05-2026 0:00:00,26-05-2026 0:00:00,27-05-2026 15:05:00,27-05-2026 15:05:00,,,27-05-2026 15:05:00,27-05-2026 15:05:00,DESPACHO,DESPACHO,True
4190139408,NORMAL,Regiones,True,22-05-2026 14:03:53,26-05-2026 17:13:13,26-05-2026 17:13:13,27-05-2026 15:22:00,27-05-2026 15:22:00,,,27-05-2026 15:22:00,27-05-2026 15:22:00,DESPACHO,DESPACHO,True
1166620,NORMAL,Regiones,True,22-05-2026 11:51:34,25-05-2026 10:29:26,25-05-2026 10:29:26,26-05-2026 13:01:00,26-05-2026 13:01:00,,,26-05-2026 13:01:00,26-05-2026 13:01:00,DESPACHO,DESPACHO,True
4190139401,NORMAL,Regiones,True,20-05-2026 16:41:16,22-05-2026 10:35:37,22-05-2026 10:35:37,25-05-2026 7:27:00,25-05-2026 7:27:00,,,25-05-2026 7:27:00,25-05-2026 7:27:00,DESPACHO,DESPACHO,True
4190139397,NORMAL,Regiones,True,20-05-2026 12:54:11,27-05-2026 15:35:09,27-05-2026 15:35:09,28-05-2026 11:27:00,28-05-2026 11:27:00,,,28-05-2026 11:27:00,28-05-2026 11:27:00,DESPACHO,DESPACHO,True
4190139396,NORMAL,Regiones,True,20-05-2026 12:22:56,20-05-2026 0:00:00,20-05-2026 0:00:00,22-05-2026 11:26:00,22-05-2026 11:26:00,,,22-05-2026 11:26:00,22-05-2026 11:26:00,DESPACHO,DESPACHO,True
4190139394,NORMAL,Regiones,True,20-05-2026 11:48:42,20-05-2026 17:32:32,20-05-2026 17:32:32,22-05-2026 11:13:00,22-05-2026 11:13:00,,,22-05-2026 11:13:00,22-05-2026 11:13:00,DESPACHO,DESPACHO,True
4190139393,NORMAL,Regiones,True,20-05-2026 11:27:58,26-05-2026 0:00:00,26-05-2026 0:00:00,27-05-2026 8:23:00,27-05-2026 8:23:00,,,27-05-2026 8:23:00,27-05-2026 8:23:00,DESPACHO,DESPACHO,True
4190139391,NORMAL,Regiones,True,20-05-2026 10:26:21,20-05-2026 17:31:51,20-05-2026 17:31:51,22-05-2026 11:10:00,22-05-2026 11:10:00,,,22-05-2026 11:10:00,22-05-2026 11:10:00,DESPACHO,DESPACHO,True
4190139392,NORMAL,Regiones,True,20-05-2026 0:00:00,25-05-2026 10:44:29,25-05-2026 10:44:29,26-05-2026 13:00:00,26-05-2026 13:00:00,,,26-05-2026 13:00:00,26-05-2026 13:00:00,DESPACHO,DESPACHO,True
4190139388,NORMAL,Regiones,True,19-05-2026 23:58:49,20-05-2026 17:32:20,20-05-2026 17:32:20,22-05-2026 11:15:00,22-05-2026 11:15:00,,,22-05-2026 11:15:00,22-05-2026 11:15:00,DESPACHO,DESPACHO,True
4190139383,NORMAL,Regiones,True,19-05-2026 18:37:52,20-05-2026 0:00:00,20-05-2026 0:00:00,22-05-2026 11:27:00,22-05-2026 11:27:00,,,22-05-2026 11:27:00,22-05-2026 11:27:00,DESPACHO,DESPACHO,True
4190139379,NORMAL,Regiones,True,19-05-2026 10:09:53,22-05-2026 10:06:56,22-05-2026 10:06:56,25-05-2026 8:08:00,25-05-2026 8:08:00,,,25-05-2026 8:08:00,25-05-2026 8:08:00,DESPACHO,DESPACHO,True
4190139378,NORMAL,Regiones,True,19-05-2026 9:57:41,20-05-2026 16:01:56,20-05-2026 16:01:56,22-05-2026 11:21:00,22-05-2026 11:21:00,,,22-05-2026 11:21:00,22-05-2026 11:21:00,DESPACHO,DESPACHO,True
4190139376,NORMAL,Regiones,True,19-05-2026 9:40:14,22-05-2026 10:08:46,22-05-2026 10:08:46,25-05-2026 13:10:00,25-05-2026 13:10:00,,,25-05-2026 13:10:00,25-05-2026 13:10:00,DESPACHO,DESPACHO,True
4190139372,NORMAL,Regiones,True,18-05-2026 23:32:17,20-05-2026 17:11:53,20-05-2026 17:11:53,22-05-2026 11:14:00,22-05-2026 11:14:00,,,22-05-2026 11:14:00,22-05-2026 11:14:00,DESPACHO,DESPACHO,True
4190139369,NORMAL,Regiones,True,18-05-2026 19:34:35,19-05-2026 16:38:49,19-05-2026 16:38:49,20-05-2026 15:14:00,20-05-2026 15:14:00,,,20-05-2026 15:14:00,20-05-2026 15:14:00,DESPACHO,DESPACHO,True
4190139368,NORMAL,Regiones,True,18-05-2026 19:27:27,19-05-2026 15:46:08,19-05-2026 15:46:08,20-05-2026 15:14:00,20-05-2026 15:14:00,,,20-05-2026 15:14:00,20-05-2026 15:14:00,DESPACHO,DESPACHO,True
4190139364,NORMAL,Regiones,True,18-05-2026 18:32:06,19-05-2026 15:29:23,19-05-2026 15:29:23,20-05-2026 15:14:00,20-05-2026 15:14:00,,,20-05-2026 15:14:00,20-05-2026 15:14:00,DESPACHO,DESPACHO,True
4190139360,NORMAL,Regiones,True,18-05-2026 17:56:49,19-05-2026 16:38:41,19-05-2026 16:38:41,20-05-2026 15:14:00,20-05-2026 15:14:00,,,20-05-2026 15:14:00,20-05-2026 15:14:00,DESPACHO,DESPACHO,True
4190139356,NORMAL,Regiones,True,18-05-2026 14:32:00,20-05-2026 17:00:25,20-05-2026 17:00:25,22-05-2026 11:38:00,22-05-2026 11:38:00,,,22-05-2026 11:38:00,22-05-2026 11:38:00,DESPACHO,DESPACHO,True
1166573,NORMAL,Regiones,True,18-05-2026 12:55:57,19-05-2026 0:00:00,19-05-2026 0:00:00,20-05-2026 15:19:00,20-05-2026 15:19:00,,,20-05-2026 15:19:00,20-05-2026 15:19:00,DESPACHO,DESPACHO,True
1166569,NORMAL,Regiones,True,18-05-2026 12:13:28,20-05-2026 16:51:32,20-05-2026 16:51:32,22-05-2026 11:22:00,22-05-2026 11:22:00,,,22-05-2026 11:22:00,22-05-2026 11:22:00,DESPACHO,DESPACHO,True
1166564,NORMAL,Regiones,True,18-05-2026 11:05:53,20-05-2026 16:51:00,20-05-2026 16:51:00,22-05-2026 11:39:00,22-05-2026 11:39:00,,,22-05-2026 11:39:00,22-05-2026 11:39:00,DESPACHO,DESPACHO,True
4190139366,NORMAL,Regiones,True,18-05-2026 0:00:00,19-05-2026 16:38:47,19-05-2026 16:38:47,20-05-2026 15:14:00,20-05-2026 15:14:00,,,20-05-2026 15:14:00,20-05-2026 15:14:00,DESPACHO,DESPACHO,True
4190139350,NORMAL,Regiones,True,15-05-2026 9:14:55,15-05-2026 13:43:52,15-05-2026 13:43:52,18-05-2026 9:43:00,18-05-2026 9:43:00,,,18-05-2026 9:43:00,18-05-2026 9:43:00,DESPACHO,DESPACHO,True
4190139340,NORMAL,Regiones,True,14-05-2026 16:30:24,20-05-2026 14:32:02,20-05-2026 14:32:02,22-05-2026 11:09:00,22-05-2026 11:09:00,,,22-05-2026 11:09:00,22-05-2026 11:09:00,DESPACHO,DESPACHO,True
4190139339,NORMAL,Regiones,True,14-05-2026 15:19:08,15-05-2026 12:56:54,15-05-2026 12:56:54,18-05-2026 9:34:00,18-05-2026 9:34:00,,,18-05-2026 9:34:00,18-05-2026 9:34:00,DESPACHO,DESPACHO,True
4190139337,NORMAL,Regiones,True,14-05-2026 14:56:43,15-05-2026 12:48:05,15-05-2026 12:48:05,18-05-2026 9:17:00,18-05-2026 9:17:00,,,18-05-2026 9:17:00,18-05-2026 9:17:00,DESPACHO,DESPACHO,True
4190139336,NORMAL,Regiones,True,14-05-2026 14:56:31,15-05-2026 13:43:49,15-05-2026 13:43:49,18-05-2026 9:42:00,18-05-2026 9:42:00,,,18-05-2026 9:42:00,18-05-2026 9:42:00,DESPACHO,DESPACHO,True
1166527,NORMAL,Regiones,True,14-05-2026 12:41:04,15-05-2026 13:05:38,15-05-2026 13:05:38,18-05-2026 9:35:00,18-05-2026 9:35:00,,,18-05-2026 9:35:00,18-05-2026 9:35:00,DESPACHO,DESPACHO,True
4190139331,NORMAL,Regiones,True,13-05-2026 19:26:50,14-05-2026 17:57:44,14-05-2026 17:57:44,15-05-2026 8:42:00,15-05-2026 8:42:00,,,15-05-2026 8:42:00,15-05-2026 8:42:00,DESPACHO,DESPACHO,True
4190139328,NORMAL,Regiones,True,13-05-2026 17:25:55,14-05-2026 17:57:22,14-05-2026 17:57:22,15-05-2026 8:41:00,15-05-2026 8:41:00,,,15-05-2026 8:41:00,15-05-2026 8:41:00,DESPACHO,DESPACHO,True
4190139327,NORMAL,Regiones,True,13-05-2026 14:18:41,14-05-2026 17:57:29,14-05-2026 17:57:29,15-05-2026 8:41:00,15-05-2026 8:41:00,,,15-05-2026 8:41:00,15-05-2026 8:41:00,DESPACHO,DESPACHO,True
4190139324,NORMAL,Regiones,True,13-05-2026 12:27:47,14-05-2026 17:56:28,14-05-2026 17:56:28,15-05-2026 8:39:00,15-05-2026 8:39:00,,,15-05-2026 8:39:00,15-05-2026 8:39:00,DESPACHO,DESPACHO,True
4190139323,NORMAL,Regiones,True,13-05-2026 11:43:37,15-05-2026 12:46:09,15-05-2026 12:46:09,18-05-2026 9:28:00,18-05-2026 9:28:00,,,18-05-2026 9:28:00,18-05-2026 9:28:00,DESPACHO,DESPACHO,True
4190139319,NORMAL,Regiones,True,13-05-2026 9:53:42,15-05-2026 12:47:38,15-05-2026 12:47:38,18-05-2026 9:18:00,18-05-2026 9:18:00,,,18-05-2026 9:18:00,18-05-2026 9:18:00,DESPACHO,DESPACHO,True
4190139313,NORMAL,Regiones,True,12-05-2026 18:38:40,14-05-2026 16:52:52,14-05-2026 16:52:52,15-05-2026 8:48:00,15-05-2026 8:48:00,,,15-05-2026 8:48:00,15-05-2026 8:48:00,DESPACHO,DESPACHO,True
4190139312,NORMAL,Regiones,True,12-05-2026 17:40:20,14-05-2026 16:52:40,14-05-2026 16:52:40,15-05-2026 8:47:00,15-05-2026 8:47:00,,,15-05-2026 8:47:00,15-05-2026 8:47:00,DESPACHO,DESPACHO,True
4190139309,NORMAL,Regiones,True,12-05-2026 14:39:54,14-05-2026 16:52:29,14-05-2026 16:52:29,15-05-2026 8:46:00,15-05-2026 8:46:00,,,15-05-2026 8:46:00,15-05-2026 8:46:00,DESPACHO,DESPACHO,True
4190139307,NORMAL,Regiones,True,12-05-2026 0:00:00,14-05-2026 16:52:57,14-05-2026 16:52:57,15-05-2026 8:49:00,15-05-2026 8:49:00,,,15-05-2026 8:49:00,15-05-2026 8:49:00,DESPACHO,DESPACHO,True
4190139297,NORMAL,Regiones,True,11-05-2026 12:59:57,15-05-2026 12:47:22,15-05-2026 12:47:22,18-05-2026 9:19:00,18-05-2026 9:19:00,,,18-05-2026 9:19:00,18-05-2026 9:19:00,DESPACHO,DESPACHO,True
4190139296,NORMAL,Regiones,True,11-05-2026 12:57:46,15-05-2026 12:47:03,15-05-2026 12:47:03,18-05-2026 9:25:00,18-05-2026 9:25:00,,,18-05-2026 9:25:00,18-05-2026 9:25:00,DESPACHO,DESPACHO,True
4190139295,NORMAL,Regiones,True,11-05-2026 12:03:32,13-05-2026 16:03:41,13-05-2026 16:03:41,14-05-2026 15:13:00,14-05-2026 15:13:00,,,14-05-2026 15:13:00,14-05-2026 15:13:00,DESPACHO,DESPACHO,True
4190139294,NORMAL,Regiones,True,11-05-2026 11:58:20,13-05-2026 15:44:43,13-05-2026 15:44:43,14-05-2026 15:12:00,14-05-2026 15:12:00,,,14-05-2026 15:12:00,14-05-2026 15:12:00,DESPACHO,DESPACHO,True
4190139293,NORMAL,Regiones,True,11-05-2026 11:40:05,15-05-2026 12:46:14,15-05-2026 12:46:14,18-05-2026 9:26:00,18-05-2026 9:26:00,,,18-05-2026 9:26:00,18-05-2026 9:26:00,DESPACHO,DESPACHO,True
4190139286,NORMAL,Regiones,True,09-05-2026 10:17:53,14-05-2026 17:07:32,14-05-2026 17:07:32,15-05-2026 8:53:00,15-05-2026 8:53:00,,,15-05-2026 8:53:00,15-05-2026 8:53:00,DESPACHO,DESPACHO,True
4190139280,NORMAL,Regiones,True,08-05-2026 19:28:15,14-05-2026 17:06:56,14-05-2026 17:06:56,15-05-2026 8:51:00,15-05-2026 8:51:00,,,15-05-2026 8:51:00,15-05-2026 8:51:00,DESPACHO,DESPACHO,True
4190139267,NORMAL,Regiones,True,08-05-2026 15:12:44,13-05-2026 15:44:08,13-05-2026 15:44:08,14-05-2026 15:10:00,14-05-2026 15:10:00,,,14-05-2026 15:10:00,14-05-2026 15:10:00,DESPACHO,DESPACHO,True
4190139265,NORMAL,Regiones,True,08-05-2026 14:58:13,13-05-2026 15:43:58,13-05-2026 15:43:58,14-05-2026 15:10:00,14-05-2026 15:10:00,,,14-05-2026 15:10:00,14-05-2026 15:10:00,DESPACHO,DESPACHO,True
4190139281,NORMAL,Regiones,True,08-05-2026 0:00:00,14-05-2026 0:00:00,14-05-2026 0:00:00,15-05-2026 8:52:00,15-05-2026 8:52:00,,,15-05-2026 8:52:00,15-05-2026 8:52:00,DESPACHO,DESPACHO,True
4190139272,NORMAL,Regiones,True,08-05-2026 0:00:00,14-05-2026 17:14:22,14-05-2026 17:14:22,15-05-2026 8:57:00,15-05-2026 8:57:00,,,15-05-2026 8:57:00,15-05-2026 8:57:00,DESPACHO,DESPACHO,True
4190139256,NORMAL,Regiones,True,07-05-2026 23:54:35,11-05-2026 17:25:51,11-05-2026 17:25:51,12-05-2026 16:15:00,12-05-2026 16:15:00,,,12-05-2026 16:15:00,12-05-2026 16:15:00,DESPACHO,DESPACHO,True
4190139255,NORMAL,Regiones,True,07-05-2026 22:57:20,11-05-2026 17:29:34,11-05-2026 17:29:34,12-05-2026 16:15:00,12-05-2026 16:15:00,,,12-05-2026 16:15:00,12-05-2026 16:15:00,DESPACHO,DESPACHO,True
4190139250,NORMAL,Regiones,True,07-05-2026 21:28:07,11-05-2026 17:28:27,11-05-2026 17:28:27,12-05-2026 16:18:00,12-05-2026 16:18:00,,,12-05-2026 16:18:00,12-05-2026 16:18:00,DESPACHO,DESPACHO,True
4190139235,NORMAL,Regiones,True,07-05-2026 12:21:15,11-05-2026 17:28:02,11-05-2026 17:28:02,12-05-2026 9:05:00,12-05-2026 9:05:00,,,12-05-2026 9:05:00,12-05-2026 9:05:00,DESPACHO,DESPACHO,True
4190139248,NORMAL,Regiones,True,07-05-2026 0:00:00,12-05-2026 15:53:19,12-05-2026 15:53:19,13-05-2026 16:39:00,13-05-2026 16:39:00,,,13-05-2026 16:39:00,13-05-2026 16:39:00,DESPACHO,DESPACHO,True
4190139210,NORMAL,Regiones,True,06-05-2026 12:52:14,06-05-2026 17:54:28,06-05-2026 17:54:28,07-05-2026 15:36:00,07-05-2026 15:36:00,,,07-05-2026 15:36:00,07-05-2026 15:36:00,DESPACHO,DESPACHO,True
4190139226,NORMAL,Regiones,True,06-05-2026 0:00:00,11-05-2026 17:27:24,11-05-2026 17:27:24,12-05-2026 16:17:00,12-05-2026 16:17:00,,,12-05-2026 16:17:00,12-05-2026 16:17:00,DESPACHO,DESPACHO,True
4190139195,NORMAL,Regiones,True,05-05-2026 22:57:59,08-05-2026 12:30:05,08-05-2026 12:30:05,11-05-2026 7:24:00,11-05-2026 7:24:00,,,11-05-2026 7:24:00,11-05-2026 7:24:00,DESPACHO,DESPACHO,True
4190139191,NORMAL,Regiones,True,05-05-2026 18:33:26,08-05-2026 12:30:29,08-05-2026 12:30:29,11-05-2026 7:25:00,11-05-2026 7:25:00,,,11-05-2026 7:25:00,11-05-2026 7:25:00,DESPACHO,DESPACHO,True
4190139185,NORMAL,Regiones,True,05-05-2026 14:39:07,11-05-2026 17:17:53,11-05-2026 17:17:53,12-05-2026 9:04:00,12-05-2026 9:04:00,,,12-05-2026 9:04:00,12-05-2026 9:04:00,DESPACHO,DESPACHO,True
4190139184,NORMAL,Regiones,True,05-05-2026 13:55:52,08-05-2026 12:14:31,08-05-2026 12:14:31,11-05-2026 7:21:00,11-05-2026 7:21:00,,,11-05-2026 7:21:00,11-05-2026 7:21:00,DESPACHO,DESPACHO,True
4190139178,NORMAL,Regiones,True,04-05-2026 21:21:11,07-05-2026 17:42:01,07-05-2026 17:42:01,08-05-2026 8:55:00,08-05-2026 8:55:00,,,08-05-2026 8:55:00,08-05-2026 8:55:00,DESPACHO,DESPACHO,True
4190139177,NORMAL,Regiones,True,04-05-2026 20:32:56,07-05-2026 17:42:43,07-05-2026 17:42:43,08-05-2026 8:56:00,08-05-2026 8:56:00,,,08-05-2026 8:56:00,08-05-2026 8:56:00,DESPACHO,DESPACHO,True
1168132,NORMAL,Regiones,True,14-07-2026 14:21:45,14-07-2026 16:39:30,14-07-2026 16:39:30,14-07-2026 16:39:30,14-07-2026 16:39:30,,,14-07-2026 16:39:30,14-07-2026 16:39:30,DESPACHO,DESPACHO,True
4190140026,NORMAL,Regiones,True,14-07-2026 14:10:43,14-07-2026 15:35:49,14-07-2026 15:35:49,14-07-2026 15:35:49,14-07-2026 15:35:49,,,14-07-2026 15:35:49,14-07-2026 15:35:49,DESPACHO,DESPACHO,True
4190140021,NORMAL,Regiones,True,13-07-2026 21:19:16,14-07-2026 12:38:57,14-07-2026 12:38:57,14-07-2026 15:20:00,14-07-2026 15:20:00,,,14-07-2026 15:20:00,14-07-2026 15:20:00,DESPACHO,DESPACHO,True
4190140019,NORMAL,Regiones,True,13-07-2026 20:47:52,14-07-2026 11:20:35,14-07-2026 11:20:35,14-07-2026 11:49:00,14-07-2026 11:49:00,,,14-07-2026 11:49:00,14-07-2026 11:49:00,DESPACHO,DESPACHO,True
1168123,NORMAL,Regiones,True,13-07-2026 20:09:36,14-07-2026 17:13:00,14-07-2026 17:13:00,14-07-2026 17:13:00,14-07-2026 17:13:00,,,14-07-2026 17:13:00,14-07-2026 17:13:00,DESPACHO,DESPACHO,True
1168119,NORMAL,Regiones,True,13-07-2026 16:50:12,14-07-2026 14:28:26,14-07-2026 14:28:26,14-07-2026 15:25:00,14-07-2026 15:25:00,,,14-07-2026 15:25:00,14-07-2026 15:25:00,DESPACHO,DESPACHO,True
1168118,NORMAL,Regiones,True,13-07-2026 15:58:27,14-07-2026 11:43:07,14-07-2026 11:43:07,14-07-2026 11:52:00,14-07-2026 11:52:00,,,14-07-2026 11:52:00,14-07-2026 11:52:00,DESPACHO,DESPACHO,True
1168116,NORMAL,Regiones,True,13-07-2026 12:51:08,14-07-2026 9:10:34,14-07-2026 9:10:34,14-07-2026 10:18:00,14-07-2026 10:18:00,,,14-07-2026 10:18:00,14-07-2026 10:18:00,DESPACHO,DESPACHO,True
4190140016,NORMAL,Regiones,True,13-07-2026 11:11:38,14-07-2026 11:40:27,14-07-2026 11:40:27,14-07-2026 11:40:27,14-07-2026 11:40:27,,,14-07-2026 11:40:27,14-07-2026 11:40:27,DESPACHO,DESPACHO,True
4190140020,NORMAL,Regiones,True,13-07-2026 0:00:00,14-07-2026 0:00:00,14-07-2026 0:00:00,14-07-2026 12:20:00,14-07-2026 12:20:00,,,14-07-2026 12:20:00,14-07-2026 12:20:00,DESPACHO,DESPACHO,True
4190140007,NORMAL,Regiones,True,10-07-2026 10:22:38,13-07-2026 14:30:30,13-07-2026 14:30:30,13-07-2026 14:53:00,13-07-2026 14:53:00,,,13-07-2026 14:53:00,13-07-2026 14:53:00,DESPACHO,DESPACHO,True
1168084,NORMAL,Regiones,True,09-07-2026 14:33:24,10-07-2026 9:54:08,10-07-2026 9:54:08,10-07-2026 10:59:00,10-07-2026 10:59:00,,,10-07-2026 10:59:00,10-07-2026 10:59:00,DESPACHO,DESPACHO,True
4190140000,NORMAL,Regiones,True,08-07-2026 21:48:59,09-07-2026 11:48:48,09-07-2026 11:48:48,09-07-2026 12:20:00,09-07-2026 12:20:00,,,09-07-2026 12:20:00,09-07-2026 12:20:00,DESPACHO,DESPACHO,True
1168072,NORMAL,Regiones,True,08-07-2026 14:02:50,10-07-2026 9:54:12,10-07-2026 9:54:12,10-07-2026 11:00:00,10-07-2026 11:00:00,,,10-07-2026 11:00:00,10-07-2026 11:00:00,DESPACHO,DESPACHO,True
4190139984,NORMAL,Regiones,True,07-07-2026 15:57:52,13-07-2026 12:01:37,13-07-2026 12:01:37,13-07-2026 13:08:00,13-07-2026 13:08:00,,,13-07-2026 13:08:00,13-07-2026 13:08:00,DESPACHO,DESPACHO,True
4190139951,NORMAL,Regiones,True,02-07-2026 19:10:54,07-07-2026 10:17:03,07-07-2026 10:17:03,07-07-2026 10:49:00,07-07-2026 10:49:00,,,07-07-2026 10:49:00,07-07-2026 10:49:00,DESPACHO,DESPACHO,True
1167355,NORMAL,Regiones,True,25-06-2026 10:45:28,30-06-2026 0:00:00,30-06-2026 0:00:00,30-06-2026 12:38:00,30-06-2026 12:38:00,,,30-06-2026 12:38:00,30-06-2026 12:38:00,DESPACHO,DESPACHO,True
1167319,NORMAL,Regiones,True,23-06-2026 21:27:49,25-06-2026 9:31:20,25-06-2026 9:31:20,25-06-2026 14:57:00,25-06-2026 14:57:00,,,25-06-2026 14:57:00,25-06-2026 14:57:00,DESPACHO,DESPACHO,True
4190139793,NORMAL,Regiones,True,22-06-2026 16:37:02,24-06-2026 10:57:45,24-06-2026 10:57:45,24-06-2026 12:37:00,24-06-2026 12:37:00,,,24-06-2026 12:37:00,24-06-2026 12:37:00,DESPACHO,DESPACHO,True
4190139761,NORMAL,Regiones,True,18-06-2026 16:49:48,22-06-2026 11:43:02,22-06-2026 11:43:02,22-06-2026 16:35:00,22-06-2026 16:35:00,,,22-06-2026 16:35:00,22-06-2026 16:35:00,DESPACHO,DESPACHO,True
4190139725,NORMAL,Regiones,True,16-06-2026 18:21:57,17-06-2026 9:59:51,17-06-2026 9:59:51,17-06-2026 15:59:00,17-06-2026 15:59:00,,,17-06-2026 15:59:00,17-06-2026 15:59:00,DESPACHO,DESPACHO,True
1167203,NORMAL,Regiones,True,16-06-2026 12:29:49,17-06-2026 11:22:08,17-06-2026 11:22:08,17-06-2026 16:04:00,17-06-2026 16:04:00,,,17-06-2026 16:04:00,17-06-2026 16:04:00,DESPACHO,DESPACHO,True
1167200,NORMAL,Regiones,True,16-06-2026 11:22:30,17-06-2026 8:48:48,17-06-2026 8:48:48,17-06-2026 12:09:00,17-06-2026 12:09:00,,,17-06-2026 12:09:00,17-06-2026 12:09:00,DESPACHO,DESPACHO,True
1167183,NORMAL,Regiones,True,15-06-2026 12:31:35,15-06-2026 14:00:30,15-06-2026 14:00:30,15-06-2026 14:00:30,15-06-2026 14:00:30,,,15-06-2026 14:00:30,15-06-2026 14:00:30,DESPACHO,DESPACHO,True
1167147,NORMAL,Regiones,True,11-06-2026 16:56:33,15-06-2026 9:38:22,15-06-2026 9:38:22,15-06-2026 12:09:00,15-06-2026 12:09:00,,,15-06-2026 12:09:00,15-06-2026 12:09:00,DESPACHO,DESPACHO,True
4190139637,NORMAL,Regiones,True,10-06-2026 11:26:34,11-06-2026 9:58:39,11-06-2026 9:58:39,11-06-2026 15:01:00,11-06-2026 15:01:00,,,11-06-2026 15:01:00,11-06-2026 15:01:00,DESPACHO,DESPACHO,True
1167125,NORMAL,Regiones,True,10-06-2026 11:02:35,10-06-2026 12:25:13,10-06-2026 12:25:13,10-06-2026 12:25:13,10-06-2026 12:25:13,,,10-06-2026 12:25:13,10-06-2026 12:25:13,DESPACHO,DESPACHO,True
4190139633,NORMAL,Regiones,True,09-06-2026 22:00:42,11-06-2026 8:53:29,11-06-2026 8:53:29,11-06-2026 13:00:00,11-06-2026 13:00:00,,,11-06-2026 13:00:00,11-06-2026 13:00:00,DESPACHO,DESPACHO,True
4190139620,NORMAL,Regiones,True,09-06-2026 10:38:21,09-06-2026 12:22:47,09-06-2026 12:22:47,09-06-2026 15:27:00,09-06-2026 15:27:00,,,09-06-2026 15:27:00,09-06-2026 15:27:00,DESPACHO,DESPACHO,True
4190139613,NORMAL,Regiones,True,08-06-2026 19:06:37,09-06-2026 11:56:08,09-06-2026 11:56:08,09-06-2026 13:25:00,09-06-2026 13:25:00,,,09-06-2026 13:25:00,09-06-2026 13:25:00,DESPACHO,DESPACHO,True
4190139581,NORMAL,Regiones,True,03-06-2026 20:42:26,04-06-2026 0:00:00,04-06-2026 0:00:00,04-06-2026 15:05:00,04-06-2026 15:05:00,,,04-06-2026 15:05:00,04-06-2026 15:05:00,DESPACHO,DESPACHO,True
1167047,NORMAL,Santiago,True,03-06-2026 12:56:16,04-06-2026 8:48:49,04-06-2026 8:48:49,04-06-2026 15:54:00,04-06-2026 15:54:00,,,04-06-2026 15:54:00,04-06-2026 15:54:00,DESPACHO,DESPACHO,True
4190139556,NORMAL,Regiones,True,01-06-2026 21:06:58,04-06-2026 14:38:14,04-06-2026 14:38:14,04-06-2026 14:50:00,04-06-2026 14:50:00,,,04-06-2026 14:50:00,04-06-2026 14:50:00,DESPACHO,DESPACHO,True
4190139554,NORMAL,Regiones,True,01-06-2026 20:25:32,05-06-2026 9:34:34,05-06-2026 9:34:34,05-06-2026 10:08:00,05-06-2026 10:08:00,,,05-06-2026 10:08:00,05-06-2026 10:08:00,DESPACHO,DESPACHO,True
4190139435,NORMAL,Regiones,True,25-05-2026 16:57:50,27-05-2026 0:00:00,27-05-2026 0:00:00,27-05-2026 15:19:00,27-05-2026 15:19:00,,,27-05-2026 15:19:00,27-05-2026 15:19:00,DESPACHO,DESPACHO,True
1166639,NORMAL,Regiones,True,25-05-2026 14:26:44,27-05-2026 12:04:44,27-05-2026 12:04:44,27-05-2026 12:25:00,27-05-2026 12:25:00,,,27-05-2026 12:25:00,27-05-2026 12:25:00,DESPACHO,DESPACHO,True
1166633,NORMAL,Regiones,True,25-05-2026 11:32:27,27-05-2026 9:38:45,27-05-2026 9:38:45,27-05-2026 15:30:00,27-05-2026 15:30:00,,,27-05-2026 15:30:00,27-05-2026 15:30:00,DESPACHO,DESPACHO,True
4190139423,NORMAL,Regiones,True,25-05-2026 9:54:22,25-05-2026 12:17:49,25-05-2026 12:17:49,25-05-2026 12:47:00,25-05-2026 12:47:00,,,25-05-2026 12:47:00,25-05-2026 12:47:00,DESPACHO,DESPACHO,True
4190139387,NORMAL,Regiones,True,19-05-2026 23:46:36,20-05-2026 14:28:31,20-05-2026 14:28:31,20-05-2026 15:28:00,20-05-2026 15:28:00,,,20-05-2026 15:28:00,20-05-2026 15:28:00,DESPACHO,DESPACHO,True
4190139381,NORMAL,Regiones,True,19-05-2026 15:00:24,20-05-2026 11:26:36,20-05-2026 11:26:36,20-05-2026 11:47:00,20-05-2026 11:47:00,,,20-05-2026 11:47:00,20-05-2026 11:47:00,DESPACHO,DESPACHO,True
1166582,NORMAL,Regiones,True,19-05-2026 8:26:07,20-05-2026 10:56:43,20-05-2026 10:56:43,20-05-2026 11:48:00,20-05-2026 11:48:00,,,20-05-2026 11:48:00,20-05-2026 11:48:00,DESPACHO,DESPACHO,True
1166560,NORMAL,Regiones,True,18-05-2026 8:33:52,18-05-2026 15:18:25,18-05-2026 15:18:25,18-05-2026 16:51:00,18-05-2026 16:51:00,,,18-05-2026 16:51:00,18-05-2026 16:51:00,DESPACHO,DESPACHO,True
4190139346,NORMAL,Regiones,True,14-05-2026 21:42:51,15-05-2026 10:19:35,15-05-2026 10:19:35,15-05-2026 11:37:00,15-05-2026 11:37:00,,,15-05-2026 11:37:00,15-05-2026 11:37:00,DESPACHO,DESPACHO,True
1166530,NORMAL,Regiones,True,14-05-2026 14:40:52,15-05-2026 12:04:51,15-05-2026 12:04:51,15-05-2026 12:50:00,15-05-2026 12:50:00,,,15-05-2026 12:50:00,15-05-2026 12:50:00,DESPACHO,DESPACHO,True
1166522,NORMAL,Regiones,True,14-05-2026 10:15:32,15-05-2026 12:10:51,15-05-2026 12:10:51,15-05-2026 12:46:00,15-05-2026 12:46:00,,,15-05-2026 12:46:00,15-05-2026 12:46:00,DESPACHO,DESPACHO,True
1166508,NORMAL,Santiago,True,13-05-2026 12:20:51,15-05-2026 13:56:29,15-05-2026 13:56:29,15-05-2026 11:59:00,15-05-2026 11:59:00,,,15-05-2026 11:59:00,15-05-2026 11:59:00,DESPACHO,DESPACHO,True
1166497,NORMAL,Regiones,True,12-05-2026 16:48:30,13-05-2026 0:00:00,13-05-2026 0:00:00,13-05-2026 15:22:00,13-05-2026 15:22:00,,,13-05-2026 15:22:00,13-05-2026 15:22:00,DESPACHO,DESPACHO,True
1166482,NORMAL,Regiones,True,11-05-2026 14:35:22,15-05-2026 8:45:33,15-05-2026 8:45:33,15-05-2026 11:50:00,15-05-2026 11:50:00,,,15-05-2026 11:50:00,15-05-2026 11:50:00,DESPACHO,DESPACHO,True
1166479,NORMAL,Regiones,True,11-05-2026 10:46:17,11-05-2026 15:39:22,11-05-2026 15:39:22,11-05-2026 15:46:00,11-05-2026 15:46:00,,,11-05-2026 15:46:00,11-05-2026 15:46:00,DESPACHO,DESPACHO,True
4190139276,NORMAL,Regiones,True,08-05-2026 18:28:23,14-05-2026 14:59:27,14-05-2026 14:59:27,14-05-2026 15:35:00,14-05-2026 15:35:00,,,14-05-2026 15:35:00,14-05-2026 15:35:00,DESPACHO,DESPACHO,True
1166434,NORMAL,Regiones,True,07-05-2026 17:18:57,11-05-2026 10:59:19,11-05-2026 10:59:19,11-05-2026 11:06:00,11-05-2026 11:06:00,,,11-05-2026 11:06:00,11-05-2026 11:06:00,DESPACHO,DESPACHO,True
4190139246,NORMAL,Regiones,True,07-05-2026 17:12:59,12-05-2026 10:53:24,12-05-2026 10:53:24,12-05-2026 16:16:00,12-05-2026 16:16:00,,,12-05-2026 16:16:00,12-05-2026 16:16:00,DESPACHO,DESPACHO,True
4190139222,NORMAL,Regiones,True,06-05-2026 17:33:10,12-05-2026 9:32:30,12-05-2026 9:32:30,12-05-2026 10:57:00,12-05-2026 10:57:00,,,12-05-2026 10:57:00,12-05-2026 10:57:00,DESPACHO,DESPACHO,True
4190139220,NORMAL,Regiones,True,06-05-2026 17:20:42,12-05-2026 9:14:46,12-05-2026 9:14:46,12-05-2026 10:54:00,12-05-2026 10:54:00,,,12-05-2026 10:54:00,12-05-2026 10:54:00,DESPACHO,DESPACHO,True
4190139206,NORMAL,Regiones,True,06-05-2026 9:31:09,08-05-2026 12:35:49,08-05-2026 12:35:49,08-05-2026 12:47:00,08-05-2026 12:47:00,,,08-05-2026 12:47:00,08-05-2026 12:47:00,DESPACHO,DESPACHO,True
4190139219,NORMAL,Regiones,True,06-05-2026 0:00:00,08-05-2026 12:05:45,08-05-2026 12:05:45,08-05-2026 12:36:00,08-05-2026 12:36:00,,,08-05-2026 12:36:00,08-05-2026 12:36:00,DESPACHO,DESPACHO,True
1168110,NORMAL,Regiones,True,13-07-2026 11:28:05,13-07-2026 14:30:47,13-07-2026 14:30:47,13-07-2026 14:55:00,13-07-2026 14:55:00,,,13-07-2026 14:55:00,13-07-2026 14:55:00,DESPACHO,DESPACHO,True
1168121,NORMAL,Regiones,True,13-07-2026 0:00:00,14-07-2026 11:51:41,14-07-2026 11:51:41,14-07-2026 12:21:00,14-07-2026 12:21:00,,,14-07-2026 12:21:00,14-07-2026 12:21:00,DESPACHO,DESPACHO,True
1168095,NORMAL,Regiones,True,10-07-2026 12:55:21,13-07-2026 8:31:49,13-07-2026 8:31:49,13-07-2026 10:04:00,13-07-2026 10:04:00,,,13-07-2026 10:04:00,13-07-2026 10:04:00,DESPACHO,DESPACHO,True
1168091,NORMAL,Regiones,True,10-07-2026 11:37:43,13-07-2026 11:57:10,13-07-2026 11:57:10,13-07-2026 13:05:00,13-07-2026 13:05:00,,,13-07-2026 13:05:00,13-07-2026 13:05:00,DESPACHO,DESPACHO,True
1168090,NORMAL,Regiones,True,10-07-2026 11:35:21,13-07-2026 8:30:19,13-07-2026 8:30:19,13-07-2026 10:05:00,13-07-2026 10:05:00,,,13-07-2026 10:05:00,13-07-2026 10:05:00,DESPACHO,DESPACHO,True
4190139842,NORMAL,Regiones,True,23-06-2026 19:50:40,24-06-2026 11:00:41,24-06-2026 11:00:41,24-06-2026 16:18:00,24-06-2026 16:18:00,,,24-06-2026 16:18:00,24-06-2026 16:18:00,DESPACHO,DESPACHO,True
1167308,NORMAL,Regiones,True,23-06-2026 13:34:02,25-06-2026 12:52:54,25-06-2026 12:52:54,25-06-2026 14:58:00,25-06-2026 14:58:00,,,25-06-2026 14:58:00,25-06-2026 14:58:00,DESPACHO,DESPACHO,True
1167274,NORMAL,Regiones,True,22-06-2026 11:32:58,24-06-2026 10:56:17,24-06-2026 10:56:17,24-06-2026 14:12:00,24-06-2026 14:12:00,,,24-06-2026 14:12:00,24-06-2026 14:12:00,DESPACHO,DESPACHO,True
1167273,NORMAL,Regiones,True,22-06-2026 11:30:34,24-06-2026 10:56:27,24-06-2026 10:56:27,24-06-2026 13:02:00,24-06-2026 13:02:00,,,24-06-2026 13:02:00,24-06-2026 13:02:00,DESPACHO,DESPACHO,True
1167272,NORMAL,Regiones,True,22-06-2026 11:09:43,24-06-2026 10:56:38,24-06-2026 10:56:38,24-06-2026 13:07:00,24-06-2026 13:07:00,,,24-06-2026 13:07:00,24-06-2026 13:07:00,DESPACHO,DESPACHO,True
1167271,NORMAL,Regiones,True,22-06-2026 11:00:53,24-06-2026 10:56:48,24-06-2026 10:56:48,24-06-2026 13:01:00,24-06-2026 13:01:00,,,24-06-2026 13:01:00,24-06-2026 13:01:00,DESPACHO,DESPACHO,True
1167270,NORMAL,Regiones,True,22-06-2026 10:59:16,24-06-2026 10:57:13,24-06-2026 10:57:13,24-06-2026 12:39:00,24-06-2026 12:39:00,,,24-06-2026 12:39:00,24-06-2026 12:39:00,DESPACHO,DESPACHO,True
1167245,NORMAL,Regiones,True,18-06-2026 10:41:07,19-06-2026 8:59:21,19-06-2026 8:59:21,19-06-2026 12:00:00,19-06-2026 12:00:00,,,19-06-2026 12:00:00,19-06-2026 12:00:00,DESPACHO,DESPACHO,True
1167232,NORMAL,Regiones,True,17-06-2026 14:23:23,18-06-2026 0:00:00,18-06-2026 0:00:00,18-06-2026 16:00:00,18-06-2026 16:00:00,,,18-06-2026 16:00:00,18-06-2026 16:00:00,DESPACHO,DESPACHO,True
1167176,NORMAL,Regiones,True,15-06-2026 10:54:28,16-06-2026 10:08:39,16-06-2026 10:08:39,16-06-2026 15:05:00,16-06-2026 15:05:00,,,16-06-2026 15:05:00,16-06-2026 15:05:00,DESPACHO,DESPACHO,True
1167119,NORMAL,Regiones,True,10-06-2026 9:17:10,10-06-2026 11:22:04,10-06-2026 11:22:04,10-06-2026 12:50:00,10-06-2026 12:50:00,,,10-06-2026 12:50:00,10-06-2026 12:50:00,DESPACHO,DESPACHO,True
1167107,NORMAL,Regiones,True,09-06-2026 14:30:40,10-06-2026 11:22:23,10-06-2026 11:22:23,10-06-2026 13:30:00,10-06-2026 13:30:00,,,10-06-2026 13:30:00,10-06-2026 13:30:00,DESPACHO,DESPACHO,True
1167096,NORMAL,Regiones,True,08-06-2026 16:47:06,10-06-2026 11:20:55,10-06-2026 11:20:55,10-06-2026 13:29:00,10-06-2026 13:29:00,,,10-06-2026 13:29:00,10-06-2026 13:29:00,DESPACHO,DESPACHO,True
4190139602,NORMAL,Regiones,True,08-06-2026 15:40:12,10-06-2026 9:47:29,10-06-2026 9:47:29,10-06-2026 13:10:00,10-06-2026 13:10:00,,,10-06-2026 13:10:00,10-06-2026 13:10:00,DESPACHO,DESPACHO,True
1166704,NORMAL,Regiones,True,28-05-2026 15:58:01,04-06-2026 9:50:13,04-06-2026 9:50:13,04-06-2026 14:53:00,04-06-2026 14:53:00,,,04-06-2026 14:53:00,04-06-2026 14:53:00,DESPACHO,DESPACHO,True
1166702,NORMAL,Regiones,True,28-05-2026 15:54:41,04-06-2026 14:38:00,04-06-2026 14:38:00,04-06-2026 14:51:00,04-06-2026 14:51:00,,,04-06-2026 14:51:00,04-06-2026 14:51:00,DESPACHO,DESPACHO,True
1166662,NORMAL,Santiago,True,26-05-2026 19:56:10,28-05-2026 12:08:43,28-05-2026 12:08:43,28-05-2026 16:07:00,28-05-2026 16:07:00,,,28-05-2026 16:07:00,28-05-2026 16:07:00,DESPACHO,DESPACHO,True
1166625,NORMAL,Regiones,True,25-05-2026 9:51:17,27-05-2026 9:47:52,27-05-2026 9:47:52,27-05-2026 11:55:00,27-05-2026 11:55:00,,,27-05-2026 11:55:00,27-05-2026 11:55:00,DESPACHO,DESPACHO,True
1166554,NORMAL,Regiones,True,15-05-2026 18:51:23,20-05-2026 14:29:51,20-05-2026 14:29:51,20-05-2026 14:59:00,20-05-2026 14:59:00,,,20-05-2026 14:59:00,20-05-2026 14:59:00,DESPACHO,DESPACHO,True
1166539,NORMAL,Regiones,True,14-05-2026 20:54:40,20-05-2026 10:44:15,20-05-2026 10:44:15,20-05-2026 11:48:00,20-05-2026 11:48:00,,,20-05-2026 11:48:00,20-05-2026 11:48:00,DESPACHO,DESPACHO,True
1166529,NORMAL,Regiones,True,14-05-2026 14:24:35,15-05-2026 0:00:00,15-05-2026 0:00:00,15-05-2026 11:47:00,15-05-2026 11:47:00,,,15-05-2026 11:47:00,15-05-2026 11:47:00,DESPACHO,DESPACHO,True
1166518,NORMAL,Regiones,True,14-05-2026 8:44:03,15-05-2026 12:10:43,15-05-2026 12:10:43,15-05-2026 12:47:00,15-05-2026 12:47:00,,,15-05-2026 12:47:00,15-05-2026 12:47:00,DESPACHO,DESPACHO,True
1166505,NORMAL,Regiones,True,13-05-2026 11:34:09,18-05-2026 12:23:20,18-05-2026 12:23:20,18-05-2026 16:37:00,18-05-2026 16:37:00,,,18-05-2026 16:37:00,18-05-2026 16:37:00,DESPACHO,DESPACHO,True
1166495,NORMAL,Regiones,True,12-05-2026 11:49:32,14-05-2026 0:00:00,14-05-2026 0:00:00,14-05-2026 12:01:00,14-05-2026 12:01:00,,,14-05-2026 12:01:00,14-05-2026 12:01:00,DESPACHO,DESPACHO,True
1166494,NORMAL,Regiones,True,12-05-2026 11:37:01,14-05-2026 10:57:58,14-05-2026 10:57:58,14-05-2026 15:14:00,14-05-2026 15:14:00,,,14-05-2026 15:14:00,14-05-2026 15:14:00,DESPACHO,DESPACHO,True
1166492,NORMAL,Regiones,True,12-05-2026 11:25:11,14-05-2026 11:42:30,14-05-2026 11:42:30,14-05-2026 12:41:00,14-05-2026 12:41:00,,,14-05-2026 12:41:00,14-05-2026 12:41:00,DESPACHO,DESPACHO,True
4190139290,NORMAL,Santiago,True,11-05-2026 10:34:29,15-05-2026 0:00:00,15-05-2026 0:00:00,15-05-2026 11:46:00,15-05-2026 11:46:00,,,15-05-2026 11:46:00,15-05-2026 11:46:00,DESPACHO,DESPACHO,True
4190139289,NORMAL,Regiones,True,11-05-2026 0:00:00,14-05-2026 14:23:13,14-05-2026 14:23:13,14-05-2026 14:35:00,14-05-2026 14:35:00,,,14-05-2026 14:35:00,14-05-2026 14:35:00,DESPACHO,DESPACHO,True
1166460,NORMAL,Regiones,True,08-05-2026 19:20:25,15-05-2026 10:48:00,15-05-2026 10:48:00,15-05-2026 11:39:00,15-05-2026 11:39:00,,,15-05-2026 11:39:00,15-05-2026 11:39:00,DESPACHO,DESPACHO,True
1166444,NORMAL,Regiones,True,08-05-2026 12:03:32,12-05-2026 9:51:55,12-05-2026 9:51:55,12-05-2026 11:01:00,12-05-2026 11:01:00,,,12-05-2026 11:01:00,12-05-2026 11:01:00,DESPACHO,DESPACHO,True
1166442,NORMAL,Regiones,True,08-05-2026 11:23:21,12-05-2026 14:27:36,12-05-2026 14:27:36,12-05-2026 14:49:00,12-05-2026 14:49:00,,,12-05-2026 14:49:00,12-05-2026 14:49:00,DESPACHO,DESPACHO,True
1166432,NORMAL,Regiones,True,07-05-2026 14:18:13,12-05-2026 14:33:35,12-05-2026 14:33:35,12-05-2026 14:53:00,12-05-2026 14:53:00,,,12-05-2026 14:53:00,12-05-2026 14:53:00,DESPACHO,DESPACHO,True
1166396,NORMAL,Regiones,True,05-05-2026 12:50:36,07-05-2026 0:00:00,07-05-2026 0:00:00,07-05-2026 14:31:00,07-05-2026 14:31:00,,,07-05-2026 14:31:00,07-05-2026 14:31:00,DESPACHO,DESPACHO,True
4190140024,NORMAL,Regiones,True,14-07-2026 12:58:13,14-07-2026 17:10:57,14-07-2026 17:10:57,14-07-2026 17:10:57,14-07-2026 17:10:57,,,14-07-2026 17:10:57,14-07-2026 17:10:57,DESPACHO,DESPACHO,True
4190140014,NORMAL,Regiones,True,13-07-2026 8:49:13,13-07-2026 14:30:44,13-07-2026 14:30:44,13-07-2026 14:54:00,13-07-2026 14:54:00,,,13-07-2026 14:54:00,13-07-2026 14:54:00,DESPACHO,DESPACHO,True
4190140010,NORMAL,Regiones,True,10-07-2026 18:30:05,13-07-2026 11:57:16,13-07-2026 11:57:16,13-07-2026 13:04:00,13-07-2026 13:04:00,,,13-07-2026 13:04:00,13-07-2026 13:04:00,DESPACHO,DESPACHO,True
4190140009,NORMAL,Regiones,True,10-07-2026 18:17:09,13-07-2026 11:57:28,13-07-2026 11:57:28,13-07-2026 13:02:00,13-07-2026 13:02:00,,,13-07-2026 13:02:00,13-07-2026 13:02:00,DESPACHO,DESPACHO,True
4190140008,NORMAL,Regiones,True,10-07-2026 17:46:55,13-07-2026 12:24:32,13-07-2026 12:24:32,13-07-2026 14:16:00,13-07-2026 14:16:00,,,13-07-2026 14:16:00,13-07-2026 14:16:00,DESPACHO,DESPACHO,True
4190140011,NORMAL,Regiones,True,10-07-2026 0:00:00,14-07-2026 8:23:33,14-07-2026 8:23:33,14-07-2026 10:12:00,14-07-2026 10:12:00,,,14-07-2026 10:12:00,14-07-2026 10:12:00,DESPACHO,DESPACHO,True
4190140005,NORMAL,Regiones,True,09-07-2026 18:56:58,13-07-2026 10:02:00,13-07-2026 10:02:00,13-07-2026 10:35:00,13-07-2026 10:35:00,,,13-07-2026 10:35:00,13-07-2026 10:35:00,DESPACHO,DESPACHO,True
4190140002,NORMAL,Regiones,True,09-07-2026 12:58:36,13-07-2026 0:00:00,13-07-2026 0:00:00,13-07-2026 10:38:00,13-07-2026 10:38:00,,,13-07-2026 10:38:00,13-07-2026 10:38:00,DESPACHO,DESPACHO,True
4190140001,NORMAL,Regiones,True,09-07-2026 10:22:23,10-07-2026 9:53:57,10-07-2026 9:53:57,10-07-2026 10:58:00,10-07-2026 10:58:00,,,10-07-2026 10:58:00,10-07-2026 10:58:00,DESPACHO,DESPACHO,True
4190139998,NORMAL,Regiones,True,08-07-2026 21:16:36,13-07-2026 0:00:00,13-07-2026 0:00:00,13-07-2026 10:39:00,13-07-2026 10:39:00,,,13-07-2026 10:39:00,13-07-2026 10:39:00,DESPACHO,DESPACHO,True
4190139994,NORMAL,Regiones,True,08-07-2026 18:02:40,13-07-2026 10:01:51,13-07-2026 10:01:51,13-07-2026 10:36:00,13-07-2026 10:36:00,,,13-07-2026 10:36:00,13-07-2026 10:36:00,DESPACHO,DESPACHO,True
4190139993,NORMAL,Regiones,True,08-07-2026 17:27:26,10-07-2026 7:59:40,10-07-2026 7:59:40,10-07-2026 9:09:00,10-07-2026 9:09:00,,,10-07-2026 9:09:00,10-07-2026 9:09:00,DESPACHO,DESPACHO,True
4190139989,NORMAL,Regiones,True,08-07-2026 12:41:20,10-07-2026 7:57:13,10-07-2026 7:57:13,10-07-2026 9:13:00,10-07-2026 9:13:00,,,10-07-2026 9:13:00,10-07-2026 9:13:00,DESPACHO,DESPACHO,True
1168070,NORMAL,Santiago,True,08-07-2026 10:30:21,13-07-2026 10:01:36,13-07-2026 10:01:36,13-07-2026 14:29:00,13-07-2026 14:29:00,,,13-07-2026 14:29:00,13-07-2026 14:29:00,DESPACHO,DESPACHO,True
4190139987,NORMAL,Regiones,True,07-07-2026 21:40:36,10-07-2026 7:56:51,10-07-2026 7:56:51,10-07-2026 9:14:00,10-07-2026 9:14:00,,,10-07-2026 9:14:00,10-07-2026 9:14:00,DESPACHO,DESPACHO,True
4190139985,NORMAL,Regiones,True,07-07-2026 21:16:07,10-07-2026 7:56:34,10-07-2026 7:56:34,10-07-2026 11:52:00,10-07-2026 11:52:00,,,10-07-2026 11:52:00,10-07-2026 11:52:00,DESPACHO,DESPACHO,True
4190139981,NORMAL,Regiones,True,07-07-2026 13:39:09,13-07-2026 10:01:41,13-07-2026 10:01:41,13-07-2026 10:37:00,13-07-2026 10:37:00,,,13-07-2026 10:37:00,13-07-2026 10:37:00,DESPACHO,DESPACHO,True
4190139980,NORMAL,Regiones,True,07-07-2026 13:37:26,10-07-2026 7:56:09,10-07-2026 7:56:09,10-07-2026 9:15:00,10-07-2026 9:15:00,,,10-07-2026 9:15:00,10-07-2026 9:15:00,DESPACHO,DESPACHO,True
4190139978,NORMAL,Regiones,True,07-07-2026 12:32:31,10-07-2026 7:59:23,10-07-2026 7:59:23,10-07-2026 11:53:00,10-07-2026 11:53:00,,,10-07-2026 11:53:00,10-07-2026 11:53:00,DESPACHO,DESPACHO,True
4190139976,NORMAL,Regiones,True,06-07-2026 23:50:32,13-07-2026 8:33:54,13-07-2026 8:33:54,13-07-2026 10:01:00,13-07-2026 10:01:00,,,13-07-2026 10:01:00,13-07-2026 10:01:00,DESPACHO,DESPACHO,True
4190139974,NORMAL,Regiones,True,06-07-2026 22:29:01,13-07-2026 8:32:34,13-07-2026 8:32:34,13-07-2026 10:03:00,13-07-2026 10:03:00,,,13-07-2026 10:03:00,13-07-2026 10:03:00,DESPACHO,DESPACHO,True
4190139973,NORMAL,Regiones,True,06-07-2026 21:27:19,13-07-2026 8:32:12,13-07-2026 8:32:12,13-07-2026 10:04:00,13-07-2026 10:04:00,,,13-07-2026 10:04:00,13-07-2026 10:04:00,DESPACHO,DESPACHO,True
1168046,NORMAL,Regiones,True,06-07-2026 19:25:21,13-07-2026 8:29:37,13-07-2026 8:29:37,13-07-2026 10:09:00,13-07-2026 10:09:00,,,13-07-2026 10:09:00,13-07-2026 10:09:00,DESPACHO,DESPACHO,True
4190139970,NORMAL,Regiones,True,06-07-2026 16:27:04,08-07-2026 7:49:05,08-07-2026 7:49:05,08-07-2026 8:07:00,08-07-2026 8:07:00,,,08-07-2026 8:07:00,08-07-2026 8:07:00,DESPACHO,DESPACHO,True
1168029,NORMAL,Regiones,True,06-07-2026 10:55:18,13-07-2026 11:58:39,13-07-2026 11:58:39,13-07-2026 13:01:00,13-07-2026 13:01:00,,,13-07-2026 13:01:00,13-07-2026 13:01:00,DESPACHO,DESPACHO,True
1168028,NORMAL,Regiones,True,06-07-2026 9:39:40,10-07-2026 10:16:08,10-07-2026 10:16:08,10-07-2026 11:03:00,10-07-2026 11:03:00,,,10-07-2026 11:03:00,10-07-2026 11:03:00,DESPACHO,DESPACHO,True
4190139960,NORMAL,Regiones,True,03-07-2026 18:31:55,10-07-2026 7:58:21,10-07-2026 7:58:21,10-07-2026 9:10:00,10-07-2026 9:10:00,,,10-07-2026 9:10:00,10-07-2026 9:10:00,DESPACHO,DESPACHO,True
4190139959,NORMAL,Regiones,True,03-07-2026 18:17:43,08-07-2026 0:00:00,08-07-2026 0:00:00,08-07-2026 14:25:00,08-07-2026 14:25:00,,,08-07-2026 14:25:00,08-07-2026 14:25:00,DESPACHO,DESPACHO,True
4190139955,NORMAL,Regiones,True,03-07-2026 11:11:48,06-07-2026 12:42:14,06-07-2026 12:42:14,06-07-2026 14:26:00,06-07-2026 14:26:00,,,06-07-2026 14:26:00,06-07-2026 14:26:00,DESPACHO,DESPACHO,True
4190139954,NORMAL,Regiones,True,03-07-2026 11:04:36,08-07-2026 9:48:34,08-07-2026 9:48:34,08-07-2026 13:09:00,08-07-2026 13:09:00,,,08-07-2026 13:09:00,08-07-2026 13:09:00,DESPACHO,DESPACHO,True
4190139956,NORMAL,Regiones,True,03-07-2026 0:00:00,08-07-2026 0:00:00,08-07-2026 0:00:00,08-07-2026 14:26:00,08-07-2026 14:26:00,,,08-07-2026 14:26:00,08-07-2026 14:26:00,DESPACHO,DESPACHO,True
1167327,NORMAL,Regiones,True,24-06-2026 1:41:34,25-06-2026 12:37:37,25-06-2026 12:37:37,25-06-2026 14:57:00,25-06-2026 14:57:00,,,25-06-2026 14:57:00,25-06-2026 14:57:00,DESPACHO,DESPACHO,True
1167325,NORMAL,Regiones,True,24-06-2026 1:21:37,30-06-2026 12:10:38,30-06-2026 12:10:38,30-06-2026 12:37:00,30-06-2026 12:37:00,,,30-06-2026 12:37:00,30-06-2026 12:37:00,DESPACHO,DESPACHO,True
4190139847,NORMAL,Regiones,True,23-06-2026 23:32:20,25-06-2026 12:35:51,25-06-2026 12:35:51,25-06-2026 14:56:00,25-06-2026 14:56:00,,,25-06-2026 14:56:00,25-06-2026 14:56:00,DESPACHO,DESPACHO,True
4190139841,NORMAL,Regiones,True,23-06-2026 17:59:27,25-06-2026 12:53:06,25-06-2026 12:53:06,25-06-2026 14:57:00,25-06-2026 14:57:00,,,25-06-2026 14:57:00,25-06-2026 14:57:00,DESPACHO,DESPACHO,True
4190139836,NORMAL,Regiones,True,23-06-2026 12:21:22,30-06-2026 12:10:55,30-06-2026 12:10:55,30-06-2026 12:40:00,30-06-2026 12:40:00,,,30-06-2026 12:40:00,30-06-2026 12:40:00,DESPACHO,DESPACHO,True
4190139790,NORMAL,Regiones,True,22-06-2026 14:51:56,24-06-2026 9:30:28,24-06-2026 9:30:28,24-06-2026 11:10:00,24-06-2026 11:10:00,,,24-06-2026 11:10:00,24-06-2026 11:10:00,DESPACHO,DESPACHO,True
4190139782,NORMAL,Regiones,True,22-06-2026 12:15:57,24-06-2026 10:57:37,24-06-2026 10:57:37,24-06-2026 12:52:00,24-06-2026 12:52:00,,,24-06-2026 12:52:00,24-06-2026 12:52:00,DESPACHO,DESPACHO,True
4190139781,NORMAL,Regiones,True,22-06-2026 12:11:51,24-06-2026 10:54:22,24-06-2026 10:54:22,24-06-2026 12:45:00,24-06-2026 12:45:00,,,24-06-2026 12:45:00,24-06-2026 12:45:00,DESPACHO,DESPACHO,True
4190139780,NORMAL,Regiones,True,22-06-2026 11:57:09,24-06-2026 10:54:45,24-06-2026 10:54:45,24-06-2026 12:47:00,24-06-2026 12:47:00,,,24-06-2026 12:47:00,24-06-2026 12:47:00,DESPACHO,DESPACHO,True
4190139794,NORMAL,Regiones,True,22-06-2026 0:00:00,24-06-2026 9:30:35,24-06-2026 9:30:35,24-06-2026 11:13:00,24-06-2026 11:13:00,,,24-06-2026 11:13:00,24-06-2026 11:13:00,DESPACHO,DESPACHO,True
4190139773,NORMAL,Regiones,True,19-06-2026 11:02:49,24-06-2026 10:57:33,24-06-2026 10:57:33,24-06-2026 12:54:00,24-06-2026 12:54:00,,,24-06-2026 12:54:00,24-06-2026 12:54:00,DESPACHO,DESPACHO,True
4190139774,NORMAL,Regiones,True,19-06-2026 0:00:00,23-06-2026 8:32:22,23-06-2026 8:32:22,23-06-2026 8:37:00,23-06-2026 8:37:00,,,23-06-2026 8:37:00,23-06-2026 8:37:00,DESPACHO,DESPACHO,True
4190139770,NORMAL,Regiones,True,19-06-2026 0:00:00,23-06-2026 9:53:50,23-06-2026 9:53:50,23-06-2026 10:50:00,23-06-2026 10:50:00,,,23-06-2026 10:50:00,23-06-2026 10:50:00,DESPACHO,DESPACHO,True
4190139766,NORMAL,Regiones,True,18-06-2026 20:01:41,22-06-2026 9:42:05,22-06-2026 9:42:05,22-06-2026 16:34:00,22-06-2026 16:34:00,,,22-06-2026 16:34:00,22-06-2026 16:34:00,DESPACHO,DESPACHO,True
4190139764,NORMAL,Regiones,True,18-06-2026 19:45:44,23-06-2026 9:54:07,23-06-2026 9:54:07,23-06-2026 10:51:00,23-06-2026 10:51:00,,,23-06-2026 10:51:00,23-06-2026 10:51:00,DESPACHO,DESPACHO,True
4190139762,NORMAL,Regiones,True,18-06-2026 16:50:59,22-06-2026 11:43:12,22-06-2026 11:43:12,22-06-2026 16:33:00,22-06-2026 16:33:00,,,22-06-2026 16:33:00,22-06-2026 16:33:00,DESPACHO,DESPACHO,True
4190139758,NORMAL,Santiago,True,18-06-2026 16:20:57,23-06-2026 9:54:22,23-06-2026 9:54:22,23-06-2026 10:52:00,23-06-2026 10:52:00,,,23-06-2026 10:52:00,23-06-2026 10:52:00,DESPACHO,DESPACHO,True
4190139757,NORMAL,Regiones,True,18-06-2026 16:16:07,25-06-2026 12:37:16,25-06-2026 12:37:16,25-06-2026 14:58:00,25-06-2026 14:58:00,,,25-06-2026 14:58:00,25-06-2026 14:58:00,DESPACHO,DESPACHO,True
4190139755,NORMAL,Santiago,True,18-06-2026 15:53:42,23-06-2026 9:55:21,23-06-2026 9:55:21,23-06-2026 10:52:00,23-06-2026 10:52:00,,,23-06-2026 10:52:00,23-06-2026 10:52:00,DESPACHO,DESPACHO,True
4190139754,NORMAL,Regiones,True,18-06-2026 15:45:14,23-06-2026 9:57:20,23-06-2026 9:57:20,23-06-2026 10:54:00,23-06-2026 10:54:00,,,23-06-2026 10:54:00,23-06-2026 10:54:00,DESPACHO,DESPACHO,True
4190139744,NORMAL,Regiones,True,17-06-2026 21:48:57,23-06-2026 11:14:53,23-06-2026 11:14:53,23-06-2026 12:54:00,23-06-2026 12:54:00,,,23-06-2026 12:54:00,23-06-2026 12:54:00,DESPACHO,DESPACHO,True
1167226,NORMAL,Regiones,True,17-06-2026 10:53:42,24-06-2026 10:58:01,24-06-2026 10:58:01,24-06-2026 12:57:00,24-06-2026 12:57:00,,,24-06-2026 12:57:00,24-06-2026 12:57:00,DESPACHO,DESPACHO,True
4190139726,NORMAL,Regiones,True,16-06-2026 18:23:40,17-06-2026 0:00:00,17-06-2026 0:00:00,17-06-2026 16:09:00,17-06-2026 16:09:00,,,17-06-2026 16:09:00,17-06-2026 16:09:00,DESPACHO,DESPACHO,True
4190139723,NORMAL,Regiones,True,16-06-2026 16:45:44,17-06-2026 11:21:53,17-06-2026 11:21:53,17-06-2026 16:01:00,17-06-2026 16:01:00,,,17-06-2026 16:01:00,17-06-2026 16:01:00,DESPACHO,DESPACHO,True
4190139721,NORMAL,Regiones,True,16-06-2026 15:56:16,19-06-2026 9:01:00,19-06-2026 9:01:00,19-06-2026 11:21:00,19-06-2026 11:21:00,,,19-06-2026 11:21:00,19-06-2026 11:21:00,DESPACHO,DESPACHO,True
4190139715,NORMAL,Regiones,True,16-06-2026 12:43:54,23-06-2026 11:03:38,23-06-2026 11:03:38,23-06-2026 11:26:00,23-06-2026 11:26:00,,,23-06-2026 11:26:00,23-06-2026 11:26:00,DESPACHO,DESPACHO,True
4190139714,NORMAL,Regiones,True,16-06-2026 10:36:05,16-06-2026 14:30:12,16-06-2026 14:30:12,16-06-2026 14:44:00,16-06-2026 14:44:00,,,16-06-2026 14:44:00,16-06-2026 14:44:00,DESPACHO,DESPACHO,True
4190139711,NORMAL,Regiones,True,15-06-2026 21:55:54,16-06-2026 11:40:30,16-06-2026 11:40:30,16-06-2026 15:44:00,16-06-2026 15:44:00,,,16-06-2026 15:44:00,16-06-2026 15:44:00,DESPACHO,DESPACHO,True
4190139704,NORMAL,Regiones,True,15-06-2026 17:27:21,18-06-2026 11:03:58,18-06-2026 11:03:58,18-06-2026 16:11:00,18-06-2026 16:11:00,,,18-06-2026 16:11:00,18-06-2026 16:11:00,DESPACHO,DESPACHO,True
4190139702,NORMAL,Regiones,True,15-06-2026 16:08:51,16-06-2026 12:29:33,16-06-2026 12:29:33,16-06-2026 14:31:00,16-06-2026 14:31:00,,,16-06-2026 14:31:00,16-06-2026 14:31:00,DESPACHO,DESPACHO,True
4190139698,NORMAL,Regiones,True,15-06-2026 10:11:45,16-06-2026 9:58:11,16-06-2026 9:58:11,16-06-2026 15:13:00,16-06-2026 15:13:00,,,16-06-2026 15:13:00,16-06-2026 15:13:00,DESPACHO,DESPACHO,True
4190139710,NORMAL,Regiones,True,15-06-2026 0:00:00,16-06-2026 12:56:25,16-06-2026 12:56:25,16-06-2026 14:24:00,16-06-2026 14:24:00,,,16-06-2026 14:24:00,16-06-2026 14:24:00,DESPACHO,DESPACHO,True
4190139694,NORMAL,Regiones,True,14-06-2026 22:39:49,15-06-2026 12:44:14,15-06-2026 12:44:14,15-06-2026 14:16:00,15-06-2026 14:16:00,,,15-06-2026 14:16:00,15-06-2026 14:16:00,DESPACHO,DESPACHO,True
4190139693,NORMAL,Regiones,True,13-06-2026 18:28:35,15-06-2026 12:15:36,15-06-2026 12:15:36,15-06-2026 12:36:00,15-06-2026 12:36:00,,,15-06-2026 12:36:00,15-06-2026 12:36:00,DESPACHO,DESPACHO,True
4190139692,NORMAL,Regiones,True,12-06-2026 17:53:27,16-06-2026 0:00:00,16-06-2026 0:00:00,16-06-2026 14:22:00,16-06-2026 14:22:00,,,16-06-2026 14:22:00,16-06-2026 14:22:00,DESPACHO,DESPACHO,True
4190139690,NORMAL,Regiones,True,12-06-2026 15:22:46,16-06-2026 10:07:56,16-06-2026 10:07:56,16-06-2026 15:00:00,16-06-2026 15:00:00,,,16-06-2026 15:00:00,16-06-2026 15:00:00,DESPACHO,DESPACHO,True
4190139686,NORMAL,Regiones,True,12-06-2026 12:48:00,15-06-2026 11:39:51,15-06-2026 11:39:51,15-06-2026 12:07:00,15-06-2026 12:07:00,,,15-06-2026 12:07:00,15-06-2026 12:07:00,DESPACHO,DESPACHO,True
4190139683,NORMAL,Regiones,True,12-06-2026 12:16:28,17-06-2026 9:59:25,17-06-2026 9:59:25,17-06-2026 15:50:00,17-06-2026 15:50:00,,,17-06-2026 15:50:00,17-06-2026 15:50:00,DESPACHO,DESPACHO,True
4190139687,NORMAL,Regiones,True,12-06-2026 0:00:00,15-06-2026 13:48:12,15-06-2026 13:48:12,15-06-2026 14:19:00,15-06-2026 14:19:00,,,15-06-2026 14:19:00,15-06-2026 14:19:00,DESPACHO,DESPACHO,True
4190139677,NORMAL,Regiones,True,11-06-2026 19:49:43,15-06-2026 12:51:12,15-06-2026 12:51:12,15-06-2026 14:18:00,15-06-2026 14:18:00,,,15-06-2026 14:18:00,15-06-2026 14:18:00,DESPACHO,DESPACHO,True
4190139675,NORMAL,Regiones,True,11-06-2026 19:34:16,15-06-2026 11:40:22,15-06-2026 11:40:22,15-06-2026 12:03:00,15-06-2026 12:03:00,,,15-06-2026 12:03:00,15-06-2026 12:03:00,DESPACHO,DESPACHO,True
1167148,NORMAL,Santiago,True,11-06-2026 18:20:11,15-06-2026 11:40:08,15-06-2026 11:40:08,15-06-2026 12:04:00,15-06-2026 12:04:00,,,15-06-2026 12:04:00,15-06-2026 12:04:00,DESPACHO,DESPACHO,True
4190139655,NORMAL,Regiones,True,11-06-2026 9:14:14,18-06-2026 0:00:00,18-06-2026 0:00:00,18-06-2026 16:05:00,18-06-2026 16:05:00,,,18-06-2026 16:05:00,18-06-2026 16:05:00,DESPACHO,DESPACHO,True
4190139653,NORMAL,Regiones,True,11-06-2026 9:11:46,15-06-2026 10:15:35,15-06-2026 10:15:35,15-06-2026 11:48:00,15-06-2026 11:48:00,,,15-06-2026 11:48:00,15-06-2026 11:48:00,DESPACHO,DESPACHO,True
4190139646,NORMAL,Regiones,True,11-06-2026 8:58:18,12-06-2026 10:17:51,12-06-2026 10:17:51,12-06-2026 11:54:00,12-06-2026 11:54:00,,,12-06-2026 11:54:00,12-06-2026 11:54:00,DESPACHO,DESPACHO,True
4190139680,NORMAL,Regiones,True,11-06-2026 0:00:00,15-06-2026 11:40:23,15-06-2026 11:40:23,15-06-2026 12:01:00,15-06-2026 12:01:00,,,15-06-2026 12:01:00,15-06-2026 12:01:00,DESPACHO,DESPACHO,True
4190139679,NORMAL,Regiones,True,11-06-2026 0:00:00,15-06-2026 11:40:36,15-06-2026 11:40:36,15-06-2026 12:02:00,15-06-2026 12:02:00,,,15-06-2026 12:02:00,15-06-2026 12:02:00,DESPACHO,DESPACHO,True
4190139634,NORMAL,Regiones,True,09-06-2026 22:23:59,10-06-2026 12:26:02,10-06-2026 12:26:02,10-06-2026 14:34:00,10-06-2026 14:34:00,,,10-06-2026 14:34:00,10-06-2026 14:34:00,DESPACHO,DESPACHO,True
4190139630,NORMAL,Regiones,True,09-06-2026 19:30:12,11-06-2026 0:00:00,11-06-2026 0:00:00,11-06-2026 13:01:00,11-06-2026 13:01:00,,,11-06-2026 13:01:00,11-06-2026 13:01:00,DESPACHO,DESPACHO,True
4190139618,NORMAL,Regiones,True,09-06-2026 9:53:57,15-06-2026 10:02:37,15-06-2026 10:02:37,15-06-2026 11:50:00,15-06-2026 11:50:00,,,15-06-2026 11:50:00,15-06-2026 11:50:00,DESPACHO,DESPACHO,True
4190139612,NORMAL,Regiones,True,08-06-2026 18:26:47,10-06-2026 11:21:34,10-06-2026 11:21:34,10-06-2026 13:32:00,10-06-2026 13:32:00,,,10-06-2026 13:32:00,10-06-2026 13:32:00,DESPACHO,DESPACHO,True
4190139608,NORMAL,Regiones,True,08-06-2026 16:26:29,10-06-2026 11:21:23,10-06-2026 11:21:23,10-06-2026 13:43:00,10-06-2026 13:43:00,,,10-06-2026 13:43:00,10-06-2026 13:43:00,DESPACHO,DESPACHO,True
4190139606,NORMAL,Regiones,True,08-06-2026 15:52:03,10-06-2026 11:21:11,10-06-2026 11:21:11,10-06-2026 13:38:00,10-06-2026 13:38:00,,,10-06-2026 13:38:00,10-06-2026 13:38:00,DESPACHO,DESPACHO,True
4190139604,NORMAL,Regiones,True,08-06-2026 15:48:40,09-06-2026 12:22:45,09-06-2026 12:22:45,09-06-2026 15:25:00,09-06-2026 15:25:00,,,09-06-2026 15:25:00,09-06-2026 15:25:00,DESPACHO,DESPACHO,True
4190139600,NORMAL,Regiones,True,08-06-2026 15:34:50,09-06-2026 9:25:25,09-06-2026 9:25:25,09-06-2026 13:03:00,09-06-2026 13:03:00,,,09-06-2026 13:03:00,09-06-2026 13:03:00,DESPACHO,DESPACHO,True
4190139599,NORMAL,Regiones,True,08-06-2026 15:31:36,10-06-2026 11:21:06,10-06-2026 11:21:06,10-06-2026 13:34:00,10-06-2026 13:34:00,,,10-06-2026 13:34:00,10-06-2026 13:34:00,DESPACHO,DESPACHO,True
4190139597,NORMAL,Regiones,True,06-06-2026 20:05:46,09-06-2026 11:13:43,09-06-2026 11:13:43,09-06-2026 13:23:00,09-06-2026 13:23:00,,,09-06-2026 13:23:00,09-06-2026 13:23:00,DESPACHO,DESPACHO,True
4190139593,NORMAL,Santiago,True,04-06-2026 17:47:55,05-06-2026 12:45:03,05-06-2026 12:45:03,05-06-2026 12:59:00,05-06-2026 12:59:00,,,05-06-2026 12:59:00,05-06-2026 12:59:00,DESPACHO,DESPACHO,True
4190139592,NORMAL,Regiones,True,04-06-2026 17:36:11,08-06-2026 9:40:26,08-06-2026 9:40:26,08-06-2026 16:13:00,08-06-2026 16:13:00,,,08-06-2026 16:13:00,08-06-2026 16:13:00,DESPACHO,DESPACHO,True
4190139590,NORMAL,Regiones,True,04-06-2026 16:31:25,05-06-2026 12:44:52,05-06-2026 12:44:52,05-06-2026 13:01:00,05-06-2026 13:01:00,,,05-06-2026 13:01:00,05-06-2026 13:01:00,DESPACHO,DESPACHO,True
4190139587,NORMAL,Regiones,True,04-06-2026 16:04:44,08-06-2026 11:33:31,08-06-2026 11:33:31,08-06-2026 16:16:00,08-06-2026 16:16:00,,,08-06-2026 16:16:00,08-06-2026 16:16:00,DESPACHO,DESPACHO,True
4190139583,NORMAL,Regiones,True,04-06-2026 14:15:03,10-06-2026 9:09:52,10-06-2026 9:09:52,10-06-2026 13:00:00,10-06-2026 13:00:00,,,10-06-2026 13:00:00,10-06-2026 13:00:00,DESPACHO,DESPACHO,True
4190139582,NORMAL,Regiones,True,04-06-2026 13:38:50,08-06-2026 9:40:15,08-06-2026 9:40:15,08-06-2026 16:02:00,08-06-2026 16:02:00,,,08-06-2026 16:02:00,08-06-2026 16:02:00,DESPACHO,DESPACHO,True
4190139594,NORMAL,Regiones,True,04-06-2026 0:00:00,05-06-2026 12:45:08,05-06-2026 12:45:08,05-06-2026 12:59:00,05-06-2026 12:59:00,,,05-06-2026 12:59:00,05-06-2026 12:59:00,DESPACHO,DESPACHO,True
4190139578,NORMAL,Regiones,True,03-06-2026 17:08:00,05-06-2026 10:44:09,05-06-2026 10:44:09,05-06-2026 11:19:00,05-06-2026 11:19:00,,,05-06-2026 11:19:00,05-06-2026 11:19:00,DESPACHO,DESPACHO,True
4190139577,NORMAL,Regiones,True,03-06-2026 16:59:47,05-06-2026 9:34:23,05-06-2026 9:34:23,05-06-2026 10:05:00,05-06-2026 10:05:00,,,05-06-2026 10:05:00,05-06-2026 10:05:00,DESPACHO,DESPACHO,True
4190139576,NORMAL,Regiones,True,03-06-2026 16:23:34,09-06-2026 9:36:48,09-06-2026 9:36:48,09-06-2026 13:08:00,09-06-2026 13:08:00,,,09-06-2026 13:08:00,09-06-2026 13:08:00,DESPACHO,DESPACHO,True
4190139575,NORMAL,Regiones,True,03-06-2026 16:17:21,05-06-2026 10:51:35,05-06-2026 10:51:35,05-06-2026 11:20:00,05-06-2026 11:20:00,,,05-06-2026 11:20:00,05-06-2026 11:20:00,DESPACHO,DESPACHO,True
4190139571,NORMAL,Regiones,True,03-06-2026 14:33:43,05-06-2026 9:34:17,05-06-2026 9:34:17,05-06-2026 10:04:00,05-06-2026 10:04:00,,,05-06-2026 10:04:00,05-06-2026 10:04:00,DESPACHO,DESPACHO,True
4190139570,NORMAL,Regiones,True,03-06-2026 13:36:30,05-06-2026 10:57:55,05-06-2026 10:57:55,05-06-2026 11:20:00,05-06-2026 11:20:00,,,05-06-2026 11:20:00,05-06-2026 11:20:00,DESPACHO,DESPACHO,True
4190139569,NORMAL,Regiones,True,03-06-2026 12:19:18,05-06-2026 9:34:13,05-06-2026 9:34:13,05-06-2026 12:14:00,05-06-2026 12:14:00,,,05-06-2026 12:14:00,05-06-2026 12:14:00,DESPACHO,DESPACHO,True
1167052,NORMAL,Regiones,True,03-06-2026 0:00:00,05-06-2026 9:16:10,05-06-2026 9:16:10,05-06-2026 12:16:00,05-06-2026 12:16:00,,,05-06-2026 12:16:00,05-06-2026 12:16:00,DESPACHO,DESPACHO,True
4190139566,NORMAL,Regiones,True,02-06-2026 18:59:29,05-06-2026 9:21:36,05-06-2026 9:21:36,05-06-2026 10:02:00,05-06-2026 10:02:00,,,05-06-2026 10:02:00,05-06-2026 10:02:00,DESPACHO,DESPACHO,True
4190139561,NORMAL,Regiones,True,02-06-2026 13:52:17,05-06-2026 0:00:00,05-06-2026 0:00:00,05-06-2026 12:24:00,05-06-2026 12:24:00,,,05-06-2026 12:24:00,05-06-2026 12:24:00,DESPACHO,DESPACHO,True
4190139558,NORMAL,Regiones,True,02-06-2026 11:51:37,04-06-2026 14:37:33,04-06-2026 14:37:33,04-06-2026 14:52:00,04-06-2026 14:52:00,,,04-06-2026 14:52:00,04-06-2026 14:52:00,DESPACHO,DESPACHO,True
4190139557,NORMAL,Regiones,True,02-06-2026 11:37:23,05-06-2026 9:55:32,05-06-2026 9:55:32,05-06-2026 10:09:00,05-06-2026 10:09:00,,,05-06-2026 10:09:00,05-06-2026 10:09:00,DESPACHO,DESPACHO,True
4190139565,NORMAL,Regiones,True,02-06-2026 0:00:00,04-06-2026 13:47:55,04-06-2026 13:47:55,04-06-2026 14:35:00,04-06-2026 14:35:00,,,04-06-2026 14:35:00,04-06-2026 14:35:00,DESPACHO,DESPACHO,True
4190139555,NORMAL,Regiones,True,01-06-2026 20:59:45,04-06-2026 14:37:13,04-06-2026 14:37:13,04-06-2026 14:53:00,04-06-2026 14:53:00,,,04-06-2026 14:53:00,04-06-2026 14:53:00,DESPACHO,DESPACHO,True
4190139544,NORMAL,Regiones,True,01-06-2026 13:57:01,05-06-2026 12:48:13,05-06-2026 12:48:13,05-06-2026 13:00:00,05-06-2026 13:00:00,,,05-06-2026 13:00:00,05-06-2026 13:00:00,DESPACHO,DESPACHO,True
4190139543,NORMAL,Regiones,True,01-06-2026 13:24:47,05-06-2026 12:47:10,05-06-2026 12:47:10,05-06-2026 13:02:00,05-06-2026 13:02:00,,,05-06-2026 13:02:00,05-06-2026 13:02:00,DESPACHO,DESPACHO,True
4190139532,NORMAL,Regiones,True,31-05-2026 11:21:53,04-06-2026 14:38:40,04-06-2026 14:38:40,04-06-2026 14:48:00,04-06-2026 14:48:00,,,04-06-2026 14:48:00,04-06-2026 14:48:00,DESPACHO,DESPACHO,True
4190139463,NORMAL,Regiones,True,26-05-2026 21:16:53,28-05-2026 12:08:47,28-05-2026 12:08:47,28-05-2026 13:05:00,28-05-2026 13:05:00,,,28-05-2026 13:05:00,28-05-2026 13:05:00,DESPACHO,DESPACHO,True
4190139459,NORMAL,Regiones,True,26-05-2026 19:30:12,28-05-2026 12:09:34,28-05-2026 12:09:34,28-05-2026 16:08:00,28-05-2026 16:08:00,,,28-05-2026 16:08:00,28-05-2026 16:08:00,DESPACHO,DESPACHO,True
4190139458,NORMAL,Regiones,True,26-05-2026 18:30:55,28-05-2026 0:00:00,28-05-2026 0:00:00,28-05-2026 12:56:00,28-05-2026 12:56:00,,,28-05-2026 12:56:00,28-05-2026 12:56:00,DESPACHO,DESPACHO,True
4190139454,NORMAL,Regiones,True,26-05-2026 15:59:57,27-05-2026 11:03:46,27-05-2026 11:03:46,27-05-2026 11:56:00,27-05-2026 11:56:00,,,27-05-2026 11:56:00,27-05-2026 11:56:00,DESPACHO,DESPACHO,True
4190139452,NORMAL,Regiones,True,26-05-2026 15:31:27,27-05-2026 10:46:54,27-05-2026 10:46:54,27-05-2026 11:55:00,27-05-2026 11:55:00,,,27-05-2026 11:55:00,27-05-2026 11:55:00,DESPACHO,DESPACHO,True
4190139440,NORMAL,Regiones,True,25-05-2026 21:30:20,27-05-2026 12:06:40,27-05-2026 12:06:40,27-05-2026 15:16:00,27-05-2026 15:16:00,,,27-05-2026 15:16:00,27-05-2026 15:16:00,DESPACHO,DESPACHO,True
4190139436,NORMAL,Regiones,True,25-05-2026 17:39:07,27-05-2026 12:06:34,27-05-2026 12:06:34,27-05-2026 15:18:00,27-05-2026 15:18:00,,,27-05-2026 15:18:00,27-05-2026 15:18:00,DESPACHO,DESPACHO,True
4190139428,NORMAL,Regiones,True,25-05-2026 11:59:14,27-05-2026 9:31:27,27-05-2026 9:31:27,27-05-2026 10:48:00,27-05-2026 10:48:00,,,27-05-2026 10:48:00,27-05-2026 10:48:00,DESPACHO,DESPACHO,True
4190139427,NORMAL,Regiones,True,25-05-2026 11:51:02,27-05-2026 9:26:43,27-05-2026 9:26:43,27-05-2026 15:29:00,27-05-2026 15:29:00,,,27-05-2026 15:29:00,27-05-2026 15:29:00,DESPACHO,DESPACHO,True
4190139425,NORMAL,Regiones,True,25-05-2026 10:24:34,27-05-2026 9:42:16,27-05-2026 9:42:16,27-05-2026 15:28:00,27-05-2026 15:28:00,,,27-05-2026 15:28:00,27-05-2026 15:28:00,DESPACHO,DESPACHO,True
4190139422,NORMAL,Regiones,True,25-05-2026 9:42:11,25-05-2026 11:47:55,25-05-2026 11:47:55,25-05-2026 12:45:00,25-05-2026 12:45:00,,,25-05-2026 12:45:00,25-05-2026 12:45:00,DESPACHO,DESPACHO,True
4190139411,NORMAL,Regiones,True,22-05-2026 14:46:04,28-05-2026 12:39:11,28-05-2026 12:39:11,28-05-2026 16:10:00,28-05-2026 16:10:00,,,28-05-2026 16:10:00,28-05-2026 16:10:00,DESPACHO,DESPACHO,True
4190139402,NORMAL,Regiones,True,20-05-2026 17:23:20,25-05-2026 10:29:40,25-05-2026 10:29:40,25-05-2026 15:00:00,25-05-2026 15:00:00,,,25-05-2026 15:00:00,25-05-2026 15:00:00,DESPACHO,DESPACHO,True
1166607,NORMAL,Regiones,True,20-05-2026 12:17:22,25-05-2026 13:46:06,25-05-2026 13:46:06,25-05-2026 14:12:00,25-05-2026 14:12:00,,,25-05-2026 14:12:00,25-05-2026 14:12:00,DESPACHO,DESPACHO,True
1166598,NORMAL,Regiones,True,20-05-2026 9:58:48,20-05-2026 14:31:09,20-05-2026 14:31:09,20-05-2026 15:38:00,20-05-2026 15:38:00,,,20-05-2026 15:38:00,20-05-2026 15:38:00,DESPACHO,DESPACHO,True
4190139386,NORMAL,Regiones,True,19-05-2026 23:36:21,20-05-2026 14:31:20,20-05-2026 14:31:20,20-05-2026 15:00:00,20-05-2026 15:00:00,,,20-05-2026 15:00:00,20-05-2026 15:00:00,DESPACHO,DESPACHO,True
4190139385,NORMAL,Regiones,True,19-05-2026 21:04:58,20-05-2026 14:33:27,20-05-2026 14:33:27,20-05-2026 15:09:00,20-05-2026 15:09:00,,,20-05-2026 15:09:00,20-05-2026 15:09:00,DESPACHO,DESPACHO,True
4190139371,NORMAL,Regiones,True,18-05-2026 22:37:04,20-05-2026 14:31:15,20-05-2026 14:31:15,20-05-2026 15:01:00,20-05-2026 15:01:00,,,20-05-2026 15:01:00,20-05-2026 15:01:00,DESPACHO,DESPACHO,True
1166563,NORMAL,Regiones,True,18-05-2026 10:38:11,19-05-2026 13:50:21,19-05-2026 13:50:21,19-05-2026 16:21:00,19-05-2026 16:21:00,,,19-05-2026 16:21:00,19-05-2026 16:21:00,DESPACHO,DESPACHO,True
1166574,NORMAL,Regiones,True,18-05-2026 0:00:00,18-05-2026 15:51:36,18-05-2026 15:51:36,18-05-2026 15:51:36,18-05-2026 15:51:36,,,18-05-2026 15:51:36,18-05-2026 15:51:36,DESPACHO,DESPACHO,True
4190139354,NORMAL,Regiones,True,15-05-2026 15:56:53,20-05-2026 10:31:50,20-05-2026 10:31:50,20-05-2026 11:50:00,20-05-2026 11:50:00,,,20-05-2026 11:50:00,20-05-2026 11:50:00,DESPACHO,DESPACHO,True
4190139352,NORMAL,Regiones,True,15-05-2026 14:28:24,20-05-2026 14:30:51,20-05-2026 14:30:51,20-05-2026 15:02:00,20-05-2026 15:02:00,,,20-05-2026 15:02:00,20-05-2026 15:02:00,DESPACHO,DESPACHO,True
1166549,NORMAL,Regiones,True,15-05-2026 11:50:42,18-05-2026 12:54:23,18-05-2026 12:54:23,18-05-2026 16:35:00,18-05-2026 16:35:00,,,18-05-2026 16:35:00,18-05-2026 16:35:00,DESPACHO,DESPACHO,True
1166541,NORMAL,Regiones,True,14-05-2026 22:29:28,20-05-2026 11:26:45,20-05-2026 11:26:45,20-05-2026 11:45:00,20-05-2026 11:45:00,,,20-05-2026 11:45:00,20-05-2026 11:45:00,DESPACHO,DESPACHO,True
4190139343,NORMAL,Regiones,True,14-05-2026 20:39:05,18-05-2026 0:00:00,18-05-2026 0:00:00,18-05-2026 10:09:00,18-05-2026 10:09:00,,,18-05-2026 10:09:00,18-05-2026 10:09:00,DESPACHO,DESPACHO,True
4190139342,NORMAL,Regiones,True,14-05-2026 20:34:52,15-05-2026 0:00:00,15-05-2026 0:00:00,15-05-2026 12:50:00,15-05-2026 12:50:00,,,15-05-2026 12:50:00,15-05-2026 12:50:00,DESPACHO,DESPACHO,True
4190139338,NORMAL,Regiones,True,14-05-2026 15:07:54,20-05-2026 14:30:16,20-05-2026 14:30:16,20-05-2026 15:00:00,20-05-2026 15:00:00,,,20-05-2026 15:00:00,20-05-2026 15:00:00,DESPACHO,DESPACHO,True
4190139332,NORMAL,Regiones,True,14-05-2026 11:00:16,15-05-2026 0:00:00,15-05-2026 0:00:00,15-05-2026 12:43:00,15-05-2026 12:43:00,,,15-05-2026 12:43:00,15-05-2026 12:43:00,DESPACHO,DESPACHO,True
4190139325,NORMAL,Regiones,True,13-05-2026 12:30:07,15-05-2026 11:09:31,15-05-2026 11:09:31,15-05-2026 11:46:00,15-05-2026 11:46:00,,,15-05-2026 11:46:00,15-05-2026 11:46:00,DESPACHO,DESPACHO,True
4190139322,NORMAL,Regiones,True,13-05-2026 11:41:25,15-05-2026 0:00:00,15-05-2026 0:00:00,15-05-2026 11:39:00,15-05-2026 11:39:00,,,15-05-2026 11:39:00,15-05-2026 11:39:00,DESPACHO,DESPACHO,True
4190139329,NORMAL,Regiones,True,13-05-2026 0:00:00,15-05-2026 0:00:00,15-05-2026 0:00:00,15-05-2026 12:44:00,15-05-2026 12:44:00,,,15-05-2026 12:44:00,15-05-2026 12:44:00,DESPACHO,DESPACHO,True
4190139315,NORMAL,Regiones,True,12-05-2026 22:48:19,15-05-2026 0:00:00,15-05-2026 0:00:00,15-05-2026 12:47:00,15-05-2026 12:47:00,,,15-05-2026 12:47:00,15-05-2026 12:47:00,DESPACHO,DESPACHO,True
4190139308,NORMAL,Regiones,True,12-05-2026 14:38:39,14-05-2026 12:44:49,14-05-2026 12:44:49,14-05-2026 14:24:00,14-05-2026 14:24:00,,,14-05-2026 14:24:00,14-05-2026 14:24:00,DESPACHO,DESPACHO,True
4190139306,NORMAL,Regiones,True,12-05-2026 13:45:12,14-05-2026 0:00:00,14-05-2026 0:00:00,14-05-2026 11:50:00,14-05-2026 11:50:00,,,14-05-2026 11:50:00,14-05-2026 11:50:00,DESPACHO,DESPACHO,True
4190139305,NORMAL,Regiones,True,12-05-2026 11:51:57,14-05-2026 11:42:17,14-05-2026 11:42:17,14-05-2026 12:42:00,14-05-2026 12:42:00,,,14-05-2026 12:42:00,14-05-2026 12:42:00,DESPACHO,DESPACHO,True
4190139304,NORMAL,Regiones,True,11-05-2026 21:56:28,14-05-2026 0:00:00,14-05-2026 0:00:00,14-05-2026 12:49:00,14-05-2026 12:49:00,,,14-05-2026 12:49:00,14-05-2026 12:49:00,DESPACHO,DESPACHO,True
4190139298,NORMAL,Regiones,True,11-05-2026 13:26:08,13-05-2026 12:36:52,13-05-2026 12:36:52,13-05-2026 12:55:00,13-05-2026 12:55:00,,,13-05-2026 12:55:00,13-05-2026 12:55:00,DESPACHO,DESPACHO,True
4190139292,NORMAL,Regiones,True,11-05-2026 11:16:54,14-05-2026 10:58:14,14-05-2026 10:58:14,14-05-2026 15:11:00,14-05-2026 15:11:00,,,14-05-2026 15:11:00,14-05-2026 15:11:00,DESPACHO,DESPACHO,True
4190139291,NORMAL,Regiones,True,11-05-2026 10:49:43,15-05-2026 0:00:00,15-05-2026 0:00:00,15-05-2026 11:44:00,15-05-2026 11:44:00,,,15-05-2026 11:44:00,15-05-2026 11:44:00,DESPACHO,DESPACHO,True
4190139283,NORMAL,Regiones,True,08-05-2026 21:28:57,14-05-2026 0:00:00,14-05-2026 0:00:00,14-05-2026 15:27:00,14-05-2026 15:27:00,,,14-05-2026 15:27:00,14-05-2026 15:27:00,DESPACHO,DESPACHO,True
4190139282,NORMAL,Regiones,True,08-05-2026 20:49:43,14-05-2026 0:00:00,14-05-2026 0:00:00,14-05-2026 15:29:00,14-05-2026 15:29:00,,,14-05-2026 15:29:00,14-05-2026 15:29:00,DESPACHO,DESPACHO,True
4190139279,NORMAL,Regiones,True,08-05-2026 18:52:01,14-05-2026 15:00:54,14-05-2026 15:00:54,14-05-2026 15:30:00,14-05-2026 15:30:00,,,14-05-2026 15:30:00,14-05-2026 15:30:00,DESPACHO,DESPACHO,True
4190139278,NORMAL,Regiones,True,08-05-2026 18:34:50,14-05-2026 11:57:04,14-05-2026 11:57:04,14-05-2026 12:44:00,14-05-2026 12:44:00,,,14-05-2026 12:44:00,14-05-2026 12:44:00,DESPACHO,DESPACHO,True
4190139277,NORMAL,Regiones,True,08-05-2026 18:28:37,13-05-2026 12:37:22,13-05-2026 12:37:22,13-05-2026 12:57:00,13-05-2026 12:57:00,,,13-05-2026 12:57:00,13-05-2026 12:57:00,DESPACHO,DESPACHO,True
4190139275,NORMAL,Regiones,True,08-05-2026 18:04:57,14-05-2026 11:28:33,14-05-2026 11:28:33,14-05-2026 12:34:00,14-05-2026 12:34:00,,,14-05-2026 12:34:00,14-05-2026 12:34:00,DESPACHO,DESPACHO,True
4190139271,NORMAL,Regiones,True,08-05-2026 16:54:56,14-05-2026 14:58:52,14-05-2026 14:58:52,14-05-2026 15:34:00,14-05-2026 15:34:00,,,14-05-2026 15:34:00,14-05-2026 15:34:00,DESPACHO,DESPACHO,True
4190139270,NORMAL,Regiones,True,08-05-2026 16:53:31,14-05-2026 15:13:07,14-05-2026 15:13:07,14-05-2026 15:33:00,14-05-2026 15:33:00,,,14-05-2026 15:33:00,14-05-2026 15:33:00,DESPACHO,DESPACHO,True
4190139264,NORMAL,Regiones,True,08-05-2026 13:18:00,15-05-2026 12:10:56,15-05-2026 12:10:56,15-05-2026 12:45:00,15-05-2026 12:45:00,,,15-05-2026 12:45:00,15-05-2026 12:45:00,DESPACHO,DESPACHO,True
4190139263,NORMAL,Regiones,True,08-05-2026 12:53:49,14-05-2026 12:28:47,14-05-2026 12:28:47,14-05-2026 14:21:00,14-05-2026 14:21:00,,,14-05-2026 14:21:00,14-05-2026 14:21:00,DESPACHO,DESPACHO,True
4190139262,NORMAL,Regiones,True,08-05-2026 12:19:34,12-05-2026 11:49:37,12-05-2026 11:49:37,12-05-2026 12:16:00,12-05-2026 12:16:00,,,12-05-2026 12:16:00,12-05-2026 12:16:00,DESPACHO,DESPACHO,True
4190139261,NORMAL,Regiones,True,08-05-2026 12:16:13,14-05-2026 14:58:10,14-05-2026 14:58:10,14-05-2026 15:31:00,14-05-2026 15:31:00,,,14-05-2026 15:31:00,14-05-2026 15:31:00,DESPACHO,DESPACHO,True
4190139260,NORMAL,Regiones,True,08-05-2026 12:08:58,12-05-2026 14:46:46,12-05-2026 14:46:46,12-05-2026 15:09:00,12-05-2026 15:09:00,,,12-05-2026 15:09:00,12-05-2026 15:09:00,DESPACHO,DESPACHO,True
4190139259,NORMAL,Regiones,True,08-05-2026 10:56:43,12-05-2026 0:00:00,12-05-2026 0:00:00,12-05-2026 11:27:00,12-05-2026 11:27:00,,,12-05-2026 11:27:00,12-05-2026 11:27:00,DESPACHO,DESPACHO,True
4190139257,NORMAL,Regiones,True,07-05-2026 23:55:24,14-05-2026 11:57:20,14-05-2026 11:57:20,14-05-2026 12:45:00,14-05-2026 12:45:00,,,14-05-2026 12:45:00,14-05-2026 12:45:00,DESPACHO,DESPACHO,True
4190139253,NORMAL,Regiones,True,07-05-2026 21:54:57,12-05-2026 14:46:43,12-05-2026 14:46:43,12-05-2026 15:11:00,12-05-2026 15:11:00,,,12-05-2026 15:11:00,12-05-2026 15:11:00,DESPACHO,DESPACHO,True
4190139252,NORMAL,Regiones,True,07-05-2026 21:41:43,12-05-2026 0:00:00,12-05-2026 0:00:00,12-05-2026 11:26:00,12-05-2026 11:26:00,,,12-05-2026 11:26:00,12-05-2026 11:26:00,DESPACHO,DESPACHO,True
4190139251,NORMAL,Regiones,True,07-05-2026 21:33:27,11-05-2026 17:29:08,11-05-2026 17:29:08,11-05-2026 17:29:08,11-05-2026 17:29:08,,,11-05-2026 17:29:08,11-05-2026 17:29:08,DESPACHO,DESPACHO,True
4190139249,NORMAL,Regiones,True,07-05-2026 20:56:42,12-05-2026 10:53:31,12-05-2026 10:53:31,12-05-2026 11:24:00,12-05-2026 11:24:00,,,12-05-2026 11:24:00,12-05-2026 11:24:00,DESPACHO,DESPACHO,True
4190139247,NORMAL,Regiones,True,07-05-2026 17:42:15,12-05-2026 14:46:35,12-05-2026 14:46:35,12-05-2026 15:10:00,12-05-2026 15:10:00,,,12-05-2026 15:10:00,12-05-2026 15:10:00,DESPACHO,DESPACHO,True
4190139244,NORMAL,Regiones,True,07-05-2026 16:36:32,14-05-2026 12:29:08,14-05-2026 12:29:08,14-05-2026 13:15:00,14-05-2026 13:15:00,,,14-05-2026 13:15:00,14-05-2026 13:15:00,DESPACHO,DESPACHO,True
4190139243,NORMAL,Regiones,True,07-05-2026 15:56:20,14-05-2026 11:43:33,14-05-2026 11:43:33,14-05-2026 12:40:00,14-05-2026 12:40:00,,,14-05-2026 12:40:00,14-05-2026 12:40:00,DESPACHO,DESPACHO,True
4190139242,NORMAL,Regiones,True,07-05-2026 15:13:00,11-05-2026 0:00:00,11-05-2026 0:00:00,11-05-2026 16:15:00,11-05-2026 16:15:00,,,11-05-2026 16:15:00,11-05-2026 16:15:00,DESPACHO,DESPACHO,True
4190139241,NORMAL,Regiones,True,07-05-2026 15:01:46,12-05-2026 11:49:20,12-05-2026 11:49:20,12-05-2026 12:17:00,12-05-2026 12:17:00,,,12-05-2026 12:17:00,12-05-2026 12:17:00,DESPACHO,DESPACHO,True
4190139238,NORMAL,Regiones,True,07-05-2026 13:20:07,11-05-2026 13:57:24,11-05-2026 13:57:24,11-05-2026 16:10:00,11-05-2026 16:10:00,,,11-05-2026 16:10:00,11-05-2026 16:10:00,DESPACHO,DESPACHO,True
4190139237,NORMAL,Regiones,True,07-05-2026 13:02:48,12-05-2026 14:33:59,12-05-2026 14:33:59,12-05-2026 14:55:00,12-05-2026 14:55:00,,,12-05-2026 14:55:00,12-05-2026 14:55:00,DESPACHO,DESPACHO,True
4190139229,NORMAL,Regiones,True,07-05-2026 10:16:02,14-05-2026 11:42:09,14-05-2026 11:42:09,14-05-2026 12:43:00,14-05-2026 12:43:00,,,14-05-2026 12:43:00,14-05-2026 12:43:00,DESPACHO,DESPACHO,True
4190139228,NORMAL,Regiones,True,07-05-2026 10:11:49,12-05-2026 0:00:00,12-05-2026 0:00:00,12-05-2026 11:27:00,12-05-2026 11:27:00,,,12-05-2026 11:27:00,12-05-2026 11:27:00,DESPACHO,DESPACHO,True
4190139227,NORMAL,Regiones,True,06-05-2026 22:28:27,12-05-2026 10:52:59,12-05-2026 10:52:59,12-05-2026 11:23:00,12-05-2026 11:23:00,,,12-05-2026 11:23:00,12-05-2026 11:23:00,DESPACHO,DESPACHO,True
4190139225,NORMAL,Regiones,True,06-05-2026 21:55:56,08-05-2026 11:38:56,08-05-2026 11:38:56,08-05-2026 11:51:00,08-05-2026 11:51:00,,,08-05-2026 11:51:00,08-05-2026 11:51:00,DESPACHO,DESPACHO,True
4190139224,NORMAL,Regiones,True,06-05-2026 17:57:40,11-05-2026 13:47:17,11-05-2026 13:47:17,11-05-2026 16:12:00,11-05-2026 16:12:00,,,11-05-2026 16:12:00,11-05-2026 16:12:00,DESPACHO,DESPACHO,True
4190139221,NORMAL,Regiones,True,06-05-2026 17:31:57,13-05-2026 13:51:41,13-05-2026 13:51:41,13-05-2026 16:43:00,13-05-2026 16:43:00,,,13-05-2026 16:43:00,13-05-2026 16:43:00,DESPACHO,DESPACHO,True
4190139216,NORMAL,Regiones,True,06-05-2026 15:50:33,12-05-2026 0:00:00,12-05-2026 0:00:00,12-05-2026 10:53:00,12-05-2026 10:53:00,,,12-05-2026 10:53:00,12-05-2026 10:53:00,DESPACHO,DESPACHO,True
4190139213,NORMAL,Regiones,True,06-05-2026 13:39:54,12-05-2026 9:24:38,12-05-2026 9:24:38,12-05-2026 10:56:00,12-05-2026 10:56:00,,,12-05-2026 10:56:00,12-05-2026 10:56:00,DESPACHO,DESPACHO,True
4190139212,NORMAL,Regiones,True,06-05-2026 12:58:41,11-05-2026 12:52:17,11-05-2026 12:52:17,11-05-2026 16:08:00,11-05-2026 16:08:00,,,11-05-2026 16:08:00,11-05-2026 16:08:00,DESPACHO,DESPACHO,True
4190139211,NORMAL,Regiones,True,06-05-2026 12:58:26,11-05-2026 12:48:28,11-05-2026 12:48:28,11-05-2026 13:01:00,11-05-2026 13:01:00,,,11-05-2026 13:01:00,11-05-2026 13:01:00,DESPACHO,DESPACHO,True
4190139209,NORMAL,Regiones,True,06-05-2026 12:18:01,12-05-2026 13:44:16,12-05-2026 13:44:16,12-05-2026 16:13:00,12-05-2026 16:13:00,,,12-05-2026 16:13:00,12-05-2026 16:13:00,DESPACHO,DESPACHO,True
4190139208,NORMAL,Santiago,True,06-05-2026 10:08:44,12-05-2026 9:20:20,12-05-2026 9:20:20,12-05-2026 10:55:00,12-05-2026 10:55:00,,,12-05-2026 10:55:00,12-05-2026 10:55:00,DESPACHO,DESPACHO,True
4190139188,NORMAL,Regiones,True,05-05-2026 15:42:46,11-05-2026 12:29:32,11-05-2026 12:29:32,11-05-2026 16:07:00,11-05-2026 16:07:00,,,11-05-2026 16:07:00,11-05-2026 16:07:00,DESPACHO,DESPACHO,True
4190139187,NORMAL,Regiones,True,05-05-2026 15:22:33,12-05-2026 12:17:28,12-05-2026 12:17:28,12-05-2026 16:17:00,12-05-2026 16:17:00,,,12-05-2026 16:17:00,12-05-2026 16:17:00,DESPACHO,DESPACHO,True
4190139182,NORMAL,Regiones,True,05-05-2026 12:54:21,12-05-2026 10:32:40,12-05-2026 10:32:40,12-05-2026 11:22:00,12-05-2026 11:22:00,,,12-05-2026 11:22:00,12-05-2026 11:22:00,DESPACHO,DESPACHO,True
4190139181,NORMAL,Regiones,True,05-05-2026 11:40:04,12-05-2026 14:27:56,12-05-2026 14:27:56,12-05-2026 14:53:00,12-05-2026 14:53:00,,,12-05-2026 14:53:00,12-05-2026 14:53:00,DESPACHO,DESPACHO,True
1166389,NORMAL,Santiago,True,05-05-2026 10:12:36,05-05-2026 12:48:55,05-05-2026 12:48:55,05-05-2026 14:43:00,05-05-2026 14:43:00,,,05-05-2026 14:43:00,05-05-2026 14:43:00,DESPACHO,DESPACHO,True
4190139190,NORMAL,Regiones,True,05-05-2026 0:00:00,12-05-2026 9:52:06,12-05-2026 9:52:06,12-05-2026 10:59:00,12-05-2026 10:59:00,,,12-05-2026 10:59:00,12-05-2026 10:59:00,DESPACHO,DESPACHO,True
4190139186,NORMAL,Regiones,True,05-05-2026 0:00:00,12-05-2026 14:27:25,12-05-2026 14:27:25,12-05-2026 14:48:00,12-05-2026 14:48:00,,,12-05-2026 14:48:00,12-05-2026 14:48:00,DESPACHO,DESPACHO,True
4190139196,NORMAL,Regiones,True,05-05-2026 0:00:00,12-05-2026 9:51:41,12-05-2026 9:51:41,12-05-2026 11:02:00,12-05-2026 11:02:00,,,12-05-2026 11:02:00,12-05-2026 11:02:00,DESPACHO,DESPACHO,True
4190140031,NORMAL,Santiago,True,14-07-2026 21:15:49,,,24-09-2020 22:47:00,24-09-2020 22:47:00,,,24-09-2020 22:47:00,24-09-2020 22:47:00,DESPACHO,DESPACHO,True
4190140030,NORMAL,Santiago,True,14-07-2026 20:45:36,,,24-09-2020 22:47:00,24-09-2020 22:47:00,,,24-09-2020 22:47:00,24-09-2020 22:47:00,DESPACHO,DESPACHO,True
4190140029,NORMAL,Santiago,True,14-07-2026 18:59:21,,,24-09-2020 22:47:00,24-09-2020 22:47:00,,,24-09-2020 22:47:00,24-09-2020 22:47:00,DESPACHO,DESPACHO,True
4190140028,NORMAL,Regiones,True,14-07-2026 18:53:10,,,24-09-2020 22:47:00,24-09-2020 22:47:00,,,24-09-2020 22:47:00,24-09-2020 22:47:00,DESPACHO,DESPACHO,True
1168140,NORMAL,Regiones,True,14-07-2026 18:27:23,,,24-09-2020 22:47:00,24-09-2020 22:47:00,,,24-09-2020 22:47:00,24-09-2020 22:47:00,DESPACHO,DESPACHO,True
1168139,NORMAL,Santiago,True,14-07-2026 18:21:20,,,24-09-2020 22:47:00,24-09-2020 22:47:00,,,24-09-2020 22:47:00,24-09-2020 22:47:00,DESPACHO,DESPACHO,True
1168138,NORMAL,Santiago,True,14-07-2026 18:07:44,,,24-09-2020 22:47:00,24-09-2020 22:47:00,,,24-09-2020 22:47:00,24-09-2020 22:47:00,DESPACHO,DESPACHO,True
1168137,NORMAL,Regiones,True,14-07-2026 17:37:40,,,24-09-2020 22:47:00,24-09-2020 22:47:00,,,24-09-2020 22:47:00,24-09-2020 22:47:00,DESPACHO,DESPACHO,True
1168136,NORMAL,Santiago,True,14-07-2026 16:55:14,,,24-09-2020 22:47:00,24-09-2020 22:47:00,,,24-09-2020 22:47:00,24-09-2020 22:47:00,DESPACHO,DESPACHO,True
1168131,NORMAL,Regiones,True,14-07-2026 14:19:08,,,24-09-2020 22:47:00,24-09-2020 22:47:00,,,24-09-2020 22:47:00,24-09-2020 22:47:00,DESPACHO,DESPACHO,True
1168124,NORMAL,Regiones,True,14-07-2026 9:48:26,,,24-09-2020 22:47:00,24-09-2020 22:47:00,,,24-09-2020 22:47:00,24-09-2020 22:47:00,DESPACHO,DESPACHO,True
1168141,NORMAL,Santiago,True,14-07-2026 0:00:00,,,24-09-2020 22:47:00,24-09-2020 22:47:00,,,24-09-2020 22:47:00,24-09-2020 22:47:00,DESPACHO,DESPACHO,True
4190140025,NORMAL,Regiones,True,14-07-2026 0:00:00,,,24-09-2020 22:47:00,24-09-2020 22:47:00,,,24-09-2020 22:47:00,24-09-2020 22:47:00,DESPACHO,DESPACHO,True
4190140022,NORMAL,Regiones,True,13-07-2026 23:27:28,,,24-09-2020 22:47:00,24-09-2020 22:47:00,,,24-09-2020 22:47:00,24-09-2020 22:47:00,DESPACHO,DESPACHO,True
4190140018,NORMAL,Regiones,True,13-07-2026 18:41:31,,,24-09-2020 22:47:00,24-09-2020 22:47:00,,,24-09-2020 22:47:00,24-09-2020 22:47:00,DESPACHO,DESPACHO,True
1168115,NORMAL,Regiones,True,13-07-2026 12:48:04,,,24-09-2020 22:47:00,24-09-2020 22:47:00,,,24-09-2020 22:47:00,24-09-2020 22:47:00,DESPACHO,DESPACHO,True
1168105,NORMAL,Santiago,True,13-07-2026 10:03:45,,,24-09-2020 22:47:00,24-09-2020 22:47:00,,,24-09-2020 22:47:00,24-09-2020 22:47:00,DESPACHO,DESPACHO,True
1168104,NORMAL,Santiago,True,13-07-2026 10:02:47,,,24-09-2020 22:47:00,24-09-2020 22:47:00,,,24-09-2020 22:47:00,24-09-2020 22:47:00,DESPACHO,DESPACHO,True
4190140015,NORMAL,Santiago,True,13-07-2026 8:55:10,,,24-09-2020 22:47:00,24-09-2020 22:47:00,,,24-09-2020 22:47:00,24-09-2020 22:47:00,DESPACHO,DESPACHO,True
4190140013,NORMAL,Regiones,True,11-07-2026 15:23:46,,,24-09-2020 22:47:00,24-09-2020 22:47:00,,,24-09-2020 22:47:00,24-09-2020 22:47:00,DESPACHO,DESPACHO,True
4190140012,NORMAL,Regiones,True,11-07-2026 14:32:38,,,24-09-2020 22:47:00,24-09-2020 22:47:00,,,24-09-2020 22:47:00,24-09-2020 22:47:00,DESPACHO,DESPACHO,True
1168088,NORMAL,Santiago,True,09-07-2026 16:29:44,,,24-09-2020 22:47:00,24-09-2020 22:47:00,,,24-09-2020 22:47:00,24-09-2020 22:47:00,DESPACHO,DESPACHO,True
4190140004,NORMAL,Regiones,True,09-07-2026 13:25:16,,,24-09-2020 22:47:00,24-09-2020 22:47:00,,,24-09-2020 22:47:00,24-09-2020 22:47:00,DESPACHO,DESPACHO,True
4190140003,NORMAL,Regiones,True,09-07-2026 13:19:50,,,24-09-2020 22:47:00,24-09-2020 22:47:00,,,24-09-2020 22:47:00,24-09-2020 22:47:00,DESPACHO,DESPACHO,True
4190139996,NORMAL,Regiones,True,08-07-2026 18:53:04,,,24-09-2020 22:47:00,24-09-2020 22:47:00,,,24-09-2020 22:47:00,24-09-2020 22:47:00,DESPACHO,DESPACHO,True
4190139990,NORMAL,Regiones,True,08-07-2026 13:59:40,,,24-09-2020 22:47:00,24-09-2020 22:47:00,,,24-09-2020 22:47:00,24-09-2020 22:47:00,DESPACHO,DESPACHO,True
4190139979,NORMAL,Regiones,True,07-07-2026 12:35:53,,,24-09-2020 22:47:00,24-09-2020 22:47:00,,,24-09-2020 22:47:00,24-09-2020 22:47:00,DESPACHO,DESPACHO,True
1168066,NORMAL,Regiones,True,07-07-2026 0:00:00,,,24-09-2020 22:47:00,24-09-2020 22:47:00,,,24-09-2020 22:47:00,24-09-2020 22:47:00,DESPACHO,DESPACHO,True
1168045,NORMAL,Santiago,True,06-07-2026 19:21:07,08-07-2026 16:37:43,08-07-2026 16:37:43,13-07-2026 9:56:00,13-07-2026 9:56:00,,,13-07-2026 9:56:00,13-07-2026 9:56:00,DESPACHO,DESPACHO,True
4190139971,NORMAL,Santiago,True,06-07-2026 19:05:37,10-07-2026 13:37:58,10-07-2026 13:37:58,13-07-2026 13:16:00,13-07-2026 13:16:00,,,13-07-2026 13:16:00,13-07-2026 13:16:00,DESPACHO,DESPACHO,True
4190139969,NORMAL,Santiago,True,06-07-2026 15:31:14,10-07-2026 11:51:49,10-07-2026 11:51:49,13-07-2026 13:18:00,13-07-2026 13:18:00,,,13-07-2026 13:18:00,13-07-2026 13:18:00,DESPACHO,DESPACHO,True
1168025,NORMAL,Regiones,True,06-07-2026 9:00:34,,,24-09-2020 22:47:00,24-09-2020 22:47:00,,,24-09-2020 22:47:00,24-09-2020 22:47:00,DESPACHO,DESPACHO,True
1168037,NORMAL,Santiago,True,06-07-2026 0:00:00,,,24-09-2020 22:47:00,24-09-2020 22:47:00,,,24-09-2020 22:47:00,24-09-2020 22:47:00,DESPACHO,DESPACHO,True
1168021,NORMAL,Santiago,True,03-07-2026 17:41:06,08-07-2026 17:42:57,08-07-2026 17:42:57,14-07-2026 12:44:00,14-07-2026 12:44:00,,,14-07-2026 12:44:00,14-07-2026 12:44:00,DESPACHO,DESPACHO,True
4190139958,NORMAL,Santiago,True,03-07-2026 14:54:30,13-07-2026 0:00:00,13-07-2026 0:00:00,13-07-2026 13:23:00,13-07-2026 13:23:00,,,13-07-2026 13:23:00,13-07-2026 13:23:00,DESPACHO,DESPACHO,True
4190139957,NORMAL,Santiago,True,03-07-2026 14:50:15,10-07-2026 12:29:44,10-07-2026 12:29:44,13-07-2026 13:22:00,13-07-2026 13:22:00,,,13-07-2026 13:22:00,13-07-2026 13:22:00,DESPACHO,DESPACHO,True
1168018,NORMAL,Santiago,True,03-07-2026 11:01:37,07-07-2026 15:25:04,07-07-2026 15:25:04,10-07-2026 7:19:00,10-07-2026 7:19:00,,,10-07-2026 7:19:00,10-07-2026 7:19:00,DESPACHO,DESPACHO,True
4190139950,NORMAL,Santiago,True,02-07-2026 17:06:59,,,24-09-2020 22:47:00,24-09-2020 22:47:00,,,24-09-2020 22:47:00,24-09-2020 22:47:00,DESPACHO,DESPACHO,True
1168010,NORMAL,Regiones,True,02-07-2026 13:34:47,,,24-09-2020 22:47:00,24-09-2020 22:47:00,,,24-09-2020 22:47:00,24-09-2020 22:47:00,DESPACHO,DESPACHO,True
4190139952,NORMAL,Regiones,True,02-07-2026 0:00:00,10-07-2026 12:06:37,10-07-2026 12:06:37,13-07-2026 7:45:00,13-07-2026 7:45:00,,,13-07-2026 7:45:00,13-07-2026 7:45:00,DESPACHO,DESPACHO,True
4190139942,NORMAL,Santiago,True,01-07-2026 11:43:40,14-07-2026 14:30:31,14-07-2026 14:30:31,14-07-2026 14:30:31,14-07-2026 14:30:31,,,14-07-2026 14:30:31,14-07-2026 14:30:31,DESPACHO,DESPACHO,True
4190139916,NORMAL,Regiones,True,30-06-2026 15:01:59,,,24-09-2020 22:47:00,24-09-2020 22:47:00,,,24-09-2020 22:47:00,24-09-2020 22:47:00,DESPACHO,DESPACHO,True
4190139914,NORMAL,Regiones,True,30-06-2026 14:49:36,,,24-09-2020 22:47:00,24-09-2020 22:47:00,,,24-09-2020 22:47:00,24-09-2020 22:47:00,DESPACHO,DESPACHO,True
4190139912,NORMAL,Regiones,True,30-06-2026 14:32:25,,,24-09-2020 22:47:00,24-09-2020 22:47:00,,,24-09-2020 22:47:00,24-09-2020 22:47:00,DESPACHO,DESPACHO,True
4190139910,NORMAL,Regiones,True,30-06-2026 14:23:14,,,24-09-2020 22:47:00,24-09-2020 22:47:00,,,24-09-2020 22:47:00,24-09-2020 22:47:00,DESPACHO,DESPACHO,True
4190139919,NORMAL,Regiones,True,30-06-2026 0:00:00,,,24-09-2020 22:47:00,24-09-2020 22:47:00,,,24-09-2020 22:47:00,24-09-2020 22:47:00,DESPACHO,DESPACHO,True
4190139862,NORMAL,Regiones,True,25-06-2026 11:58:22,13-07-2026 8:30:00,13-07-2026 8:30:00,13-07-2026 10:08:00,13-07-2026 10:08:00,,,13-07-2026 10:08:00,13-07-2026 10:08:00,DESPACHO,DESPACHO,True
1167347,NORMAL,Santiago,True,24-06-2026 18:08:37,09-07-2026 13:45:12,09-07-2026 13:45:12,09-07-2026 14:11:00,09-07-2026 14:11:00,,,09-07-2026 14:11:00,09-07-2026 14:11:00,DESPACHO,DESPACHO,True
1167341,NORMAL,Santiago,True,24-06-2026 12:40:40,30-06-2026 14:21:29,30-06-2026 14:21:29,06-07-2026 10:45:00,06-07-2026 10:45:00,,,06-07-2026 10:45:00,06-07-2026 10:45:00,DESPACHO,DESPACHO,True
4190139849,NORMAL,Regiones,True,24-06-2026 9:09:53,,,24-09-2020 22:47:00,24-09-2020 22:47:00,,,24-09-2020 22:47:00,24-09-2020 22:47:00,DESPACHO,DESPACHO,True
1167313,NORMAL,Regiones,True,23-06-2026 15:37:57,,,24-09-2020 22:47:00,24-09-2020 22:47:00,,,24-09-2020 22:47:00,24-09-2020 22:47:00,DESPACHO,DESPACHO,True
4190139815,NORMAL,Santiago,True,22-06-2026 21:45:59,,,24-09-2020 22:47:00,24-09-2020 22:47:00,,,24-09-2020 22:47:00,24-09-2020 22:47:00,DESPACHO,DESPACHO,True
4190139812,NORMAL,Santiago,True,22-06-2026 21:02:47,10-07-2026 7:57:43,10-07-2026 7:57:43,10-07-2026 9:10:00,10-07-2026 9:10:00,,,10-07-2026 9:10:00,10-07-2026 9:10:00,DESPACHO,DESPACHO,True
4190139802,NORMAL,Santiago,True,22-06-2026 18:23:50,,,24-09-2020 22:47:00,24-09-2020 22:47:00,,,24-09-2020 22:47:00,24-09-2020 22:47:00,DESPACHO,DESPACHO,True
4190139799,NORMAL,Regiones,True,22-06-2026 17:44:13,,,24-09-2020 22:47:00,24-09-2020 22:47:00,,,24-09-2020 22:47:00,24-09-2020 22:47:00,DESPACHO,DESPACHO,True
1167283,NORMAL,Santiago,True,22-06-2026 14:56:14,,,24-09-2020 22:47:00,24-09-2020 22:47:00,,,24-09-2020 22:47:00,24-09-2020 22:47:00,DESPACHO,DESPACHO,True
4190139759,NORMAL,Regiones,True,18-06-2026 16:31:24,25-06-2026 12:37:21,25-06-2026 12:37:21,26-06-2026 9:24:00,26-06-2026 9:24:00,,,26-06-2026 9:24:00,26-06-2026 9:24:00,DESPACHO,DESPACHO,True
4190139747,NORMAL,Regiones,True,18-06-2026 12:57:46,,,24-09-2020 22:47:00,24-09-2020 22:47:00,,,24-09-2020 22:47:00,24-09-2020 22:47:00,DESPACHO,DESPACHO,True
4190139742,NORMAL,Regiones,True,17-06-2026 19:09:48,,,24-09-2020 22:47:00,24-09-2020 22:47:00,,,24-09-2020 22:47:00,24-09-2020 22:47:00,DESPACHO,DESPACHO,True
4190139740,NORMAL,Regiones,True,17-06-2026 18:05:36,,,24-09-2020 22:47:00,24-09-2020 22:47:00,,,24-09-2020 22:47:00,24-09-2020 22:47:00,DESPACHO,DESPACHO,True
1167222,NORMAL,Regiones,True,17-06-2026 9:45:58,25-06-2026 12:52:49,25-06-2026 12:52:49,26-06-2026 9:26:00,26-06-2026 9:26:00,,,26-06-2026 9:26:00,26-06-2026 9:26:00,DESPACHO,DESPACHO,True
4190139732,NORMAL,Regiones,True,17-06-2026 0:00:00,,,24-09-2020 22:47:00,24-09-2020 22:47:00,,,24-09-2020 22:47:00,24-09-2020 22:47:00,DESPACHO,DESPACHO,True
1167201,NORMAL,Santiago,True,16-06-2026 11:41:34,18-06-2026 11:56:30,18-06-2026 11:56:30,23-06-2026 14:48:00,23-06-2026 14:48:00,,,23-06-2026 14:48:00,23-06-2026 14:48:00,DESPACHO,DESPACHO,True
1167198,NORMAL,Santiago,True,16-06-2026 10:31:48,16-06-2026 0:00:00,16-06-2026 0:00:00,06-07-2026 11:36:00,06-07-2026 11:36:00,,,06-07-2026 11:36:00,06-07-2026 11:36:00,DESPACHO,DESPACHO,True
4190139722,NORMAL,Regiones,True,16-06-2026 0:00:00,26-06-2026 12:45:40,26-06-2026 12:45:40,30-06-2026 14:34:00,30-06-2026 14:34:00,,,30-06-2026 14:34:00,30-06-2026 14:34:00,DESPACHO,DESPACHO,True
4190139713,NORMAL,Regiones,True,15-06-2026 23:10:33,23-06-2026 14:04:35,23-06-2026 14:04:35,23-06-2026 14:29:00,23-06-2026 14:29:00,,,23-06-2026 14:29:00,23-06-2026 14:29:00,DESPACHO,DESPACHO,True
1167196,NORMAL,Regiones,True,15-06-2026 21:27:08,06-07-2026 9:31:46,06-07-2026 9:31:46,06-07-2026 9:31:46,06-07-2026 9:31:46,,,06-07-2026 9:31:46,06-07-2026 9:31:46,DESPACHO,DESPACHO,True
4190139708,NORMAL,Regiones,True,15-06-2026 17:54:55,25-06-2026 16:21:08,25-06-2026 16:21:08,26-06-2026 9:17:00,26-06-2026 9:17:00,,,26-06-2026 9:17:00,26-06-2026 9:17:00,DESPACHO,DESPACHO,True
1167181,NORMAL,Santiago,True,15-06-2026 11:38:16,16-06-2026 11:50:43,16-06-2026 11:50:43,23-06-2026 14:48:00,23-06-2026 14:48:00,,,23-06-2026 14:48:00,23-06-2026 14:48:00,DESPACHO,DESPACHO,True
1167180,NORMAL,Santiago,True,15-06-2026 11:34:48,16-06-2026 11:50:52,16-06-2026 11:50:52,23-06-2026 14:48:00,23-06-2026 14:48:00,,,23-06-2026 14:48:00,23-06-2026 14:48:00,DESPACHO,DESPACHO,True
4190139689,NORMAL,Regiones,True,12-06-2026 14:59:04,23-06-2026 10:57:03,23-06-2026 10:57:03,23-06-2026 11:28:00,23-06-2026 11:28:00,,,23-06-2026 11:28:00,23-06-2026 11:28:00,DESPACHO,DESPACHO,True
1167159,NORMAL,Santiago,True,12-06-2026 13:08:57,15-06-2026 9:38:15,15-06-2026 9:38:15,23-06-2026 8:48:00,23-06-2026 8:48:00,,,23-06-2026 8:48:00,23-06-2026 8:48:00,DESPACHO,DESPACHO,True
1167158,NORMAL,Santiago,True,12-06-2026 11:37:47,16-06-2026 14:16:35,16-06-2026 14:16:35,30-06-2026 14:33:00,30-06-2026 14:33:00,,,30-06-2026 14:33:00,30-06-2026 14:33:00,DESPACHO,DESPACHO,True
4190139691,NORMAL,Regiones,True,12-06-2026 0:00:00,23-06-2026 0:00:00,23-06-2026 0:00:00,23-06-2026 14:31:00,23-06-2026 14:31:00,,,23-06-2026 14:31:00,23-06-2026 14:31:00,DESPACHO,DESPACHO,True
1167150,NORMAL,Santiago,True,11-06-2026 20:00:41,22-06-2026 9:56:55,22-06-2026 9:56:55,22-06-2026 16:36:00,22-06-2026 16:36:00,,,22-06-2026 16:36:00,22-06-2026 16:36:00,DESPACHO,DESPACHO,True
4190139678,NORMAL,Regiones,True,11-06-2026 19:50:01,,,24-09-2020 22:47:00,24-09-2020 22:47:00,,,24-09-2020 22:47:00,24-09-2020 22:47:00,DESPACHO,DESPACHO,True
1167140,NORMAL,Santiago,True,11-06-2026 14:28:17,19-06-2026 11:15:19,19-06-2026 11:15:19,22-06-2026 16:24:00,22-06-2026 16:24:00,,,22-06-2026 16:24:00,22-06-2026 16:24:00,DESPACHO,DESPACHO,True
4190139665,NORMAL,Santiago,True,11-06-2026 11:13:15,24-06-2026 17:22:22,24-06-2026 17:22:22,25-06-2026 11:52:00,25-06-2026 11:52:00,,,25-06-2026 11:52:00,25-06-2026 11:52:00,DESPACHO,DESPACHO,True
4190139663,NORMAL,Santiago,True,11-06-2026 11:01:49,25-06-2026 16:20:57,25-06-2026 16:20:57,26-06-2026 9:24:00,26-06-2026 9:24:00,,,26-06-2026 9:24:00,26-06-2026 9:24:00,DESPACHO,DESPACHO,True
4190139662,NORMAL,Santiago,True,11-06-2026 10:43:38,24-06-2026 17:22:16,24-06-2026 17:22:16,25-06-2026 11:51:00,25-06-2026 11:51:00,,,25-06-2026 11:51:00,25-06-2026 11:51:00,DESPACHO,DESPACHO,True
4190139659,NORMAL,Santiago,True,11-06-2026 0:00:00,22-06-2026 14:03:41,22-06-2026 14:03:41,23-06-2026 11:32:00,23-06-2026 11:32:00,,,23-06-2026 11:32:00,23-06-2026 11:32:00,DESPACHO,DESPACHO,True
4190139641,NORMAL,Regiones,True,10-06-2026 14:35:26,19-06-2026 13:52:54,19-06-2026 13:52:54,22-06-2026 15:48:00,22-06-2026 15:48:00,,,22-06-2026 15:48:00,22-06-2026 15:48:00,DESPACHO,DESPACHO,True
4190139639,NORMAL,Regiones,True,10-06-2026 12:32:02,30-06-2026 0:00:00,30-06-2026 0:00:00,30-06-2026 12:40:00,30-06-2026 12:40:00,,,30-06-2026 12:40:00,30-06-2026 12:40:00,DESPACHO,DESPACHO,True
1167124,NORMAL,Santiago,True,10-06-2026 10:44:59,22-06-2026 12:09:51,22-06-2026 12:09:51,22-06-2026 16:34:00,22-06-2026 16:34:00,,,22-06-2026 16:34:00,22-06-2026 16:34:00,DESPACHO,DESPACHO,True
1167123,NORMAL,Santiago,True,10-06-2026 10:12:47,16-06-2026 9:28:03,16-06-2026 9:28:03,17-06-2026 12:07:00,17-06-2026 12:07:00,,,17-06-2026 12:07:00,17-06-2026 12:07:00,DESPACHO,DESPACHO,True
1167121,NORMAL,Santiago,True,10-06-2026 9:39:57,16-06-2026 10:31:10,16-06-2026 10:31:10,18-06-2026 12:41:00,18-06-2026 12:41:00,,,18-06-2026 12:41:00,18-06-2026 12:41:00,DESPACHO,DESPACHO,True
4190139636,NORMAL,Regiones,True,10-06-2026 0:00:00,18-06-2026 18:04:44,18-06-2026 18:04:44,19-06-2026 12:16:00,19-06-2026 12:16:00,,,19-06-2026 12:16:00,19-06-2026 12:16:00,DESPACHO,DESPACHO,True
4190139628,NORMAL,Regiones,True,09-06-2026 16:20:48,,,24-09-2020 22:47:00,24-09-2020 22:47:00,,,24-09-2020 22:47:00,24-09-2020 22:47:00,DESPACHO,DESPACHO,True
1167110,NORMAL,Santiago,True,09-06-2026 15:10:50,26-06-2026 11:00:28,26-06-2026 11:00:28,26-06-2026 11:00:28,26-06-2026 11:00:28,,,26-06-2026 11:00:28,26-06-2026 11:00:28,DESPACHO,DESPACHO,True
4190139625,NORMAL,Regiones,True,09-06-2026 14:42:40,18-06-2026 15:20:00,18-06-2026 15:20:00,19-06-2026 10:58:00,19-06-2026 10:58:00,,,19-06-2026 10:58:00,19-06-2026 10:58:00,DESPACHO,DESPACHO,True
4190139623,NORMAL,Regiones,True,09-06-2026 12:17:01,18-06-2026 11:10:54,18-06-2026 11:10:54,18-06-2026 15:54:00,18-06-2026 15:54:00,,,18-06-2026 15:54:00,18-06-2026 15:54:00,DESPACHO,DESPACHO,True
4190139617,NORMAL,Regiones,True,09-06-2026 9:16:46,,,24-09-2020 22:47:00,24-09-2020 22:47:00,,,24-09-2020 22:47:00,24-09-2020 22:47:00,DESPACHO,DESPACHO,True
4190139626,NORMAL,Regiones,True,09-06-2026 0:00:00,18-06-2026 0:00:00,18-06-2026 0:00:00,18-06-2026 15:59:00,18-06-2026 15:59:00,,,18-06-2026 15:59:00,18-06-2026 15:59:00,DESPACHO,DESPACHO,True
4190139607,NORMAL,Regiones,True,08-06-2026 15:53:15,16-06-2026 10:07:50,16-06-2026 10:07:50,16-06-2026 15:07:00,16-06-2026 15:07:00,,,16-06-2026 15:07:00,16-06-2026 15:07:00,DESPACHO,DESPACHO,True
1167093,NORMAL,Regiones,True,08-06-2026 14:43:59,16-06-2026 13:46:09,16-06-2026 13:46:09,16-06-2026 14:23:00,16-06-2026 14:23:00,,,16-06-2026 14:23:00,16-06-2026 14:23:00,DESPACHO,DESPACHO,True
1167085,NORMAL,Santiago,True,08-06-2026 10:30:40,12-06-2026 0:00:00,12-06-2026 0:00:00,15-06-2026 8:55:00,15-06-2026 8:55:00,,,15-06-2026 8:55:00,15-06-2026 8:55:00,DESPACHO,DESPACHO,True
1167083,NORMAL,Santiago,True,08-06-2026 9:51:55,,,24-09-2020 22:47:00,24-09-2020 22:47:00,,,24-09-2020 22:47:00,24-09-2020 22:47:00,DESPACHO,DESPACHO,True
4190139610,NORMAL,Regiones,True,08-06-2026 0:00:00,18-06-2026 0:00:00,18-06-2026 0:00:00,18-06-2026 16:07:00,18-06-2026 16:07:00,,,18-06-2026 16:07:00,18-06-2026 16:07:00,DESPACHO,DESPACHO,True
4190139596,NORMAL,Regiones,True,04-06-2026 21:10:34,11-06-2026 10:28:13,11-06-2026 10:28:13,12-06-2026 10:42:00,12-06-2026 10:42:00,,,12-06-2026 10:42:00,12-06-2026 10:42:00,DESPACHO,DESPACHO,True
1167069,NORMAL,Regiones,True,04-06-2026 19:48:05,11-06-2026 0:00:00,11-06-2026 0:00:00,12-06-2026 10:44:00,12-06-2026 10:44:00,,,12-06-2026 10:44:00,12-06-2026 10:44:00,DESPACHO,DESPACHO,True
4190139591,NORMAL,Regiones,True,04-06-2026 16:45:38,,,24-09-2020 22:47:00,24-09-2020 22:47:00,,,24-09-2020 22:47:00,24-09-2020 22:47:00,DESPACHO,DESPACHO,True
1167067,NORMAL,Santiago,True,04-06-2026 16:34:08,05-06-2026 12:24:59,05-06-2026 12:24:59,15-06-2026 7:10:00,15-06-2026 7:10:00,,,15-06-2026 7:10:00,15-06-2026 7:10:00,DESPACHO,DESPACHO,True
4190139588,NORMAL,Regiones,True,04-06-2026 16:07:00,18-06-2026 9:23:03,18-06-2026 9:23:03,18-06-2026 15:50:00,18-06-2026 15:50:00,,,18-06-2026 15:50:00,18-06-2026 15:50:00,DESPACHO,DESPACHO,True
1167059,NORMAL,Santiago,True,04-06-2026 12:39:50,,,24-09-2020 22:47:00,24-09-2020 22:47:00,,,24-09-2020 22:47:00,24-09-2020 22:47:00,DESPACHO,DESPACHO,True
4190139586,NORMAL,Regiones,True,04-06-2026 0:00:00,16-06-2026 15:31:59,16-06-2026 15:31:59,17-06-2026 15:25:00,17-06-2026 15:25:00,,,17-06-2026 15:25:00,17-06-2026 15:25:00,DESPACHO,DESPACHO,True
4190139580,NORMAL,Regiones,True,03-06-2026 17:59:38,10-06-2026 17:43:48,10-06-2026 17:43:48,11-06-2026 11:27:00,11-06-2026 11:27:00,,,11-06-2026 11:27:00,11-06-2026 11:27:00,DESPACHO,DESPACHO,True
4190139572,NORMAL,Regiones,True,03-06-2026 14:43:55,26-06-2026 12:57:11,26-06-2026 12:57:11,30-06-2026 14:33:00,30-06-2026 14:33:00,,,30-06-2026 14:33:00,30-06-2026 14:33:00,DESPACHO,DESPACHO,True
1167034,NORMAL,Regiones,True,02-06-2026 15:35:56,26-06-2026 11:00:29,26-06-2026 11:00:29,26-06-2026 11:00:29,26-06-2026 11:00:29,,,26-06-2026 11:00:29,26-06-2026 11:00:29,DESPACHO,DESPACHO,True
4190139562,NORMAL,Regiones,True,02-06-2026 13:52:33,09-06-2026 16:45:57,09-06-2026 16:45:57,10-06-2026 12:51:00,10-06-2026 12:51:00,,,10-06-2026 12:51:00,10-06-2026 12:51:00,DESPACHO,DESPACHO,True
4190139559,NORMAL,Regiones,True,02-06-2026 13:34:52,,,24-09-2020 22:47:00,24-09-2020 22:47:00,,,24-09-2020 22:47:00,24-09-2020 22:47:00,DESPACHO,DESPACHO,True
1166993,NORMAL,Regiones,True,01-06-2026 17:06:43,09-06-2026 10:41:36,09-06-2026 10:41:36,09-06-2026 13:14:00,09-06-2026 13:14:00,,,09-06-2026 13:14:00,09-06-2026 13:14:00,DESPACHO,DESPACHO,True
4190139553,NORMAL,Regiones,True,01-06-2026 16:41:12,,,24-09-2020 22:47:00,24-09-2020 22:47:00,,,24-09-2020 22:47:00,24-09-2020 22:47:00,DESPACHO,DESPACHO,True
4190139538,NORMAL,Regiones,True,01-06-2026 11:32:44,10-06-2026 15:37:19,10-06-2026 15:37:19,11-06-2026 11:23:00,11-06-2026 11:23:00,,,11-06-2026 11:23:00,11-06-2026 11:23:00,DESPACHO,DESPACHO,True
4190139535,NORMAL,Regiones,True,01-06-2026 10:34:25,09-06-2026 15:15:34,09-06-2026 15:15:34,10-06-2026 15:37:00,10-06-2026 15:37:00,,,10-06-2026 15:37:00,10-06-2026 15:37:00,DESPACHO,DESPACHO,True
1166855,NORMAL,Regiones,True,01-06-2026 0:00:00,09-06-2026 15:25:00,09-06-2026 15:25:00,24-06-2026 9:44:00,24-06-2026 9:44:00,,,24-06-2026 9:44:00,24-06-2026 9:44:00,DESPACHO,DESPACHO,True
1166843,NORMAL,Regiones,True,29-05-2026 0:00:00,16-06-2026 0:00:00,16-06-2026 0:00:00,16-06-2026 15:10:00,16-06-2026 15:10:00,,,16-06-2026 15:10:00,16-06-2026 15:10:00,DESPACHO,DESPACHO,True
4190139509,NORMAL,Regiones,True,28-05-2026 19:23:07,05-06-2026 9:49:10,05-06-2026 9:49:10,05-06-2026 11:59:00,05-06-2026 11:59:00,,,05-06-2026 11:59:00,05-06-2026 11:59:00,DESPACHO,DESPACHO,True
4190139504,NORMAL,Regiones,True,28-05-2026 14:05:42,04-06-2026 16:20:24,04-06-2026 16:20:24,05-06-2026 11:56:00,05-06-2026 11:56:00,,,05-06-2026 11:56:00,05-06-2026 11:56:00,DESPACHO,DESPACHO,True
1166697,NORMAL,Santiago,True,28-05-2026 13:18:50,08-06-2026 0:00:00,08-06-2026 0:00:00,08-06-2026 0:00:00,08-06-2026 0:00:00,,,08-06-2026 0:00:00,08-06-2026 0:00:00,DESPACHO,DESPACHO,True
4190139497,NORMAL,Regiones,True,28-05-2026 12:13:43,16-06-2026 14:59:36,16-06-2026 14:59:36,17-06-2026 15:27:00,17-06-2026 15:27:00,,,17-06-2026 15:27:00,17-06-2026 15:27:00,DESPACHO,DESPACHO,True
4190139478,NORMAL,Regiones,True,27-05-2026 15:55:47,,,24-09-2020 22:47:00,24-09-2020 22:47:00,,,24-09-2020 22:47:00,24-09-2020 22:47:00,DESPACHO,DESPACHO,True
4190139477,NORMAL,Regiones,True,27-05-2026 15:39:36,,,24-09-2020 22:47:00,24-09-2020 22:47:00,,,24-09-2020 22:47:00,24-09-2020 22:47:00,DESPACHO,DESPACHO,True
4190139475,NORMAL,Regiones,True,27-05-2026 15:25:25,,,24-09-2020 22:47:00,24-09-2020 22:47:00,,,24-09-2020 22:47:00,24-09-2020 22:47:00,DESPACHO,DESPACHO,True
4190139442,NORMAL,Regiones,True,26-05-2026 10:33:57,10-06-2026 11:21:01,10-06-2026 11:21:01,10-06-2026 13:36:00,10-06-2026 13:36:00,,,10-06-2026 13:36:00,10-06-2026 13:36:00,DESPACHO,DESPACHO,True
4190139464,NORMAL,Regiones,True,26-05-2026 0:00:00,08-06-2026 14:29:54,08-06-2026 14:29:54,09-06-2026 12:50:00,09-06-2026 12:50:00,,,09-06-2026 12:50:00,09-06-2026 12:50:00,DESPACHO,DESPACHO,True
4190139439,NORMAL,Regiones,True,25-05-2026 19:35:56,28-05-2026 10:15:20,28-05-2026 10:15:20,23-06-2026 7:16:00,23-06-2026 7:16:00,,,23-06-2026 7:16:00,23-06-2026 7:16:00,DESPACHO,DESPACHO,True
1166641,NORMAL,Santiago,True,25-05-2026 16:31:45,26-05-2026 0:00:00,26-05-2026 0:00:00,01-06-2026 9:14:00,01-06-2026 9:14:00,,,01-06-2026 9:14:00,01-06-2026 9:14:00,DESPACHO,DESPACHO,True
1166624,NORMAL,Regiones,True,25-05-2026 9:37:00,26-06-2026 11:00:33,26-06-2026 11:00:33,26-06-2026 11:00:33,26-06-2026 11:00:33,,,26-06-2026 11:00:33,26-06-2026 11:00:33,DESPACHO,DESPACHO,True
4190139409,NORMAL,Santiago,True,22-05-2026 14:15:38,28-05-2026 15:14:46,28-05-2026 15:14:46,29-05-2026 11:57:00,29-05-2026 11:57:00,,,29-05-2026 11:57:00,29-05-2026 11:57:00,DESPACHO,DESPACHO,True
1166603,NORMAL,Regiones,True,20-05-2026 11:17:09,28-05-2026 17:30:11,28-05-2026 17:30:11,29-05-2026 11:57:00,29-05-2026 11:57:00,,,29-05-2026 11:57:00,29-05-2026 11:57:00,DESPACHO,DESPACHO,True
4190139384,NORMAL,Regiones,True,19-05-2026 18:50:03,27-05-2026 0:00:00,27-05-2026 0:00:00,28-05-2026 11:25:00,28-05-2026 11:25:00,,,28-05-2026 11:25:00,28-05-2026 11:25:00,DESPACHO,DESPACHO,True
4190139374,NORMAL,Santiago,True,19-05-2026 9:10:49,26-05-2026 0:00:00,26-05-2026 0:00:00,27-05-2026 15:15:00,27-05-2026 15:15:00,,,27-05-2026 15:15:00,27-05-2026 15:15:00,DESPACHO,DESPACHO,True
4190139373,NORMAL,Santiago,True,19-05-2026 8:50:35,26-05-2026 17:01:46,26-05-2026 17:01:46,27-05-2026 8:26:00,27-05-2026 8:26:00,,,27-05-2026 8:26:00,27-05-2026 8:26:00,DESPACHO,DESPACHO,True
4190139361,NORMAL,Regiones,True,18-05-2026 17:59:01,20-05-2026 0:00:00,20-05-2026 0:00:00,27-05-2026 12:38:00,27-05-2026 12:38:00,,,27-05-2026 12:38:00,27-05-2026 12:38:00,DESPACHO,DESPACHO,True
4190139362,NORMAL,Regiones,True,18-05-2026 0:00:00,26-05-2026 0:00:00,26-05-2026 0:00:00,27-05-2026 8:32:00,27-05-2026 8:32:00,,,27-05-2026 8:32:00,27-05-2026 8:32:00,DESPACHO,DESPACHO,True
4190139353,NORMAL,Regiones,True,15-05-2026 15:19:41,25-05-2026 0:00:00,25-05-2026 0:00:00,26-05-2026 13:11:00,26-05-2026 13:11:00,,,26-05-2026 13:11:00,26-05-2026 13:11:00,DESPACHO,DESPACHO,True
1166540,NORMAL,Regiones,True,14-05-2026 21:32:00,20-05-2026 16:51:26,20-05-2026 16:51:26,25-05-2026 12:54:00,25-05-2026 12:54:00,,,25-05-2026 12:54:00,25-05-2026 12:54:00,DESPACHO,DESPACHO,True
4190139345,NORMAL,Regiones,True,14-05-2026 21:31:36,26-05-2026 0:00:00,26-05-2026 0:00:00,27-05-2026 15:27:00,27-05-2026 15:27:00,,,27-05-2026 15:27:00,27-05-2026 15:27:00,DESPACHO,DESPACHO,True
4190139344,NORMAL,Regiones,True,14-05-2026 21:29:23,25-05-2026 10:29:21,25-05-2026 10:29:21,25-05-2026 14:56:00,25-05-2026 14:56:00,,,25-05-2026 14:56:00,25-05-2026 14:56:00,DESPACHO,DESPACHO,True
4190139334,NORMAL,Santiago,True,14-05-2026 12:56:44,20-05-2026 17:00:12,20-05-2026 17:00:12,25-05-2026 12:41:00,25-05-2026 12:41:00,,,25-05-2026 12:41:00,25-05-2026 12:41:00,DESPACHO,DESPACHO,True
1166524,NORMAL,Regiones,True,14-05-2026 11:22:20,11-06-2026 8:53:31,11-06-2026 8:53:31,12-06-2026 10:37:00,12-06-2026 10:37:00,,,12-06-2026 10:37:00,12-06-2026 10:37:00,DESPACHO,DESPACHO,True
1166517,NORMAL,Regiones,True,14-05-2026 8:30:46,25-05-2026 10:34:36,25-05-2026 10:34:36,25-05-2026 15:02:00,25-05-2026 15:02:00,,,25-05-2026 15:02:00,25-05-2026 15:02:00,DESPACHO,DESPACHO,True
4190139320,NORMAL,Santiago,True,13-05-2026 9:55:57,19-05-2026 0:00:00,19-05-2026 0:00:00,20-05-2026 15:15:00,20-05-2026 15:15:00,,,20-05-2026 15:15:00,20-05-2026 15:15:00,DESPACHO,DESPACHO,True
4190139318,NORMAL,Santiago,True,13-05-2026 9:46:31,19-05-2026 15:15:23,19-05-2026 15:15:23,20-05-2026 15:15:00,20-05-2026 15:15:00,,,20-05-2026 15:15:00,20-05-2026 15:15:00,DESPACHO,DESPACHO,True
4190139314,NORMAL,Regiones,True,12-05-2026 20:41:39,04-06-2026 16:21:23,04-06-2026 16:21:23,05-06-2026 11:59:00,05-06-2026 11:59:00,,,05-06-2026 11:59:00,05-06-2026 11:59:00,DESPACHO,DESPACHO,True
4190139301,NORMAL,Regiones,True,11-05-2026 16:15:46,25-05-2026 11:14:53,25-05-2026 11:14:53,25-05-2026 14:54:00,25-05-2026 14:54:00,,,25-05-2026 14:54:00,25-05-2026 14:54:00,DESPACHO,DESPACHO,True
1166484,NORMAL,Santiago,True,11-05-2026 15:17:59,15-05-2026 9:48:02,15-05-2026 9:48:02,18-05-2026 9:49:00,18-05-2026 9:49:00,,,18-05-2026 9:49:00,18-05-2026 9:49:00,DESPACHO,DESPACHO,True
4190139299,NORMAL,Santiago,True,11-05-2026 14:47:21,15-05-2026 0:00:00,15-05-2026 0:00:00,18-05-2026 9:49:00,18-05-2026 9:49:00,,,18-05-2026 9:49:00,18-05-2026 9:49:00,DESPACHO,DESPACHO,True
1166477,NORMAL,Santiago,True,11-05-2026 9:09:58,14-05-2026 17:01:53,14-05-2026 17:01:53,18-05-2026 9:49:00,18-05-2026 9:49:00,,,18-05-2026 9:49:00,18-05-2026 9:49:00,DESPACHO,DESPACHO,True
1166473,NORMAL,Santiago,True,09-05-2026 12:55:17,14-05-2026 17:07:45,14-05-2026 17:07:45,15-05-2026 9:33:00,15-05-2026 9:33:00,,,15-05-2026 9:33:00,15-05-2026 9:33:00,DESPACHO,DESPACHO,True
1166472,NORMAL,Santiago,True,09-05-2026 12:50:50,28-05-2026 0:00:00,28-05-2026 0:00:00,28-05-2026 0:00:00,28-05-2026 0:00:00,,,28-05-2026 0:00:00,28-05-2026 0:00:00,DESPACHO,DESPACHO,True
1166471,NORMAL,Regiones,True,09-05-2026 12:28:31,22-05-2026 0:00:00,22-05-2026 0:00:00,25-05-2026 7:25:00,25-05-2026 7:25:00,,,25-05-2026 7:25:00,25-05-2026 7:25:00,DESPACHO,DESPACHO,True
1166470,NORMAL,Santiago,True,08-05-2026 23:53:01,14-05-2026 17:55:14,14-05-2026 17:55:14,15-05-2026 8:35:00,15-05-2026 8:35:00,,,15-05-2026 8:35:00,15-05-2026 8:35:00,DESPACHO,DESPACHO,True
4190139284,NORMAL,Santiago,True,08-05-2026 23:41:14,14-05-2026 17:17:17,14-05-2026 17:17:17,15-05-2026 12:06:00,15-05-2026 12:06:00,,,15-05-2026 12:06:00,15-05-2026 12:06:00,DESPACHO,DESPACHO,True
1166468,NORMAL,Santiago,True,08-05-2026 23:35:03,19-05-2026 11:23:02,19-05-2026 11:23:02,19-05-2026 16:09:00,19-05-2026 16:09:00,,,19-05-2026 16:09:00,19-05-2026 16:09:00,DESPACHO,DESPACHO,True
1166462,NORMAL,Santiago,True,08-05-2026 19:33:27,13-05-2026 15:43:15,13-05-2026 15:43:15,26-05-2026 14:31:00,26-05-2026 14:31:00,,,26-05-2026 14:31:00,26-05-2026 14:31:00,DESPACHO,DESPACHO,True
1166459,NORMAL,Regiones,True,08-05-2026 19:08:38,19-05-2026 15:22:36,19-05-2026 15:22:36,20-05-2026 15:22:00,20-05-2026 15:22:00,,,20-05-2026 15:22:00,20-05-2026 15:22:00,DESPACHO,DESPACHO,True
1166458,NORMAL,Santiago,True,08-05-2026 18:56:01,14-05-2026 17:14:13,14-05-2026 17:14:13,15-05-2026 8:56:00,15-05-2026 8:56:00,,,15-05-2026 8:56:00,15-05-2026 8:56:00,DESPACHO,DESPACHO,True
1166456,NORMAL,Regiones,True,08-05-2026 18:14:39,19-05-2026 13:50:29,19-05-2026 13:50:29,19-05-2026 16:20:00,19-05-2026 16:20:00,,,19-05-2026 16:20:00,19-05-2026 16:20:00,DESPACHO,DESPACHO,True
4190139268,NORMAL,Regiones,True,08-05-2026 16:11:57,14-05-2026 14:58:36,14-05-2026 14:58:36,18-05-2026 16:25:00,18-05-2026 16:25:00,,,18-05-2026 16:25:00,18-05-2026 16:25:00,DESPACHO,DESPACHO,True
1166452,NORMAL,Santiago,True,08-05-2026 13:15:33,15-05-2026 9:47:56,15-05-2026 9:47:56,18-05-2026 9:49:00,18-05-2026 9:49:00,,,18-05-2026 9:49:00,18-05-2026 9:49:00,DESPACHO,DESPACHO,True
1166445,NORMAL,Santiago,True,08-05-2026 12:16:00,14-05-2026 15:52:34,14-05-2026 15:52:34,15-05-2026 11:25:00,15-05-2026 11:25:00,,,15-05-2026 11:25:00,15-05-2026 11:25:00,DESPACHO,DESPACHO,True
1166438,NORMAL,Regiones,True,08-05-2026 9:02:45,20-05-2026 17:31:05,20-05-2026 17:31:05,22-05-2026 11:18:00,22-05-2026 11:18:00,,,22-05-2026 11:18:00,22-05-2026 11:18:00,DESPACHO,DESPACHO,True
1166435,NORMAL,Santiago,True,07-05-2026 18:20:23,14-05-2026 13:44:21,14-05-2026 13:44:21,14-05-2026 14:27:00,14-05-2026 14:27:00,,,14-05-2026 14:27:00,14-05-2026 14:27:00,DESPACHO,DESPACHO,True
4190139245,NORMAL,Regiones,True,07-05-2026 16:42:43,14-05-2026 18:14:04,14-05-2026 18:14:04,15-05-2026 8:35:00,15-05-2026 8:35:00,,,15-05-2026 8:35:00,15-05-2026 8:35:00,DESPACHO,DESPACHO,True
4190139239,NORMAL,Regiones,True,07-05-2026 13:24:32,14-05-2026 17:55:37,14-05-2026 17:55:37,15-05-2026 8:37:00,15-05-2026 8:37:00,,,15-05-2026 8:37:00,15-05-2026 8:37:00,DESPACHO,DESPACHO,True
4190139236,NORMAL,Santiago,True,07-05-2026 12:55:35,14-05-2026 14:57:55,14-05-2026 14:57:55,14-05-2026 15:36:00,14-05-2026 15:36:00,,,14-05-2026 15:36:00,14-05-2026 15:36:00,DESPACHO,DESPACHO,True
4190139232,NORMAL,Regiones,True,07-05-2026 10:50:38,14-05-2026 16:44:50,14-05-2026 16:44:50,15-05-2026 8:45:00,15-05-2026 8:45:00,,,15-05-2026 8:45:00,15-05-2026 8:45:00,DESPACHO,DESPACHO,True
4190139231,NORMAL,Santiago,True,07-05-2026 10:49:28,14-05-2026 12:28:39,14-05-2026 12:28:39,14-05-2026 14:22:00,14-05-2026 14:22:00,,,14-05-2026 14:22:00,14-05-2026 14:22:00,DESPACHO,DESPACHO,True
4190139254,NORMAL,Regiones,True,07-05-2026 0:00:00,14-05-2026 16:53:02,14-05-2026 16:53:02,15-05-2026 8:49:00,15-05-2026 8:49:00,,,15-05-2026 8:49:00,15-05-2026 8:49:00,DESPACHO,DESPACHO,True
4190139234,NORMAL,Santiago,True,07-05-2026 0:00:00,13-05-2026 15:43:46,13-05-2026 15:43:46,14-05-2026 8:05:00,14-05-2026 8:05:00,,,14-05-2026 8:05:00,14-05-2026 8:05:00,DESPACHO,DESPACHO,True
1166423,NORMAL,Santiago,True,06-05-2026 16:42:22,12-05-2026 14:36:17,12-05-2026 14:36:17,13-05-2026 9:52:00,13-05-2026 9:52:00,,,13-05-2026 9:52:00,13-05-2026 9:52:00,DESPACHO,DESPACHO,True
4190139218,NORMAL,Regiones,True,06-05-2026 16:37:02,20-05-2026 14:28:59,20-05-2026 14:28:59,25-05-2026 7:21:00,25-05-2026 7:21:00,,,25-05-2026 7:21:00,25-05-2026 7:21:00,DESPACHO,DESPACHO,True
4190139217,NORMAL,Regiones,True,06-05-2026 16:06:48,20-05-2026 17:11:49,20-05-2026 17:11:49,22-05-2026 11:16:00,22-05-2026 11:16:00,,,22-05-2026 11:16:00,22-05-2026 11:16:00,DESPACHO,DESPACHO,True
1166421,NORMAL,Regiones,True,06-05-2026 16:06:33,28-05-2026 12:25:54,28-05-2026 12:25:54,28-05-2026 12:25:54,28-05-2026 12:25:54,,,28-05-2026 12:25:54,28-05-2026 12:25:54,DESPACHO,DESPACHO,True
1166420,NORMAL,Regiones,True,06-05-2026 15:51:10,18-05-2026 0:00:00,18-05-2026 0:00:00,18-05-2026 16:31:00,18-05-2026 16:31:00,,,18-05-2026 16:31:00,18-05-2026 16:31:00,DESPACHO,DESPACHO,True
1166418,NORMAL,Regiones,True,06-05-2026 14:47:22,13-05-2026 14:56:14,13-05-2026 14:56:14,14-05-2026 8:12:00,14-05-2026 8:12:00,,,14-05-2026 8:12:00,14-05-2026 8:12:00,DESPACHO,DESPACHO,True
1166417,NORMAL,Santiago,True,06-05-2026 14:26:26,14-05-2026 17:56:03,14-05-2026 17:56:03,15-05-2026 8:38:00,15-05-2026 8:38:00,,,15-05-2026 8:38:00,15-05-2026 8:38:00,DESPACHO,DESPACHO,True
4190139214,NORMAL,Regiones,True,06-05-2026 13:41:08,14-05-2026 12:28:26,14-05-2026 12:28:26,14-05-2026 14:23:00,14-05-2026 14:23:00,,,14-05-2026 14:23:00,14-05-2026 14:23:00,DESPACHO,DESPACHO,True
1166416,NORMAL,Santiago,True,06-05-2026 13:02:40,14-05-2026 9:28:19,14-05-2026 9:28:19,15-05-2026 12:06:00,15-05-2026 12:06:00,,,15-05-2026 12:06:00,15-05-2026 12:06:00,DESPACHO,DESPACHO,True
1166415,NORMAL,Santiago,True,06-05-2026 12:23:27,12-05-2026 14:36:25,12-05-2026 14:36:25,13-05-2026 9:39:00,13-05-2026 9:39:00,,,13-05-2026 9:39:00,13-05-2026 9:39:00,DESPACHO,DESPACHO,True
1166411,NORMAL,Santiago,True,06-05-2026 11:41:04,14-05-2026 12:28:31,14-05-2026 12:28:31,14-05-2026 14:23:00,14-05-2026 14:23:00,,,14-05-2026 14:23:00,14-05-2026 14:23:00,DESPACHO,DESPACHO,True
1166409,NORMAL,Santiago,True,06-05-2026 10:39:32,12-05-2026 14:46:30,12-05-2026 14:46:30,13-05-2026 9:52:00,13-05-2026 9:52:00,,,13-05-2026 9:52:00,13-05-2026 9:52:00,DESPACHO,DESPACHO,True
4190139204,NORMAL,Santiago,True,06-05-2026 8:36:46,14-05-2026 12:01:45,14-05-2026 12:01:45,14-05-2026 12:47:00,14-05-2026 12:47:00,,,14-05-2026 12:47:00,14-05-2026 12:47:00,DESPACHO,DESPACHO,True
4190139215,NORMAL,Regiones,True,06-05-2026 0:00:00,14-05-2026 10:58:43,14-05-2026 10:58:43,14-05-2026 12:03:00,14-05-2026 12:03:00,,,14-05-2026 12:03:00,14-05-2026 12:03:00,DESPACHO,DESPACHO,True
4190139200,NORMAL,Santiago,True,05-05-2026 23:24:05,12-05-2026 12:00:00,12-05-2026 12:00:00,12-05-2026 12:18:00,12-05-2026 12:18:00,,,12-05-2026 12:18:00,12-05-2026 12:18:00,DESPACHO,DESPACHO,True
4190139199,NORMAL,Santiago,True,05-05-2026 23:20:53,12-05-2026 9:52:01,12-05-2026 9:52:01,12-05-2026 11:00:00,12-05-2026 11:00:00,,,12-05-2026 11:00:00,12-05-2026 11:00:00,DESPACHO,DESPACHO,True
4190139198,NORMAL,Santiago,True,05-05-2026 23:08:38,13-05-2026 13:51:37,13-05-2026 13:51:37,13-05-2026 14:20:00,13-05-2026 14:20:00,,,13-05-2026 14:20:00,13-05-2026 14:20:00,DESPACHO,DESPACHO,True
4190139194,NORMAL,Regiones,True,05-05-2026 21:46:47,14-05-2026 12:26:09,14-05-2026 12:26:09,14-05-2026 15:09:00,14-05-2026 15:09:00,,,14-05-2026 15:09:00,14-05-2026 15:09:00,DESPACHO,DESPACHO,True
4190139193,NORMAL,Santiago,True,05-05-2026 20:19:55,14-05-2026 11:57:51,14-05-2026 11:57:51,14-05-2026 12:46:00,14-05-2026 12:46:00,,,14-05-2026 12:46:00,14-05-2026 12:46:00,DESPACHO,DESPACHO,True
4190139192,NORMAL,Santiago,True,05-05-2026 18:49:42,11-05-2026 17:26:33,11-05-2026 17:26:33,12-05-2026 9:09:00,12-05-2026 9:09:00,,,12-05-2026 9:09:00,12-05-2026 9:09:00,DESPACHO,DESPACHO,True
4190139189,NORMAL,Santiago,True,05-05-2026 17:48:00,11-05-2026 16:49:54,11-05-2026 16:49:54,12-05-2026 9:03:00,12-05-2026 9:03:00,,,12-05-2026 9:03:00,12-05-2026 9:03:00,DESPACHO,DESPACHO,True
1166401,NORMAL,Santiago,True,05-05-2026 17:11:47,12-05-2026 14:46:24,12-05-2026 14:46:24,13-05-2026 9:52:00,13-05-2026 9:52:00,,,13-05-2026 9:52:00,13-05-2026 9:52:00,DESPACHO,DESPACHO,True
1166398,NORMAL,Santiago,True,05-05-2026 14:50:59,12-05-2026 16:48:52,12-05-2026 16:48:52,13-05-2026 12:15:00,13-05-2026 12:15:00,,,13-05-2026 12:15:00,13-05-2026 12:15:00,DESPACHO,DESPACHO,True
4190139183,NORMAL,Santiago,True,05-05-2026 13:37:39,12-05-2026 0:00:00,12-05-2026 0:00:00,12-05-2026 12:18:00,12-05-2026 12:18:00,,,12-05-2026 12:18:00,12-05-2026 12:18:00,DESPACHO,DESPACHO,True
1166392,NORMAL,Santiago,True,05-05-2026 11:39:37,07-05-2026 16:40:13,07-05-2026 16:40:13,13-05-2026 8:04:00,13-05-2026 8:04:00,,,13-05-2026 8:04:00,13-05-2026 8:04:00,DESPACHO,DESPACHO,True
4190139180,NORMAL,Regiones,True,05-05-2026 11:30:52,14-05-2026 13:44:11,14-05-2026 13:44:11,14-05-2026 15:38:00,14-05-2026 15:38:00,,,14-05-2026 15:38:00,14-05-2026 15:38:00,DESPACHO,DESPACHO,True
4190139197,NORMAL,Regiones,True,05-05-2026 0:00:00,14-05-2026 12:29:14,14-05-2026 12:29:14,14-05-2026 13:14:00,14-05-2026 13:14:00,,,14-05-2026 13:14:00,14-05-2026 13:14:00,DESPACHO,DESPACHO,True
1166397,NORMAL,Santiago,True,05-05-2026 0:00:00,12-05-2026 14:27:42,12-05-2026 14:27:42,12-05-2026 14:50:00,12-05-2026 14:50:00,,,12-05-2026 14:50:00,12-05-2026 14:50:00,DESPACHO,DESPACHO,True
1166394,NORMAL,Santiago,True,05-05-2026 0:00:00,28-05-2026 12:25:56,28-05-2026 12:25:56,28-05-2026 12:25:56,28-05-2026 12:25:56,,,28-05-2026 12:25:56,28-05-2026 12:25:56,DESPACHO,DESPACHO,True
4190139179,NORMAL,Regiones,True,04-05-2026 23:55:33,12-05-2026 13:44:14,12-05-2026 13:44:14,12-05-2026 16:18:00,12-05-2026 16:18:00,,,12-05-2026 16:18:00,12-05-2026 16:18:00,DESPACHO,DESPACHO,True
4190139176,NORMAL,Regiones,True,04-05-2026 20:30:43,12-05-2026 10:30:31,12-05-2026 10:30:31,12-05-2026 11:21:00,12-05-2026 11:21:00,,,12-05-2026 11:21:00,12-05-2026 11:21:00,DESPACHO,DESPACHO,True
4190139174,NORMAL,Regiones,True,04-05-2026 17:47:03,12-05-2026 14:27:50,12-05-2026 14:27:50,12-05-2026 14:52:00,12-05-2026 14:52:00,,,12-05-2026 14:52:00,12-05-2026 14:52:00,DESPACHO,DESPACHO,True
4190139165,NORMAL,Regiones,True,04-05-2026 11:11:48,26-05-2026 17:00:50,26-05-2026 17:00:50,27-05-2026 15:25:00,27-05-2026 15:25:00,,,27-05-2026 15:25:00,27-05-2026 15:25:00,DESPACHO,DESPACHO,True
4190139173,NORMAL,Santiago,True,04-05-2026 0:00:00,12-05-2026 12:17:19,12-05-2026 12:17:19,13-05-2026 9:52:00,13-05-2026 9:52:00,,,13-05-2026 9:52:00,13-05-2026 9:52:00,DESPACHO,DESPACHO,True
4190139164,NORMAL,Regiones,True,30-04-2026 19:08:34,13-05-2026 13:52:19,13-05-2026 13:52:19,13-05-2026 16:44:00,13-05-2026 16:44:00,,,13-05-2026 16:44:00,13-05-2026 16:44:00,DESPACHO,DESPACHO,True
4190139141,NORMAL,Regiones,True,30-04-2026 12:35:47,14-05-2026 17:00:21,14-05-2026 17:00:21,15-05-2026 8:50:00,15-05-2026 8:50:00,,,15-05-2026 8:50:00,15-05-2026 8:50:00,DESPACHO,DESPACHO,True
4190139140,NORMAL,Regiones,True,30-04-2026 12:27:35,14-05-2026 17:55:23,14-05-2026 17:55:23,15-05-2026 8:36:00,15-05-2026 8:36:00,,,15-05-2026 8:36:00,15-05-2026 8:36:00,DESPACHO,DESPACHO,True
4190139760,SALDO,Regiones,True,18-06-2026 16:48:36,26-06-2026 12:58:31,26-06-2026 12:58:31,30-06-2026 11:32:00,30-06-2026 11:32:00,,,30-06-2026 11:32:00,30-06-2026 11:32:00,DESPACHO,DESPACHO,True
1168135,NORMAL,Regiones,False,14-07-2026 16:49:31,,,,,,,,,DESPACHO,DESPACHO,True
1168134,NORMAL,Santiago,False,14-07-2026 16:25:21,,,,,,,,,DESPACHO,DESPACHO,True
4190140027,NORMAL,Regiones,False,14-07-2026 14:54:55,,,,,,,,,DESPACHO,DESPACHO,True
1168130,NORMAL,Santiago,False,14-07-2026 14:15:23,,,,,,,,,DESPACHO,DESPACHO,True
4190140023,NORMAL,Santiago,False,14-07-2026 11:07:00,,,,,,,,,DESPACHO,DESPACHO,True
1168125,NORMAL,Santiago,False,14-07-2026 10:31:10,,,,,,,,,DESPACHO,DESPACHO,True
4190140017,NORMAL,Regiones,False,13-07-2026 18:23:30,,,,,,,,,DESPACHO,DESPACHO,True
1168120,NORMAL,Santiago,False,13-07-2026 17:02:44,,,,,,,,,DESPACHO,DESPACHO,True
1168113,NORMAL,Santiago,False,13-07-2026 12:31:47,,,,,,,,,DESPACHO,DESPACHO,True
1168109,NORMAL,Santiago,False,13-07-2026 11:19:15,,,,,,,,,DESPACHO,DESPACHO,True
1168106,NORMAL,Santiago,False,13-07-2026 0:00:00,,,,,,,,,DESPACHO,DESPACHO,True
1168086,NORMAL,Santiago,False,09-07-2026 16:29:42,,,,,,,,,DESPACHO,DESPACHO,True
1168064,NORMAL,Santiago,False,07-07-2026 19:33:50,,,,,,,,,DESPACHO,DESPACHO,True
1167574,FES,Regiones,False,30-06-2026 0:00:00,,,,,,,,,MANIFIESTO,MANIFIESTO,True
4190139778,NORMAL,Santiago,False,22-06-2026 11:37:53,,,,,,,,,DESPACHO,DESPACHO,True
4190139772,NORMAL,Regiones,False,19-06-2026 10:52:36,,,,,,,,,DESPACHO,DESPACHO,True
4190139739,NORMAL,Regiones,False,17-06-2026 17:37:25,,,,,,,,,DESPACHO,DESPACHO,True
1167169,NORMAL,Santiago,False,15-06-2026 9:12:37,,,,,,,,,DESPACHO,DESPACHO,True
4190139492,FES,Santiago,False,28-05-2026 0:00:00,,,,,,,,,MANIFIESTO,MANIFIESTO,True
4190139472,FES,Santiago,False,27-05-2026 13:46:45,,,,,,,,,MANIFIESTO,MANIFIESTO,True
4190139470,NORMAL,Regiones,False,27-05-2026 12:30:20,,,,,,,,,DESPACHO,DESPACHO,True
1167926,FES,Santiago,True,01-07-2026 22:37:39,02-07-2026 8:20:35,02-07-2026 8:20:35,02-07-2026 8:20:35,02-07-2026 8:20:35,08-07-2026 0:00:00,08-07-2026 0:00:00,08-07-2026 0:00:00,08-07-2026 0:00:00,MANIFIESTO,MANIFIESTO,True
1167658,FES,Regiones,True,01-07-2026 15:00:52,02-07-2026 9:59:33,02-07-2026 9:59:33,02-07-2026 9:59:33,02-07-2026 9:59:33,20-07-2026 0:00:00,20-07-2026 0:00:00,20-07-2026 0:00:00,20-07-2026 0:00:00,MANIFIESTO,MANIFIESTO,True
1167646,FES,Regiones,True,01-07-2026 12:46:51,01-07-2026 14:45:52,01-07-2026 14:45:52,01-07-2026 14:45:52,01-07-2026 14:45:52,13-07-2026 0:00:00,13-07-2026 0:00:00,13-07-2026 0:00:00,13-07-2026 0:00:00,MANIFIESTO,MANIFIESTO,True
1167645,FES,Regiones,True,01-07-2026 12:41:02,01-07-2026 14:45:45,01-07-2026 14:45:45,01-07-2026 14:45:45,01-07-2026 14:45:45,13-07-2026 0:00:00,13-07-2026 0:00:00,13-07-2026 0:00:00,13-07-2026 0:00:00,MANIFIESTO,MANIFIESTO,True
1167627,FES,Regiones,True,01-07-2026 12:02:57,02-07-2026 8:20:58,02-07-2026 8:20:58,02-07-2026 8:20:58,02-07-2026 8:20:58,22-07-2026 0:00:00,22-07-2026 0:00:00,22-07-2026 0:00:00,22-07-2026 0:00:00,MANIFIESTO,MANIFIESTO,True
1167614,FES,Regiones,True,01-07-2026 11:19:40,02-07-2026 8:20:50,02-07-2026 8:20:50,02-07-2026 8:20:50,02-07-2026 8:20:50,22-07-2026 0:00:00,22-07-2026 0:00:00,22-07-2026 0:00:00,22-07-2026 0:00:00,MANIFIESTO,MANIFIESTO,True
4190139938,FES,Santiago,True,01-07-2026 10:32:51,01-07-2026 10:50:36,01-07-2026 10:50:36,01-07-2026 10:50:36,01-07-2026 10:50:36,27-07-2026 0:00:00,27-07-2026 0:00:00,27-07-2026 0:00:00,27-07-2026 0:00:00,MANIFIESTO,MANIFIESTO,True
1167581,FES,Santiago,True,30-06-2026 22:31:19,10-07-2026 8:26:49,10-07-2026 8:26:49,10-07-2026 8:26:49,10-07-2026 8:26:49,10-07-2026 0:00:00,10-07-2026 0:00:00,10-07-2026 0:00:00,10-07-2026 0:00:00,MANIFIESTO,MANIFIESTO,True
4190139903,FES,Santiago,True,30-06-2026 12:47:13,30-06-2026 13:00:39,30-06-2026 13:00:39,30-06-2026 13:00:39,30-06-2026 13:00:39,07-07-2026 0:00:00,07-07-2026 0:00:00,07-07-2026 0:00:00,07-07-2026 0:00:00,MANIFIESTO,MANIFIESTO,True
4190139902,FES,Santiago,True,30-06-2026 12:39:24,30-06-2026 13:45:10,30-06-2026 13:45:10,30-06-2026 13:45:10,30-06-2026 13:45:10,07-07-2026 0:00:00,07-07-2026 0:00:00,07-07-2026 0:00:00,07-07-2026 0:00:00,MANIFIESTO,MANIFIESTO,True
1167483,FES,Regiones,True,29-06-2026 22:20:48,02-07-2026 8:20:36,02-07-2026 8:20:36,02-07-2026 8:20:36,02-07-2026 8:20:36,07-07-2026 0:00:00,07-07-2026 0:00:00,07-07-2026 0:00:00,07-07-2026 0:00:00,MANIFIESTO,MANIFIESTO,True
1167482,FES,Regiones,True,29-06-2026 22:18:18,02-07-2026 8:22:13,02-07-2026 8:22:13,02-07-2026 8:22:13,02-07-2026 8:22:13,07-07-2026 0:00:00,07-07-2026 0:00:00,07-07-2026 0:00:00,07-07-2026 0:00:00,MANIFIESTO,MANIFIESTO,True
1167481,FES,Regiones,True,29-06-2026 22:15:00,02-07-2026 8:22:01,02-07-2026 8:22:01,02-07-2026 8:22:01,02-07-2026 8:22:01,07-07-2026 0:00:00,07-07-2026 0:00:00,07-07-2026 0:00:00,07-07-2026 0:00:00,MANIFIESTO,MANIFIESTO,True
4190139892,FES,Regiones,True,29-06-2026 22:06:56,30-06-2026 14:25:58,30-06-2026 14:25:58,30-06-2026 14:25:58,30-06-2026 14:25:58,07-07-2026 0:00:00,07-07-2026 0:00:00,07-07-2026 0:00:00,07-07-2026 0:00:00,MANIFIESTO,MANIFIESTO,True
4190139889,FES,Santiago,True,29-06-2026 16:56:50,01-07-2026 14:40:15,01-07-2026 14:40:15,01-07-2026 14:40:15,01-07-2026 14:40:15,23-07-2026 0:00:00,23-07-2026 0:00:00,23-07-2026 0:00:00,23-07-2026 0:00:00,MANIFIESTO,MANIFIESTO,True
4190139888,FES,Santiago,True,29-06-2026 16:48:55,01-07-2026 14:43:19,01-07-2026 14:43:19,01-07-2026 14:43:19,01-07-2026 14:43:19,23-07-2026 0:00:00,23-07-2026 0:00:00,23-07-2026 0:00:00,23-07-2026 0:00:00,MANIFIESTO,MANIFIESTO,True
1167478,FES,Regiones,True,29-06-2026 0:00:00,02-07-2026 8:22:25,02-07-2026 8:22:25,02-07-2026 8:22:25,02-07-2026 8:22:25,07-07-2026 0:00:00,07-07-2026 0:00:00,07-07-2026 0:00:00,07-07-2026 0:00:00,MANIFIESTO,MANIFIESTO,True
1167479,FES,Regiones,True,29-06-2026 0:00:00,02-07-2026 8:21:18,02-07-2026 8:21:18,02-07-2026 8:21:18,02-07-2026 8:21:18,07-07-2026 0:00:00,07-07-2026 0:00:00,07-07-2026 0:00:00,07-07-2026 0:00:00,MANIFIESTO,MANIFIESTO,True
4190139882,FES,Santiago,True,27-06-2026 12:50:24,01-07-2026 14:59:33,01-07-2026 14:59:33,01-07-2026 14:59:33,01-07-2026 14:59:33,30-07-2026 0:00:00,30-07-2026 0:00:00,30-07-2026 0:00:00,30-07-2026 0:00:00,MANIFIESTO,MANIFIESTO,True
4190139883,FES,Santiago,True,27-06-2026 0:00:00,01-07-2026 14:41:03,01-07-2026 14:41:03,01-07-2026 14:41:03,01-07-2026 14:41:03,30-07-2026 0:00:00,30-07-2026 0:00:00,30-07-2026 0:00:00,30-07-2026 0:00:00,MANIFIESTO,MANIFIESTO,True
4190139881,FES,Regiones,True,26-06-2026 18:51:35,30-06-2026 9:43:38,30-06-2026 9:43:38,30-06-2026 9:43:38,30-06-2026 9:43:38,07-07-2026 0:00:00,07-07-2026 0:00:00,07-07-2026 0:00:00,07-07-2026 0:00:00,MANIFIESTO,MANIFIESTO,True
4190139878,FES,Regiones,True,26-06-2026 14:18:19,26-06-2026 14:29:51,26-06-2026 14:29:51,26-06-2026 14:29:51,26-06-2026 14:29:51,13-07-2026 0:00:00,13-07-2026 0:00:00,13-07-2026 0:00:00,13-07-2026 0:00:00,MANIFIESTO,MANIFIESTO,True
1167380,FES,Santiago,True,26-06-2026 12:20:34,26-06-2026 12:58:56,26-06-2026 12:58:56,26-06-2026 12:58:56,26-06-2026 12:58:56,07-07-2026 0:00:00,07-07-2026 0:00:00,07-07-2026 0:00:00,07-07-2026 0:00:00,MANIFIESTO,MANIFIESTO,True
1167379,FES,Santiago,True,26-06-2026 11:59:32,26-06-2026 12:58:55,26-06-2026 12:58:55,26-06-2026 12:58:55,26-06-2026 12:58:55,07-07-2026 0:00:00,07-07-2026 0:00:00,07-07-2026 0:00:00,07-07-2026 0:00:00,MANIFIESTO,MANIFIESTO,True
1167373,FES,Santiago,True,25-06-2026 22:50:41,30-06-2026 9:43:18,30-06-2026 9:43:18,30-06-2026 11:52:00,30-06-2026 11:52:00,23-07-2026 0:00:00,23-07-2026 0:00:00,23-07-2026 0:00:00,23-07-2026 0:00:00,MANIFIESTO,MANIFIESTO,True
4190139868,FES,Regiones,True,25-06-2026 17:24:45,01-07-2026 16:56:15,01-07-2026 16:56:15,01-07-2026 16:56:15,01-07-2026 16:56:15,13-07-2026 0:00:00,13-07-2026 0:00:00,13-07-2026 0:00:00,13-07-2026 0:00:00,MANIFIESTO,MANIFIESTO,True
1167360,FES,Santiago,True,25-06-2026 13:48:46,07-07-2026 12:05:52,07-07-2026 12:05:52,07-07-2026 12:05:52,07-07-2026 12:05:52,07-07-2026 0:00:00,07-07-2026 0:00:00,07-07-2026 0:00:00,07-07-2026 0:00:00,MANIFIESTO,MANIFIESTO,True
4190139858,FES,Regiones,True,24-06-2026 19:53:14,01-07-2026 16:56:13,01-07-2026 16:56:13,01-07-2026 16:56:13,01-07-2026 16:56:13,13-07-2026 0:00:00,13-07-2026 0:00:00,13-07-2026 0:00:00,13-07-2026 0:00:00,MANIFIESTO,MANIFIESTO,True
1167340,FES,Santiago,True,24-06-2026 12:30:52,26-06-2026 12:57:46,26-06-2026 12:57:46,26-06-2026 11:48:00,26-06-2026 11:48:00,06-07-2026 0:00:00,06-07-2026 0:00:00,06-07-2026 0:00:00,06-07-2026 0:00:00,MANIFIESTO,MANIFIESTO,True
1167324,FES,Regiones,True,24-06-2026 0:53:45,26-06-2026 0:00:00,26-06-2026 0:00:00,30-06-2026 11:54:00,30-06-2026 11:54:00,10-07-2026 0:00:00,10-07-2026 0:00:00,10-07-2026 0:00:00,10-07-2026 0:00:00,MANIFIESTO,MANIFIESTO,True
1167318,FES,Santiago,True,23-06-2026 17:54:31,26-06-2026 0:00:00,26-06-2026 0:00:00,30-06-2026 11:45:00,30-06-2026 11:45:00,03-07-2026 0:00:00,03-07-2026 0:00:00,03-07-2026 0:00:00,03-07-2026 0:00:00,MANIFIESTO,MANIFIESTO,True
1167317,FES,Santiago,True,23-06-2026 17:50:28,26-06-2026 0:00:00,26-06-2026 0:00:00,30-06-2026 11:45:00,30-06-2026 11:45:00,06-07-2026 0:00:00,06-07-2026 0:00:00,06-07-2026 0:00:00,06-07-2026 0:00:00,MANIFIESTO,MANIFIESTO,True
1167311,FES,Santiago,True,23-06-2026 14:51:59,01-07-2026 12:11:42,01-07-2026 12:11:42,01-07-2026 12:11:42,01-07-2026 12:11:42,06-07-2026 0:00:00,06-07-2026 0:00:00,06-07-2026 0:00:00,06-07-2026 0:00:00,MANIFIESTO,MANIFIESTO,True
4190139804,FES,Regiones,True,22-06-2026 18:33:17,01-07-2026 16:56:12,01-07-2026 16:56:12,01-07-2026 16:56:12,01-07-2026 16:56:12,09-07-2026 0:00:00,09-07-2026 0:00:00,09-07-2026 0:00:00,09-07-2026 0:00:00,MANIFIESTO,MANIFIESTO,True
4190139801,FES,Regiones,True,22-06-2026 18:12:39,01-07-2026 16:56:04,01-07-2026 16:56:04,01-07-2026 16:56:04,01-07-2026 16:56:04,08-07-2026 0:00:00,08-07-2026 0:00:00,08-07-2026 0:00:00,08-07-2026 0:00:00,MANIFIESTO,MANIFIESTO,True
1167287,FES,Santiago,True,22-06-2026 16:20:53,01-07-2026 12:11:41,01-07-2026 12:11:41,01-07-2026 12:11:41,01-07-2026 12:11:41,06-07-2026 0:00:00,06-07-2026 0:00:00,06-07-2026 0:00:00,06-07-2026 0:00:00,MANIFIESTO,MANIFIESTO,True
4190139788,FES,Regiones,True,22-06-2026 14:22:52,01-07-2026 11:21:24,01-07-2026 11:21:24,01-07-2026 11:21:24,01-07-2026 11:21:24,09-07-2026 0:00:00,09-07-2026 0:00:00,09-07-2026 0:00:00,09-07-2026 0:00:00,MANIFIESTO,MANIFIESTO,True
4190139745,FES,Regiones,True,18-06-2026 11:23:22,30-06-2026 14:14:33,30-06-2026 14:14:33,30-06-2026 14:14:33,30-06-2026 14:14:33,02-07-2026 0:00:00,02-07-2026 0:00:00,02-07-2026 0:00:00,02-07-2026 0:00:00,MANIFIESTO,MANIFIESTO,True
4190139682,FES,Regiones,True,12-06-2026 0:00:00,30-06-2026 14:14:33,30-06-2026 14:14:33,30-06-2026 14:14:33,30-06-2026 14:14:33,03-07-2026 0:00:00,03-07-2026 0:00:00,03-07-2026 0:00:00,03-07-2026 0:00:00,MANIFIESTO,MANIFIESTO,True
1167106,FES,Santiago,True,09-06-2026 13:34:41,26-06-2026 11:00:26,26-06-2026 11:00:26,26-06-2026 11:00:26,26-06-2026 11:00:26,26-06-2026 0:00:00,26-06-2026 0:00:00,26-06-2026 0:00:00,26-06-2026 0:00:00,MANIFIESTO,MANIFIESTO,True
1167090,FES,Regiones,True,08-06-2026 0:00:00,26-06-2026 10:58:42,26-06-2026 10:58:42,26-06-2026 10:58:42,26-06-2026 10:58:42,02-07-2026 0:00:00,02-07-2026 0:00:00,02-07-2026 0:00:00,02-07-2026 0:00:00,MANIFIESTO,MANIFIESTO,True
4190139574,FES,Regiones,True,03-06-2026 15:35:07,30-06-2026 14:14:22,30-06-2026 14:14:22,30-06-2026 14:14:22,30-06-2026 14:14:22,03-07-2026 0:00:00,03-07-2026 0:00:00,03-07-2026 0:00:00,03-07-2026 0:00:00,MANIFIESTO,MANIFIESTO,True
1166838,FES,Santiago,True,29-05-2026 12:15:41,01-06-2026 9:44:17,01-06-2026 9:44:17,01-06-2026 9:44:17,01-06-2026 9:44:17,05-06-2026 0:00:00,05-06-2026 0:00:00,05-06-2026 0:00:00,05-06-2026 0:00:00,MANIFIESTO,MANIFIESTO,True
1166700,FES,Santiago,True,28-05-2026 14:13:36,30-05-2026 9:18:48,30-05-2026 9:18:48,30-05-2026 9:18:48,30-05-2026 9:18:48,04-06-2026 0:00:00,04-06-2026 0:00:00,04-06-2026 0:00:00,04-06-2026 0:00:00,MANIFIESTO,MANIFIESTO,True
4190139496,FES,Regiones,True,28-05-2026 11:46:32,01-06-2026 12:22:29,01-06-2026 12:22:29,01-06-2026 12:22:29,01-06-2026 12:22:29,05-06-2026 0:00:00,05-06-2026 0:00:00,05-06-2026 0:00:00,05-06-2026 0:00:00,MANIFIESTO,MANIFIESTO,True
1166699,FES,Santiago,True,28-05-2026 0:00:00,01-06-2026 9:02:31,01-06-2026 9:02:31,01-06-2026 9:02:31,01-06-2026 9:02:31,04-06-2026 0:00:00,04-06-2026 0:00:00,04-06-2026 0:00:00,04-06-2026 0:00:00,MANIFIESTO,MANIFIESTO,True
1166696,FES + SALDO,Santiago,True,28-05-2026 0:00:00,28-05-2026 16:53:23,28-05-2026 16:53:23,05-06-2026 9:50:00,05-06-2026 9:50:00,05-06-2026 0:00:00,05-06-2026 0:00:00,05-06-2026 0:00:00,05-06-2026 0:00:00,MANIFIESTO,MANIFIESTO,True
1166660,FES,Regiones,True,26-05-2026 17:49:17,26-06-2026 12:58:16,26-06-2026 12:58:16,26-06-2026 12:58:16,26-06-2026 12:58:16,03-07-2026 0:00:00,03-07-2026 0:00:00,03-07-2026 0:00:00,03-07-2026 0:00:00,MANIFIESTO,MANIFIESTO,True
1166656,FES,Regiones,True,26-05-2026 15:23:27,01-06-2026 9:02:43,01-06-2026 9:02:43,01-06-2026 9:02:43,01-06-2026 9:02:43,03-06-2026 0:00:00,03-06-2026 0:00:00,03-06-2026 0:00:00,03-06-2026 0:00:00,MANIFIESTO,MANIFIESTO,True
1166377,FES,Santiago,True,04-05-2026 13:48:40,04-05-2026 0:00:00,04-05-2026 0:00:00,04-05-2026 0:00:00,04-05-2026 0:00:00,12-05-2026 0:00:00,12-05-2026 0:00:00,12-05-2026 0:00:00,12-05-2026 0:00:00,MANIFIESTO,MANIFIESTO,True
4190139166,FES,Santiago,True,04-05-2026 11:58:58,04-05-2026 12:56:25,04-05-2026 12:56:25,04-05-2026 12:56:25,04-05-2026 12:56:25,11-05-2026 0:00:00,11-05-2026 0:00:00,11-05-2026 0:00:00,11-05-2026 0:00:00,MANIFIESTO,MANIFIESTO,True
1166295,FES,Santiago,True,04-05-2026 9:17:25,04-05-2026 11:04:33,04-05-2026 11:04:33,04-05-2026 11:04:33,04-05-2026 11:04:33,11-05-2026 0:00:00,11-05-2026 0:00:00,11-05-2026 0:00:00,11-05-2026 0:00:00,MANIFIESTO,MANIFIESTO,True
1166144,FES,Santiago,True,04-05-2026 8:20:36,04-05-2026 11:04:39,04-05-2026 11:04:39,04-05-2026 11:04:39,04-05-2026 11:04:39,18-05-2026 0:00:00,18-05-2026 0:00:00,18-05-2026 0:00:00,18-05-2026 0:00:00,MANIFIESTO,MANIFIESTO,True
1166070,FES,Santiago,True,30-04-2026 12:32:05,02-05-2026 11:29:36,02-05-2026 11:29:36,02-05-2026 11:29:36,02-05-2026 11:29:36,14-05-2026 0:00:00,14-05-2026 0:00:00,14-05-2026 0:00:00,14-05-2026 0:00:00,MANIFIESTO,MANIFIESTO,True
1166069,FES,Santiago,True,30-04-2026 12:17:02,30-04-2026 15:36:04,30-04-2026 15:36:04,30-04-2026 15:36:04,30-04-2026 15:36:04,11-05-2026 0:00:00,11-05-2026 0:00:00,11-05-2026 0:00:00,11-05-2026 0:00:00,MANIFIESTO,MANIFIESTO,True
1166060,FES,Santiago,True,30-04-2026 9:58:36,30-04-2026 10:44:17,30-04-2026 10:44:17,30-04-2026 10:44:17,30-04-2026 10:44:17,11-05-2026 0:00:00,11-05-2026 0:00:00,11-05-2026 0:00:00,11-05-2026 0:00:00,MANIFIESTO,MANIFIESTO,True
4190139156,FES,Regiones,True,30-04-2026 0:00:00,02-05-2026 11:30:35,02-05-2026 11:30:35,02-05-2026 11:30:35,02-05-2026 11:30:35,11-05-2026 0:00:00,11-05-2026 0:00:00,11-05-2026 0:00:00,11-05-2026 0:00:00,MANIFIESTO,MANIFIESTO,True
1166057,FES,Santiago,True,30-04-2026 0:00:00,30-04-2026 20:36:55,30-04-2026 20:36:55,30-04-2026 20:36:55,30-04-2026 20:36:55,03-06-2026 0:00:00,03-06-2026 0:00:00,03-06-2026 0:00:00,03-06-2026 0:00:00,MANIFIESTO,MANIFIESTO,True
4190139947,FES,Regiones,True,02-07-2026 9:36:29,02-07-2026 9:45:57,02-07-2026 9:45:57,02-07-2026 9:45:57,02-07-2026 9:45:57,10-07-2026 0:00:00,10-07-2026 0:00:00,10-07-2026 0:00:00,10-07-2026 0:00:00,MANIFIESTO,MANIFIESTO,True
4190139944,FES,Santiago,True,01-07-2026 12:41:37,01-07-2026 15:07:36,01-07-2026 15:07:36,01-07-2026 15:07:36,01-07-2026 15:07:36,13-07-2026 0:00:00,13-07-2026 0:00:00,13-07-2026 0:00:00,13-07-2026 0:00:00,MANIFIESTO,MANIFIESTO,True
4190139943,FES,Santiago,True,01-07-2026 11:59:24,01-07-2026 15:07:34,01-07-2026 15:07:34,01-07-2026 15:07:34,01-07-2026 15:07:34,13-07-2026 0:00:00,13-07-2026 0:00:00,13-07-2026 0:00:00,13-07-2026 0:00:00,MANIFIESTO,MANIFIESTO,True
1167628,FES,Regiones,True,01-07-2026 11:47:27,01-07-2026 0:00:00,01-07-2026 0:00:00,01-07-2026 0:00:00,01-07-2026 0:00:00,14-07-2026 0:00:00,14-07-2026 0:00:00,14-07-2026 0:00:00,14-07-2026 0:00:00,MANIFIESTO,MANIFIESTO,True
4190139937,FES,Regiones,True,30-06-2026 23:23:21,01-07-2026 8:59:03,01-07-2026 8:59:03,01-07-2026 8:59:03,01-07-2026 8:59:03,13-07-2026 0:00:00,13-07-2026 0:00:00,13-07-2026 0:00:00,13-07-2026 0:00:00,MANIFIESTO,MANIFIESTO,True
4190139936,FES,Regiones,True,30-06-2026 22:26:59,01-07-2026 8:59:52,01-07-2026 8:59:52,01-07-2026 8:59:52,01-07-2026 8:59:52,08-07-2026 0:00:00,08-07-2026 0:00:00,08-07-2026 0:00:00,08-07-2026 0:00:00,MANIFIESTO,MANIFIESTO,True
4190139935,FES,Regiones,True,30-06-2026 22:24:46,01-07-2026 8:59:52,01-07-2026 8:59:52,01-07-2026 8:59:52,01-07-2026 8:59:52,09-07-2026 0:00:00,09-07-2026 0:00:00,09-07-2026 0:00:00,09-07-2026 0:00:00,MANIFIESTO,MANIFIESTO,True
4190139934,FES,Regiones,True,30-06-2026 22:12:35,01-07-2026 8:59:46,01-07-2026 8:59:46,01-07-2026 8:59:46,01-07-2026 8:59:46,08-07-2026 0:00:00,08-07-2026 0:00:00,08-07-2026 0:00:00,08-07-2026 0:00:00,MANIFIESTO,MANIFIESTO,True
4190139932,FES,Regiones,True,30-06-2026 21:54:06,01-07-2026 14:44:29,01-07-2026 14:44:29,01-07-2026 14:44:29,01-07-2026 14:44:29,10-07-2026 0:00:00,10-07-2026 0:00:00,10-07-2026 0:00:00,10-07-2026 0:00:00,MANIFIESTO,MANIFIESTO,True
4190139931,FES,Regiones,True,30-06-2026 21:31:42,01-07-2026 8:59:40,01-07-2026 8:59:40,01-07-2026 8:59:40,01-07-2026 8:59:40,09-07-2026 0:00:00,09-07-2026 0:00:00,09-07-2026 0:00:00,09-07-2026 0:00:00,MANIFIESTO,MANIFIESTO,True
4190139930,FES,Regiones,True,30-06-2026 19:25:27,01-07-2026 8:58:39,01-07-2026 8:58:39,01-07-2026 8:58:39,01-07-2026 8:58:39,10-07-2026 0:00:00,10-07-2026 0:00:00,10-07-2026 0:00:00,10-07-2026 0:00:00,MANIFIESTO,MANIFIESTO,True
4190139928,FES,Santiago,True,30-06-2026 18:46:59,01-07-2026 8:59:27,01-07-2026 8:59:27,01-07-2026 8:59:27,01-07-2026 8:59:27,09-07-2026 0:00:00,09-07-2026 0:00:00,09-07-2026 0:00:00,09-07-2026 0:00:00,MANIFIESTO,MANIFIESTO,True
4190139927,FES,Regiones,True,30-06-2026 18:42:47,01-07-2026 8:59:29,01-07-2026 8:59:29,01-07-2026 8:59:29,01-07-2026 8:59:29,09-07-2026 0:00:00,09-07-2026 0:00:00,09-07-2026 0:00:00,09-07-2026 0:00:00,MANIFIESTO,MANIFIESTO,True
4190139926,FES,Santiago,True,30-06-2026 18:36:58,30-06-2026 18:45:04,30-06-2026 18:45:04,30-06-2026 18:45:04,30-06-2026 18:45:04,13-07-2026 0:00:00,13-07-2026 0:00:00,13-07-2026 0:00:00,13-07-2026 0:00:00,MANIFIESTO,MANIFIESTO,True
4190139924,FES,Regiones,True,30-06-2026 17:48:16,01-07-2026 8:58:42,01-07-2026 8:58:42,01-07-2026 8:58:42,01-07-2026 8:58:42,09-07-2026 0:00:00,09-07-2026 0:00:00,09-07-2026 0:00:00,09-07-2026 0:00:00,MANIFIESTO,MANIFIESTO,True
4190139923,FES,Regiones,True,30-06-2026 17:38:00,30-06-2026 18:45:00,30-06-2026 18:45:00,30-06-2026 18:45:00,30-06-2026 18:45:00,10-07-2026 0:00:00,10-07-2026 0:00:00,10-07-2026 0:00:00,10-07-2026 0:00:00,MANIFIESTO,MANIFIESTO,True
1167579,FES,Santiago,True,30-06-2026 17:21:32,01-07-2026 9:49:11,01-07-2026 9:49:11,01-07-2026 9:49:11,01-07-2026 9:49:11,07-07-2026 0:00:00,07-07-2026 0:00:00,07-07-2026 0:00:00,07-07-2026 0:00:00,MANIFIESTO,MANIFIESTO,True
1167578,FES,Santiago,True,30-06-2026 17:03:55,30-06-2026 18:16:02,30-06-2026 18:16:02,30-06-2026 18:16:02,30-06-2026 18:16:02,09-07-2026 0:00:00,09-07-2026 0:00:00,09-07-2026 0:00:00,09-07-2026 0:00:00,MANIFIESTO,MANIFIESTO,True
4190139920,FES,Regiones,True,30-06-2026 16:54:35,02-07-2026 14:45:08,02-07-2026 14:45:08,02-07-2026 14:45:08,02-07-2026 14:45:08,10-07-2026 0:00:00,10-07-2026 0:00:00,10-07-2026 0:00:00,10-07-2026 0:00:00,MANIFIESTO,MANIFIESTO,True
1167576,FES,Regiones,True,30-06-2026 16:35:59,30-06-2026 18:45:32,30-06-2026 18:45:32,30-06-2026 18:45:32,30-06-2026 18:45:32,21-07-2026 0:00:00,21-07-2026 0:00:00,21-07-2026 0:00:00,21-07-2026 0:00:00,MANIFIESTO,MANIFIESTO,True
1167575,FES,Regiones,True,30-06-2026 16:26:42,30-06-2026 18:14:26,30-06-2026 18:14:26,30-06-2026 18:14:26,30-06-2026 18:14:26,13-07-2026 0:00:00,13-07-2026 0:00:00,13-07-2026 0:00:00,13-07-2026 0:00:00,MANIFIESTO,MANIFIESTO,True
1167573,FES,Santiago,True,30-06-2026 15:45:29,01-07-2026 9:49:17,01-07-2026 9:49:17,01-07-2026 9:49:17,01-07-2026 9:49:17,08-07-2026 0:00:00,08-07-2026 0:00:00,08-07-2026 0:00:00,08-07-2026 0:00:00,MANIFIESTO,MANIFIESTO,True
1167571,FES,Santiago,True,30-06-2026 14:52:12,30-06-2026 18:15:55,30-06-2026 18:15:55,30-06-2026 18:15:55,30-06-2026 18:15:55,07-07-2026 0:00:00,07-07-2026 0:00:00,07-07-2026 0:00:00,07-07-2026 0:00:00,MANIFIESTO,MANIFIESTO,True
4190139915,FES,Santiago,True,30-06-2026 14:51:47,30-06-2026 18:16:25,30-06-2026 18:16:25,30-06-2026 18:16:25,30-06-2026 18:16:25,07-07-2026 0:00:00,07-07-2026 0:00:00,07-07-2026 0:00:00,07-07-2026 0:00:00,MANIFIESTO,MANIFIESTO,True
4190139908,FES,Regiones,True,30-06-2026 13:59:59,30-06-2026 14:25:50,30-06-2026 14:25:50,30-06-2026 14:25:50,30-06-2026 14:25:50,08-07-2026 0:00:00,08-07-2026 0:00:00,08-07-2026 0:00:00,08-07-2026 0:00:00,MANIFIESTO,MANIFIESTO,True
4190139901,FES,Regiones,True,30-06-2026 12:24:57,30-06-2026 13:01:53,30-06-2026 13:01:53,30-06-2026 13:01:53,30-06-2026 13:01:53,13-07-2026 0:00:00,13-07-2026 0:00:00,13-07-2026 0:00:00,13-07-2026 0:00:00,MANIFIESTO,MANIFIESTO,True
4190139900,FES,Regiones,True,30-06-2026 11:22:33,01-07-2026 9:49:54,01-07-2026 9:49:54,01-07-2026 9:49:54,01-07-2026 9:49:54,10-07-2026 0:00:00,10-07-2026 0:00:00,10-07-2026 0:00:00,10-07-2026 0:00:00,MANIFIESTO,MANIFIESTO,True
4190139899,FES,Regiones,True,30-06-2026 11:14:20,30-06-2026 12:29:12,30-06-2026 12:29:12,30-06-2026 12:29:12,30-06-2026 12:29:12,13-07-2026 0:00:00,13-07-2026 0:00:00,13-07-2026 0:00:00,13-07-2026 0:00:00,MANIFIESTO,MANIFIESTO,True
1167487,FES,Regiones,True,30-06-2026 11:07:32,01-07-2026 14:44:34,01-07-2026 14:44:34,01-07-2026 14:44:34,01-07-2026 14:44:34,08-07-2026 0:00:00,08-07-2026 0:00:00,08-07-2026 0:00:00,08-07-2026 0:00:00,MANIFIESTO,MANIFIESTO,True
4190139898,FES,Santiago,True,30-06-2026 10:59:09,30-06-2026 13:45:12,30-06-2026 13:45:12,30-06-2026 13:45:12,30-06-2026 13:45:12,13-07-2026 0:00:00,13-07-2026 0:00:00,13-07-2026 0:00:00,13-07-2026 0:00:00,MANIFIESTO,MANIFIESTO,True
4190139897,FES,Regiones,True,30-06-2026 10:57:51,01-07-2026 14:45:29,01-07-2026 14:45:29,01-07-2026 14:45:29,01-07-2026 14:45:29,30-07-2026 0:00:00,30-07-2026 0:00:00,30-07-2026 0:00:00,30-07-2026 0:00:00,MANIFIESTO,MANIFIESTO,True
1167486,FES,Regiones,True,30-06-2026 10:40:35,30-06-2026 12:29:06,30-06-2026 12:29:06,30-06-2026 12:29:06,30-06-2026 12:29:06,13-07-2026 0:00:00,13-07-2026 0:00:00,13-07-2026 0:00:00,13-07-2026 0:00:00,MANIFIESTO,MANIFIESTO,True
4190139896,FES,Santiago,True,30-06-2026 10:37:39,30-06-2026 11:00:12,30-06-2026 11:00:12,30-06-2026 11:00:12,30-06-2026 11:00:12,07-07-2026 0:00:00,07-07-2026 0:00:00,07-07-2026 0:00:00,07-07-2026 0:00:00,MANIFIESTO,MANIFIESTO,True
1167485,FES,Santiago,True,30-06-2026 10:30:30,30-06-2026 0:00:00,30-06-2026 0:00:00,30-06-2026 0:00:00,30-06-2026 0:00:00,07-07-2026 0:00:00,07-07-2026 0:00:00,07-07-2026 0:00:00,07-07-2026 0:00:00,MANIFIESTO,MANIFIESTO,True
4190139893,FES,Regiones,True,30-06-2026 8:13:46,01-07-2026 8:58:57,01-07-2026 8:58:57,01-07-2026 8:58:57,01-07-2026 8:58:57,14-07-2026 0:00:00,14-07-2026 0:00:00,14-07-2026 0:00:00,14-07-2026 0:00:00,MANIFIESTO,MANIFIESTO,True
4190139925,FES,Santiago,True,30-06-2026 0:00:00,01-07-2026 10:50:34,01-07-2026 10:50:34,01-07-2026 10:50:34,01-07-2026 10:50:34,07-07-2026 0:00:00,07-07-2026 0:00:00,07-07-2026 0:00:00,07-07-2026 0:00:00,MANIFIESTO,MANIFIESTO,True
4190139895,FES,Santiago,True,30-06-2026 0:00:00,30-06-2026 14:14:19,30-06-2026 14:14:19,30-06-2026 14:14:19,30-06-2026 14:14:19,07-07-2026 0:00:00,07-07-2026 0:00:00,07-07-2026 0:00:00,07-07-2026 0:00:00,MANIFIESTO,MANIFIESTO,True
4190139918,FES,Santiago,True,30-06-2026 0:00:00,30-06-2026 18:16:32,30-06-2026 18:16:32,30-06-2026 18:16:32,30-06-2026 18:16:32,10-07-2026 0:00:00,10-07-2026 0:00:00,10-07-2026 0:00:00,10-07-2026 0:00:00,MANIFIESTO,MANIFIESTO,True
4190139933,FES,Regiones,True,30-06-2026 0:00:00,01-07-2026 8:59:46,01-07-2026 8:59:46,01-07-2026 8:59:46,01-07-2026 8:59:46,09-07-2026 0:00:00,09-07-2026 0:00:00,09-07-2026 0:00:00,09-07-2026 0:00:00,MANIFIESTO,MANIFIESTO,True
4190139929,FES,Santiago,True,30-06-2026 0:00:00,01-07-2026 8:59:27,01-07-2026 8:59:27,01-07-2026 8:59:27,01-07-2026 8:59:27,09-07-2026 0:00:00,09-07-2026 0:00:00,09-07-2026 0:00:00,09-07-2026 0:00:00,MANIFIESTO,MANIFIESTO,True
1167475,FES,Regiones,True,29-06-2026 21:48:23,30-06-2026 13:45:14,30-06-2026 13:45:14,30-06-2026 13:45:14,30-06-2026 13:45:14,10-07-2026 0:00:00,10-07-2026 0:00:00,10-07-2026 0:00:00,10-07-2026 0:00:00,MANIFIESTO,MANIFIESTO,True
4190139891,FES,Regiones,True,29-06-2026 21:20:40,01-07-2026 12:11:40,01-07-2026 12:11:40,01-07-2026 12:11:40,01-07-2026 12:11:40,13-07-2026 0:00:00,13-07-2026 0:00:00,13-07-2026 0:00:00,13-07-2026 0:00:00,MANIFIESTO,MANIFIESTO,True
4190139887,FES,Regiones,True,27-06-2026 21:40:09,30-06-2026 14:26:07,30-06-2026 14:26:07,30-06-2026 14:26:07,30-06-2026 14:26:07,07-07-2026 0:00:00,07-07-2026 0:00:00,07-07-2026 0:00:00,07-07-2026 0:00:00,MANIFIESTO,MANIFIESTO,True
4190139886,FES,Regiones,True,27-06-2026 18:49:58,30-06-2026 9:43:22,30-06-2026 9:43:22,30-06-2026 9:43:22,30-06-2026 9:43:22,13-07-2026 0:00:00,13-07-2026 0:00:00,13-07-2026 0:00:00,13-07-2026 0:00:00,MANIFIESTO,MANIFIESTO,True
4190139885,FES,Regiones,True,27-06-2026 18:46:01,30-06-2026 9:43:23,30-06-2026 9:43:23,30-06-2026 9:43:23,30-06-2026 9:43:23,07-07-2026 0:00:00,07-07-2026 0:00:00,07-07-2026 0:00:00,07-07-2026 0:00:00,MANIFIESTO,MANIFIESTO,True
1167471,FES,Santiago,True,26-06-2026 17:12:38,30-06-2026 9:44:26,30-06-2026 9:44:26,30-06-2026 9:44:26,30-06-2026 9:44:26,08-07-2026 0:00:00,08-07-2026 0:00:00,08-07-2026 0:00:00,08-07-2026 0:00:00,MANIFIESTO,MANIFIESTO,True
4190139879,FES,Regiones,True,26-06-2026 15:55:33,30-06-2026 9:44:24,30-06-2026 9:44:24,30-06-2026 9:44:24,30-06-2026 9:44:24,13-07-2026 0:00:00,13-07-2026 0:00:00,13-07-2026 0:00:00,13-07-2026 0:00:00,MANIFIESTO,MANIFIESTO,True
4190139875,FES,Regiones,True,26-06-2026 11:19:36,01-07-2026 9:49:32,01-07-2026 9:49:32,01-07-2026 9:49:32,01-07-2026 9:49:32,09-07-2026 0:00:00,09-07-2026 0:00:00,09-07-2026 0:00:00,09-07-2026 0:00:00,MANIFIESTO,MANIFIESTO,True
1167470,FES,Santiago,True,26-06-2026 0:00:00,30-06-2026 9:43:21,30-06-2026 9:43:21,30-06-2026 9:43:21,30-06-2026 9:43:21,07-07-2026 0:00:00,07-07-2026 0:00:00,07-07-2026 0:00:00,07-07-2026 0:00:00,MANIFIESTO,MANIFIESTO,True
1167469,FES,Santiago,True,26-06-2026 0:00:00,30-06-2026 9:44:30,30-06-2026 9:44:30,30-06-2026 9:44:30,30-06-2026 9:44:30,13-07-2026 0:00:00,13-07-2026 0:00:00,13-07-2026 0:00:00,13-07-2026 0:00:00,MANIFIESTO,MANIFIESTO,True
4190139873,FES,Regiones,True,25-06-2026 21:05:43,01-07-2026 9:49:21,01-07-2026 9:49:21,01-07-2026 9:49:21,01-07-2026 9:49:21,08-07-2026 0:00:00,08-07-2026 0:00:00,08-07-2026 0:00:00,08-07-2026 0:00:00,MANIFIESTO,MANIFIESTO,True
4190139872,FES,Regiones,True,25-06-2026 20:59:46,26-06-2026 12:58:27,26-06-2026 12:58:27,26-06-2026 12:58:27,26-06-2026 12:58:27,07-07-2026 0:00:00,07-07-2026 0:00:00,07-07-2026 0:00:00,07-07-2026 0:00:00,MANIFIESTO,MANIFIESTO,True
4190139870,FES,Regiones,True,25-06-2026 19:30:18,26-06-2026 12:58:46,26-06-2026 12:58:46,26-06-2026 12:58:46,26-06-2026 12:58:46,06-07-2026 0:00:00,06-07-2026 0:00:00,06-07-2026 0:00:00,06-07-2026 0:00:00,MANIFIESTO,MANIFIESTO,True
4190139867,FES,Regiones,True,25-06-2026 17:19:34,26-06-2026 12:58:18,26-06-2026 12:58:18,26-06-2026 12:58:18,26-06-2026 12:58:18,06-07-2026 0:00:00,06-07-2026 0:00:00,06-07-2026 0:00:00,06-07-2026 0:00:00,MANIFIESTO,MANIFIESTO,True
4190139866,FES,Regiones,True,25-06-2026 17:19:19,26-06-2026 12:57:44,26-06-2026 12:57:44,26-06-2026 12:57:44,26-06-2026 12:57:44,06-07-2026 0:00:00,06-07-2026 0:00:00,06-07-2026 0:00:00,06-07-2026 0:00:00,MANIFIESTO,MANIFIESTO,True
4190139864,FES,Regiones,True,25-06-2026 15:10:51,30-06-2026 10:59:58,30-06-2026 10:59:58,30-06-2026 10:59:58,30-06-2026 10:59:58,13-07-2026 0:00:00,13-07-2026 0:00:00,13-07-2026 0:00:00,13-07-2026 0:00:00,MANIFIESTO,MANIFIESTO,True
1167359,FES,Regiones,True,25-06-2026 13:45:14,01-07-2026 14:45:41,01-07-2026 14:45:41,01-07-2026 14:45:41,01-07-2026 14:45:41,09-07-2026 0:00:00,09-07-2026 0:00:00,09-07-2026 0:00:00,09-07-2026 0:00:00,MANIFIESTO,MANIFIESTO,True
1167351,FES,Santiago,True,25-06-2026 9:21:07,26-06-2026 12:58:04,26-06-2026 12:58:04,26-06-2026 12:58:04,26-06-2026 12:58:04,09-07-2026 0:00:00,09-07-2026 0:00:00,09-07-2026 0:00:00,09-07-2026 0:00:00,MANIFIESTO,MANIFIESTO,True
1167365,FES,Regiones,True,25-06-2026 0:00:00,01-07-2026 8:59:20,01-07-2026 8:59:20,01-07-2026 8:59:20,01-07-2026 8:59:20,14-07-2026 0:00:00,14-07-2026 0:00:00,14-07-2026 0:00:00,14-07-2026 0:00:00,MANIFIESTO,MANIFIESTO,True
4190139859,FES,Regiones,True,24-06-2026 21:44:29,30-06-2026 12:29:13,30-06-2026 12:29:13,30-06-2026 12:39:00,30-06-2026 12:39:00,14-07-2026 0:00:00,14-07-2026 0:00:00,14-07-2026 0:00:00,14-07-2026 0:00:00,MANIFIESTO,MANIFIESTO,True
4190139857,FES,Santiago,True,24-06-2026 19:41:50,26-06-2026 10:58:38,26-06-2026 10:58:38,26-06-2026 10:58:38,26-06-2026 10:58:38,06-07-2026 0:00:00,06-07-2026 0:00:00,06-07-2026 0:00:00,06-07-2026 0:00:00,MANIFIESTO,MANIFIESTO,True
4190139856,FES,Regiones,True,24-06-2026 18:21:10,30-06-2026 12:29:08,30-06-2026 12:29:08,30-06-2026 14:05:00,30-06-2026 14:05:00,10-07-2026 0:00:00,10-07-2026 0:00:00,10-07-2026 0:00:00,10-07-2026 0:00:00,MANIFIESTO,MANIFIESTO,True
4190139853,FES,Regiones,True,24-06-2026 15:00:53,26-06-2026 10:59:01,26-06-2026 10:59:01,26-06-2026 10:59:01,26-06-2026 10:59:01,03-07-2026 0:00:00,03-07-2026 0:00:00,03-07-2026 0:00:00,03-07-2026 0:00:00,MANIFIESTO,MANIFIESTO,True
4190139851,FES,Regiones,True,24-06-2026 12:38:20,26-06-2026 12:57:24,26-06-2026 12:57:24,26-06-2026 12:57:24,26-06-2026 12:57:24,03-07-2026 0:00:00,03-07-2026 0:00:00,03-07-2026 0:00:00,03-07-2026 0:00:00,MANIFIESTO,MANIFIESTO,True
1167337,FES,Santiago,True,24-06-2026 11:55:24,30-06-2026 18:45:03,30-06-2026 18:45:03,30-06-2026 18:45:03,30-06-2026 18:45:03,03-07-2026 0:00:00,03-07-2026 0:00:00,03-07-2026 0:00:00,03-07-2026 0:00:00,MANIFIESTO,MANIFIESTO,True
4190139845,FES,Regiones,True,23-06-2026 20:56:06,26-06-2026 10:57:49,26-06-2026 10:57:49,26-06-2026 11:51:00,26-06-2026 11:51:00,13-07-2026 0:00:00,13-07-2026 0:00:00,13-07-2026 0:00:00,13-07-2026 0:00:00,MANIFIESTO,MANIFIESTO,True
1167316,FES,Regiones,True,23-06-2026 17:34:26,30-06-2026 12:29:10,30-06-2026 12:29:10,30-06-2026 12:29:10,30-06-2026 12:29:10,03-07-2026 0:00:00,03-07-2026 0:00:00,03-07-2026 0:00:00,03-07-2026 0:00:00,MANIFIESTO,MANIFIESTO,True
1167315,FES,Regiones,True,23-06-2026 16:32:43,01-07-2026 14:59:58,01-07-2026 14:59:58,01-07-2026 14:59:58,01-07-2026 14:59:58,30-07-2026 0:00:00,30-07-2026 0:00:00,30-07-2026 0:00:00,30-07-2026 0:00:00,MANIFIESTO,MANIFIESTO,True
1167314,FES,Regiones,True,23-06-2026 16:31:13,01-07-2026 14:59:33,01-07-2026 14:59:33,01-07-2026 14:59:33,01-07-2026 14:59:33,06-07-2026 0:00:00,06-07-2026 0:00:00,06-07-2026 0:00:00,06-07-2026 0:00:00,MANIFIESTO,MANIFIESTO,True
1167309,FES,Regiones,True,23-06-2026 14:48:59,26-06-2026 12:57:32,26-06-2026 12:57:32,26-06-2026 12:57:32,26-06-2026 12:57:32,03-07-2026 0:00:00,03-07-2026 0:00:00,03-07-2026 0:00:00,03-07-2026 0:00:00,MANIFIESTO,MANIFIESTO,True
4190139833,FES,Regiones,True,23-06-2026 11:32:43,01-07-2026 14:44:43,01-07-2026 14:44:43,01-07-2026 14:44:43,01-07-2026 14:44:43,13-07-2026 0:00:00,13-07-2026 0:00:00,13-07-2026 0:00:00,13-07-2026 0:00:00,MANIFIESTO,MANIFIESTO,True
1167304,FES,Regiones,True,23-06-2026 11:08:56,02-07-2026 9:46:54,02-07-2026 9:46:54,02-07-2026 9:46:54,02-07-2026 9:46:54,03-07-2026 0:00:00,03-07-2026 0:00:00,03-07-2026 0:00:00,03-07-2026 0:00:00,MANIFIESTO,MANIFIESTO,True
1167303,FES,Regiones,True,23-06-2026 11:02:39,30-06-2026 18:14:40,30-06-2026 18:14:40,30-06-2026 18:14:40,30-06-2026 18:14:40,09-07-2026 0:00:00,09-07-2026 0:00:00,09-07-2026 0:00:00,09-07-2026 0:00:00,MANIFIESTO,MANIFIESTO,True
4190139832,FES,Regiones,True,23-06-2026 7:10:58,26-06-2026 10:57:48,26-06-2026 10:57:48,26-06-2026 10:57:48,26-06-2026 10:57:48,07-07-2026 0:00:00,07-07-2026 0:00:00,07-07-2026 0:00:00,07-07-2026 0:00:00,MANIFIESTO,MANIFIESTO,True
4190139827,FES,Santiago,True,22-06-2026 23:19:00,30-06-2026 18:45:16,30-06-2026 18:45:16,30-06-2026 18:45:16,30-06-2026 18:45:16,06-07-2026 0:00:00,06-07-2026 0:00:00,06-07-2026 0:00:00,06-07-2026 0:00:00,MANIFIESTO,MANIFIESTO,True
4190139825,FES,Regiones,True,22-06-2026 23:13:01,30-06-2026 18:15:28,30-06-2026 18:15:28,30-06-2026 18:15:28,30-06-2026 18:15:28,13-07-2026 0:00:00,13-07-2026 0:00:00,13-07-2026 0:00:00,13-07-2026 0:00:00,MANIFIESTO,MANIFIESTO,True
4190139823,FES,Santiago,True,22-06-2026 23:01:36,30-06-2026 18:45:20,30-06-2026 18:45:20,30-06-2026 18:45:20,30-06-2026 18:45:20,06-07-2026 0:00:00,06-07-2026 0:00:00,06-07-2026 0:00:00,06-07-2026 0:00:00,MANIFIESTO,MANIFIESTO,True
4190139820,FES,Santiago,True,22-06-2026 22:44:57,30-06-2026 18:45:14,30-06-2026 18:45:14,30-06-2026 18:45:14,30-06-2026 18:45:14,06-07-2026 0:00:00,06-07-2026 0:00:00,06-07-2026 0:00:00,06-07-2026 0:00:00,MANIFIESTO,MANIFIESTO,True
4190139819,FES,Santiago,True,22-06-2026 22:33:45,30-06-2026 18:45:18,30-06-2026 18:45:18,30-06-2026 18:45:18,30-06-2026 18:45:18,06-07-2026 0:00:00,06-07-2026 0:00:00,06-07-2026 0:00:00,06-07-2026 0:00:00,MANIFIESTO,MANIFIESTO,True
4190139818,FES,Santiago,True,22-06-2026 22:17:34,30-06-2026 13:45:08,30-06-2026 13:45:08,30-06-2026 13:45:08,30-06-2026 13:45:08,06-07-2026 0:00:00,06-07-2026 0:00:00,06-07-2026 0:00:00,06-07-2026 0:00:00,MANIFIESTO,MANIFIESTO,True
4190139811,FES,Santiago,True,22-06-2026 20:27:35,30-06-2026 11:00:10,30-06-2026 11:00:10,30-06-2026 11:00:10,30-06-2026 11:00:10,08-07-2026 0:00:00,08-07-2026 0:00:00,08-07-2026 0:00:00,08-07-2026 0:00:00,MANIFIESTO,MANIFIESTO,True
4190139805,FES,Santiago,True,22-06-2026 18:34:31,30-06-2026 14:14:11,30-06-2026 14:14:11,30-06-2026 14:14:11,30-06-2026 14:14:11,06-07-2026 0:00:00,06-07-2026 0:00:00,06-07-2026 0:00:00,06-07-2026 0:00:00,MANIFIESTO,MANIFIESTO,True
4190139803,FES,Santiago,True,22-06-2026 18:31:01,30-06-2026 14:14:11,30-06-2026 14:14:11,30-06-2026 14:14:11,30-06-2026 14:14:11,10-07-2026 0:00:00,10-07-2026 0:00:00,10-07-2026 0:00:00,10-07-2026 0:00:00,MANIFIESTO,MANIFIESTO,True
1167295,FES,Regiones,True,22-06-2026 17:47:28,26-06-2026 11:00:05,26-06-2026 11:00:05,26-06-2026 11:00:05,26-06-2026 11:00:05,02-07-2026 0:00:00,02-07-2026 0:00:00,02-07-2026 0:00:00,02-07-2026 0:00:00,MANIFIESTO,MANIFIESTO,True
1167294,FES,Regiones,True,22-06-2026 17:46:43,26-06-2026 10:59:02,26-06-2026 10:59:02,26-06-2026 10:59:02,26-06-2026 10:59:02,06-07-2026 0:00:00,06-07-2026 0:00:00,06-07-2026 0:00:00,06-07-2026 0:00:00,MANIFIESTO,MANIFIESTO,True
4190139798,FES,Regiones,True,22-06-2026 17:44:01,26-06-2026 12:57:34,26-06-2026 12:57:34,26-06-2026 12:57:34,26-06-2026 12:57:34,03-07-2026 0:00:00,03-07-2026 0:00:00,03-07-2026 0:00:00,03-07-2026 0:00:00,MANIFIESTO,MANIFIESTO,True
4190139796,FES,Santiago,True,22-06-2026 17:31:39,01-07-2026 9:49:18,01-07-2026 9:49:18,01-07-2026 9:49:18,01-07-2026 9:49:18,06-07-2026 0:00:00,06-07-2026 0:00:00,06-07-2026 0:00:00,06-07-2026 0:00:00,MANIFIESTO,MANIFIESTO,True
4190139792,FES,Santiago,True,22-06-2026 16:27:51,01-07-2026 9:49:20,01-07-2026 9:49:20,01-07-2026 9:49:20,01-07-2026 9:49:20,06-07-2026 0:00:00,06-07-2026 0:00:00,06-07-2026 0:00:00,06-07-2026 0:00:00,MANIFIESTO,MANIFIESTO,True
1167285,FES,Santiago,True,22-06-2026 16:21:18,30-06-2026 18:15:30,30-06-2026 18:15:30,30-06-2026 18:15:30,30-06-2026 18:15:30,08-07-2026 0:00:00,08-07-2026 0:00:00,08-07-2026 0:00:00,08-07-2026 0:00:00,MANIFIESTO,MANIFIESTO,True
4190139786,FES,Santiago,True,22-06-2026 13:55:14,01-07-2026 14:45:12,01-07-2026 14:45:12,01-07-2026 14:45:12,01-07-2026 14:45:12,06-07-2026 0:00:00,06-07-2026 0:00:00,06-07-2026 0:00:00,06-07-2026 0:00:00,MANIFIESTO,MANIFIESTO,True
4190139817,FES,Santiago,True,22-06-2026 0:00:00,02-07-2026 11:50:29,02-07-2026 11:50:29,02-07-2026 11:50:29,02-07-2026 11:50:29,08-07-2026 0:00:00,08-07-2026 0:00:00,08-07-2026 0:00:00,08-07-2026 0:00:00,MANIFIESTO,MANIFIESTO,True
4190139795,FES,Regiones,True,22-06-2026 0:00:00,,,,,13-07-2026 0:00:00,13-07-2026 0:00:00,13-07-2026 0:00:00,13-07-2026 0:00:00,MANIFIESTO,MANIFIESTO,True
4190139787,FES,Regiones,True,22-06-2026 0:00:00,01-07-2026 14:45:43,01-07-2026 14:45:43,01-07-2026 14:45:43,01-07-2026 14:45:43,13-07-2026 0:00:00,13-07-2026 0:00:00,13-07-2026 0:00:00,13-07-2026 0:00:00,MANIFIESTO,MANIFIESTO,True
4190139775,FES,Regiones,True,19-06-2026 16:13:21,26-06-2026 14:09:32,26-06-2026 14:09:32,30-06-2026 14:34:00,30-06-2026 14:34:00,10-07-2026 0:00:00,10-07-2026 0:00:00,10-07-2026 0:00:00,10-07-2026 0:00:00,MANIFIESTO,MANIFIESTO,True
4190139771,FES,Regiones,True,19-06-2026 10:51:23,01-07-2026 14:59:19,01-07-2026 14:59:19,01-07-2026 14:59:19,01-07-2026 14:59:19,13-07-2026 0:00:00,13-07-2026 0:00:00,13-07-2026 0:00:00,13-07-2026 0:00:00,MANIFIESTO,MANIFIESTO,True
1167260,FES,Regiones,True,18-06-2026 22:28:19,02-07-2026 10:13:35,02-07-2026 10:13:35,02-07-2026 10:13:35,02-07-2026 10:13:35,10-07-2026 0:00:00,10-07-2026 0:00:00,10-07-2026 0:00:00,10-07-2026 0:00:00,MANIFIESTO,MANIFIESTO,True
1167256,FES,Regiones,True,18-06-2026 18:10:58,01-07-2026 14:45:30,01-07-2026 14:45:30,01-07-2026 14:45:30,01-07-2026 14:45:30,10-07-2026 0:00:00,10-07-2026 0:00:00,10-07-2026 0:00:00,10-07-2026 0:00:00,MANIFIESTO,MANIFIESTO,True
1167250,FES,Santiago,True,18-06-2026 17:36:27,30-06-2026 14:14:16,30-06-2026 14:14:16,30-06-2026 14:14:16,30-06-2026 14:14:16,08-07-2026 0:00:00,08-07-2026 0:00:00,08-07-2026 0:00:00,08-07-2026 0:00:00,MANIFIESTO,MANIFIESTO,True
4190139751,FES,Santiago,True,18-06-2026 14:13:35,30-06-2026 14:14:19,30-06-2026 14:14:19,30-06-2026 14:14:19,30-06-2026 14:14:19,10-07-2026 0:00:00,10-07-2026 0:00:00,10-07-2026 0:00:00,10-07-2026 0:00:00,MANIFIESTO,MANIFIESTO,True
4190139750,FES,Santiago,True,18-06-2026 13:47:23,30-06-2026 11:00:13,30-06-2026 11:00:13,30-06-2026 11:00:13,30-06-2026 11:00:13,08-07-2026 0:00:00,08-07-2026 0:00:00,08-07-2026 0:00:00,08-07-2026 0:00:00,MANIFIESTO,MANIFIESTO,True
1167243,FES,Santiago,True,18-06-2026 8:57:36,30-06-2026 18:45:13,30-06-2026 18:45:13,30-06-2026 18:45:13,30-06-2026 18:45:13,10-07-2026 0:00:00,10-07-2026 0:00:00,10-07-2026 0:00:00,10-07-2026 0:00:00,MANIFIESTO,MANIFIESTO,True
1167242,FES,Santiago,True,18-06-2026 8:55:07,30-06-2026 18:45:07,30-06-2026 18:45:07,30-06-2026 18:45:07,30-06-2026 18:45:07,09-07-2026 0:00:00,09-07-2026 0:00:00,09-07-2026 0:00:00,09-07-2026 0:00:00,MANIFIESTO,MANIFIESTO,True
4190139738,FES,Regiones,True,17-06-2026 17:36:10,26-06-2026 10:57:54,26-06-2026 10:57:54,26-06-2026 10:57:54,26-06-2026 10:57:54,06-07-2026 0:00:00,06-07-2026 0:00:00,06-07-2026 0:00:00,06-07-2026 0:00:00,MANIFIESTO,MANIFIESTO,True
4190139737,FES,Regiones,True,17-06-2026 13:21:25,30-06-2026 12:29:09,30-06-2026 12:29:09,30-06-2026 12:29:09,30-06-2026 12:29:09,08-07-2026 0:00:00,08-07-2026 0:00:00,08-07-2026 0:00:00,08-07-2026 0:00:00,MANIFIESTO,MANIFIESTO,True
4190139736,FES,Regiones,True,17-06-2026 12:59:29,26-06-2026 10:57:55,26-06-2026 10:57:55,26-06-2026 10:57:55,26-06-2026 10:57:55,06-07-2026 0:00:00,06-07-2026 0:00:00,06-07-2026 0:00:00,06-07-2026 0:00:00,MANIFIESTO,MANIFIESTO,True
1167223,FES,Regiones,True,17-06-2026 9:52:36,02-07-2026 14:45:07,02-07-2026 14:45:07,02-07-2026 14:45:07,02-07-2026 14:45:07,10-07-2026 0:00:00,10-07-2026 0:00:00,10-07-2026 0:00:00,10-07-2026 0:00:00,MANIFIESTO,MANIFIESTO,True
4190139730,FES,Regiones,True,16-06-2026 22:40:56,26-06-2026 10:53:24,26-06-2026 10:53:24,26-06-2026 10:53:24,26-06-2026 10:53:24,30-06-2026 0:00:00,30-06-2026 0:00:00,30-06-2026 0:00:00,30-06-2026 0:00:00,MANIFIESTO,MANIFIESTO,True
4190139727,FES,Santiago,True,16-06-2026 20:56:52,30-06-2026 18:16:36,30-06-2026 18:16:36,30-06-2026 18:16:36,30-06-2026 18:16:36,10-07-2026 0:00:00,10-07-2026 0:00:00,10-07-2026 0:00:00,10-07-2026 0:00:00,MANIFIESTO,MANIFIESTO,True
1167171,FES,Santiago,True,15-06-2026 9:31:27,30-06-2026 10:12:56,30-06-2026 10:12:56,30-06-2026 10:12:56,30-06-2026 10:12:56,07-07-2026 0:00:00,07-07-2026 0:00:00,07-07-2026 0:00:00,07-07-2026 0:00:00,MANIFIESTO,MANIFIESTO,True
4190139676,FES,Regiones,True,11-06-2026 19:45:31,30-06-2026 9:42:57,30-06-2026 9:42:57,30-06-2026 9:42:57,30-06-2026 9:42:57,10-07-2026 0:00:00,10-07-2026 0:00:00,10-07-2026 0:00:00,10-07-2026 0:00:00,MANIFIESTO,MANIFIESTO,True
4190139673,FES,Regiones,True,11-06-2026 15:21:58,01-07-2026 11:19:41,01-07-2026 11:19:41,01-07-2026 11:19:41,01-07-2026 11:19:41,09-07-2026 0:00:00,09-07-2026 0:00:00,09-07-2026 0:00:00,09-07-2026 0:00:00,MANIFIESTO,MANIFIESTO,True
4190139661,FES,Santiago,True,11-06-2026 10:31:28,01-07-2026 15:35:55,01-07-2026 15:35:55,01-07-2026 15:35:55,01-07-2026 15:35:55,10-07-2026 0:00:00,10-07-2026 0:00:00,10-07-2026 0:00:00,10-07-2026 0:00:00,MANIFIESTO,MANIFIESTO,True
4190139654,FES,Regiones,True,11-06-2026 9:13:00,02-07-2026 0:00:00,02-07-2026 0:00:00,02-07-2026 0:00:00,02-07-2026 0:00:00,10-07-2026 0:00:00,10-07-2026 0:00:00,10-07-2026 0:00:00,10-07-2026 0:00:00,MANIFIESTO,MANIFIESTO,True
1167101,FES,Regiones,True,09-06-2026 9:46:59,30-06-2026 14:25:53,30-06-2026 14:25:53,30-06-2026 14:25:53,30-06-2026 14:25:53,03-07-2026 0:00:00,03-07-2026 0:00:00,03-07-2026 0:00:00,03-07-2026 0:00:00,MANIFIESTO,MANIFIESTO,True
4190139616,FES,Regiones,True,08-06-2026 23:46:17,26-06-2026 10:53:12,26-06-2026 10:53:12,26-06-2026 10:53:12,26-06-2026 10:53:12,30-06-2026 0:00:00,30-06-2026 0:00:00,30-06-2026 0:00:00,30-06-2026 0:00:00,MANIFIESTO,MANIFIESTO,True
4190139615,FES,Regiones,True,08-06-2026 23:38:02,26-06-2026 12:57:01,26-06-2026 12:57:01,26-06-2026 12:57:01,26-06-2026 12:57:01,02-07-2026 0:00:00,02-07-2026 0:00:00,02-07-2026 0:00:00,02-07-2026 0:00:00,MANIFIESTO,MANIFIESTO,True
4190139609,FES + SALDO,Regiones,True,08-06-2026 16:29:45,26-06-2026 12:57:11,26-06-2026 12:57:11,03-07-2026 13:15:00,03-07-2026 13:15:00,03-07-2026 0:00:00,03-07-2026 0:00:00,03-07-2026 0:00:00,03-07-2026 0:00:00,MANIFIESTO,MANIFIESTO,True
1167033,FES,Regiones,True,02-06-2026 14:40:38,02-07-2026 9:46:52,02-07-2026 9:46:52,02-07-2026 9:46:52,02-07-2026 9:46:52,03-07-2026 0:00:00,03-07-2026 0:00:00,03-07-2026 0:00:00,03-07-2026 0:00:00,MANIFIESTO,MANIFIESTO,True
1166844,FES,Santiago,True,29-05-2026 15:28:34,01-06-2026 10:55:10,01-06-2026 10:55:10,01-06-2026 10:55:10,01-06-2026 10:55:10,15-06-2026 0:00:00,15-06-2026 0:00:00,15-06-2026 0:00:00,15-06-2026 0:00:00,MANIFIESTO,MANIFIESTO,True
4190139518,FES,Santiago,True,29-05-2026 9:37:25,30-05-2026 9:18:59,30-05-2026 9:18:59,30-05-2026 9:18:59,30-05-2026 9:18:59,05-06-2026 0:00:00,05-06-2026 0:00:00,05-06-2026 0:00:00,05-06-2026 0:00:00,MANIFIESTO,MANIFIESTO,True
1166789,FES,Santiago,True,29-05-2026 8:59:06,05-06-2026 9:05:54,05-06-2026 9:05:54,05-06-2026 9:05:54,05-06-2026 9:05:54,05-06-2026 0:00:00,05-06-2026 0:00:00,05-06-2026 0:00:00,05-06-2026 0:00:00,MANIFIESTO,MANIFIESTO,True
1166790,FES,Santiago,True,29-05-2026 0:00:00,01-06-2026 12:17:08,01-06-2026 12:17:08,01-06-2026 12:17:08,01-06-2026 12:17:08,05-06-2026 0:00:00,05-06-2026 0:00:00,05-06-2026 0:00:00,05-06-2026 0:00:00,MANIFIESTO,MANIFIESTO,True
4190139511,FES,Regiones,True,28-05-2026 19:27:35,01-06-2026 0:00:00,01-06-2026 0:00:00,01-06-2026 0:00:00,01-06-2026 0:00:00,05-06-2026 0:00:00,05-06-2026 0:00:00,05-06-2026 0:00:00,05-06-2026 0:00:00,MANIFIESTO,MANIFIESTO,True
1166686,FES,Santiago,True,28-05-2026 9:28:41,29-05-2026 9:30:26,29-05-2026 9:30:26,29-05-2026 9:30:26,29-05-2026 9:30:26,09-06-2026 0:00:00,09-06-2026 0:00:00,09-06-2026 0:00:00,09-06-2026 0:00:00,MANIFIESTO,MANIFIESTO,True
1166684,FES,Santiago,True,28-05-2026 8:52:04,01-06-2026 0:00:00,01-06-2026 0:00:00,01-06-2026 0:00:00,01-06-2026 0:00:00,04-06-2026 0:00:00,04-06-2026 0:00:00,04-06-2026 0:00:00,04-06-2026 0:00:00,MANIFIESTO,MANIFIESTO,True
4190139493,FES,Santiago,True,28-05-2026 8:40:31,01-06-2026 13:54:58,01-06-2026 13:54:58,01-06-2026 13:54:58,01-06-2026 13:54:58,04-06-2026 0:00:00,04-06-2026 0:00:00,04-06-2026 0:00:00,04-06-2026 0:00:00,MANIFIESTO,MANIFIESTO,True
1166705,FES,Regiones,True,28-05-2026 0:00:00,30-05-2026 9:18:41,30-05-2026 9:18:41,30-05-2026 9:18:41,30-05-2026 9:18:41,05-06-2026 0:00:00,05-06-2026 0:00:00,05-06-2026 0:00:00,05-06-2026 0:00:00,MANIFIESTO,MANIFIESTO,True
4190139483,FES,Regiones,True,27-05-2026 17:55:33,26-06-2026 12:58:54,26-06-2026 12:58:54,26-06-2026 12:58:54,26-06-2026 12:58:54,06-07-2026 0:00:00,06-07-2026 0:00:00,06-07-2026 0:00:00,06-07-2026 0:00:00,MANIFIESTO,MANIFIESTO,True
4190139465,FES,Regiones,True,26-05-2026 23:33:26,28-05-2026 15:56:33,28-05-2026 15:56:33,28-05-2026 13:00:00,28-05-2026 13:00:00,05-06-2026 0:00:00,05-06-2026 0:00:00,05-06-2026 0:00:00,05-06-2026 0:00:00,MANIFIESTO,MANIFIESTO,True
4190139460,FES,Regiones,True,26-05-2026 19:31:25,01-06-2026 16:30:10,01-06-2026 16:30:10,01-06-2026 16:30:10,01-06-2026 16:30:10,03-06-2026 0:00:00,03-06-2026 0:00:00,03-06-2026 0:00:00,03-06-2026 0:00:00,MANIFIESTO,MANIFIESTO,True
1166655,FES,Regiones,True,26-05-2026 0:00:00,28-05-2026 12:25:07,28-05-2026 12:25:07,28-05-2026 12:25:07,28-05-2026 12:25:07,03-06-2026 0:00:00,03-06-2026 0:00:00,03-06-2026 0:00:00,03-06-2026 0:00:00,MANIFIESTO,MANIFIESTO,True
4190139432,FES,Regiones,True,25-05-2026 15:23:07,01-06-2026 9:45:07,01-06-2026 9:45:07,01-06-2026 9:45:07,01-06-2026 9:45:07,03-06-2026 0:00:00,03-06-2026 0:00:00,03-06-2026 0:00:00,03-06-2026 0:00:00,MANIFIESTO,MANIFIESTO,True
1166626,FES,Santiago,True,25-05-2026 9:58:25,29-05-2026 9:36:10,29-05-2026 9:36:10,29-05-2026 9:36:10,29-05-2026 9:36:10,01-06-2026 0:00:00,01-06-2026 0:00:00,01-06-2026 0:00:00,01-06-2026 0:00:00,MANIFIESTO,MANIFIESTO,True
4190139414,FES,Regiones,True,22-05-2026 15:17:36,29-05-2026 0:00:00,29-05-2026 0:00:00,29-05-2026 0:00:00,29-05-2026 0:00:00,01-06-2026 0:00:00,01-06-2026 0:00:00,01-06-2026 0:00:00,01-06-2026 0:00:00,MANIFIESTO,MANIFIESTO,True
4190139413,FES,Regiones,True,22-05-2026 15:16:16,29-05-2026 11:11:45,29-05-2026 11:11:45,29-05-2026 11:11:45,29-05-2026 11:11:45,01-06-2026 0:00:00,01-06-2026 0:00:00,01-06-2026 0:00:00,01-06-2026 0:00:00,MANIFIESTO,MANIFIESTO,True
4190139403,FES,Regiones,True,21-05-2026 14:51:28,01-06-2026 9:02:33,01-06-2026 9:02:33,01-06-2026 9:02:33,01-06-2026 9:02:33,03-06-2026 0:00:00,03-06-2026 0:00:00,03-06-2026 0:00:00,03-06-2026 0:00:00,MANIFIESTO,MANIFIESTO,True
1166600,FES,Regiones,True,20-05-2026 10:02:50,28-05-2026 12:25:48,28-05-2026 12:25:48,28-05-2026 12:25:48,28-05-2026 12:25:48,01-06-2026 0:00:00,01-06-2026 0:00:00,01-06-2026 0:00:00,01-06-2026 0:00:00,MANIFIESTO,MANIFIESTO,True
4190139382,FES,Santiago,True,19-05-2026 16:49:36,01-06-2026 13:11:50,01-06-2026 13:11:50,01-06-2026 13:11:50,01-06-2026 13:11:50,05-06-2026 0:00:00,05-06-2026 0:00:00,05-06-2026 0:00:00,05-06-2026 0:00:00,MANIFIESTO,MANIFIESTO,True
1166585,FES,Santiago,True,19-05-2026 9:15:52,28-05-2026 12:25:09,28-05-2026 12:25:09,28-05-2026 12:25:09,28-05-2026 12:25:09,02-06-2026 0:00:00,02-06-2026 0:00:00,02-06-2026 0:00:00,02-06-2026 0:00:00,MANIFIESTO,MANIFIESTO,True
1166565,FES,Regiones,True,18-05-2026 11:39:49,01-06-2026 10:55:19,01-06-2026 10:55:19,01-06-2026 10:55:19,01-06-2026 10:55:19,04-06-2026 0:00:00,04-06-2026 0:00:00,04-06-2026 0:00:00,04-06-2026 0:00:00,MANIFIESTO,MANIFIESTO,True
4190139347,FES,Regiones,True,15-05-2026 0:00:00,01-06-2026 16:30:07,01-06-2026 16:30:07,01-06-2026 16:30:07,01-06-2026 16:30:07,04-06-2026 0:00:00,04-06-2026 0:00:00,04-06-2026 0:00:00,04-06-2026 0:00:00,MANIFIESTO,MANIFIESTO,True
4190139330,FES,Regiones,True,13-05-2026 19:25:33,01-06-2026 12:22:07,01-06-2026 12:22:07,01-06-2026 12:22:07,01-06-2026 12:22:07,03-06-2026 0:00:00,03-06-2026 0:00:00,03-06-2026 0:00:00,03-06-2026 0:00:00,MANIFIESTO,MANIFIESTO,True
4190139171,FES,Regiones,True,04-05-2026 13:03:37,04-05-2026 13:05:34,04-05-2026 13:05:34,04-05-2026 13:05:34,04-05-2026 13:05:34,14-05-2026 0:00:00,14-05-2026 0:00:00,14-05-2026 0:00:00,14-05-2026 0:00:00,MANIFIESTO,MANIFIESTO,True
4190139163,FES,Regiones,True,30-04-2026 18:36:22,02-05-2026 10:46:28,02-05-2026 10:46:28,02-05-2026 10:46:28,02-05-2026 10:46:28,11-05-2026 0:00:00,11-05-2026 0:00:00,11-05-2026 0:00:00,11-05-2026 0:00:00,MANIFIESTO,MANIFIESTO,True
4190139159,FES,Regiones,True,30-04-2026 16:57:30,02-05-2026 11:29:07,02-05-2026 11:29:07,02-05-2026 11:29:07,02-05-2026 11:29:07,11-05-2026 0:00:00,11-05-2026 0:00:00,11-05-2026 0:00:00,11-05-2026 0:00:00,MANIFIESTO,MANIFIESTO,True
1166139,FES,Santiago,True,30-04-2026 16:39:18,04-05-2026 9:29:52,04-05-2026 9:29:52,04-05-2026 9:29:52,04-05-2026 9:29:52,08-05-2026 0:00:00,08-05-2026 0:00:00,08-05-2026 0:00:00,08-05-2026 0:00:00,MANIFIESTO,MANIFIESTO,True
1166137,FES,Santiago,True,30-04-2026 16:16:59,02-05-2026 11:29:16,02-05-2026 11:29:16,02-05-2026 11:29:16,02-05-2026 11:29:16,08-05-2026 0:00:00,08-05-2026 0:00:00,08-05-2026 0:00:00,08-05-2026 0:00:00,MANIFIESTO,MANIFIESTO,True
4190139153,FES,Santiago,True,30-04-2026 15:11:31,30-04-2026 15:36:05,30-04-2026 15:36:05,30-04-2026 15:36:05,30-04-2026 15:36:05,11-05-2026 0:00:00,11-05-2026 0:00:00,11-05-2026 0:00:00,11-05-2026 0:00:00,MANIFIESTO,MANIFIESTO,True
4190139146,FES,Regiones,True,30-04-2026 12:59:45,30-04-2026 15:36:12,30-04-2026 15:36:12,30-04-2026 15:36:12,30-04-2026 15:36:12,18-05-2026 0:00:00,18-05-2026 0:00:00,18-05-2026 0:00:00,18-05-2026 0:00:00,MANIFIESTO,MANIFIESTO,True
4190139142,FES,Regiones,True,30-04-2026 12:37:00,02-05-2026 11:31:34,02-05-2026 11:31:34,02-05-2026 11:31:34,02-05-2026 11:31:34,11-05-2026 0:00:00,11-05-2026 0:00:00,11-05-2026 0:00:00,11-05-2026 0:00:00,MANIFIESTO,MANIFIESTO,True
1166067,FES,Santiago,True,30-04-2026 11:07:32,30-04-2026 20:37:02,30-04-2026 20:37:02,30-04-2026 20:37:02,30-04-2026 20:37:02,08-05-2026 0:00:00,08-05-2026 0:00:00,08-05-2026 0:00:00,08-05-2026 0:00:00,MANIFIESTO,MANIFIESTO,True
1167333,FES + SALDO,Santiago,True,24-06-2026 9:53:20,26-06-2026 12:58:55,26-06-2026 12:58:55,30-06-2026 10:38:44,30-06-2026 10:38:44,01-07-2026 0:00:00,01-07-2026 0:00:00,01-07-2026 0:00:00,01-07-2026 0:00:00,MANIFIESTO,MANIFIESTO,True
4190139485,FES,Regiones,True,27-05-2026 18:42:20,,,,,01-06-2026 0:00:00,01-06-2026 0:00:00,01-06-2026 0:00:00,01-06-2026 0:00:00,MANIFIESTO,MANIFIESTO,True
4190139479,FES,Regiones,True,27-05-2026 16:00:07,,,,,01-06-2026 0:00:00,01-06-2026 0:00:00,01-06-2026 0:00:00,01-06-2026 0:00:00,MANIFIESTO,MANIFIESTO,True
4190139473,FES,Regiones,True,27-05-2026 0:00:00,,,,,01-06-2026 0:00:00,01-06-2026 0:00:00,01-06-2026 0:00:00,01-06-2026 0:00:00,MANIFIESTO,MANIFIESTO,True
1167975,FES,Santiago,True,02-07-2026 9:37:21,02-07-2026 10:13:41,02-07-2026 10:13:41,02-07-2026 10:13:41,02-07-2026 10:13:41,07-07-2026 0:00:00,07-07-2026 0:00:00,07-07-2026 0:00:00,07-07-2026 0:00:00,MANIFIESTO,MANIFIESTO,True
1167661,FES,Santiago,True,01-07-2026 15:25:24,02-07-2026 9:46:51,02-07-2026 9:46:51,02-07-2026 9:46:51,02-07-2026 9:46:51,07-07-2026 0:00:00,07-07-2026 0:00:00,07-07-2026 0:00:00,07-07-2026 0:00:00,MANIFIESTO,MANIFIESTO,True
1167655,FES,Santiago,True,01-07-2026 14:36:57,01-07-2026 14:59:26,01-07-2026 14:59:26,01-07-2026 14:59:26,01-07-2026 14:59:26,06-07-2026 0:00:00,06-07-2026 0:00:00,06-07-2026 0:00:00,06-07-2026 0:00:00,MANIFIESTO,MANIFIESTO,True
1167606,FES,Santiago,True,01-07-2026 10:38:17,01-07-2026 14:45:10,01-07-2026 14:45:10,01-07-2026 14:45:10,01-07-2026 14:45:10,02-07-2026 0:00:00,02-07-2026 0:00:00,02-07-2026 0:00:00,02-07-2026 0:00:00,MANIFIESTO,MANIFIESTO,True
1167925,FES,Santiago,True,01-07-2026 0:00:00,03-07-2026 10:43:49,03-07-2026 10:43:49,03-07-2026 10:43:49,03-07-2026 10:43:49,06-07-2026 0:00:00,06-07-2026 0:00:00,06-07-2026 0:00:00,06-07-2026 0:00:00,MANIFIESTO,MANIFIESTO,True
1167567,FES,Santiago,True,30-06-2026 14:43:22,30-06-2026 18:16:51,30-06-2026 18:16:51,30-06-2026 18:16:51,30-06-2026 18:16:51,01-07-2026 0:00:00,01-07-2026 0:00:00,01-07-2026 0:00:00,01-07-2026 0:00:00,MANIFIESTO,MANIFIESTO,True
1167491,FES,Santiago,True,30-06-2026 14:28:40,30-06-2026 18:15:33,30-06-2026 18:15:33,30-06-2026 18:15:33,30-06-2026 18:15:33,03-07-2026 0:00:00,03-07-2026 0:00:00,03-07-2026 0:00:00,03-07-2026 0:00:00,MANIFIESTO,MANIFIESTO,True
1167480,FES,Santiago,True,29-06-2026 0:00:00,30-06-2026 9:43:24,30-06-2026 9:43:24,30-06-2026 9:43:24,30-06-2026 9:43:24,02-07-2026 0:00:00,02-07-2026 0:00:00,02-07-2026 0:00:00,02-07-2026 0:00:00,MANIFIESTO,MANIFIESTO,True
1167346,FES,Regiones,True,24-06-2026 17:01:38,26-06-2026 12:58:27,26-06-2026 12:58:27,26-06-2026 12:58:27,26-06-2026 12:58:27,02-07-2026 0:00:00,02-07-2026 0:00:00,02-07-2026 0:00:00,02-07-2026 0:00:00,MANIFIESTO,MANIFIESTO,True
1167332,FES,Santiago,True,24-06-2026 9:43:13,01-07-2026 15:26:21,01-07-2026 15:26:21,01-07-2026 15:26:21,01-07-2026 15:26:21,01-07-2026 0:00:00,01-07-2026 0:00:00,01-07-2026 0:00:00,01-07-2026 0:00:00,MANIFIESTO,MANIFIESTO,True
1166861,FES,Regiones,True,01-06-2026 12:16:36,01-06-2026 17:17:59,01-06-2026 17:17:59,01-06-2026 17:17:59,01-06-2026 17:17:59,04-06-2026 0:00:00,04-06-2026 0:00:00,04-06-2026 0:00:00,04-06-2026 0:00:00,MANIFIESTO,MANIFIESTO,True
1166841,FES,Santiago,True,29-05-2026 12:46:17,01-06-2026 13:11:50,01-06-2026 13:11:50,01-06-2026 13:11:50,01-06-2026 13:11:50,03-06-2026 0:00:00,03-06-2026 0:00:00,03-06-2026 0:00:00,03-06-2026 0:00:00,MANIFIESTO,MANIFIESTO,True
1166828,FES,Santiago,True,29-05-2026 10:37:21,30-05-2026 9:18:59,30-05-2026 9:18:59,30-05-2026 9:18:59,30-05-2026 9:18:59,04-06-2026 0:00:00,04-06-2026 0:00:00,04-06-2026 0:00:00,04-06-2026 0:00:00,MANIFIESTO,MANIFIESTO,True
1166791,FES,Santiago,True,29-05-2026 0:00:00,29-05-2026 9:36:06,29-05-2026 9:36:06,29-05-2026 9:36:06,29-05-2026 9:36:06,02-06-2026 0:00:00,02-06-2026 0:00:00,02-06-2026 0:00:00,02-06-2026 0:00:00,MANIFIESTO,MANIFIESTO,True
1166701,FES,Regiones,True,28-05-2026 15:45:02,01-06-2026 9:43:57,01-06-2026 9:43:57,01-06-2026 9:43:57,01-06-2026 9:43:57,04-06-2026 0:00:00,04-06-2026 0:00:00,04-06-2026 0:00:00,04-06-2026 0:00:00,MANIFIESTO,MANIFIESTO,True
1166685,FES,Santiago,True,28-05-2026 9:26:17,29-05-2026 9:30:25,29-05-2026 9:30:25,29-05-2026 9:30:25,29-05-2026 9:30:25,29-05-2026 0:00:00,29-05-2026 0:00:00,29-05-2026 0:00:00,29-05-2026 0:00:00,MANIFIESTO,MANIFIESTO,True
1166680,FES,Santiago,True,27-05-2026 19:47:36,28-05-2026 12:25:10,28-05-2026 12:25:10,28-05-2026 12:25:10,28-05-2026 12:25:10,01-06-2026 0:00:00,01-06-2026 0:00:00,01-06-2026 0:00:00,01-06-2026 0:00:00,MANIFIESTO,MANIFIESTO,True
1166306,FES,Santiago,True,04-05-2026 10:38:29,04-05-2026 11:18:07,04-05-2026 11:18:07,04-05-2026 11:18:07,04-05-2026 11:18:07,04-05-2026 0:00:00,04-05-2026 0:00:00,04-05-2026 0:00:00,04-05-2026 0:00:00,MANIFIESTO,MANIFIESTO,True
1166304,FES,Santiago,True,04-05-2026 10:18:45,04-05-2026 11:37:23,04-05-2026 11:37:23,04-05-2026 11:37:23,04-05-2026 11:37:23,04-05-2026 0:00:00,04-05-2026 0:00:00,04-05-2026 0:00:00,04-05-2026 0:00:00,MANIFIESTO,MANIFIESTO,True
1166303,FES,Santiago,True,04-05-2026 9:35:39,04-05-2026 11:04:31,04-05-2026 11:04:31,04-05-2026 11:04:31,04-05-2026 11:04:31,06-05-2026 0:00:00,06-05-2026 0:00:00,06-05-2026 0:00:00,06-05-2026 0:00:00,MANIFIESTO,MANIFIESTO,True
1166302,FES,Santiago,True,04-05-2026 9:34:59,04-05-2026 0:00:00,04-05-2026 0:00:00,04-05-2026 0:00:00,04-05-2026 0:00:00,05-05-2026 0:00:00,05-05-2026 0:00:00,05-05-2026 0:00:00,05-05-2026 0:00:00,MANIFIESTO,MANIFIESTO,True
1166301,FES,Santiago,True,04-05-2026 9:32:28,04-05-2026 0:00:00,04-05-2026 0:00:00,04-05-2026 0:00:00,04-05-2026 0:00:00,05-05-2026 0:00:00,05-05-2026 0:00:00,05-05-2026 0:00:00,05-05-2026 0:00:00,MANIFIESTO,MANIFIESTO,True
1166296,FES,Santiago,True,04-05-2026 9:27:33,04-05-2026 0:00:00,04-05-2026 0:00:00,04-05-2026 0:00:00,04-05-2026 0:00:00,05-05-2026 0:00:00,05-05-2026 0:00:00,05-05-2026 0:00:00,05-05-2026 0:00:00,MANIFIESTO,MANIFIESTO,True
1166146,FES,Regiones,True,04-05-2026 8:29:30,04-05-2026 11:05:39,04-05-2026 11:05:39,04-05-2026 11:05:39,04-05-2026 11:05:39,08-05-2026 0:00:00,08-05-2026 0:00:00,08-05-2026 0:00:00,08-05-2026 0:00:00,MANIFIESTO,MANIFIESTO,True
1166145,FES,Regiones,True,04-05-2026 8:26:01,04-05-2026 0:00:00,04-05-2026 0:00:00,04-05-2026 0:00:00,04-05-2026 0:00:00,07-05-2026 0:00:00,07-05-2026 0:00:00,07-05-2026 0:00:00,07-05-2026 0:00:00,MANIFIESTO,MANIFIESTO,True
1166140,FES,Santiago,True,30-04-2026 16:51:54,04-05-2026 9:29:40,04-05-2026 9:29:40,04-05-2026 9:29:40,04-05-2026 9:29:40,06-05-2026 0:00:00,06-05-2026 0:00:00,06-05-2026 0:00:00,06-05-2026 0:00:00,MANIFIESTO,MANIFIESTO,True
1166136,FES,Regiones,True,30-04-2026 15:52:15,02-05-2026 11:29:51,02-05-2026 11:29:51,02-05-2026 11:29:51,02-05-2026 11:29:51,07-05-2026 0:00:00,07-05-2026 0:00:00,07-05-2026 0:00:00,07-05-2026 0:00:00,MANIFIESTO,MANIFIESTO,True
1166135,FES,Regiones,True,30-04-2026 15:51:08,02-05-2026 11:29:45,02-05-2026 11:29:45,02-05-2026 11:29:45,02-05-2026 11:29:45,07-05-2026 0:00:00,07-05-2026 0:00:00,07-05-2026 0:00:00,07-05-2026 0:00:00,MANIFIESTO,MANIFIESTO,True
1166134,FES,Regiones,True,30-04-2026 15:32:03,02-05-2026 11:30:01,02-05-2026 11:30:01,02-05-2026 11:30:01,02-05-2026 11:30:01,07-05-2026 0:00:00,07-05-2026 0:00:00,07-05-2026 0:00:00,07-05-2026 0:00:00,MANIFIESTO,MANIFIESTO,True
1166076,FES,Regiones,True,30-04-2026 14:57:04,02-05-2026 11:31:11,02-05-2026 11:31:11,02-05-2026 11:31:11,02-05-2026 11:31:11,08-05-2026 0:00:00,08-05-2026 0:00:00,08-05-2026 0:00:00,08-05-2026 0:00:00,MANIFIESTO,MANIFIESTO,True
1166075,FES,Regiones,True,30-04-2026 14:53:25,02-05-2026 11:31:01,02-05-2026 11:31:01,02-05-2026 11:31:01,02-05-2026 11:31:01,06-05-2026 0:00:00,06-05-2026 0:00:00,06-05-2026 0:00:00,06-05-2026 0:00:00,MANIFIESTO,MANIFIESTO,True
1166073,FES,Regiones,True,30-04-2026 14:37:48,02-05-2026 11:30:33,02-05-2026 11:30:33,02-05-2026 11:30:33,02-05-2026 11:30:33,08-05-2026 0:00:00,08-05-2026 0:00:00,08-05-2026 0:00:00,08-05-2026 0:00:00,MANIFIESTO,MANIFIESTO,True
1166061,FES,Regiones,True,30-04-2026 0:00:00,30-04-2026 0:00:00,30-04-2026 0:00:00,30-04-2026 0:00:00,30-04-2026 0:00:00,06-05-2026 0:00:00,06-05-2026 0:00:00,06-05-2026 0:00:00,06-05-2026 0:00:00,MANIFIESTO,MANIFIESTO,True
1166058,FES,Santiago,True,30-04-2026 0:00:00,30-04-2026 10:44:41,30-04-2026 10:44:41,30-04-2026 10:44:41,30-04-2026 10:44:41,05-05-2026 0:00:00,05-05-2026 0:00:00,05-05-2026 0:00:00,05-05-2026 0:00:00,MANIFIESTO,MANIFIESTO,True
4190139949,FES,Regiones,True,02-07-2026 13:21:08,02-07-2026 13:45:36,02-07-2026 13:45:36,02-07-2026 13:45:36,02-07-2026 13:45:36,03-07-2026 0:00:00,03-07-2026 0:00:00,03-07-2026 0:00:00,03-07-2026 0:00:00,MANIFIESTO,MANIFIESTO,True
4190139948,FES,Regiones,True,02-07-2026 9:45:43,02-07-2026 10:13:40,02-07-2026 10:13:40,02-07-2026 10:13:40,02-07-2026 10:13:40,08-07-2026 0:00:00,08-07-2026 0:00:00,08-07-2026 0:00:00,08-07-2026 0:00:00,MANIFIESTO,MANIFIESTO,True
1167787,FES,Regiones,True,01-07-2026 15:48:23,02-07-2026 9:59:20,02-07-2026 9:59:20,02-07-2026 9:59:20,02-07-2026 9:59:20,03-07-2026 0:00:00,03-07-2026 0:00:00,03-07-2026 0:00:00,03-07-2026 0:00:00,MANIFIESTO,MANIFIESTO,True
1167656,FES,Santiago,True,01-07-2026 14:44:03,01-07-2026 15:35:52,01-07-2026 15:35:52,01-07-2026 15:35:52,01-07-2026 15:35:52,06-07-2026 0:00:00,06-07-2026 0:00:00,06-07-2026 0:00:00,06-07-2026 0:00:00,MANIFIESTO,MANIFIESTO,True
4190139945,FES,Regiones,True,01-07-2026 13:16:51,01-07-2026 13:30:54,01-07-2026 13:30:54,01-07-2026 13:30:54,01-07-2026 13:30:54,01-07-2026 0:00:00,01-07-2026 0:00:00,01-07-2026 0:00:00,01-07-2026 0:00:00,MANIFIESTO,MANIFIESTO,True
1167647,FES,Santiago,True,01-07-2026 13:05:44,01-07-2026 14:44:56,01-07-2026 14:44:56,01-07-2026 14:44:56,01-07-2026 14:44:56,03-07-2026 0:00:00,03-07-2026 0:00:00,03-07-2026 0:00:00,03-07-2026 0:00:00,MANIFIESTO,MANIFIESTO,True
1167626,FES,Regiones,True,01-07-2026 11:59:17,02-07-2026 8:22:01,02-07-2026 8:22:01,02-07-2026 8:22:01,02-07-2026 8:22:01,07-07-2026 0:00:00,07-07-2026 0:00:00,07-07-2026 0:00:00,07-07-2026 0:00:00,MANIFIESTO,MANIFIESTO,True
1167625,FES,Regiones,True,01-07-2026 11:52:39,02-07-2026 8:21:35,02-07-2026 8:21:35,02-07-2026 8:21:35,02-07-2026 8:21:35,07-07-2026 0:00:00,07-07-2026 0:00:00,07-07-2026 0:00:00,07-07-2026 0:00:00,MANIFIESTO,MANIFIESTO,True
1167623,FES,Regiones,True,01-07-2026 11:48:06,02-07-2026 8:22:46,02-07-2026 8:22:46,02-07-2026 8:22:46,02-07-2026 8:22:46,07-07-2026 0:00:00,07-07-2026 0:00:00,07-07-2026 0:00:00,07-07-2026 0:00:00,MANIFIESTO,MANIFIESTO,True
1167622,FES,Regiones,True,01-07-2026 11:42:33,02-07-2026 8:21:16,02-07-2026 8:21:16,02-07-2026 8:21:16,02-07-2026 8:21:16,07-07-2026 0:00:00,07-07-2026 0:00:00,07-07-2026 0:00:00,07-07-2026 0:00:00,MANIFIESTO,MANIFIESTO,True
1167621,FES,Regiones,True,01-07-2026 11:36:22,02-07-2026 8:22:11,02-07-2026 8:22:11,02-07-2026 8:22:11,02-07-2026 8:22:11,07-07-2026 0:00:00,07-07-2026 0:00:00,07-07-2026 0:00:00,07-07-2026 0:00:00,MANIFIESTO,MANIFIESTO,True
1167620,FES,Regiones,True,01-07-2026 11:28:48,02-07-2026 8:22:23,02-07-2026 8:22:23,02-07-2026 8:22:23,02-07-2026 8:22:23,07-07-2026 0:00:00,07-07-2026 0:00:00,07-07-2026 0:00:00,07-07-2026 0:00:00,MANIFIESTO,MANIFIESTO,True
1167619,FES,Regiones,True,01-07-2026 11:23:32,02-07-2026 8:20:46,02-07-2026 8:20:46,02-07-2026 8:20:46,02-07-2026 8:20:46,07-07-2026 0:00:00,07-07-2026 0:00:00,07-07-2026 0:00:00,07-07-2026 0:00:00,MANIFIESTO,MANIFIESTO,True
4190139941,FES,Regiones,True,01-07-2026 11:21:28,02-07-2026 9:57:32,02-07-2026 9:57:32,02-07-2026 9:57:32,02-07-2026 9:57:32,03-07-2026 0:00:00,03-07-2026 0:00:00,03-07-2026 0:00:00,03-07-2026 0:00:00,MANIFIESTO,MANIFIESTO,True
1167613,FES,Regiones,True,01-07-2026 11:14:46,02-07-2026 8:21:38,02-07-2026 8:21:38,02-07-2026 8:21:38,02-07-2026 8:21:38,07-07-2026 0:00:00,07-07-2026 0:00:00,07-07-2026 0:00:00,07-07-2026 0:00:00,MANIFIESTO,MANIFIESTO,True
1167609,FES,Regiones,True,01-07-2026 10:59:11,02-07-2026 8:21:00,02-07-2026 8:21:00,02-07-2026 8:21:00,02-07-2026 8:21:00,07-07-2026 0:00:00,07-07-2026 0:00:00,07-07-2026 0:00:00,07-07-2026 0:00:00,MANIFIESTO,MANIFIESTO,True
1167608,FES,Regiones,True,01-07-2026 10:53:19,02-07-2026 8:22:02,02-07-2026 8:22:02,02-07-2026 8:22:02,02-07-2026 8:22:02,07-07-2026 0:00:00,07-07-2026 0:00:00,07-07-2026 0:00:00,07-07-2026 0:00:00,MANIFIESTO,MANIFIESTO,True
1167607,FES,Regiones,True,01-07-2026 10:47:26,02-07-2026 8:22:15,02-07-2026 8:22:15,02-07-2026 8:22:15,02-07-2026 8:22:15,07-07-2026 0:00:00,07-07-2026 0:00:00,07-07-2026 0:00:00,07-07-2026 0:00:00,MANIFIESTO,MANIFIESTO,True
4190139940,FES,Santiago,True,01-07-2026 10:45:35,01-07-2026 10:50:38,01-07-2026 10:50:38,01-07-2026 10:50:38,01-07-2026 10:50:38,01-07-2026 0:00:00,01-07-2026 0:00:00,01-07-2026 0:00:00,01-07-2026 0:00:00,MANIFIESTO,MANIFIESTO,True
1167605,FES,Regiones,True,01-07-2026 10:44:10,02-07-2026 8:20:39,02-07-2026 8:20:39,02-07-2026 8:20:39,02-07-2026 8:20:39,07-07-2026 0:00:00,07-07-2026 0:00:00,07-07-2026 0:00:00,07-07-2026 0:00:00,MANIFIESTO,MANIFIESTO,True
4190139939,FES,Santiago,True,01-07-2026 10:40:48,01-07-2026 10:50:37,01-07-2026 10:50:37,01-07-2026 10:50:37,01-07-2026 10:50:37,01-07-2026 0:00:00,01-07-2026 0:00:00,01-07-2026 0:00:00,01-07-2026 0:00:00,MANIFIESTO,MANIFIESTO,True
1167611,FES,Regiones,True,01-07-2026 0:00:00,02-07-2026 8:21:22,02-07-2026 8:21:22,02-07-2026 8:21:22,02-07-2026 8:21:22,07-07-2026 0:00:00,07-07-2026 0:00:00,07-07-2026 0:00:00,07-07-2026 0:00:00,MANIFIESTO,MANIFIESTO,True
4190139946,FES,Regiones,True,01-07-2026 0:00:00,02-07-2026 10:13:38,02-07-2026 10:13:38,02-07-2026 10:13:38,02-07-2026 10:13:38,08-07-2026 0:00:00,08-07-2026 0:00:00,08-07-2026 0:00:00,08-07-2026 0:00:00,MANIFIESTO,MANIFIESTO,True
1167610,FES,Regiones,True,01-07-2026 0:00:00,02-07-2026 8:22:35,02-07-2026 8:22:35,02-07-2026 8:22:35,02-07-2026 8:22:35,07-07-2026 0:00:00,07-07-2026 0:00:00,07-07-2026 0:00:00,07-07-2026 0:00:00,MANIFIESTO,MANIFIESTO,True
1167582,FES,Regiones,True,30-06-2026 23:37:00,01-07-2026 0:00:00,01-07-2026 0:00:00,01-07-2026 0:00:00,01-07-2026 0:00:00,07-07-2026 0:00:00,07-07-2026 0:00:00,07-07-2026 0:00:00,07-07-2026 0:00:00,MANIFIESTO,MANIFIESTO,True
1167580,FES,Santiago,True,30-06-2026 17:48:49,01-07-2026 15:29:18,01-07-2026 15:29:18,01-07-2026 15:29:18,01-07-2026 15:29:18,01-07-2026 0:00:00,01-07-2026 0:00:00,01-07-2026 0:00:00,01-07-2026 0:00:00,MANIFIESTO,MANIFIESTO,True
4190139922,FES,Santiago,True,30-06-2026 17:31:13,02-07-2026 8:59:14,02-07-2026 8:59:14,02-07-2026 8:59:14,02-07-2026 8:59:14,02-07-2026 0:00:00,02-07-2026 0:00:00,02-07-2026 0:00:00,02-07-2026 0:00:00,MANIFIESTO,MANIFIESTO,True
4190139921,FES,Regiones,True,30-06-2026 17:06:47,30-06-2026 18:16:41,30-06-2026 18:16:41,30-06-2026 18:16:41,30-06-2026 18:16:41,07-07-2026 0:00:00,07-07-2026 0:00:00,07-07-2026 0:00:00,07-07-2026 0:00:00,MANIFIESTO,MANIFIESTO,True
1167577,FES,Santiago,True,30-06-2026 16:50:32,01-07-2026 12:11:39,01-07-2026 12:11:39,01-07-2026 12:11:39,01-07-2026 12:11:39,02-07-2026 0:00:00,02-07-2026 0:00:00,02-07-2026 0:00:00,02-07-2026 0:00:00,MANIFIESTO,MANIFIESTO,True
1167569,FES,Regiones,True,30-06-2026 14:49:01,02-07-2026 9:59:35,02-07-2026 9:59:35,02-07-2026 9:59:35,02-07-2026 9:59:35,07-07-2026 0:00:00,07-07-2026 0:00:00,07-07-2026 0:00:00,07-07-2026 0:00:00,MANIFIESTO,MANIFIESTO,True
1167568,FES,Santiago,True,30-06-2026 14:46:28,30-06-2026 18:16:44,30-06-2026 18:16:44,30-06-2026 18:16:44,30-06-2026 18:16:44,30-06-2026 0:00:00,30-06-2026 0:00:00,30-06-2026 0:00:00,30-06-2026 0:00:00,MANIFIESTO,MANIFIESTO,True
4190139913,FES,Santiago,True,30-06-2026 14:35:23,01-07-2026 15:34:06,01-07-2026 15:34:06,01-07-2026 15:34:06,01-07-2026 15:34:06,01-07-2026 0:00:00,01-07-2026 0:00:00,01-07-2026 0:00:00,01-07-2026 0:00:00,MANIFIESTO,MANIFIESTO,True
1167519,FES,Santiago,True,30-06-2026 14:34:20,30-06-2026 18:15:37,30-06-2026 18:15:37,30-06-2026 18:15:37,30-06-2026 18:15:37,06-07-2026 0:00:00,06-07-2026 0:00:00,06-07-2026 0:00:00,06-07-2026 0:00:00,MANIFIESTO,MANIFIESTO,True
1167490,FES,Santiago,True,30-06-2026 14:25:47,01-07-2026 12:11:42,01-07-2026 12:11:42,01-07-2026 12:11:42,01-07-2026 12:11:42,06-07-2026 0:00:00,06-07-2026 0:00:00,06-07-2026 0:00:00,06-07-2026 0:00:00,MANIFIESTO,MANIFIESTO,True
4190139911,FES,Santiago,True,30-06-2026 14:25:34,01-07-2026 15:31:42,01-07-2026 15:31:42,01-07-2026 15:31:42,01-07-2026 15:31:42,01-07-2026 0:00:00,01-07-2026 0:00:00,01-07-2026 0:00:00,01-07-2026 0:00:00,MANIFIESTO,MANIFIESTO,True
1167489,FES,Santiago,True,30-06-2026 14:16:04,30-06-2026 18:15:45,30-06-2026 18:15:45,30-06-2026 18:15:45,30-06-2026 18:15:45,06-07-2026 0:00:00,06-07-2026 0:00:00,06-07-2026 0:00:00,06-07-2026 0:00:00,MANIFIESTO,MANIFIESTO,True
4190139907,FES,Regiones,True,30-06-2026 13:34:48,30-06-2026 14:26:06,30-06-2026 14:26:06,30-06-2026 14:26:06,30-06-2026 14:26:06,07-07-2026 0:00:00,07-07-2026 0:00:00,07-07-2026 0:00:00,07-07-2026 0:00:00,MANIFIESTO,MANIFIESTO,True
4190139906,FES,Regiones,True,30-06-2026 13:30:40,30-06-2026 14:26:02,30-06-2026 14:26:02,30-06-2026 14:26:02,30-06-2026 14:26:02,07-07-2026 0:00:00,07-07-2026 0:00:00,07-07-2026 0:00:00,07-07-2026 0:00:00,MANIFIESTO,MANIFIESTO,True
4190139905,FES,Regiones,True,30-06-2026 13:25:29,30-06-2026 14:26:00,30-06-2026 14:26:00,30-06-2026 14:26:00,30-06-2026 14:26:00,07-07-2026 0:00:00,07-07-2026 0:00:00,07-07-2026 0:00:00,07-07-2026 0:00:00,MANIFIESTO,MANIFIESTO,True
4190139904,FES,Santiago,True,30-06-2026 13:03:32,30-06-2026 14:25:52,30-06-2026 14:25:52,30-06-2026 14:25:52,30-06-2026 14:25:52,01-07-2026 0:00:00,01-07-2026 0:00:00,01-07-2026 0:00:00,01-07-2026 0:00:00,MANIFIESTO,MANIFIESTO,True
4190139894,FES,Regiones,True,30-06-2026 9:51:15,30-06-2026 10:12:54,30-06-2026 10:12:54,30-06-2026 10:12:54,30-06-2026 10:12:54,07-07-2026 0:00:00,07-07-2026 0:00:00,07-07-2026 0:00:00,07-07-2026 0:00:00,MANIFIESTO,MANIFIESTO,True
4190139917,FES,Santiago,True,30-06-2026 0:00:00,01-07-2026 15:35:50,01-07-2026 15:35:50,01-07-2026 15:35:50,01-07-2026 15:35:50,01-07-2026 0:00:00,01-07-2026 0:00:00,01-07-2026 0:00:00,01-07-2026 0:00:00,MANIFIESTO,MANIFIESTO,True
4190139909,FES,Santiago,True,30-06-2026 0:00:00,30-06-2026 18:16:27,30-06-2026 18:16:27,30-06-2026 18:16:27,30-06-2026 18:16:27,30-06-2026 0:00:00,30-06-2026 0:00:00,30-06-2026 0:00:00,30-06-2026 0:00:00,MANIFIESTO,MANIFIESTO,True
1167477,FES,Regiones,True,29-06-2026 21:59:19,02-07-2026 8:20:49,02-07-2026 8:20:49,02-07-2026 8:20:49,02-07-2026 8:20:49,02-07-2026 0:00:00,02-07-2026 0:00:00,02-07-2026 0:00:00,02-07-2026 0:00:00,MANIFIESTO,MANIFIESTO,True
1167476,FES,Regiones,True,29-06-2026 21:51:58,02-07-2026 8:20:48,02-07-2026 8:20:48,02-07-2026 8:20:48,02-07-2026 8:20:48,02-07-2026 0:00:00,02-07-2026 0:00:00,02-07-2026 0:00:00,02-07-2026 0:00:00,MANIFIESTO,MANIFIESTO,True
4190139890,FES,Santiago,True,29-06-2026 17:49:24,30-06-2026 9:43:20,30-06-2026 9:43:20,30-06-2026 9:43:20,30-06-2026 9:43:20,03-07-2026 0:00:00,03-07-2026 0:00:00,03-07-2026 0:00:00,03-07-2026 0:00:00,MANIFIESTO,MANIFIESTO,True
4190139884,FES,Santiago,True,27-06-2026 13:15:29,01-07-2026 14:42:15,01-07-2026 14:42:15,01-07-2026 14:42:15,01-07-2026 14:42:15,01-07-2026 0:00:00,01-07-2026 0:00:00,01-07-2026 0:00:00,01-07-2026 0:00:00,MANIFIESTO,MANIFIESTO,True
4190139880,FES,Regiones,True,26-06-2026 16:32:25,30-06-2026 9:44:22,30-06-2026 9:44:22,30-06-2026 9:44:22,30-06-2026 9:44:22,02-07-2026 0:00:00,02-07-2026 0:00:00,02-07-2026 0:00:00,02-07-2026 0:00:00,MANIFIESTO,MANIFIESTO,True
4190139877,FES,Regiones,True,26-06-2026 11:49:05,26-06-2026 12:58:25,26-06-2026 12:58:25,26-06-2026 12:58:25,26-06-2026 12:58:25,06-07-2026 0:00:00,06-07-2026 0:00:00,06-07-2026 0:00:00,06-07-2026 0:00:00,MANIFIESTO,MANIFIESTO,True
4190139876,FES,Regiones,True,26-06-2026 11:43:53,26-06-2026 12:58:19,26-06-2026 12:58:19,26-06-2026 12:58:19,26-06-2026 12:58:19,06-07-2026 0:00:00,06-07-2026 0:00:00,06-07-2026 0:00:00,06-07-2026 0:00:00,MANIFIESTO,MANIFIESTO,True
4190139874,FES,Regiones,True,26-06-2026 0:00:00,26-06-2026 12:56:52,26-06-2026 12:56:52,26-06-2026 12:56:52,26-06-2026 12:56:52,02-07-2026 0:00:00,02-07-2026 0:00:00,02-07-2026 0:00:00,02-07-2026 0:00:00,MANIFIESTO,MANIFIESTO,True
1167374,FES,Regiones,True,25-06-2026 23:01:45,30-06-2026 18:45:34,30-06-2026 18:45:34,30-06-2026 18:45:34,30-06-2026 18:45:34,30-06-2026 0:00:00,30-06-2026 0:00:00,30-06-2026 0:00:00,30-06-2026 0:00:00,MANIFIESTO,MANIFIESTO,True
1167372,FES,Regiones,True,25-06-2026 22:24:52,26-06-2026 12:56:51,26-06-2026 12:56:51,26-06-2026 12:56:51,26-06-2026 12:56:51,02-07-2026 0:00:00,02-07-2026 0:00:00,02-07-2026 0:00:00,02-07-2026 0:00:00,MANIFIESTO,MANIFIESTO,True
4190139871,FES,Regiones,True,25-06-2026 19:58:30,26-06-2026 12:57:19,26-06-2026 12:57:19,26-06-2026 12:57:19,26-06-2026 12:57:19,02-07-2026 0:00:00,02-07-2026 0:00:00,02-07-2026 0:00:00,02-07-2026 0:00:00,MANIFIESTO,MANIFIESTO,True
4190139869,FES,Regiones,True,25-06-2026 19:20:59,26-06-2026 12:58:43,26-06-2026 12:58:43,26-06-2026 12:58:43,26-06-2026 12:58:43,02-07-2026 0:00:00,02-07-2026 0:00:00,02-07-2026 0:00:00,02-07-2026 0:00:00,MANIFIESTO,MANIFIESTO,True
1167369,FES,Santiago,True,25-06-2026 17:00:44,26-06-2026 12:57:47,26-06-2026 12:57:47,26-06-2026 12:57:47,26-06-2026 12:57:47,01-07-2026 0:00:00,01-07-2026 0:00:00,01-07-2026 0:00:00,01-07-2026 0:00:00,MANIFIESTO,MANIFIESTO,True
1167368,FES,Regiones,True,25-06-2026 16:59:49,26-06-2026 11:00:13,26-06-2026 11:00:13,26-06-2026 11:00:13,26-06-2026 11:00:13,03-07-2026 0:00:00,03-07-2026 0:00:00,03-07-2026 0:00:00,03-07-2026 0:00:00,MANIFIESTO,MANIFIESTO,True
1167367,FES,Regiones,True,25-06-2026 16:52:01,26-06-2026 11:00:12,26-06-2026 11:00:12,26-06-2026 11:00:12,26-06-2026 11:00:12,03-07-2026 0:00:00,03-07-2026 0:00:00,03-07-2026 0:00:00,03-07-2026 0:00:00,MANIFIESTO,MANIFIESTO,True
1167364,FES,Santiago,True,25-06-2026 16:17:46,30-06-2026 18:16:24,30-06-2026 18:16:24,30-06-2026 18:16:24,30-06-2026 18:16:24,30-06-2026 0:00:00,30-06-2026 0:00:00,30-06-2026 0:00:00,30-06-2026 0:00:00,MANIFIESTO,MANIFIESTO,True
4190139863,FES,Regiones,True,25-06-2026 15:05:40,26-06-2026 10:57:56,26-06-2026 10:57:56,26-06-2026 10:57:56,26-06-2026 10:57:56,01-07-2026 0:00:00,01-07-2026 0:00:00,01-07-2026 0:00:00,01-07-2026 0:00:00,MANIFIESTO,MANIFIESTO,True
4190139861,FES,Regiones,True,25-06-2026 9:57:09,26-06-2026 11:00:26,26-06-2026 11:00:26,26-06-2026 11:00:26,26-06-2026 11:00:26,01-07-2026 0:00:00,01-07-2026 0:00:00,01-07-2026 0:00:00,01-07-2026 0:00:00,MANIFIESTO,MANIFIESTO,True
4190139860,FES,Regiones,True,25-06-2026 0:05:48,26-06-2026 12:57:10,26-06-2026 12:57:10,26-06-2026 12:57:10,26-06-2026 12:57:10,02-07-2026 0:00:00,02-07-2026 0:00:00,02-07-2026 0:00:00,02-07-2026 0:00:00,MANIFIESTO,MANIFIESTO,True
4190139865,FES,Regiones,True,25-06-2026 0:00:00,26-06-2026 12:58:16,26-06-2026 12:58:16,26-06-2026 12:58:16,26-06-2026 12:58:16,01-07-2026 0:00:00,01-07-2026 0:00:00,01-07-2026 0:00:00,01-07-2026 0:00:00,MANIFIESTO,MANIFIESTO,True
1167370,FES,Regiones,True,25-06-2026 0:00:00,26-06-2026 12:58:29,26-06-2026 12:58:29,26-06-2026 12:58:29,26-06-2026 12:58:29,02-07-2026 0:00:00,02-07-2026 0:00:00,02-07-2026 0:00:00,02-07-2026 0:00:00,MANIFIESTO,MANIFIESTO,True
1167348,FES,Santiago,True,24-06-2026 18:10:50,26-06-2026 12:58:00,26-06-2026 12:58:00,26-06-2026 12:58:00,26-06-2026 12:58:00,01-07-2026 0:00:00,01-07-2026 0:00:00,01-07-2026 0:00:00,01-07-2026 0:00:00,MANIFIESTO,MANIFIESTO,True
4190139854,FES,Regiones,True,24-06-2026 15:15:20,26-06-2026 11:00:20,26-06-2026 11:00:20,26-06-2026 11:00:20,26-06-2026 11:00:20,01-07-2026 0:00:00,01-07-2026 0:00:00,01-07-2026 0:00:00,01-07-2026 0:00:00,MANIFIESTO,MANIFIESTO,True
4190139852,FES,Regiones,True,24-06-2026 12:40:39,26-06-2026 12:58:28,26-06-2026 12:58:28,30-06-2026 14:33:00,30-06-2026 14:33:00,01-07-2026 0:00:00,01-07-2026 0:00:00,01-07-2026 0:00:00,01-07-2026 0:00:00,MANIFIESTO,MANIFIESTO,True
1167334,FES,Santiago,True,24-06-2026 10:00:56,30-06-2026 10:59:58,30-06-2026 10:59:58,01-07-2026 9:01:00,01-07-2026 9:01:00,01-07-2026 0:00:00,01-07-2026 0:00:00,01-07-2026 0:00:00,01-07-2026 0:00:00,MANIFIESTO,MANIFIESTO,True
1167335,FES,Santiago,True,24-06-2026 9:56:28,26-06-2026 12:57:59,26-06-2026 12:57:59,26-06-2026 12:57:59,26-06-2026 12:57:59,01-07-2026 0:00:00,01-07-2026 0:00:00,01-07-2026 0:00:00,01-07-2026 0:00:00,MANIFIESTO,MANIFIESTO,True
1167323,FES,Regiones,True,24-06-2026 0:45:42,26-06-2026 0:00:00,26-06-2026 0:00:00,30-06-2026 11:54:00,30-06-2026 11:54:00,30-06-2026 0:00:00,30-06-2026 0:00:00,30-06-2026 0:00:00,30-06-2026 0:00:00,MANIFIESTO,MANIFIESTO,True
4190139848,FES,Regiones,True,23-06-2026 23:58:33,26-06-2026 0:00:00,26-06-2026 0:00:00,30-06-2026 11:40:00,30-06-2026 11:40:00,30-06-2026 0:00:00,30-06-2026 0:00:00,30-06-2026 0:00:00,30-06-2026 0:00:00,MANIFIESTO,MANIFIESTO,True
4190139843,FES,Regiones,True,23-06-2026 20:01:53,26-06-2026 12:58:47,26-06-2026 12:58:47,30-06-2026 14:34:00,30-06-2026 14:34:00,01-07-2026 0:00:00,01-07-2026 0:00:00,01-07-2026 0:00:00,01-07-2026 0:00:00,MANIFIESTO,MANIFIESTO,True
4190139837,FES,Regiones,True,23-06-2026 15:14:36,26-06-2026 12:58:30,26-06-2026 12:58:30,30-06-2026 15:46:00,30-06-2026 15:46:00,01-07-2026 0:00:00,01-07-2026 0:00:00,01-07-2026 0:00:00,01-07-2026 0:00:00,MANIFIESTO,MANIFIESTO,True
4190139835,FES,Regiones,True,23-06-2026 11:59:10,26-06-2026 12:57:35,26-06-2026 12:57:35,30-06-2026 14:33:00,30-06-2026 14:33:00,01-07-2026 0:00:00,01-07-2026 0:00:00,01-07-2026 0:00:00,01-07-2026 0:00:00,MANIFIESTO,MANIFIESTO,True
4190139552,FES,Regiones,True,01-06-2026 16:40:58,01-06-2026 17:18:11,01-06-2026 17:18:11,01-06-2026 17:18:11,01-06-2026 17:18:11,03-06-2026 0:00:00,03-06-2026 0:00:00,03-06-2026 0:00:00,03-06-2026 0:00:00,MANIFIESTO,MANIFIESTO,True
1166992,FES,Santiago,True,01-06-2026 15:52:23,01-06-2026 16:16:11,01-06-2026 16:16:11,01-06-2026 16:16:11,01-06-2026 16:16:11,04-06-2026 0:00:00,04-06-2026 0:00:00,04-06-2026 0:00:00,04-06-2026 0:00:00,MANIFIESTO,MANIFIESTO,True
4190139545,FES,Regiones,True,01-06-2026 14:43:49,01-06-2026 15:36:18,01-06-2026 15:36:18,01-06-2026 15:36:18,01-06-2026 15:36:18,03-06-2026 0:00:00,03-06-2026 0:00:00,03-06-2026 0:00:00,03-06-2026 0:00:00,MANIFIESTO,MANIFIESTO,True
4190139542,FES,Regiones,True,01-06-2026 12:29:59,01-06-2026 17:17:52,01-06-2026 17:17:52,01-06-2026 17:17:52,01-06-2026 17:17:52,03-06-2026 0:00:00,03-06-2026 0:00:00,03-06-2026 0:00:00,03-06-2026 0:00:00,MANIFIESTO,MANIFIESTO,True
4190139541,FES,Santiago,True,01-06-2026 11:59:05,01-06-2026 13:11:35,01-06-2026 13:11:35,01-06-2026 13:11:35,01-06-2026 13:11:35,03-06-2026 0:00:00,03-06-2026 0:00:00,03-06-2026 0:00:00,03-06-2026 0:00:00,MANIFIESTO,MANIFIESTO,True
1166857,FES,Santiago,True,01-06-2026 11:43:07,01-06-2026 13:11:58,01-06-2026 13:11:58,01-06-2026 13:11:58,01-06-2026 13:11:58,03-06-2026 0:00:00,03-06-2026 0:00:00,03-06-2026 0:00:00,03-06-2026 0:00:00,MANIFIESTO,MANIFIESTO,True
1166856,FES,Santiago,True,01-06-2026 11:35:01,01-06-2026 13:11:43,01-06-2026 13:11:43,01-06-2026 13:11:43,01-06-2026 13:11:43,04-06-2026 0:00:00,04-06-2026 0:00:00,04-06-2026 0:00:00,04-06-2026 0:00:00,MANIFIESTO,MANIFIESTO,True
4190139539,FES,Santiago,True,01-06-2026 11:34:37,01-06-2026 12:22:23,01-06-2026 12:22:23,01-06-2026 12:22:23,01-06-2026 12:22:23,03-06-2026 0:00:00,03-06-2026 0:00:00,03-06-2026 0:00:00,03-06-2026 0:00:00,MANIFIESTO,MANIFIESTO,True
4190139537,FES,Regiones,True,01-06-2026 11:11:58,01-06-2026 13:55:07,01-06-2026 13:55:07,01-06-2026 13:55:07,01-06-2026 13:55:07,03-06-2026 0:00:00,03-06-2026 0:00:00,03-06-2026 0:00:00,03-06-2026 0:00:00,MANIFIESTO,MANIFIESTO,True
4190139536,FES,Regiones,True,01-06-2026 10:54:26,01-06-2026 12:22:08,01-06-2026 12:22:08,01-06-2026 12:22:08,01-06-2026 12:22:08,04-06-2026 0:00:00,04-06-2026 0:00:00,04-06-2026 0:00:00,04-06-2026 0:00:00,MANIFIESTO,MANIFIESTO,True
4190139534,FES,Regiones,True,01-06-2026 9:47:12,01-06-2026 17:17:58,01-06-2026 17:17:58,01-06-2026 17:17:58,01-06-2026 17:17:58,04-06-2026 0:00:00,04-06-2026 0:00:00,04-06-2026 0:00:00,04-06-2026 0:00:00,MANIFIESTO,MANIFIESTO,True
1166852,FES,Santiago,True,01-06-2026 9:38:01,01-06-2026 13:11:42,01-06-2026 13:11:42,01-06-2026 13:11:42,01-06-2026 13:11:42,04-06-2026 0:00:00,04-06-2026 0:00:00,04-06-2026 0:00:00,04-06-2026 0:00:00,MANIFIESTO,MANIFIESTO,True
4190139533,FES,Regiones,True,01-06-2026 8:55:57,01-06-2026 17:18:07,01-06-2026 17:18:07,01-06-2026 17:18:07,01-06-2026 17:18:07,05-06-2026 0:00:00,05-06-2026 0:00:00,05-06-2026 0:00:00,05-06-2026 0:00:00,MANIFIESTO,MANIFIESTO,True
1166849,FES,Santiago,True,30-05-2026 16:32:55,01-06-2026 10:55:01,01-06-2026 10:55:01,01-06-2026 10:55:01,01-06-2026 10:55:01,03-06-2026 0:00:00,03-06-2026 0:00:00,03-06-2026 0:00:00,03-06-2026 0:00:00,MANIFIESTO,MANIFIESTO,True
1166848,FES,Santiago,True,30-05-2026 16:26:05,01-06-2026 10:54:58,01-06-2026 10:54:58,01-06-2026 10:54:58,01-06-2026 10:54:58,03-06-2026 0:00:00,03-06-2026 0:00:00,03-06-2026 0:00:00,03-06-2026 0:00:00,MANIFIESTO,MANIFIESTO,True
1166847,FES,Santiago,True,30-05-2026 14:00:17,01-06-2026 16:15:53,01-06-2026 16:15:53,01-06-2026 16:15:53,01-06-2026 16:15:53,03-06-2026 0:00:00,03-06-2026 0:00:00,03-06-2026 0:00:00,03-06-2026 0:00:00,MANIFIESTO,MANIFIESTO,True
1166846,FES,Santiago,True,30-05-2026 13:47:52,01-06-2026 10:54:49,01-06-2026 10:54:49,01-06-2026 10:54:49,01-06-2026 10:54:49,04-06-2026 0:00:00,04-06-2026 0:00:00,04-06-2026 0:00:00,04-06-2026 0:00:00,MANIFIESTO,MANIFIESTO,True
1166845,FES,Santiago,True,30-05-2026 13:41:42,01-06-2026 10:54:44,01-06-2026 10:54:44,01-06-2026 10:54:44,01-06-2026 10:54:44,04-06-2026 0:00:00,04-06-2026 0:00:00,04-06-2026 0:00:00,04-06-2026 0:00:00,MANIFIESTO,MANIFIESTO,True
4190139531,FES,Regiones,True,29-05-2026 18:54:04,30-05-2026 9:20:08,30-05-2026 9:20:08,30-05-2026 9:20:08,30-05-2026 9:20:08,03-06-2026 0:00:00,03-06-2026 0:00:00,03-06-2026 0:00:00,03-06-2026 0:00:00,MANIFIESTO,MANIFIESTO,True
4190139530,FES,Regiones,True,29-05-2026 18:47:19,01-06-2026 0:00:00,01-06-2026 0:00:00,01-06-2026 0:00:00,01-06-2026 0:00:00,03-06-2026 0:00:00,03-06-2026 0:00:00,03-06-2026 0:00:00,03-06-2026 0:00:00,MANIFIESTO,MANIFIESTO,True
4190139529,FES,Regiones,True,29-05-2026 17:44:50,30-05-2026 9:20:14,30-05-2026 9:20:14,30-05-2026 9:20:14,30-05-2026 9:20:14,04-06-2026 0:00:00,04-06-2026 0:00:00,04-06-2026 0:00:00,04-06-2026 0:00:00,MANIFIESTO,MANIFIESTO,True
4190139528,FES,Regiones,True,29-05-2026 15:21:38,30-05-2026 9:20:02,30-05-2026 9:20:02,30-05-2026 9:20:02,30-05-2026 9:20:02,02-06-2026 0:00:00,02-06-2026 0:00:00,02-06-2026 0:00:00,02-06-2026 0:00:00,MANIFIESTO,MANIFIESTO,True
4190139527,FES,Santiago,True,29-05-2026 12:57:25,01-06-2026 10:54:57,01-06-2026 10:54:57,01-06-2026 10:54:57,01-06-2026 10:54:57,04-06-2026 0:00:00,04-06-2026 0:00:00,04-06-2026 0:00:00,04-06-2026 0:00:00,MANIFIESTO,MANIFIESTO,True
4190139526,FES,Santiago,True,29-05-2026 12:41:14,01-06-2026 0:00:00,01-06-2026 0:00:00,01-06-2026 0:00:00,01-06-2026 0:00:00,03-06-2026 0:00:00,03-06-2026 0:00:00,03-06-2026 0:00:00,03-06-2026 0:00:00,MANIFIESTO,MANIFIESTO,True
4190139525,FES,Regiones,True,29-05-2026 12:32:03,30-05-2026 9:20:13,30-05-2026 9:20:13,30-05-2026 9:20:13,30-05-2026 9:20:13,03-06-2026 0:00:00,03-06-2026 0:00:00,03-06-2026 0:00:00,03-06-2026 0:00:00,MANIFIESTO,MANIFIESTO,True
4190139524,FES,Regiones,True,29-05-2026 12:30:47,01-06-2026 9:44:39,01-06-2026 9:44:39,01-06-2026 9:44:39,01-06-2026 9:44:39,03-06-2026 0:00:00,03-06-2026 0:00:00,03-06-2026 0:00:00,03-06-2026 0:00:00,MANIFIESTO,MANIFIESTO,True
1166840,FES,Santiago,True,29-05-2026 12:30:33,01-06-2026 9:44:18,01-06-2026 9:44:18,01-06-2026 9:44:18,01-06-2026 9:44:18,02-06-2026 0:00:00,02-06-2026 0:00:00,02-06-2026 0:00:00,02-06-2026 0:00:00,MANIFIESTO,MANIFIESTO,True
4190139522,FES,Santiago,True,29-05-2026 11:51:16,30-05-2026 9:18:53,30-05-2026 9:18:53,30-05-2026 9:18:53,30-05-2026 9:18:53,03-06-2026 0:00:00,03-06-2026 0:00:00,03-06-2026 0:00:00,03-06-2026 0:00:00,MANIFIESTO,MANIFIESTO,True
4190139521,FES,Regiones,True,29-05-2026 11:45:03,30-05-2026 9:19:00,30-05-2026 9:19:00,30-05-2026 9:19:00,30-05-2026 9:19:00,03-06-2026 0:00:00,03-06-2026 0:00:00,03-06-2026 0:00:00,03-06-2026 0:00:00,MANIFIESTO,MANIFIESTO,True
1166829,FES,Regiones,True,29-05-2026 10:40:53,29-05-2026 11:15:18,29-05-2026 11:15:18,29-05-2026 11:15:18,29-05-2026 11:15:18,01-06-2026 0:00:00,01-06-2026 0:00:00,01-06-2026 0:00:00,01-06-2026 0:00:00,MANIFIESTO,MANIFIESTO,True
4190139520,FES,Regiones,True,29-05-2026 10:24:48,01-06-2026 9:44:26,01-06-2026 9:44:26,01-06-2026 9:44:26,01-06-2026 9:44:26,05-06-2026 0:00:00,05-06-2026 0:00:00,05-06-2026 0:00:00,05-06-2026 0:00:00,MANIFIESTO,MANIFIESTO,True
1166827,FES,Regiones,True,29-05-2026 10:15:28,01-06-2026 12:22:30,01-06-2026 12:22:30,01-06-2026 12:22:30,01-06-2026 12:22:30,01-06-2026 0:00:00,01-06-2026 0:00:00,01-06-2026 0:00:00,01-06-2026 0:00:00,MANIFIESTO,MANIFIESTO,True
4190139519,FES,Regiones,True,29-05-2026 9:37:36,29-05-2026 0:00:00,29-05-2026 0:00:00,29-05-2026 0:00:00,29-05-2026 0:00:00,29-05-2026 0:00:00,29-05-2026 0:00:00,29-05-2026 0:00:00,29-05-2026 0:00:00,MANIFIESTO,MANIFIESTO,True
4190139517,FES,Regiones,True,29-05-2026 8:56:20,29-05-2026 9:36:04,29-05-2026 9:36:04,29-05-2026 9:36:04,29-05-2026 9:36:04,01-06-2026 0:00:00,01-06-2026 0:00:00,01-06-2026 0:00:00,01-06-2026 0:00:00,MANIFIESTO,MANIFIESTO,True
1166788,FES,Santiago,True,29-05-2026 8:44:55,29-05-2026 9:36:13,29-05-2026 9:36:13,29-05-2026 9:36:13,29-05-2026 9:36:13,01-06-2026 0:00:00,01-06-2026 0:00:00,01-06-2026 0:00:00,01-06-2026 0:00:00,MANIFIESTO,MANIFIESTO,True
1166787,FES,Santiago,True,29-05-2026 8:32:54,29-05-2026 9:30:20,29-05-2026 9:30:20,29-05-2026 9:30:20,29-05-2026 9:30:20,01-06-2026 0:00:00,01-06-2026 0:00:00,01-06-2026 0:00:00,01-06-2026 0:00:00,MANIFIESTO,MANIFIESTO,True
4190139516,FES,Santiago,True,29-05-2026 0:28:39,29-05-2026 9:36:08,29-05-2026 9:36:08,29-05-2026 9:36:08,29-05-2026 9:36:08,01-06-2026 0:00:00,01-06-2026 0:00:00,01-06-2026 0:00:00,01-06-2026 0:00:00,MANIFIESTO,MANIFIESTO,True
4190139515,FES,Regiones,True,29-05-2026 0:15:23,29-05-2026 9:30:57,29-05-2026 9:30:57,29-05-2026 9:30:57,29-05-2026 9:30:57,29-05-2026 0:00:00,29-05-2026 0:00:00,29-05-2026 0:00:00,29-05-2026 0:00:00,MANIFIESTO,MANIFIESTO,True
4190139514,FES,Regiones,True,29-05-2026 0:15:07,29-05-2026 9:30:46,29-05-2026 9:30:46,29-05-2026 9:30:46,29-05-2026 9:30:46,29-05-2026 0:00:00,29-05-2026 0:00:00,29-05-2026 0:00:00,29-05-2026 0:00:00,MANIFIESTO,MANIFIESTO,True
4190139513,FES,Regiones,True,29-05-2026 0:14:50,29-05-2026 9:30:40,29-05-2026 9:30:40,29-05-2026 9:30:40,29-05-2026 9:30:40,02-06-2026 0:00:00,02-06-2026 0:00:00,02-06-2026 0:00:00,02-06-2026 0:00:00,MANIFIESTO,MANIFIESTO,True
4190139523,FES,Regiones,True,29-05-2026 0:00:00,30-05-2026 9:20:01,30-05-2026 9:20:01,30-05-2026 9:20:01,30-05-2026 9:20:01,03-06-2026 0:00:00,03-06-2026 0:00:00,03-06-2026 0:00:00,03-06-2026 0:00:00,MANIFIESTO,MANIFIESTO,True
1166839,FES,Santiago,True,29-05-2026 0:00:00,30-05-2026 9:18:43,30-05-2026 9:18:43,30-05-2026 9:18:43,30-05-2026 9:18:43,04-06-2026 0:00:00,04-06-2026 0:00:00,04-06-2026 0:00:00,04-06-2026 0:00:00,MANIFIESTO,MANIFIESTO,True
1166786,FES,Regiones,True,28-05-2026 22:00:21,01-06-2026 9:45:00,01-06-2026 9:45:00,01-06-2026 9:45:00,01-06-2026 9:45:00,04-06-2026 0:00:00,04-06-2026 0:00:00,04-06-2026 0:00:00,04-06-2026 0:00:00,MANIFIESTO,MANIFIESTO,True
1166785,FES,Santiago,True,28-05-2026 20:51:27,29-05-2026 9:30:21,29-05-2026 9:30:21,29-05-2026 9:30:21,29-05-2026 9:30:21,02-06-2026 0:00:00,02-06-2026 0:00:00,02-06-2026 0:00:00,02-06-2026 0:00:00,MANIFIESTO,MANIFIESTO,True
4190139512,FES,Regiones,True,28-05-2026 19:32:35,29-05-2026 9:30:33,29-05-2026 9:30:33,29-05-2026 9:30:33,29-05-2026 9:30:33,02-06-2026 0:00:00,02-06-2026 0:00:00,02-06-2026 0:00:00,02-06-2026 0:00:00,MANIFIESTO,MANIFIESTO,True
4190139510,FES,Regiones,True,28-05-2026 19:23:20,29-05-2026 0:00:00,29-05-2026 0:00:00,29-05-2026 0:00:00,29-05-2026 0:00:00,02-06-2026 0:00:00,02-06-2026 0:00:00,02-06-2026 0:00:00,02-06-2026 0:00:00,MANIFIESTO,MANIFIESTO,True
4190139508,FES,Regiones,True,28-05-2026 18:41:54,29-05-2026 9:31:00,29-05-2026 9:31:00,29-05-2026 9:31:00,29-05-2026 9:31:00,01-06-2026 0:00:00,01-06-2026 0:00:00,01-06-2026 0:00:00,01-06-2026 0:00:00,MANIFIESTO,MANIFIESTO,True
4190139507,FES,Regiones,True,28-05-2026 18:27:37,29-05-2026 9:30:11,29-05-2026 9:30:11,29-05-2026 9:30:11,29-05-2026 9:30:11,02-06-2026 0:00:00,02-06-2026 0:00:00,02-06-2026 0:00:00,02-06-2026 0:00:00,MANIFIESTO,MANIFIESTO,True
1166782,FES,Santiago,True,28-05-2026 16:44:33,29-05-2026 9:36:11,29-05-2026 9:36:11,29-05-2026 9:36:11,29-05-2026 9:36:11,01-06-2026 0:00:00,01-06-2026 0:00:00,01-06-2026 0:00:00,01-06-2026 0:00:00,MANIFIESTO,MANIFIESTO,True
1166703,FES,Santiago,True,28-05-2026 15:45:17,28-05-2026 16:53:39,28-05-2026 16:53:39,28-05-2026 16:53:39,28-05-2026 16:53:39,01-06-2026 0:00:00,01-06-2026 0:00:00,01-06-2026 0:00:00,01-06-2026 0:00:00,MANIFIESTO,MANIFIESTO,True
4190139506,FES,Santiago,True,28-05-2026 14:20:26,28-05-2026 15:56:25,28-05-2026 15:56:25,28-05-2026 15:56:25,28-05-2026 15:56:25,29-05-2026 0:00:00,29-05-2026 0:00:00,29-05-2026 0:00:00,29-05-2026 0:00:00,MANIFIESTO,MANIFIESTO,True
4190139505,FES,Santiago,True,28-05-2026 14:18:16,28-05-2026 15:56:19,28-05-2026 15:56:19,28-05-2026 15:56:19,28-05-2026 15:56:19,29-05-2026 0:00:00,29-05-2026 0:00:00,29-05-2026 0:00:00,29-05-2026 0:00:00,MANIFIESTO,MANIFIESTO,True
4190139503,FES,Regiones,True,28-05-2026 13:47:04,28-05-2026 16:53:18,28-05-2026 16:53:18,28-05-2026 16:53:18,28-05-2026 16:53:18,01-06-2026 0:00:00,01-06-2026 0:00:00,01-06-2026 0:00:00,01-06-2026 0:00:00,MANIFIESTO,MANIFIESTO,True
4190139502,FES,Regiones,True,28-05-2026 13:20:43,01-06-2026 9:44:09,01-06-2026 9:44:09,01-06-2026 9:44:09,01-06-2026 9:44:09,03-06-2026 0:00:00,03-06-2026 0:00:00,03-06-2026 0:00:00,03-06-2026 0:00:00,MANIFIESTO,MANIFIESTO,True
4190139501,FES,Regiones,True,28-05-2026 13:17:30,01-06-2026 10:55:13,01-06-2026 10:55:13,01-06-2026 10:55:13,01-06-2026 10:55:13,03-06-2026 0:00:00,03-06-2026 0:00:00,03-06-2026 0:00:00,03-06-2026 0:00:00,MANIFIESTO,MANIFIESTO,True
4190139500,FES,Regiones,True,28-05-2026 12:37:17,28-05-2026 15:56:30,28-05-2026 15:56:30,28-05-2026 15:56:30,28-05-2026 15:56:30,28-05-2026 0:00:00,28-05-2026 0:00:00,28-05-2026 0:00:00,28-05-2026 0:00:00,MANIFIESTO,MANIFIESTO,True
4190139499,FES,Regiones,True,28-05-2026 12:18:06,01-06-2026 13:55:00,01-06-2026 13:55:00,01-06-2026 13:55:00,01-06-2026 13:55:00,04-06-2026 0:00:00,04-06-2026 0:00:00,04-06-2026 0:00:00,04-06-2026 0:00:00,MANIFIESTO,MANIFIESTO,True
4190139498,FES,Regiones,True,28-05-2026 12:14:55,28-05-2026 12:26:01,28-05-2026 12:26:01,28-05-2026 12:26:01,28-05-2026 12:26:01,02-06-2026 0:00:00,02-06-2026 0:00:00,02-06-2026 0:00:00,02-06-2026 0:00:00,MANIFIESTO,MANIFIESTO,True
1166694,FES,Santiago,True,28-05-2026 12:11:36,28-05-2026 15:56:46,28-05-2026 15:56:46,28-05-2026 15:56:46,28-05-2026 15:56:46,29-05-2026 0:00:00,29-05-2026 0:00:00,29-05-2026 0:00:00,29-05-2026 0:00:00,MANIFIESTO,MANIFIESTO,True
1166691,FES,Regiones,True,28-05-2026 11:41:49,01-06-2026 12:22:25,01-06-2026 12:22:25,01-06-2026 12:22:25,01-06-2026 12:22:25,03-06-2026 0:00:00,03-06-2026 0:00:00,03-06-2026 0:00:00,03-06-2026 0:00:00,MANIFIESTO,MANIFIESTO,True
1166690,FES,Santiago,True,28-05-2026 11:38:06,28-05-2026 12:25:08,28-05-2026 12:25:08,28-05-2026 12:25:08,28-05-2026 12:25:08,29-05-2026 0:00:00,29-05-2026 0:00:00,29-05-2026 0:00:00,29-05-2026 0:00:00,MANIFIESTO,MANIFIESTO,True
4190139495,FES,Regiones,True,28-05-2026 11:32:59,01-06-2026 12:22:26,01-06-2026 12:22:26,01-06-2026 12:22:26,01-06-2026 12:22:26,04-06-2026 0:00:00,04-06-2026 0:00:00,04-06-2026 0:00:00,04-06-2026 0:00:00,MANIFIESTO,MANIFIESTO,True
4190139494,FES,Regiones,True,28-05-2026 11:20:45,28-05-2026 16:53:41,28-05-2026 16:53:41,28-05-2026 16:53:41,28-05-2026 16:53:41,02-06-2026 0:00:00,02-06-2026 0:00:00,02-06-2026 0:00:00,02-06-2026 0:00:00,MANIFIESTO,MANIFIESTO,True
1166688,FES,Santiago,True,28-05-2026 10:48:41,28-05-2026 12:25:07,28-05-2026 12:25:07,28-05-2026 12:25:07,28-05-2026 12:25:07,01-06-2026 0:00:00,01-06-2026 0:00:00,01-06-2026 0:00:00,01-06-2026 0:00:00,MANIFIESTO,MANIFIESTO,True
1166687,FES,Santiago,True,28-05-2026 9:42:50,28-05-2026 16:53:21,28-05-2026 16:53:21,28-05-2026 16:53:21,28-05-2026 16:53:21,02-06-2026 0:00:00,02-06-2026 0:00:00,02-06-2026 0:00:00,02-06-2026 0:00:00,MANIFIESTO,MANIFIESTO,True
4190139490,FES,Santiago,True,28-05-2026 0:40:56,01-06-2026 13:11:54,01-06-2026 13:11:54,01-06-2026 13:11:54,01-06-2026 13:11:54,03-06-2026 0:00:00,03-06-2026 0:00:00,03-06-2026 0:00:00,03-06-2026 0:00:00,MANIFIESTO,MANIFIESTO,True
1166682,FES,Regiones,True,28-05-2026 0:14:54,28-05-2026 12:21:55,28-05-2026 12:21:55,28-05-2026 12:21:55,28-05-2026 12:21:55,29-05-2026 0:00:00,29-05-2026 0:00:00,29-05-2026 0:00:00,29-05-2026 0:00:00,MANIFIESTO,MANIFIESTO,True
1166683,FES,Regiones,True,28-05-2026 0:00:00,29-05-2026 11:17:58,29-05-2026 11:17:58,29-05-2026 11:17:58,29-05-2026 11:17:58,03-06-2026 0:00:00,03-06-2026 0:00:00,03-06-2026 0:00:00,03-06-2026 0:00:00,MANIFIESTO,MANIFIESTO,True
1166689,FES,Santiago,True,28-05-2026 0:00:00,29-05-2026 11:11:40,29-05-2026 11:11:40,29-05-2026 11:11:40,29-05-2026 11:11:40,01-06-2026 0:00:00,01-06-2026 0:00:00,01-06-2026 0:00:00,01-06-2026 0:00:00,MANIFIESTO,MANIFIESTO,True
1166698,FES,Santiago,True,28-05-2026 0:00:00,01-06-2026 12:58:26,01-06-2026 12:58:26,01-06-2026 12:58:26,01-06-2026 12:58:26,02-06-2026 0:00:00,02-06-2026 0:00:00,02-06-2026 0:00:00,02-06-2026 0:00:00,MANIFIESTO,MANIFIESTO,True
1166783,FES,Regiones,True,28-05-2026 0:00:00,30-05-2026 9:20:07,30-05-2026 9:20:07,30-05-2026 9:20:07,30-05-2026 9:20:07,03-06-2026 0:00:00,03-06-2026 0:00:00,03-06-2026 0:00:00,03-06-2026 0:00:00,MANIFIESTO,MANIFIESTO,True
1166784,FES,Santiago,True,28-05-2026 0:00:00,29-05-2026 9:30:19,29-05-2026 9:30:19,29-05-2026 9:30:19,29-05-2026 9:30:19,02-06-2026 0:00:00,02-06-2026 0:00:00,02-06-2026 0:00:00,02-06-2026 0:00:00,MANIFIESTO,MANIFIESTO,True
4190139491,FES,Santiago,True,28-05-2026 0:00:00,28-05-2026 15:13:49,28-05-2026 15:13:49,29-05-2026 11:56:00,29-05-2026 11:56:00,29-05-2026 0:00:00,29-05-2026 0:00:00,29-05-2026 0:00:00,29-05-2026 0:00:00,MANIFIESTO,MANIFIESTO,True
4190139488,FES,Regiones,True,27-05-2026 23:04:45,28-05-2026 12:25:07,28-05-2026 12:25:07,28-05-2026 12:25:07,28-05-2026 12:25:07,29-05-2026 0:00:00,29-05-2026 0:00:00,29-05-2026 0:00:00,29-05-2026 0:00:00,MANIFIESTO,MANIFIESTO,True
4190139486,FES,Regiones,True,27-05-2026 19:30:59,28-05-2026 12:25:16,28-05-2026 12:25:16,28-05-2026 12:25:16,28-05-2026 12:25:16,29-05-2026 0:00:00,29-05-2026 0:00:00,29-05-2026 0:00:00,29-05-2026 0:00:00,MANIFIESTO,MANIFIESTO,True
4190139481,FES,Regiones,True,27-05-2026 16:37:09,28-05-2026 15:56:32,28-05-2026 15:56:32,28-05-2026 16:11:00,28-05-2026 16:11:00,28-05-2026 0:00:00,28-05-2026 0:00:00,28-05-2026 0:00:00,28-05-2026 0:00:00,MANIFIESTO,MANIFIESTO,True
4190139480,FES,Regiones,True,27-05-2026 16:05:57,28-05-2026 12:25:49,28-05-2026 12:25:49,28-05-2026 12:25:49,28-05-2026 12:25:49,29-05-2026 0:00:00,29-05-2026 0:00:00,29-05-2026 0:00:00,29-05-2026 0:00:00,MANIFIESTO,MANIFIESTO,True
4190139471,FES,Regiones,True,27-05-2026 13:17:33,28-05-2026 12:39:55,28-05-2026 12:39:55,28-05-2026 13:02:00,28-05-2026 13:02:00,28-05-2026 0:00:00,28-05-2026 0:00:00,28-05-2026 0:00:00,28-05-2026 0:00:00,MANIFIESTO,MANIFIESTO,True
4190139467,FES,Santiago,True,27-05-2026 10:15:40,28-05-2026 12:15:25,28-05-2026 12:15:25,28-05-2026 12:15:25,28-05-2026 12:15:25,28-05-2026 0:00:00,28-05-2026 0:00:00,28-05-2026 0:00:00,28-05-2026 0:00:00,MANIFIESTO,MANIFIESTO,True
1166668,FES,Regiones,True,27-05-2026 9:29:18,28-05-2026 12:25:53,28-05-2026 12:25:53,28-05-2026 12:25:53,28-05-2026 12:25:53,28-05-2026 0:00:00,28-05-2026 0:00:00,28-05-2026 0:00:00,28-05-2026 0:00:00,MANIFIESTO,MANIFIESTO,True
1166678,FES,Santiago,True,27-05-2026 0:00:00,28-05-2026 12:25:08,28-05-2026 12:25:08,28-05-2026 12:25:08,28-05-2026 12:25:08,29-05-2026 0:00:00,29-05-2026 0:00:00,29-05-2026 0:00:00,29-05-2026 0:00:00,MANIFIESTO,MANIFIESTO,True
4190139457,FES,Regiones,True,26-05-2026 18:17:42,28-05-2026 12:25:52,28-05-2026 12:25:52,28-05-2026 12:25:52,28-05-2026 12:25:52,02-06-2026 0:00:00,02-06-2026 0:00:00,02-06-2026 0:00:00,02-06-2026 0:00:00,MANIFIESTO,MANIFIESTO,True
4190139456,FES,Santiago,True,26-05-2026 17:55:29,28-05-2026 15:56:27,28-05-2026 15:56:27,28-05-2026 12:57:00,28-05-2026 12:57:00,01-06-2026 0:00:00,01-06-2026 0:00:00,01-06-2026 0:00:00,01-06-2026 0:00:00,MANIFIESTO,MANIFIESTO,True
4190139455,FES,Regiones,True,26-05-2026 16:16:10,28-05-2026 15:56:36,28-05-2026 15:56:36,28-05-2026 16:05:00,28-05-2026 16:05:00,28-05-2026 0:00:00,28-05-2026 0:00:00,28-05-2026 0:00:00,28-05-2026 0:00:00,MANIFIESTO,MANIFIESTO,True
4190139453,FES,Regiones,True,26-05-2026 15:56:41,28-05-2026 15:56:34,28-05-2026 15:56:34,28-05-2026 16:05:00,28-05-2026 16:05:00,01-06-2026 0:00:00,01-06-2026 0:00:00,01-06-2026 0:00:00,01-06-2026 0:00:00,MANIFIESTO,MANIFIESTO,True
4190139443,FES,Regiones,True,26-05-2026 11:15:10,28-05-2026 12:25:15,28-05-2026 12:25:15,28-05-2026 12:25:15,28-05-2026 12:25:15,01-06-2026 0:00:00,01-06-2026 0:00:00,01-06-2026 0:00:00,01-06-2026 0:00:00,MANIFIESTO,MANIFIESTO,True
4190139451,FES,Regiones,True,26-05-2026 0:00:00,28-05-2026 16:53:16,28-05-2026 16:53:16,28-05-2026 16:53:16,28-05-2026 16:53:16,01-06-2026 0:00:00,01-06-2026 0:00:00,01-06-2026 0:00:00,01-06-2026 0:00:00,MANIFIESTO,MANIFIESTO,True
4190139172,FES,Santiago,True,04-05-2026 13:19:49,04-05-2026 13:54:37,04-05-2026 13:54:37,04-05-2026 13:54:37,04-05-2026 13:54:37,07-05-2026 0:00:00,07-05-2026 0:00:00,07-05-2026 0:00:00,07-05-2026 0:00:00,MANIFIESTO,MANIFIESTO,True
4190139170,FES,Regiones,True,04-05-2026 12:51:26,04-05-2026 13:05:36,04-05-2026 13:05:36,04-05-2026 13:05:36,04-05-2026 13:05:36,08-05-2026 0:00:00,08-05-2026 0:00:00,08-05-2026 0:00:00,08-05-2026 0:00:00,MANIFIESTO,MANIFIESTO,True
4190139168,FES,Regiones,True,04-05-2026 12:21:02,04-05-2026 12:56:23,04-05-2026 12:56:23,04-05-2026 12:56:23,04-05-2026 12:56:23,08-05-2026 0:00:00,08-05-2026 0:00:00,08-05-2026 0:00:00,08-05-2026 0:00:00,MANIFIESTO,MANIFIESTO,True
1166361,FES,Regiones,True,04-05-2026 11:41:23,04-05-2026 12:49:43,04-05-2026 12:49:43,04-05-2026 12:49:43,04-05-2026 12:49:43,06-05-2026 0:00:00,06-05-2026 0:00:00,06-05-2026 0:00:00,06-05-2026 0:00:00,MANIFIESTO,MANIFIESTO,True
1166305,FES,Santiago,True,04-05-2026 10:31:57,04-05-2026 10:41:42,04-05-2026 10:41:42,04-05-2026 10:41:42,04-05-2026 10:41:42,05-05-2026 0:00:00,05-05-2026 0:00:00,05-05-2026 0:00:00,05-05-2026 0:00:00,MANIFIESTO,MANIFIESTO,True
1166316,FES,Santiago,True,04-05-2026 0:00:00,04-05-2026 14:32:51,04-05-2026 14:32:51,04-05-2026 14:32:51,04-05-2026 14:32:51,06-05-2026 0:00:00,06-05-2026 0:00:00,06-05-2026 0:00:00,06-05-2026 0:00:00,MANIFIESTO,MANIFIESTO,True
4190139162,FES,Regiones,True,30-04-2026 18:33:10,02-05-2026 10:46:31,02-05-2026 10:46:31,02-05-2026 10:46:31,02-05-2026 10:46:31,06-05-2026 0:00:00,06-05-2026 0:00:00,06-05-2026 0:00:00,06-05-2026 0:00:00,MANIFIESTO,MANIFIESTO,True
4190139161,FES,Regiones,True,30-04-2026 18:27:56,02-05-2026 11:29:08,02-05-2026 11:29:08,02-05-2026 11:29:08,02-05-2026 11:29:08,07-05-2026 0:00:00,07-05-2026 0:00:00,07-05-2026 0:00:00,07-05-2026 0:00:00,MANIFIESTO,MANIFIESTO,True
4190139160,FES,Regiones,True,30-04-2026 18:07:44,02-05-2026 11:31:35,02-05-2026 11:31:35,02-05-2026 11:31:35,02-05-2026 11:31:35,06-05-2026 0:00:00,06-05-2026 0:00:00,06-05-2026 0:00:00,06-05-2026 0:00:00,MANIFIESTO,MANIFIESTO,True
1166141,FES,Santiago,True,30-04-2026 17:51:04,04-05-2026 11:05:40,04-05-2026 11:05:40,04-05-2026 11:05:40,04-05-2026 11:05:40,05-05-2026 0:00:00,05-05-2026 0:00:00,05-05-2026 0:00:00,05-05-2026 0:00:00,MANIFIESTO,MANIFIESTO,True
1166138,FES,Santiago,True,30-04-2026 16:36:57,02-05-2026 11:29:18,02-05-2026 11:29:18,02-05-2026 11:29:18,02-05-2026 11:29:18,06-05-2026 0:00:00,06-05-2026 0:00:00,06-05-2026 0:00:00,06-05-2026 0:00:00,MANIFIESTO,MANIFIESTO,True
4190139158,FES,Regiones,True,30-04-2026 16:22:16,02-05-2026 11:31:46,02-05-2026 11:31:46,02-05-2026 11:31:46,02-05-2026 11:31:46,06-05-2026 0:00:00,06-05-2026 0:00:00,06-05-2026 0:00:00,06-05-2026 0:00:00,MANIFIESTO,MANIFIESTO,True
4190139157,FES,Santiago,True,30-04-2026 16:19:05,02-05-2026 11:29:23,02-05-2026 11:29:23,02-05-2026 11:29:23,02-05-2026 11:29:23,05-05-2026 0:00:00,05-05-2026 0:00:00,05-05-2026 0:00:00,05-05-2026 0:00:00,MANIFIESTO,MANIFIESTO,True
4190139155,FES,Santiago,True,30-04-2026 16:00:54,02-05-2026 11:29:21,02-05-2026 11:29:21,02-05-2026 11:29:21,02-05-2026 11:29:21,05-05-2026 0:00:00,05-05-2026 0:00:00,05-05-2026 0:00:00,05-05-2026 0:00:00,MANIFIESTO,MANIFIESTO,True
4190139154,FES,Regiones,True,30-04-2026 15:36:42,02-05-2026 11:31:23,02-05-2026 11:31:23,02-05-2026 11:31:23,02-05-2026 11:31:23,08-05-2026 0:00:00,08-05-2026 0:00:00,08-05-2026 0:00:00,08-05-2026 0:00:00,MANIFIESTO,MANIFIESTO,True
1166074,FES,Santiago,True,30-04-2026 14:47:59,02-05-2026 11:31:51,02-05-2026 11:31:51,02-05-2026 11:31:51,02-05-2026 11:31:51,04-05-2026 0:00:00,04-05-2026 0:00:00,04-05-2026 0:00:00,04-05-2026 0:00:00,MANIFIESTO,MANIFIESTO,True
1166072,FES,Regiones,True,30-04-2026 14:31:55,30-04-2026 15:36:16,30-04-2026 15:36:16,30-04-2026 15:36:16,30-04-2026 15:36:16,06-05-2026 0:00:00,06-05-2026 0:00:00,06-05-2026 0:00:00,06-05-2026 0:00:00,MANIFIESTO,MANIFIESTO,True
1166071,FES,Regiones,True,30-04-2026 14:08:42,30-04-2026 20:36:45,30-04-2026 20:36:45,30-04-2026 20:36:45,30-04-2026 20:36:45,07-05-2026 0:00:00,07-05-2026 0:00:00,07-05-2026 0:00:00,07-05-2026 0:00:00,MANIFIESTO,MANIFIESTO,True
4190139151,FES,Regiones,True,30-04-2026 13:45:54,02-05-2026 11:30:40,02-05-2026 11:30:40,02-05-2026 11:30:40,02-05-2026 11:30:40,06-05-2026 0:00:00,06-05-2026 0:00:00,06-05-2026 0:00:00,06-05-2026 0:00:00,MANIFIESTO,MANIFIESTO,True
4190139150,FES,Regiones,True,30-04-2026 13:35:40,30-04-2026 15:04:40,30-04-2026 15:04:40,30-04-2026 15:04:40,30-04-2026 15:04:40,06-05-2026 0:00:00,06-05-2026 0:00:00,06-05-2026 0:00:00,06-05-2026 0:00:00,MANIFIESTO,MANIFIESTO,True
4190139149,FES,Regiones,True,30-04-2026 13:14:28,30-04-2026 15:04:48,30-04-2026 15:04:48,30-04-2026 15:04:48,30-04-2026 15:04:48,30-04-2026 0:00:00,30-04-2026 0:00:00,30-04-2026 0:00:00,30-04-2026 0:00:00,MANIFIESTO,MANIFIESTO,True
4190139147,FES,Regiones,True,30-04-2026 13:00:00,02-05-2026 11:29:41,02-05-2026 11:29:41,02-05-2026 11:29:41,02-05-2026 11:29:41,07-05-2026 0:00:00,07-05-2026 0:00:00,07-05-2026 0:00:00,07-05-2026 0:00:00,MANIFIESTO,MANIFIESTO,True
4190139145,FES,Regiones,True,30-04-2026 12:58:34,04-05-2026 11:04:40,04-05-2026 11:04:40,04-05-2026 11:04:40,04-05-2026 11:04:40,07-05-2026 0:00:00,07-05-2026 0:00:00,07-05-2026 0:00:00,07-05-2026 0:00:00,MANIFIESTO,MANIFIESTO,True
4190139144,FES,Regiones,True,30-04-2026 12:53:22,02-05-2026 11:31:48,02-05-2026 11:31:48,02-05-2026 11:31:48,02-05-2026 11:31:48,08-05-2026 0:00:00,08-05-2026 0:00:00,08-05-2026 0:00:00,08-05-2026 0:00:00,MANIFIESTO,MANIFIESTO,True
4190139143,FES,Regiones,True,30-04-2026 12:39:11,30-04-2026 0:00:00,30-04-2026 0:00:00,30-04-2026 0:00:00,30-04-2026 0:00:00,07-05-2026 0:00:00,07-05-2026 0:00:00,07-05-2026 0:00:00,07-05-2026 0:00:00,MANIFIESTO,MANIFIESTO,True
4190139139,FES,Regiones,True,30-04-2026 12:14:22,30-04-2026 0:00:00,30-04-2026 0:00:00,30-04-2026 0:00:00,30-04-2026 0:00:00,06-05-2026 0:00:00,06-05-2026 0:00:00,06-05-2026 0:00:00,06-05-2026 0:00:00,MANIFIESTO,MANIFIESTO,True
4190139137,FES,Regiones,True,30-04-2026 12:00:56,30-04-2026 0:00:00,30-04-2026 0:00:00,30-04-2026 0:00:00,30-04-2026 0:00:00,08-05-2026 0:00:00,08-05-2026 0:00:00,08-05-2026 0:00:00,08-05-2026 0:00:00,MANIFIESTO,MANIFIESTO,True
4190139136,FES,Regiones,True,30-04-2026 11:58:37,30-04-2026 15:36:41,30-04-2026 15:36:41,30-04-2026 15:36:41,30-04-2026 15:36:41,07-05-2026 0:00:00,07-05-2026 0:00:00,07-05-2026 0:00:00,07-05-2026 0:00:00,MANIFIESTO,MANIFIESTO,True
1166066,FES,Santiago,True,30-04-2026 10:53:34,30-04-2026 0:00:00,30-04-2026 0:00:00,30-04-2026 0:00:00,30-04-2026 0:00:00,04-05-2026 0:00:00,04-05-2026 0:00:00,04-05-2026 0:00:00,04-05-2026 0:00:00,MANIFIESTO,MANIFIESTO,True
1166062,FES,Santiago,True,30-04-2026 10:14:00,30-04-2026 14:04:39,30-04-2026 14:04:39,30-04-2026 14:04:39,30-04-2026 14:04:39,06-05-2026 0:00:00,06-05-2026 0:00:00,06-05-2026 0:00:00,06-05-2026 0:00:00,MANIFIESTO,MANIFIESTO,True
1166059,FES,Santiago,True,30-04-2026 9:32:25,30-04-2026 11:38:46,30-04-2026 11:38:46,30-04-2026 11:38:46,30-04-2026 11:38:46,06-05-2026 0:00:00,06-05-2026 0:00:00,06-05-2026 0:00:00,06-05-2026 0:00:00,MANIFIESTO,MANIFIESTO,True
4190139133,FES,Regiones,True,30-04-2026 8:47:57,30-04-2026 14:03:54,30-04-2026 14:03:54,30-04-2026 14:03:54,30-04-2026 14:03:54,06-05-2026 0:00:00,06-05-2026 0:00:00,06-05-2026 0:00:00,06-05-2026 0:00:00,MANIFIESTO,MANIFIESTO,True
1166056,FES,Santiago,True,30-04-2026 8:39:35,30-04-2026 0:00:00,30-04-2026 0:00:00,30-04-2026 0:00:00,30-04-2026 0:00:00,05-05-2026 0:00:00,05-05-2026 0:00:00,05-05-2026 0:00:00,05-05-2026 0:00:00,MANIFIESTO,MANIFIESTO,True
4190139132,FES,Regiones,True,30-04-2026 8:31:46,30-04-2026 0:00:00,30-04-2026 0:00:00,30-04-2026 0:00:00,30-04-2026 0:00:00,05-05-2026 0:00:00,05-05-2026 0:00:00,05-05-2026 0:00:00,05-05-2026 0:00:00,MANIFIESTO,MANIFIESTO,True
4190139126,FES,Regiones,True,30-04-2026 0:27:02,30-04-2026 0:00:00,30-04-2026 0:00:00,30-04-2026 0:00:00,30-04-2026 0:00:00,06-05-2026 0:00:00,06-05-2026 0:00:00,06-05-2026 0:00:00,06-05-2026 0:00:00,MANIFIESTO,MANIFIESTO,True
4190139138,FES,Regiones,True,30-04-2026 0:00:00,02-05-2026 11:28:58,02-05-2026 11:28:58,02-05-2026 11:28:58,02-05-2026 11:28:58,06-05-2026 0:00:00,06-05-2026 0:00:00,06-05-2026 0:00:00,06-05-2026 0:00:00,MANIFIESTO,MANIFIESTO,True
4190139135,FES,Regiones,True,30-04-2026 0:00:00,30-04-2026 0:00:00,30-04-2026 0:00:00,30-04-2026 0:00:00,30-04-2026 0:00:00,06-05-2026 0:00:00,06-05-2026 0:00:00,06-05-2026 0:00:00,06-05-2026 0:00:00,MANIFIESTO,MANIFIESTO,True
4190139134,FES,Regiones,True,30-04-2026 0:00:00,30-04-2026 0:00:00,30-04-2026 0:00:00,30-04-2026 0:00:00,30-04-2026 0:00:00,06-05-2026 0:00:00,06-05-2026 0:00:00,06-05-2026 0:00:00,06-05-2026 0:00:00,MANIFIESTO,MANIFIESTO,True
4190139148,FES,Regiones,True,30-04-2026 0:00:00,04-05-2026 0:00:00,04-05-2026 0:00:00,04-05-2026 0:00:00,04-05-2026 0:00:00,06-05-2026 0:00:00,06-05-2026 0:00:00,06-05-2026 0:00:00,06-05-2026 0:00:00,MANIFIESTO,MANIFIESTO,True
4190139152,FES,Regiones,True,30-04-2026 0:00:00,02-05-2026 11:30:06,02-05-2026 11:30:06,02-05-2026 11:30:06,02-05-2026 11:30:06,07-05-2026 0:00:00,07-05-2026 0:00:00,07-05-2026 0:00:00,07-05-2026 0:00:00,MANIFIESTO,MANIFIESTO,True
