PEDIDO,FECHA_INICIO,FECHA_FIN,DIAS_MODELO,DIAS_RECALCULADOS,DIFERENCIA,SLA_INTERNO,CUMPLE_MODELO,CUMPLE_RECALCULADO,COINCIDE_RESULTADO,OBSERVACION
1168129,14-07-2026 13:59:10,14-07-2026 0:00:00,0,,,4,True,,False,CONVENCION_EXCLUYE_INICIAL
1168117,13-07-2026 13:00:58,14-07-2026 16:49:00,1,1,0,4,True,TRUE,True,CONVENCION_EXCLUYE_INICIAL;CONV_INCLUYE_INICIAL=2
1168108,13-07-2026 11:08:43,14-07-2026 14:36:00,1,1,0,4,True,TRUE,True,CONVENCION_EXCLUYE_INICIAL;CONV_INCLUYE_INICIAL=2
1168107,13-07-2026 11:00:35,14-07-2026 12:06:40,1,1,0,4,True,TRUE,True,CONVENCION_EXCLUYE_INICIAL;CONV_INCLUYE_INICIAL=2
1168103,13-07-2026 9:26:39,13-07-2026 16:48:00,0,0,0,4,True,TRUE,True,CONVENCION_EXCLUYE_INICIAL;CONV_INCLUYE_INICIAL=1
1168122,13-07-2026 0:00:00,14-07-2026 12:44:00,1,1,0,4,True,TRUE,True,CONVENCION_EXCLUYE_INICIAL;CONV_INCLUYE_INICIAL=2
1168112,13-07-2026 0:00:00,13-07-2026 16:51:00,0,0,0,4,True,TRUE,True,CONVENCION_EXCLUYE_INICIAL;CONV_INCLUYE_INICIAL=1
1168111,13-07-2026 0:00:00,14-07-2026 11:45:55,1,1,0,4,True,TRUE,True,CONVENCION_EXCLUYE_INICIAL;CONV_INCLUYE_INICIAL=2
1168097,10-07-2026 21:21:37,13-07-2026 0:00:00,1,1,0,4,True,TRUE,True,CONVENCION_EXCLUYE_INICIAL;CONV_INCLUYE_INICIAL=2
1168096,10-07-2026 13:36:23,13-07-2026 14:27:00,1,1,0,4,True,TRUE,True,CONVENCION_EXCLUYE_INICIAL;CONV_INCLUYE_INICIAL=2
1168092,10-07-2026 11:43:41,13-07-2026 14:23:00,1,1,0,4,True,TRUE,True,CONVENCION_EXCLUYE_INICIAL;CONV_INCLUYE_INICIAL=2
1168087,09-07-2026 16:53:02,10-07-2026 13:17:00,1,1,0,4,True,TRUE,True,CONVENCION_EXCLUYE_INICIAL;CONV_INCLUYE_INICIAL=2
1168085,09-07-2026 15:58:05,14-07-2026 16:50:00,3,3,0,4,True,TRUE,True,CONVENCION_EXCLUYE_INICIAL;CONV_INCLUYE_INICIAL=4
1168080,09-07-2026 11:34:02,09-07-2026 16:10:00,0,0,0,4,True,TRUE,True,CONVENCION_EXCLUYE_INICIAL;CONV_INCLUYE_INICIAL=1
4190139991,08-07-2026 16:53:59,13-07-2026 14:30:00,3,3,0,4,True,TRUE,True,CONVENCION_EXCLUYE_INICIAL;CONV_INCLUYE_INICIAL=4
1168065,07-07-2026 19:54:09,09-07-2026 12:25:00,2,2,0,4,True,TRUE,True,CONVENCION_EXCLUYE_INICIAL;CONV_INCLUYE_INICIAL=3
1168059,07-07-2026 16:37:03,09-07-2026 11:55:00,2,2,0,4,True,TRUE,True,CONVENCION_EXCLUYE_INICIAL;CONV_INCLUYE_INICIAL=3
1168055,07-07-2026 15:14:48,09-07-2026 12:14:00,2,2,0,4,True,TRUE,True,CONVENCION_EXCLUYE_INICIAL;CONV_INCLUYE_INICIAL=3
1168054,07-07-2026 15:04:43,09-07-2026 12:10:00,2,2,0,4,True,TRUE,True,CONVENCION_EXCLUYE_INICIAL;CONV_INCLUYE_INICIAL=3
1168052,07-07-2026 14:59:02,10-07-2026 9:11:00,3,3,0,4,True,TRUE,True,CONVENCION_EXCLUYE_INICIAL;CONV_INCLUYE_INICIAL=4
1168051,07-07-2026 14:54:49,10-07-2026 9:12:00,3,3,0,4,True,TRUE,True,CONVENCION_EXCLUYE_INICIAL;CONV_INCLUYE_INICIAL=4
1168050,07-07-2026 13:50:46,09-07-2026 12:01:00,2,2,0,4,True,TRUE,True,CONVENCION_EXCLUYE_INICIAL;CONV_INCLUYE_INICIAL=3
1168041,06-07-2026 15:26:57,09-07-2026 14:50:00,3,3,0,4,True,TRUE,True,CONVENCION_EXCLUYE_INICIAL;CONV_INCLUYE_INICIAL=4
1168040,06-07-2026 15:26:27,07-07-2026 11:48:00,1,1,0,4,True,TRUE,True,CONVENCION_EXCLUYE_INICIAL;CONV_INCLUYE_INICIAL=2
1168038,06-07-2026 0:00:00,08-07-2026 14:47:00,2,2,0,4,True,TRUE,True,CONVENCION_EXCLUYE_INICIAL;CONV_INCLUYE_INICIAL=3
4190139953,03-07-2026 10:52:15,06-07-2026 14:59:00,1,1,0,4,True,TRUE,True,CONVENCION_EXCLUYE_INICIAL;CONV_INCLUYE_INICIAL=2
1168022,03-07-2026 0:00:00,07-07-2026 11:47:19,2,2,0,4,True,TRUE,True,CONVENCION_EXCLUYE_INICIAL;CONV_INCLUYE_INICIAL=3
1168016,02-07-2026 17:46:24,06-07-2026 11:22:00,2,2,0,4,True,TRUE,True,CONVENCION_EXCLUYE_INICIAL;CONV_INCLUYE_INICIAL=3
1168006,02-07-2026 10:48:50,06-07-2026 13:31:19,2,2,0,4,True,TRUE,True,CONVENCION_EXCLUYE_INICIAL;CONV_INCLUYE_INICIAL=3
1167362,25-06-2026 14:20:46,25-06-2026 16:30:00,0,0,0,4,True,TRUE,True,CONVENCION_EXCLUYE_INICIAL;CONV_INCLUYE_INICIAL=1
1167361,25-06-2026 13:49:40,25-06-2026 16:13:00,0,0,0,4,True,TRUE,True,CONVENCION_EXCLUYE_INICIAL;CONV_INCLUYE_INICIAL=1
1167357,25-06-2026 11:54:26,26-06-2026 12:18:00,1,1,0,4,True,TRUE,True,CONVENCION_EXCLUYE_INICIAL;CONV_INCLUYE_INICIAL=2
1167356,25-06-2026 11:42:47,26-06-2026 12:18:00,1,1,0,4,True,TRUE,True,CONVENCION_EXCLUYE_INICIAL;CONV_INCLUYE_INICIAL=2
1167350,25-06-2026 9:11:32,30-06-2026 14:07:00,2,2,0,4,True,TRUE,True,CONVENCION_EXCLUYE_INICIAL;CONV_INCLUYE_INICIAL=3
1167345,24-06-2026 16:01:38,30-06-2026 14:07:00,3,3,0,4,True,TRUE,True,CONVENCION_EXCLUYE_INICIAL;CONV_INCLUYE_INICIAL=4
1167342,24-06-2026 13:39:27,26-06-2026 12:18:00,2,2,0,4,True,TRUE,True,CONVENCION_EXCLUYE_INICIAL;CONV_INCLUYE_INICIAL=3
1167336,24-06-2026 11:44:44,30-06-2026 12:40:00,3,3,0,4,True,TRUE,True,CONVENCION_EXCLUYE_INICIAL;CONV_INCLUYE_INICIAL=4
1167307,23-06-2026 13:21:22,30-06-2026 11:42:00,4,4,0,4,True,TRUE,True,CONVENCION_EXCLUYE_INICIAL;CONV_INCLUYE_INICIAL=5
1167302,23-06-2026 10:23:54,24-06-2026 15:13:00,1,1,0,4,True,TRUE,True,CONVENCION_EXCLUYE_INICIAL;CONV_INCLUYE_INICIAL=2
4190139829,22-06-2026 23:31:11,24-06-2026 14:26:00,2,2,0,4,True,TRUE,True,CONVENCION_EXCLUYE_INICIAL;CONV_INCLUYE_INICIAL=3
1167298,22-06-2026 20:42:16,25-06-2026 14:45:00,3,3,0,4,True,TRUE,True,CONVENCION_EXCLUYE_INICIAL;CONV_INCLUYE_INICIAL=4
1167296,22-06-2026 17:49:02,24-06-2026 14:23:00,2,2,0,4,True,TRUE,True,CONVENCION_EXCLUYE_INICIAL;CONV_INCLUYE_INICIAL=3
1167292,22-06-2026 17:08:00,24-06-2026 14:24:00,2,2,0,4,True,TRUE,True,CONVENCION_EXCLUYE_INICIAL;CONV_INCLUYE_INICIAL=3
1167284,22-06-2026 16:06:48,24-06-2026 16:41:32,2,2,0,4,True,TRUE,True,CONVENCION_EXCLUYE_INICIAL;CONV_INCLUYE_INICIAL=3
1167282,22-06-2026 14:38:08,24-06-2026 11:15:00,2,2,0,4,True,TRUE,True,CONVENCION_EXCLUYE_INICIAL;CONV_INCLUYE_INICIAL=3
4190139789,22-06-2026 14:36:04,24-06-2026 11:11:00,2,2,0,4,True,TRUE,True,CONVENCION_EXCLUYE_INICIAL;CONV_INCLUYE_INICIAL=3
1167281,22-06-2026 14:12:53,23-06-2026 12:55:00,1,1,0,4,True,TRUE,True,CONVENCION_EXCLUYE_INICIAL;CONV_INCLUYE_INICIAL=2
4190139785,22-06-2026 13:52:21,24-06-2026 12:35:00,2,2,0,4,True,TRUE,True,CONVENCION_EXCLUYE_INICIAL;CONV_INCLUYE_INICIAL=3
1167278,22-06-2026 12:58:34,24-06-2026 12:49:00,2,2,0,4,True,TRUE,True,CONVENCION_EXCLUYE_INICIAL;CONV_INCLUYE_INICIAL=3
1167277,22-06-2026 12:44:28,24-06-2026 12:51:00,2,2,0,4,True,TRUE,True,CONVENCION_EXCLUYE_INICIAL;CONV_INCLUYE_INICIAL=3
1167268,22-06-2026 10:16:43,24-06-2026 13:05:00,2,2,0,4,True,TRUE,True,CONVENCION_EXCLUYE_INICIAL;CONV_INCLUYE_INICIAL=3
1167279,22-06-2026 0:00:00,23-06-2026 10:49:00,1,1,0,4,True,TRUE,True,CONVENCION_EXCLUYE_INICIAL;CONV_INCLUYE_INICIAL=2
1167263,19-06-2026 12:31:13,25-06-2026 14:32:00,4,4,0,4,True,TRUE,True,CONVENCION_EXCLUYE_INICIAL;CONV_INCLUYE_INICIAL=5
4190139769,19-06-2026 9:58:58,22-06-2026 16:35:00,1,1,0,4,True,TRUE,True,CONVENCION_EXCLUYE_INICIAL;CONV_INCLUYE_INICIAL=2
1167255,18-06-2026 18:00:12,22-06-2026 16:36:00,2,2,0,4,True,TRUE,True,CONVENCION_EXCLUYE_INICIAL;CONV_INCLUYE_INICIAL=3
1167254,18-06-2026 17:56:14,22-06-2026 16:36:00,2,2,0,4,True,TRUE,True,CONVENCION_EXCLUYE_INICIAL;CONV_INCLUYE_INICIAL=3
1167251,18-06-2026 17:38:21,23-06-2026 11:27:00,3,3,0,4,True,TRUE,True,CONVENCION_EXCLUYE_INICIAL;CONV_INCLUYE_INICIAL=4
4190139752,18-06-2026 14:52:47,22-06-2026 16:36:00,2,2,0,4,True,TRUE,True,CONVENCION_EXCLUYE_INICIAL;CONV_INCLUYE_INICIAL=3
1167257,18-06-2026 0:00:00,22-06-2026 16:37:00,2,2,0,4,True,TRUE,True,CONVENCION_EXCLUYE_INICIAL;CONV_INCLUYE_INICIAL=3
1167239,17-06-2026 21:40:05,22-06-2026 10:24:00,3,3,0,4,True,TRUE,True,CONVENCION_EXCLUYE_INICIAL;CONV_INCLUYE_INICIAL=4
1167238,17-06-2026 21:39:09,22-06-2026 10:24:00,3,3,0,4,True,TRUE,True,CONVENCION_EXCLUYE_INICIAL;CONV_INCLUYE_INICIAL=4
1167233,17-06-2026 14:28:52,18-06-2026 15:56:00,1,1,0,4,True,TRUE,True,CONVENCION_EXCLUYE_INICIAL;CONV_INCLUYE_INICIAL=2
1167231,17-06-2026 14:16:45,18-06-2026 16:02:00,1,1,0,4,True,TRUE,True,CONVENCION_EXCLUYE_INICIAL;CONV_INCLUYE_INICIAL=2
1167228,17-06-2026 13:15:28,18-06-2026 11:43:00,1,1,0,4,True,TRUE,True,CONVENCION_EXCLUYE_INICIAL;CONV_INCLUYE_INICIAL=2
1167216,17-06-2026 8:35:07,17-06-2026 12:37:00,0,0,0,4,True,TRUE,True,CONVENCION_EXCLUYE_INICIAL;CONV_INCLUYE_INICIAL=1
1167217,17-06-2026 8:29:56,17-06-2026 16:29:00,0,0,0,4,True,TRUE,True,CONVENCION_EXCLUYE_INICIAL;CONV_INCLUYE_INICIAL=1
1167212,16-06-2026 16:25:45,17-06-2026 12:37:00,1,1,0,4,True,TRUE,True,CONVENCION_EXCLUYE_INICIAL;CONV_INCLUYE_INICIAL=2
1167210,16-06-2026 16:02:55,17-06-2026 15:53:00,1,1,0,4,True,TRUE,True,CONVENCION_EXCLUYE_INICIAL;CONV_INCLUYE_INICIAL=2
1167209,16-06-2026 15:51:09,17-06-2026 12:46:00,1,1,0,4,True,TRUE,True,CONVENCION_EXCLUYE_INICIAL;CONV_INCLUYE_INICIAL=2
1167211,16-06-2026 15:34:17,17-06-2026 12:46:00,1,1,0,4,True,TRUE,True,CONVENCION_EXCLUYE_INICIAL;CONV_INCLUYE_INICIAL=2
1167208,16-06-2026 14:58:34,17-06-2026 12:46:00,1,1,0,4,True,TRUE,True,CONVENCION_EXCLUYE_INICIAL;CONV_INCLUYE_INICIAL=2
1167207,16-06-2026 14:46:35,17-06-2026 15:54:00,1,1,0,4,True,TRUE,True,CONVENCION_EXCLUYE_INICIAL;CONV_INCLUYE_INICIAL=2
1167202,16-06-2026 11:58:55,22-06-2026 8:49:44,4,4,0,4,True,TRUE,True,CONVENCION_EXCLUYE_INICIAL;CONV_INCLUYE_INICIAL=5
1167195,15-06-2026 20:30:37,16-06-2026 15:48:00,1,1,0,4,True,TRUE,True,CONVENCION_EXCLUYE_INICIAL;CONV_INCLUYE_INICIAL=2
1167194,15-06-2026 20:18:25,17-06-2026 15:56:00,2,2,0,4,True,TRUE,True,CONVENCION_EXCLUYE_INICIAL;CONV_INCLUYE_INICIAL=3
1167192,15-06-2026 17:13:46,18-06-2026 10:02:00,3,3,0,4,True,TRUE,True,CONVENCION_EXCLUYE_INICIAL;CONV_INCLUYE_INICIAL=4
1167190,15-06-2026 15:25:15,17-06-2026 10:07:00,2,2,0,4,True,TRUE,True,CONVENCION_EXCLUYE_INICIAL;CONV_INCLUYE_INICIAL=3
1167189,15-06-2026 14:57:28,16-06-2026 14:26:00,1,1,0,4,True,TRUE,True,CONVENCION_EXCLUYE_INICIAL;CONV_INCLUYE_INICIAL=2
1167187,15-06-2026 14:39:35,16-06-2026 15:55:00,1,1,0,4,True,TRUE,True,CONVENCION_EXCLUYE_INICIAL;CONV_INCLUYE_INICIAL=2
1167178,15-06-2026 11:01:59,15-06-2026 16:27:00,0,0,0,4,True,TRUE,True,CONVENCION_EXCLUYE_INICIAL;CONV_INCLUYE_INICIAL=1
1167175,15-06-2026 10:39:10,15-06-2026 16:27:00,0,0,0,4,True,TRUE,True,CONVENCION_EXCLUYE_INICIAL;CONV_INCLUYE_INICIAL=1
1167174,15-06-2026 10:16:23,16-06-2026 14:31:00,1,1,0,4,True,TRUE,True,CONVENCION_EXCLUYE_INICIAL;CONV_INCLUYE_INICIAL=2
1167173,15-06-2026 9:48:51,15-06-2026 13:08:00,0,0,0,4,True,TRUE,True,CONVENCION_EXCLUYE_INICIAL;CONV_INCLUYE_INICIAL=1
1167172,15-06-2026 9:39:50,16-06-2026 15:02:00,1,1,0,4,True,TRUE,True,CONVENCION_EXCLUYE_INICIAL;CONV_INCLUYE_INICIAL=2
1167167,15-06-2026 9:00:16,15-06-2026 13:18:00,0,0,0,4,True,TRUE,True,CONVENCION_EXCLUYE_INICIAL;CONV_INCLUYE_INICIAL=1
1167163,15-06-2026 8:29:00,16-06-2026 15:50:00,1,1,0,4,True,TRUE,True,CONVENCION_EXCLUYE_INICIAL;CONV_INCLUYE_INICIAL=2
1167157,12-06-2026 11:58:56,15-06-2026 16:27:00,1,1,0,4,True,TRUE,True,CONVENCION_EXCLUYE_INICIAL;CONV_INCLUYE_INICIAL=2
1167152,12-06-2026 10:01:42,12-06-2026 11:00:00,0,0,0,4,True,TRUE,True,CONVENCION_EXCLUYE_INICIAL;CONV_INCLUYE_INICIAL=1
1167153,12-06-2026 9:41:32,15-06-2026 12:53:00,1,1,0,4,True,TRUE,True,CONVENCION_EXCLUYE_INICIAL;CONV_INCLUYE_INICIAL=2
1167149,11-06-2026 19:46:44,15-06-2026 14:15:00,2,2,0,4,True,TRUE,True,CONVENCION_EXCLUYE_INICIAL;CONV_INCLUYE_INICIAL=3
1167146,11-06-2026 16:42:01,12-06-2026 13:03:00,1,1,0,4,True,TRUE,True,CONVENCION_EXCLUYE_INICIAL;CONV_INCLUYE_INICIAL=2
1167145,11-06-2026 15:46:09,12-06-2026 13:03:00,1,1,0,4,True,TRUE,True,CONVENCION_EXCLUYE_INICIAL;CONV_INCLUYE_INICIAL=2
1167143,11-06-2026 15:21:46,15-06-2026 12:06:00,2,2,0,4,True,TRUE,True,CONVENCION_EXCLUYE_INICIAL;CONV_INCLUYE_INICIAL=3
1167139,11-06-2026 14:20:19,12-06-2026 11:52:00,1,1,0,4,True,TRUE,True,CONVENCION_EXCLUYE_INICIAL;CONV_INCLUYE_INICIAL=2
1167122,10-06-2026 10:01:36,15-06-2026 11:59:00,3,3,0,4,True,TRUE,True,CONVENCION_EXCLUYE_INICIAL;CONV_INCLUYE_INICIAL=4
1167118,10-06-2026 8:57:17,10-06-2026 15:05:00,0,0,0,4,True,TRUE,True,CONVENCION_EXCLUYE_INICIAL;CONV_INCLUYE_INICIAL=1
1167114,09-06-2026 22:25:53,10-06-2026 13:23:00,1,1,0,4,True,TRUE,True,CONVENCION_EXCLUYE_INICIAL;CONV_INCLUYE_INICIAL=2
4190139632,09-06-2026 21:19:08,15-06-2026 12:13:00,4,4,0,4,True,TRUE,True,CONVENCION_EXCLUYE_INICIAL;CONV_INCLUYE_INICIAL=5
4190139629,09-06-2026 16:34:59,10-06-2026 13:04:00,1,1,0,4,True,TRUE,True,CONVENCION_EXCLUYE_INICIAL;CONV_INCLUYE_INICIAL=2
4190139627,09-06-2026 15:20:10,11-06-2026 13:04:00,2,2,0,4,True,TRUE,True,CONVENCION_EXCLUYE_INICIAL;CONV_INCLUYE_INICIAL=3
1167109,09-06-2026 14:41:28,10-06-2026 13:02:00,1,1,0,4,True,TRUE,True,CONVENCION_EXCLUYE_INICIAL;CONV_INCLUYE_INICIAL=2
4190139624,09-06-2026 14:31:37,10-06-2026 13:45:00,1,1,0,4,True,TRUE,True,CONVENCION_EXCLUYE_INICIAL;CONV_INCLUYE_INICIAL=2
1167105,09-06-2026 13:20:57,10-06-2026 12:25:00,1,1,0,4,True,TRUE,True,CONVENCION_EXCLUYE_INICIAL;CONV_INCLUYE_INICIAL=2
1167113,09-06-2026 0:00:00,10-06-2026 12:58:00,1,1,0,4,True,TRUE,True,CONVENCION_EXCLUYE_INICIAL;CONV_INCLUYE_INICIAL=2
4190139614,08-06-2026 22:11:39,10-06-2026 13:41:00,2,2,0,4,True,TRUE,True,CONVENCION_EXCLUYE_INICIAL;CONV_INCLUYE_INICIAL=3
1167097,08-06-2026 17:38:14,09-06-2026 13:05:00,1,1,0,4,True,TRUE,True,CONVENCION_EXCLUYE_INICIAL;CONV_INCLUYE_INICIAL=2
1167098,08-06-2026 0:00:00,09-06-2026 13:01:00,1,1,0,4,True,TRUE,True,CONVENCION_EXCLUYE_INICIAL;CONV_INCLUYE_INICIAL=2
1167091,08-06-2026 0:00:00,08-06-2026 17:52:26,0,0,0,4,True,TRUE,True,CONVENCION_EXCLUYE_INICIAL;CONV_INCLUYE_INICIAL=1
1167100,08-06-2026 0:00:00,09-06-2026 13:17:00,1,1,0,4,True,TRUE,True,CONVENCION_EXCLUYE_INICIAL;CONV_INCLUYE_INICIAL=2
1167076,05-06-2026 13:55:36,08-06-2026 15:04:00,1,1,0,4,True,TRUE,True,CONVENCION_EXCLUYE_INICIAL;CONV_INCLUYE_INICIAL=2
1167075,05-06-2026 0:00:00,10-06-2026 13:07:00,3,3,0,4,True,TRUE,True,CONVENCION_EXCLUYE_INICIAL;CONV_INCLUYE_INICIAL=4
1167072,04-06-2026 22:18:03,05-06-2026 12:58:00,1,1,0,4,True,TRUE,True,CONVENCION_EXCLUYE_INICIAL;CONV_INCLUYE_INICIAL=2
1167070,04-06-2026 21:41:51,08-06-2026 16:15:00,2,2,0,4,True,TRUE,True,CONVENCION_EXCLUYE_INICIAL;CONV_INCLUYE_INICIAL=3
1167065,04-06-2026 15:16:16,05-06-2026 12:27:00,1,1,0,4,True,TRUE,True,CONVENCION_EXCLUYE_INICIAL;CONV_INCLUYE_INICIAL=2
1167060,04-06-2026 13:17:35,05-06-2026 12:10:00,1,1,0,4,True,TRUE,True,CONVENCION_EXCLUYE_INICIAL;CONV_INCLUYE_INICIAL=2
1167057,04-06-2026 12:34:32,04-06-2026 15:24:00,0,0,0,4,True,TRUE,True,CONVENCION_EXCLUYE_INICIAL;CONV_INCLUYE_INICIAL=1
1167053,03-06-2026 20:22:01,08-06-2026 21:30:26,3,3,0,4,True,TRUE,True,CONVENCION_EXCLUYE_INICIAL;CONV_INCLUYE_INICIAL=4
1167050,03-06-2026 16:34:01,05-06-2026 11:58:00,2,2,0,4,True,TRUE,True,CONVENCION_EXCLUYE_INICIAL;CONV_INCLUYE_INICIAL=3
1167045,03-06-2026 12:41:00,04-06-2026 15:26:00,1,1,0,4,True,TRUE,True,CONVENCION_EXCLUYE_INICIAL;CONV_INCLUYE_INICIAL=2
1167038,02-06-2026 17:58:07,04-06-2026 9:02:36,2,2,0,4,True,TRUE,True,CONVENCION_EXCLUYE_INICIAL;CONV_INCLUYE_INICIAL=3
1167037,02-06-2026 16:55:48,05-06-2026 10:03:00,3,3,0,4,True,TRUE,True,CONVENCION_EXCLUYE_INICIAL;CONV_INCLUYE_INICIAL=4
1167036,02-06-2026 16:09:44,05-06-2026 10:12:00,3,3,0,4,True,TRUE,True,CONVENCION_EXCLUYE_INICIAL;CONV_INCLUYE_INICIAL=4
1167032,02-06-2026 14:51:37,05-06-2026 11:21:00,3,3,0,4,True,TRUE,True,CONVENCION_EXCLUYE_INICIAL;CONV_INCLUYE_INICIAL=4
4190139560,02-06-2026 13:41:07,05-06-2026 12:19:00,3,3,0,4,True,TRUE,True,CONVENCION_EXCLUYE_INICIAL;CONV_INCLUYE_INICIAL=4
1167026,02-06-2026 12:24:55,04-06-2026 14:27:00,2,2,0,4,True,TRUE,True,CONVENCION_EXCLUYE_INICIAL;CONV_INCLUYE_INICIAL=3
1167025,02-06-2026 10:53:04,05-06-2026 12:25:00,3,3,0,4,True,TRUE,True,CONVENCION_EXCLUYE_INICIAL;CONV_INCLUYE_INICIAL=4
1167023,02-06-2026 8:51:38,05-06-2026 10:14:00,3,3,0,4,True,TRUE,True,CONVENCION_EXCLUYE_INICIAL;CONV_INCLUYE_INICIAL=4
4190139489,28-05-2026 0:22:38,28-05-2026 13:03:00,0,0,0,4,True,TRUE,True,CONVENCION_EXCLUYE_INICIAL;CONV_INCLUYE_INICIAL=1
1166679,27-05-2026 17:16:45,28-05-2026 12:24:00,1,1,0,4,True,TRUE,True,CONVENCION_EXCLUYE_INICIAL;CONV_INCLUYE_INICIAL=2
1166676,27-05-2026 15:50:54,28-05-2026 11:02:43,1,1,0,4,True,TRUE,True,CONVENCION_EXCLUYE_INICIAL;CONV_INCLUYE_INICIAL=2
1166674,27-05-2026 14:34:43,28-05-2026 15:47:00,1,1,0,4,True,TRUE,True,CONVENCION_EXCLUYE_INICIAL;CONV_INCLUYE_INICIAL=2
4190139469,27-05-2026 11:57:07,28-05-2026 13:00:00,1,1,0,4,True,TRUE,True,CONVENCION_EXCLUYE_INICIAL;CONV_INCLUYE_INICIAL=2
1166661,26-05-2026 18:37:47,28-05-2026 13:03:00,2,2,0,4,True,TRUE,True,CONVENCION_EXCLUYE_INICIAL;CONV_INCLUYE_INICIAL=3
1166657,26-05-2026 14:27:42,27-05-2026 15:36:00,1,1,0,4,True,TRUE,True,CONVENCION_EXCLUYE_INICIAL;CONV_INCLUYE_INICIAL=2
1166648,26-05-2026 9:34:56,28-05-2026 12:24:00,2,2,0,4,True,TRUE,True,CONVENCION_EXCLUYE_INICIAL;CONV_INCLUYE_INICIAL=3
1166644,26-05-2026 8:59:23,27-05-2026 12:58:00,1,1,0,4,True,TRUE,True,CONVENCION_EXCLUYE_INICIAL;CONV_INCLUYE_INICIAL=2
1166643,26-05-2026 8:48:56,27-05-2026 11:25:00,1,1,0,4,True,TRUE,True,CONVENCION_EXCLUYE_INICIAL;CONV_INCLUYE_INICIAL=2
1166642,26-05-2026 8:45:03,27-05-2026 11:25:00,1,1,0,4,True,TRUE,True,CONVENCION_EXCLUYE_INICIAL;CONV_INCLUYE_INICIAL=2
1166646,26-05-2026 0:00:00,27-05-2026 10:57:00,1,1,0,4,True,TRUE,True,CONVENCION_EXCLUYE_INICIAL;CONV_INCLUYE_INICIAL=2
1166630,25-05-2026 10:30:59,27-05-2026 15:24:00,2,2,0,4,True,TRUE,True,CONVENCION_EXCLUYE_INICIAL;CONV_INCLUYE_INICIAL=3
4190139410,22-05-2026 14:37:52,28-05-2026 12:58:00,4,4,0,4,True,TRUE,True,CONVENCION_EXCLUYE_INICIAL;CONV_INCLUYE_INICIAL=5
1166619,22-05-2026 11:34:58,25-05-2026 14:55:00,1,1,0,4,True,TRUE,True,CONVENCION_EXCLUYE_INICIAL;CONV_INCLUYE_INICIAL=2
1166616,22-05-2026 10:10:43,25-05-2026 14:55:00,1,1,0,4,True,TRUE,True,CONVENCION_EXCLUYE_INICIAL;CONV_INCLUYE_INICIAL=2
4190139405,21-05-2026 19:36:46,25-05-2026 12:56:00,2,2,0,4,True,TRUE,True,CONVENCION_EXCLUYE_INICIAL
1166604,20-05-2026 11:21:33,20-05-2026 16:42:00,0,0,0,4,True,TRUE,True,CONVENCION_EXCLUYE_INICIAL;CONV_INCLUYE_INICIAL=1
1166601,20-05-2026 10:35:19,20-05-2026 16:42:00,0,0,0,4,True,TRUE,True,CONVENCION_EXCLUYE_INICIAL;CONV_INCLUYE_INICIAL=1
1166606,20-05-2026 10:18:12,22-05-2026 10:01:00,1,1,0,4,True,TRUE,True,CONVENCION_EXCLUYE_INICIAL;CONV_INCLUYE_INICIAL=2
4190139399,20-05-2026 0:00:00,27-05-2026 15:17:00,4,4,0,4,True,TRUE,True,CONVENCION_EXCLUYE_INICIAL;CONV_INCLUYE_INICIAL=5
1166590,19-05-2026 13:44:19,20-05-2026 11:47:00,1,1,0,4,True,TRUE,True,CONVENCION_EXCLUYE_INICIAL;CONV_INCLUYE_INICIAL=2
1166588,19-05-2026 9:45:26,22-05-2026 11:22:49,2,2,0,4,True,TRUE,True,CONVENCION_EXCLUYE_INICIAL;CONV_INCLUYE_INICIAL=3
1166586,19-05-2026 9:22:43,20-05-2026 14:26:00,1,1,0,4,True,TRUE,True,CONVENCION_EXCLUYE_INICIAL;CONV_INCLUYE_INICIAL=2
4190139358,18-05-2026 16:29:30,19-05-2026 14:43:50,1,1,0,4,True,TRUE,True,CONVENCION_EXCLUYE_INICIAL;CONV_INCLUYE_INICIAL=2
1166577,18-05-2026 16:05:50,20-05-2026 15:59:00,2,2,0,4,True,TRUE,True,CONVENCION_EXCLUYE_INICIAL;CONV_INCLUYE_INICIAL=3
1166572,18-05-2026 12:44:17,19-05-2026 14:13:00,1,1,0,4,True,TRUE,True,CONVENCION_EXCLUYE_INICIAL;CONV_INCLUYE_INICIAL=2
4190139355,17-05-2026 19:52:28,19-05-2026 16:17:00,2,2,0,4,True,TRUE,True,CONVENCION_EXCLUYE_INICIAL
1166546,15-05-2026 9:54:56,18-05-2026 16:27:00,1,1,0,4,True,TRUE,True,CONVENCION_EXCLUYE_INICIAL;CONV_INCLUYE_INICIAL=2
4190139341,14-05-2026 17:45:37,19-05-2026 16:22:00,3,3,0,4,True,TRUE,True,CONVENCION_EXCLUYE_INICIAL;CONV_INCLUYE_INICIAL=4
1166534,14-05-2026 16:21:59,18-05-2026 16:02:00,2,2,0,4,True,TRUE,True,CONVENCION_EXCLUYE_INICIAL;CONV_INCLUYE_INICIAL=3
1166525,14-05-2026 11:24:38,15-05-2026 12:06:00,1,1,0,4,True,TRUE,True,CONVENCION_EXCLUYE_INICIAL;CONV_INCLUYE_INICIAL=2
1166515,13-05-2026 19:13:04,14-05-2026 12:48:00,1,1,0,4,True,TRUE,True,CONVENCION_EXCLUYE_INICIAL;CONV_INCLUYE_INICIAL=2
1166507,13-05-2026 12:39:34,14-05-2026 16:11:00,1,1,0,4,True,TRUE,True,CONVENCION_EXCLUYE_INICIAL;CONV_INCLUYE_INICIAL=2
1166504,13-05-2026 11:28:34,15-05-2026 11:51:00,2,2,0,4,True,TRUE,True,CONVENCION_EXCLUYE_INICIAL;CONV_INCLUYE_INICIAL=3
1166502,13-05-2026 9:44:21,15-05-2026 11:45:00,2,2,0,4,True,TRUE,True,CONVENCION_EXCLUYE_INICIAL;CONV_INCLUYE_INICIAL=3
1166513,13-05-2026 0:00:00,15-05-2026 11:24:00,2,2,0,4,True,TRUE,True,CONVENCION_EXCLUYE_INICIAL;CONV_INCLUYE_INICIAL=3
1166503,13-05-2026 0:00:00,15-05-2026 11:25:00,2,2,0,4,True,TRUE,True,CONVENCION_EXCLUYE_INICIAL;CONV_INCLUYE_INICIAL=3
4190139310,12-05-2026 14:50:06,12-05-2026 17:14:00,0,0,0,4,True,TRUE,True,CONVENCION_EXCLUYE_INICIAL;CONV_INCLUYE_INICIAL=1
1166490,12-05-2026 10:01:55,14-05-2026 12:38:00,2,2,0,4,True,TRUE,True,CONVENCION_EXCLUYE_INICIAL;CONV_INCLUYE_INICIAL=3
4190139303,11-05-2026 18:40:13,14-05-2026 12:02:00,3,3,0,4,True,TRUE,True,CONVENCION_EXCLUYE_INICIAL;CONV_INCLUYE_INICIAL=4
4190139302,11-05-2026 18:28:59,14-05-2026 14:06:00,3,3,0,4,True,TRUE,True,CONVENCION_EXCLUYE_INICIAL;CONV_INCLUYE_INICIAL=4
1166488,11-05-2026 17:16:37,12-05-2026 12:11:00,1,1,0,4,True,TRUE,True,CONVENCION_EXCLUYE_INICIAL;CONV_INCLUYE_INICIAL=2
1166487,11-05-2026 16:56:54,12-05-2026 16:19:00,1,1,0,4,True,TRUE,True,CONVENCION_EXCLUYE_INICIAL;CONV_INCLUYE_INICIAL=2
4190139300,11-05-2026 16:01:33,14-05-2026 14:06:00,3,3,0,4,True,TRUE,True,CONVENCION_EXCLUYE_INICIAL;CONV_INCLUYE_INICIAL=4
1166486,11-05-2026 15:44:18,12-05-2026 12:11:00,1,1,0,4,True,TRUE,True,CONVENCION_EXCLUYE_INICIAL;CONV_INCLUYE_INICIAL=2
1166480,11-05-2026 11:38:14,14-05-2026 14:08:00,3,3,0,4,True,TRUE,True,CONVENCION_EXCLUYE_INICIAL;CONV_INCLUYE_INICIAL=4
1166481,11-05-2026 11:30:33,14-05-2026 14:08:00,3,3,0,4,True,TRUE,True,CONVENCION_EXCLUYE_INICIAL;CONV_INCLUYE_INICIAL=4
4190139288,11-05-2026 9:48:02,13-05-2026 14:13:00,2,2,0,4,True,TRUE,True,CONVENCION_EXCLUYE_INICIAL;CONV_INCLUYE_INICIAL=3
1166476,11-05-2026 8:49:21,12-05-2026 16:19:00,1,1,0,4,True,TRUE,True,CONVENCION_EXCLUYE_INICIAL;CONV_INCLUYE_INICIAL=2
1166469,08-05-2026 23:48:43,14-05-2026 13:12:00,4,4,0,4,True,TRUE,True,CONVENCION_EXCLUYE_INICIAL;CONV_INCLUYE_INICIAL=5
1166457,08-05-2026 18:35:23,14-05-2026 15:32:00,4,4,0,4,True,TRUE,True,CONVENCION_EXCLUYE_INICIAL;CONV_INCLUYE_INICIAL=5
1166451,08-05-2026 12:53:49,11-05-2026 15:17:00,1,1,0,4,True,TRUE,True,CONVENCION_EXCLUYE_INICIAL;CONV_INCLUYE_INICIAL=2
1166450,08-05-2026 12:50:46,14-05-2026 14:06:00,4,4,0,4,True,TRUE,True,CONVENCION_EXCLUYE_INICIAL;CONV_INCLUYE_INICIAL=5
1166447,08-05-2026 12:26:37,11-05-2026 15:54:00,1,1,0,4,True,TRUE,True,CONVENCION_EXCLUYE_INICIAL;CONV_INCLUYE_INICIAL=2
1166446,08-05-2026 12:19:21,12-05-2026 14:51:00,2,2,0,4,True,TRUE,True,CONVENCION_EXCLUYE_INICIAL;CONV_INCLUYE_INICIAL=3
1166443,08-05-2026 11:57:58,14-05-2026 14:06:00,4,4,0,4,True,TRUE,True,CONVENCION_EXCLUYE_INICIAL;CONV_INCLUYE_INICIAL=5
1166441,08-05-2026 11:24:42,12-05-2026 10:58:00,2,2,0,4,True,TRUE,True,CONVENCION_EXCLUYE_INICIAL;CONV_INCLUYE_INICIAL=3
4190139258,08-05-2026 10:03:52,11-05-2026 16:23:00,1,1,0,4,True,TRUE,True,CONVENCION_EXCLUYE_INICIAL;CONV_INCLUYE_INICIAL=2
1166466,08-05-2026 0:00:00,13-05-2026 14:19:00,3,3,0,4,True,TRUE,True,CONVENCION_EXCLUYE_INICIAL;CONV_INCLUYE_INICIAL=4
1166436,07-05-2026 18:23:28,12-05-2026 11:25:00,3,3,0,4,True,TRUE,True,CONVENCION_EXCLUYE_INICIAL;CONV_INCLUYE_INICIAL=4
4190139223,06-05-2026 17:47:22,11-05-2026 13:00:00,3,3,0,4,True,TRUE,True,CONVENCION_EXCLUYE_INICIAL;CONV_INCLUYE_INICIAL=4
1166408,06-05-2026 9:34:19,11-05-2026 15:14:00,3,3,0,4,True,TRUE,True,CONVENCION_EXCLUYE_INICIAL;CONV_INCLUYE_INICIAL=4
4190139205,06-05-2026 9:24:50,08-05-2026 12:46:00,2,2,0,4,True,TRUE,True,CONVENCION_EXCLUYE_INICIAL;CONV_INCLUYE_INICIAL=3
1166407,06-05-2026 8:56:09,12-05-2026 13:02:00,4,4,0,4,True,TRUE,True,CONVENCION_EXCLUYE_INICIAL;CONV_INCLUYE_INICIAL=5
1166406,06-05-2026 8:23:20,06-05-2026 15:09:00,0,0,0,4,True,TRUE,True,CONVENCION_EXCLUYE_INICIAL;CONV_INCLUYE_INICIAL=1
4190139202,06-05-2026 7:50:46,06-05-2026 14:14:00,0,0,0,4,True,TRUE,True,CONVENCION_EXCLUYE_INICIAL;CONV_INCLUYE_INICIAL=1
4190139201,06-05-2026 0:15:18,08-05-2026 12:46:00,2,2,0,4,True,TRUE,True,CONVENCION_EXCLUYE_INICIAL;CONV_INCLUYE_INICIAL=3
1166388,05-05-2026 8:19:03,06-05-2026 15:09:00,1,1,0,4,True,TRUE,True,CONVENCION_EXCLUYE_INICIAL;CONV_INCLUYE_INICIAL=2
1166351,04-05-2026 11:23:30,07-05-2026 9:47:00,3,3,0,4,True,TRUE,True,CONVENCION_EXCLUYE_INICIAL;CONV_INCLUYE_INICIAL=4
1168114,13-07-2026 12:38:37,14-07-2026 16:47:00,1,1,0,4,True,TRUE,True,CONVENCION_EXCLUYE_INICIAL;CONV_INCLUYE_INICIAL=2
1168100,10-07-2026 21:42:46,14-07-2026 12:44:00,2,2,0,4,True,TRUE,True,CONVENCION_EXCLUYE_INICIAL;CONV_INCLUYE_INICIAL=3
1168098,10-07-2026 21:35:01,14-07-2026 12:44:00,2,2,0,4,True,TRUE,True,CONVENCION_EXCLUYE_INICIAL;CONV_INCLUYE_INICIAL=3
1168094,10-07-2026 12:44:39,13-07-2026 15:05:00,1,1,0,4,True,TRUE,True,CONVENCION_EXCLUYE_INICIAL;CONV_INCLUYE_INICIAL=2
1168093,10-07-2026 12:42:56,13-07-2026 15:05:00,1,1,0,4,True,TRUE,True,CONVENCION_EXCLUYE_INICIAL;CONV_INCLUYE_INICIAL=2
1168083,09-07-2026 13:15:37,13-07-2026 13:20:00,2,2,0,4,True,TRUE,True,CONVENCION_EXCLUYE_INICIAL;CONV_INCLUYE_INICIAL=3
1168082,09-07-2026 12:48:42,13-07-2026 14:25:00,2,2,0,4,True,TRUE,True,CONVENCION_EXCLUYE_INICIAL;CONV_INCLUYE_INICIAL=3
1168079,09-07-2026 10:45:47,13-07-2026 13:29:00,2,2,0,4,True,TRUE,True,CONVENCION_EXCLUYE_INICIAL;CONV_INCLUYE_INICIAL=3
1168077,09-07-2026 9:26:04,13-07-2026 9:10:00,2,2,0,4,True,TRUE,True,CONVENCION_EXCLUYE_INICIAL;CONV_INCLUYE_INICIAL=3
1168075,08-07-2026 21:28:24,13-07-2026 13:30:00,3,3,0,4,True,TRUE,True,CONVENCION_EXCLUYE_INICIAL;CONV_INCLUYE_INICIAL=4
1168074,08-07-2026 21:22:41,13-07-2026 14:21:00,3,3,0,4,True,TRUE,True,CONVENCION_EXCLUYE_INICIAL;CONV_INCLUYE_INICIAL=4
1168073,08-07-2026 16:08:52,13-07-2026 13:29:00,3,3,0,4,True,TRUE,True,CONVENCION_EXCLUYE_INICIAL;CONV_INCLUYE_INICIAL=4
1168069,08-07-2026 10:03:53,10-07-2026 7:19:00,2,2,0,4,True,TRUE,True,CONVENCION_EXCLUYE_INICIAL;CONV_INCLUYE_INICIAL=3
1168063,07-07-2026 19:27:12,13-07-2026 14:16:00,4,4,0,4,True,TRUE,True,CONVENCION_EXCLUYE_INICIAL;CONV_INCLUYE_INICIAL=5
1168062,07-07-2026 19:19:16,13-07-2026 14:19:00,4,4,0,4,True,TRUE,True,CONVENCION_EXCLUYE_INICIAL;CONV_INCLUYE_INICIAL=5
1168061,07-07-2026 18:34:02,09-07-2026 8:28:00,2,2,0,4,True,TRUE,True,CONVENCION_EXCLUYE_INICIAL;CONV_INCLUYE_INICIAL=3
1168058,07-07-2026 16:32:20,09-07-2026 11:55:00,2,2,0,4,True,TRUE,True,CONVENCION_EXCLUYE_INICIAL;CONV_INCLUYE_INICIAL=3
1168057,07-07-2026 16:26:10,13-07-2026 13:27:00,4,4,0,4,True,TRUE,True,CONVENCION_EXCLUYE_INICIAL;CONV_INCLUYE_INICIAL=5
1168056,07-07-2026 16:19:22,09-07-2026 8:27:00,2,2,0,4,True,TRUE,True,CONVENCION_EXCLUYE_INICIAL;CONV_INCLUYE_INICIAL=3
1168053,07-07-2026 15:02:54,13-07-2026 13:25:00,4,4,0,4,True,TRUE,True,CONVENCION_EXCLUYE_INICIAL;CONV_INCLUYE_INICIAL=5
1168048,07-07-2026 10:48:26,08-07-2026 9:49:00,1,1,0,4,True,TRUE,True,CONVENCION_EXCLUYE_INICIAL;CONV_INCLUYE_INICIAL=2
1168047,07-07-2026 0:00:00,09-07-2026 8:25:00,2,2,0,4,True,TRUE,True,CONVENCION_EXCLUYE_INICIAL;CONV_INCLUYE_INICIAL=3
1168036,06-07-2026 14:09:57,10-07-2026 7:57:00,4,4,0,4,True,TRUE,True,CONVENCION_EXCLUYE_INICIAL;CONV_INCLUYE_INICIAL=5
1168023,06-07-2026 8:47:46,08-07-2026 10:26:00,2,2,0,4,True,TRUE,True,CONVENCION_EXCLUYE_INICIAL;CONV_INCLUYE_INICIAL=3
1168012,02-07-2026 14:51:24,07-07-2026 14:35:00,3,3,0,4,True,TRUE,True,CONVENCION_EXCLUYE_INICIAL;CONV_INCLUYE_INICIAL=4
1167649,01-07-2026 13:33:08,07-07-2026 16:44:00,4,4,0,4,True,TRUE,True,CONVENCION_EXCLUYE_INICIAL;CONV_INCLUYE_INICIAL=5
1167634,01-07-2026 12:24:31,07-07-2026 16:44:00,4,4,0,4,True,TRUE,True,CONVENCION_EXCLUYE_INICIAL;CONV_INCLUYE_INICIAL=5
1167378,26-06-2026 11:20:20,30-06-2026 10:49:00,1,1,0,4,True,TRUE,True,CONVENCION_EXCLUYE_INICIAL;CONV_INCLUYE_INICIAL=2
1167371,25-06-2026 18:33:09,30-06-2026 9:48:00,2,2,0,4,True,TRUE,True,CONVENCION_EXCLUYE_INICIAL;CONV_INCLUYE_INICIAL=3
1167366,25-06-2026 16:39:54,30-06-2026 9:40:00,2,2,0,4,True,TRUE,True,CONVENCION_EXCLUYE_INICIAL;CONV_INCLUYE_INICIAL=3
1167352,25-06-2026 9:25:29,30-06-2026 11:45:00,2,2,0,4,True,TRUE,True,CONVENCION_EXCLUYE_INICIAL;CONV_INCLUYE_INICIAL=3
1167343,24-06-2026 13:46:55,26-06-2026 12:18:00,2,2,0,4,True,TRUE,True,CONVENCION_EXCLUYE_INICIAL;CONV_INCLUYE_INICIAL=3
1167312,23-06-2026 15:30:33,26-06-2026 9:22:00,3,3,0,4,True,TRUE,True,CONVENCION_EXCLUYE_INICIAL;CONV_INCLUYE_INICIAL=4
1167306,23-06-2026 12:00:25,26-06-2026 10:09:00,3,3,0,4,True,TRUE,True,CONVENCION_EXCLUYE_INICIAL;CONV_INCLUYE_INICIAL=4
1167301,23-06-2026 9:29:22,25-06-2026 11:53:00,2,2,0,4,True,TRUE,True,CONVENCION_EXCLUYE_INICIAL;CONV_INCLUYE_INICIAL=3
1167300,23-06-2026 0:00:00,25-06-2026 11:24:00,2,2,0,4,True,TRUE,True,CONVENCION_EXCLUYE_INICIAL;CONV_INCLUYE_INICIAL=3
4190139830,22-06-2026 23:37:22,24-06-2026 9:28:00,2,2,0,4,True,TRUE,True,CONVENCION_EXCLUYE_INICIAL;CONV_INCLUYE_INICIAL=3
4190139822,22-06-2026 22:55:24,25-06-2026 11:53:00,3,3,0,4,True,TRUE,True,CONVENCION_EXCLUYE_INICIAL;CONV_INCLUYE_INICIAL=4
4190139816,22-06-2026 21:56:11,25-06-2026 11:52:00,3,3,0,4,True,TRUE,True,CONVENCION_EXCLUYE_INICIAL;CONV_INCLUYE_INICIAL=4
1167297,22-06-2026 20:36:52,26-06-2026 9:23:00,4,4,0,4,True,TRUE,True,CONVENCION_EXCLUYE_INICIAL;CONV_INCLUYE_INICIAL=5
4190139807,22-06-2026 19:27:54,25-06-2026 11:53:00,3,3,0,4,True,TRUE,True,CONVENCION_EXCLUYE_INICIAL;CONV_INCLUYE_INICIAL=4
4190139806,22-06-2026 19:07:43,25-06-2026 11:53:00,3,3,0,4,True,TRUE,True,CONVENCION_EXCLUYE_INICIAL;CONV_INCLUYE_INICIAL=4
4190139797,22-06-2026 17:39:50,25-06-2026 11:10:00,3,3,0,4,True,TRUE,True,CONVENCION_EXCLUYE_INICIAL;CONV_INCLUYE_INICIAL=4
1167291,22-06-2026 16:59:55,25-06-2026 11:51:00,3,3,0,4,True,TRUE,True,CONVENCION_EXCLUYE_INICIAL;CONV_INCLUYE_INICIAL=4
1167290,22-06-2026 16:57:29,25-06-2026 11:27:00,3,3,0,4,True,TRUE,True,CONVENCION_EXCLUYE_INICIAL;CONV_INCLUYE_INICIAL=4
1167289,22-06-2026 16:45:53,25-06-2026 11:05:00,3,3,0,4,True,TRUE,True,CONVENCION_EXCLUYE_INICIAL;CONV_INCLUYE_INICIAL=4
1167286,22-06-2026 16:28:33,25-06-2026 11:50:00,3,3,0,4,True,TRUE,True,CONVENCION_EXCLUYE_INICIAL;CONV_INCLUYE_INICIAL=4
4190139791,22-06-2026 15:19:23,25-06-2026 11:25:00,3,3,0,4,True,TRUE,True,CONVENCION_EXCLUYE_INICIAL;CONV_INCLUYE_INICIAL=4
4190139783,22-06-2026 13:22:07,25-06-2026 11:03:00,3,3,0,4,True,TRUE,True,CONVENCION_EXCLUYE_INICIAL;CONV_INCLUYE_INICIAL=4
1167280,22-06-2026 13:20:41,24-06-2026 9:24:00,2,2,0,4,True,TRUE,True,CONVENCION_EXCLUYE_INICIAL;CONV_INCLUYE_INICIAL=3
1167269,22-06-2026 10:31:42,23-06-2026 9:58:00,1,1,0,4,True,TRUE,True,CONVENCION_EXCLUYE_INICIAL;CONV_INCLUYE_INICIAL=2
1167266,22-06-2026 8:54:11,24-06-2026 13:09:00,2,2,0,4,True,TRUE,True,CONVENCION_EXCLUYE_INICIAL;CONV_INCLUYE_INICIAL=3
4190139809,22-06-2026 0:00:00,25-06-2026 11:19:00,3,3,0,4,True,TRUE,True,CONVENCION_EXCLUYE_INICIAL;CONV_INCLUYE_INICIAL=4
1167262,19-06-2026 12:18:31,23-06-2026 9:58:00,2,2,0,4,True,TRUE,True,CONVENCION_EXCLUYE_INICIAL;CONV_INCLUYE_INICIAL=3
1167258,18-06-2026 18:40:57,23-06-2026 7:08:00,3,3,0,4,True,TRUE,True,CONVENCION_EXCLUYE_INICIAL;CONV_INCLUYE_INICIAL=4
1167253,18-06-2026 17:40:45,24-06-2026 9:30:00,4,4,0,4,True,TRUE,True,CONVENCION_EXCLUYE_INICIAL;CONV_INCLUYE_INICIAL=5
1167247,18-06-2026 13:57:25,22-06-2026 16:01:00,2,2,0,4,True,TRUE,True,CONVENCION_EXCLUYE_INICIAL;CONV_INCLUYE_INICIAL=3
4190139746,18-06-2026 12:56:33,19-06-2026 10:55:00,1,1,0,4,True,TRUE,True,CONVENCION_EXCLUYE_INICIAL;CONV_INCLUYE_INICIAL=2
1167241,18-06-2026 8:21:05,19-06-2026 10:46:00,1,1,0,4,True,TRUE,True,CONVENCION_EXCLUYE_INICIAL;CONV_INCLUYE_INICIAL=2
1167249,18-06-2026 0:00:00,23-06-2026 9:58:00,3,3,0,4,True,TRUE,True,CONVENCION_EXCLUYE_INICIAL;CONV_INCLUYE_INICIAL=4
1167248,18-06-2026 0:00:00,23-06-2026 9:58:00,3,3,0,4,True,TRUE,True,CONVENCION_EXCLUYE_INICIAL;CONV_INCLUYE_INICIAL=4
1167237,17-06-2026 21:18:22,19-06-2026 10:56:00,2,2,0,4,True,TRUE,True,CONVENCION_EXCLUYE_INICIAL;CONV_INCLUYE_INICIAL=3
1167218,17-06-2026 8:49:03,19-06-2026 12:02:00,2,2,0,4,True,TRUE,True,CONVENCION_EXCLUYE_INICIAL;CONV_INCLUYE_INICIAL=3
1167236,17-06-2026 0:00:00,19-06-2026 10:56:00,2,2,0,4,True,TRUE,True,CONVENCION_EXCLUYE_INICIAL;CONV_INCLUYE_INICIAL=3
4190139729,16-06-2026 21:18:12,19-06-2026 11:20:00,3,3,0,4,True,TRUE,True,CONVENCION_EXCLUYE_INICIAL;CONV_INCLUYE_INICIAL=4
4190139728,16-06-2026 21:01:47,18-06-2026 15:46:00,2,2,0,4,True,TRUE,True,CONVENCION_EXCLUYE_INICIAL;CONV_INCLUYE_INICIAL=3
1167204,16-06-2026 12:41:38,17-06-2026 12:46:00,1,1,0,4,True,TRUE,True,CONVENCION_EXCLUYE_INICIAL;CONV_INCLUYE_INICIAL=2
1167199,16-06-2026 10:40:59,18-06-2026 15:48:00,2,2,0,4,True,TRUE,True,CONVENCION_EXCLUYE_INICIAL;CONV_INCLUYE_INICIAL=3
1167197,16-06-2026 9:14:04,18-06-2026 12:41:00,2,2,0,4,True,TRUE,True,CONVENCION_EXCLUYE_INICIAL;CONV_INCLUYE_INICIAL=3
1167193,15-06-2026 18:14:50,17-06-2026 12:07:00,2,2,0,4,True,TRUE,True,CONVENCION_EXCLUYE_INICIAL;CONV_INCLUYE_INICIAL=3
1167186,15-06-2026 13:11:44,17-06-2026 10:07:00,2,2,0,4,True,TRUE,True,CONVENCION_EXCLUYE_INICIAL;CONV_INCLUYE_INICIAL=3
1167185,15-06-2026 12:28:33,17-06-2026 12:46:00,2,2,0,4,True,TRUE,True,CONVENCION_EXCLUYE_INICIAL;CONV_INCLUYE_INICIAL=3
1167182,15-06-2026 11:56:47,17-06-2026 9:52:00,2,2,0,4,True,TRUE,True,CONVENCION_EXCLUYE_INICIAL;CONV_INCLUYE_INICIAL=3
1167165,15-06-2026 8:35:47,18-06-2026 11:23:00,3,3,0,4,True,TRUE,True,CONVENCION_EXCLUYE_INICIAL;CONV_INCLUYE_INICIAL=4
1167156,12-06-2026 11:54:55,17-06-2026 9:25:00,3,3,0,4,True,TRUE,True,CONVENCION_EXCLUYE_INICIAL;CONV_INCLUYE_INICIAL=4
1167154,12-06-2026 11:13:57,15-06-2026 8:55:00,1,1,0,4,True,TRUE,True,CONVENCION_EXCLUYE_INICIAL;CONV_INCLUYE_INICIAL=2
1167144,11-06-2026 15:47:01,15-06-2026 14:39:00,2,2,0,4,True,TRUE,True,CONVENCION_EXCLUYE_INICIAL;CONV_INCLUYE_INICIAL=3
1167142,11-06-2026 15:19:20,15-06-2026 14:41:00,2,2,0,4,True,TRUE,True,CONVENCION_EXCLUYE_INICIAL;CONV_INCLUYE_INICIAL=3
1167141,11-06-2026 15:00:15,17-06-2026 9:52:00,4,4,0,4,True,TRUE,True,CONVENCION_EXCLUYE_INICIAL;CONV_INCLUYE_INICIAL=5
1167138,11-06-2026 13:29:16,12-06-2026 13:03:00,1,1,0,4,True,TRUE,True,CONVENCION_EXCLUYE_INICIAL;CONV_INCLUYE_INICIAL=2
1167137,11-06-2026 13:00:04,15-06-2026 8:55:00,2,2,0,4,True,TRUE,True,CONVENCION_EXCLUYE_INICIAL;CONV_INCLUYE_INICIAL=3
1167136,11-06-2026 12:10:48,15-06-2026 8:55:00,2,2,0,4,True,TRUE,True,CONVENCION_EXCLUYE_INICIAL;CONV_INCLUYE_INICIAL=3
4190139667,11-06-2026 11:52:39,12-06-2026 11:14:00,1,1,0,4,True,TRUE,True,CONVENCION_EXCLUYE_INICIAL;CONV_INCLUYE_INICIAL=2
4190139660,11-06-2026 10:29:16,15-06-2026 7:05:00,2,2,0,4,True,TRUE,True,CONVENCION_EXCLUYE_INICIAL;CONV_INCLUYE_INICIAL=3
1167133,11-06-2026 9:29:44,15-06-2026 13:18:00,2,2,0,4,True,TRUE,True,CONVENCION_EXCLUYE_INICIAL;CONV_INCLUYE_INICIAL=3
4190139648,11-06-2026 9:00:40,12-06-2026 11:18:00,1,1,0,4,True,TRUE,True,CONVENCION_EXCLUYE_INICIAL;CONV_INCLUYE_INICIAL=2
1167111,09-06-2026 15:50:01,12-06-2026 10:36:00,3,3,0,4,True,TRUE,True,CONVENCION_EXCLUYE_INICIAL;CONV_INCLUYE_INICIAL=4
1167108,09-06-2026 14:34:11,11-06-2026 12:06:00,2,2,0,4,True,TRUE,True,CONVENCION_EXCLUYE_INICIAL;CONV_INCLUYE_INICIAL=3
1167103,09-06-2026 11:37:08,10-06-2026 15:05:00,1,1,0,4,True,TRUE,True,CONVENCION_EXCLUYE_INICIAL;CONV_INCLUYE_INICIAL=2
1167104,09-06-2026 0:00:00,10-06-2026 12:45:00,1,1,0,4,True,TRUE,True,CONVENCION_EXCLUYE_INICIAL;CONV_INCLUYE_INICIAL=2
1167099,08-06-2026 18:31:55,10-06-2026 12:49:00,2,2,0,4,True,TRUE,True,CONVENCION_EXCLUYE_INICIAL;CONV_INCLUYE_INICIAL=3
1167088,08-06-2026 11:09:49,10-06-2026 12:09:00,2,2,0,4,True,TRUE,True,CONVENCION_EXCLUYE_INICIAL;CONV_INCLUYE_INICIAL=3
1167087,08-06-2026 11:02:32,10-06-2026 12:09:00,2,2,0,4,True,TRUE,True,CONVENCION_EXCLUYE_INICIAL;CONV_INCLUYE_INICIAL=3
1167073,05-06-2026 8:43:17,08-06-2026 11:58:00,1,1,0,4,True,TRUE,True,CONVENCION_EXCLUYE_INICIAL;CONV_INCLUYE_INICIAL=2
1167063,04-06-2026 14:54:55,08-06-2026 16:14:00,2,2,0,4,True,TRUE,True,CONVENCION_EXCLUYE_INICIAL;CONV_INCLUYE_INICIAL=3
1167058,04-06-2026 12:45:19,08-06-2026 9:57:00,2,2,0,4,True,TRUE,True,CONVENCION_EXCLUYE_INICIAL;CONV_INCLUYE_INICIAL=3
1167055,04-06-2026 8:41:00,08-06-2026 14:21:00,2,2,0,4,True,TRUE,True,CONVENCION_EXCLUYE_INICIAL;CONV_INCLUYE_INICIAL=3
1167064,04-06-2026 0:00:00,08-06-2026 12:21:00,2,2,0,4,True,TRUE,True,CONVENCION_EXCLUYE_INICIAL;CONV_INCLUYE_INICIAL=3
1167056,04-06-2026 0:00:00,08-06-2026 11:41:00,2,2,0,4,True,TRUE,True,CONVENCION_EXCLUYE_INICIAL;CONV_INCLUYE_INICIAL=3
1167051,03-06-2026 16:39:30,05-06-2026 12:12:00,2,2,0,4,True,TRUE,True,CONVENCION_EXCLUYE_INICIAL;CONV_INCLUYE_INICIAL=3
1167048,03-06-2026 13:07:45,04-06-2026 9:44:00,1,1,0,4,True,TRUE,True,CONVENCION_EXCLUYE_INICIAL;CONV_INCLUYE_INICIAL=2
1167044,03-06-2026 8:56:35,05-06-2026 11:29:00,2,2,0,4,True,TRUE,True,CONVENCION_EXCLUYE_INICIAL;CONV_INCLUYE_INICIAL=3
1167039,02-06-2026 18:16:58,08-06-2026 10:39:00,4,4,0,4,True,TRUE,True,CONVENCION_EXCLUYE_INICIAL;CONV_INCLUYE_INICIAL=5
1167031,02-06-2026 14:37:37,04-06-2026 14:22:00,2,2,0,4,True,TRUE,True,CONVENCION_EXCLUYE_INICIAL;CONV_INCLUYE_INICIAL=3
1167028,02-06-2026 12:49:59,05-06-2026 12:07:00,3,3,0,4,True,TRUE,True,CONVENCION_EXCLUYE_INICIAL;CONV_INCLUYE_INICIAL=4
1166842,29-05-2026 0:00:00,04-06-2026 14:51:00,4,4,0,4,True,TRUE,True,CONVENCION_EXCLUYE_INICIAL;CONV_INCLUYE_INICIAL=5
4190139484,27-05-2026 18:00:49,29-05-2026 11:55:00,2,2,0,4,True,TRUE,True,CONVENCION_EXCLUYE_INICIAL;CONV_INCLUYE_INICIAL=3
1166677,27-05-2026 17:00:05,29-05-2026 11:54:00,2,2,0,4,True,TRUE,True,CONVENCION_EXCLUYE_INICIAL;CONV_INCLUYE_INICIAL=3
1166675,27-05-2026 14:49:09,29-05-2026 11:47:00,2,2,0,4,True,TRUE,True,CONVENCION_EXCLUYE_INICIAL;CONV_INCLUYE_INICIAL=3
1166670,27-05-2026 10:45:40,28-05-2026 11:30:00,1,1,0,4,True,TRUE,True,CONVENCION_EXCLUYE_INICIAL;CONV_INCLUYE_INICIAL=2
4190139466,27-05-2026 9:30:16,28-05-2026 11:27:00,1,1,0,4,True,TRUE,True,CONVENCION_EXCLUYE_INICIAL;CONV_INCLUYE_INICIAL=2
1166667,27-05-2026 9:21:35,28-05-2026 11:29:00,1,1,0,4,True,TRUE,True,CONVENCION_EXCLUYE_INICIAL;CONV_INCLUYE_INICIAL=2
1166666,27-05-2026 9:04:52,28-05-2026 11:34:00,1,1,0,4,True,TRUE,True,CONVENCION_EXCLUYE_INICIAL;CONV_INCLUYE_INICIAL=2
1166671,27-05-2026 0:00:00,29-05-2026 12:35:00,2,2,0,4,True,TRUE,True,CONVENCION_EXCLUYE_INICIAL;CONV_INCLUYE_INICIAL=3
1166673,27-05-2026 0:00:00,29-05-2026 11:54:00,2,2,0,4,True,TRUE,True,CONVENCION_EXCLUYE_INICIAL;CONV_INCLUYE_INICIAL=3
1166652,26-05-2026 11:27:06,27-05-2026 10:38:00,1,1,0,4,True,TRUE,True,CONVENCION_EXCLUYE_INICIAL;CONV_INCLUYE_INICIAL=2
1166649,26-05-2026 10:06:50,27-05-2026 8:16:00,1,1,0,4,True,TRUE,True,CONVENCION_EXCLUYE_INICIAL;CONV_INCLUYE_INICIAL=2
1166651,26-05-2026 0:00:00,28-05-2026 8:55:00,2,2,0,4,True,TRUE,True,CONVENCION_EXCLUYE_INICIAL;CONV_INCLUYE_INICIAL=3
1166647,26-05-2026 0:00:00,27-05-2026 12:18:00,1,1,0,4,True,TRUE,True,CONVENCION_EXCLUYE_INICIAL;CONV_INCLUYE_INICIAL=2
4190139441,25-05-2026 22:59:34,27-05-2026 15:19:00,2,2,0,4,True,TRUE,True,CONVENCION_EXCLUYE_INICIAL;CONV_INCLUYE_INICIAL=3
1166637,25-05-2026 13:17:42,26-05-2026 13:14:00,1,1,0,4,True,TRUE,True,CONVENCION_EXCLUYE_INICIAL;CONV_INCLUYE_INICIAL=2
1166634,25-05-2026 12:04:48,27-05-2026 8:48:00,2,2,0,4,True,TRUE,True,CONVENCION_EXCLUYE_INICIAL;CONV_INCLUYE_INICIAL=3
1166631,25-05-2026 11:08:54,26-05-2026 13:12:00,1,1,0,4,True,TRUE,True,CONVENCION_EXCLUYE_INICIAL;CONV_INCLUYE_INICIAL=2
4190139424,25-05-2026 10:04:53,27-05-2026 8:48:00,2,2,0,4,True,TRUE,True,CONVENCION_EXCLUYE_INICIAL;CONV_INCLUYE_INICIAL=3
1166635,25-05-2026 0:00:00,27-05-2026 8:48:00,2,2,0,4,True,TRUE,True,CONVENCION_EXCLUYE_INICIAL;CONV_INCLUYE_INICIAL=3
1166636,25-05-2026 0:00:00,27-05-2026 8:48:00,2,2,0,4,True,TRUE,True,CONVENCION_EXCLUYE_INICIAL;CONV_INCLUYE_INICIAL=3
1166618,22-05-2026 10:48:55,26-05-2026 14:12:00,2,2,0,4,True,TRUE,True,CONVENCION_EXCLUYE_INICIAL;CONV_INCLUYE_INICIAL=3
4190139404,21-05-2026 0:00:00,26-05-2026 15:09:00,3,3,0,4,True,TRUE,True,CONVENCION_EXCLUYE_INICIAL
1166612,20-05-2026 15:32:30,25-05-2026 14:54:00,2,2,0,4,True,TRUE,True,CONVENCION_EXCLUYE_INICIAL;CONV_INCLUYE_INICIAL=3
4190139398,20-05-2026 13:46:59,22-05-2026 11:12:00,1,1,0,4,True,TRUE,True,CONVENCION_EXCLUYE_INICIAL;CONV_INCLUYE_INICIAL=2
1166609,20-05-2026 13:15:12,22-05-2026 11:07:00,1,1,0,4,True,TRUE,True,CONVENCION_EXCLUYE_INICIAL;CONV_INCLUYE_INICIAL=2
4190139395,20-05-2026 12:06:55,25-05-2026 12:57:00,2,2,0,4,True,TRUE,True,CONVENCION_EXCLUYE_INICIAL;CONV_INCLUYE_INICIAL=3
1166602,20-05-2026 10:43:41,25-05-2026 12:39:09,2,2,0,4,True,TRUE,True,CONVENCION_EXCLUYE_INICIAL;CONV_INCLUYE_INICIAL=3
1166596,20-05-2026 0:00:00,26-05-2026 15:10:00,3,3,0,4,True,TRUE,True,CONVENCION_EXCLUYE_INICIAL;CONV_INCLUYE_INICIAL=4
1166599,20-05-2026 0:00:00,22-05-2026 11:17:00,1,1,0,4,True,TRUE,True,CONVENCION_EXCLUYE_INICIAL;CONV_INCLUYE_INICIAL=2
1166583,19-05-2026 8:42:02,25-05-2026 7:29:00,3,3,0,4,True,TRUE,True,CONVENCION_EXCLUYE_INICIAL;CONV_INCLUYE_INICIAL=4
1166580,18-05-2026 19:29:45,20-05-2026 15:23:00,2,2,0,4,True,TRUE,True,CONVENCION_EXCLUYE_INICIAL;CONV_INCLUYE_INICIAL=3
1166576,18-05-2026 16:05:35,20-05-2026 15:24:00,2,2,0,4,True,TRUE,True,CONVENCION_EXCLUYE_INICIAL;CONV_INCLUYE_INICIAL=3
1166567,18-05-2026 11:51:05,20-05-2026 10:04:00,2,2,0,4,True,TRUE,True,CONVENCION_EXCLUYE_INICIAL;CONV_INCLUYE_INICIAL=3
1166566,18-05-2026 11:49:08,20-05-2026 10:04:00,2,2,0,4,True,TRUE,True,CONVENCION_EXCLUYE_INICIAL;CONV_INCLUYE_INICIAL=3
1166568,18-05-2026 11:44:01,20-05-2026 15:07:00,2,2,0,4,True,TRUE,True,CONVENCION_EXCLUYE_INICIAL;CONV_INCLUYE_INICIAL=3
1166553,15-05-2026 16:23:11,20-05-2026 15:25:00,3,3,0,4,True,TRUE,True,CONVENCION_EXCLUYE_INICIAL;CONV_INCLUYE_INICIAL=4
4190139351,15-05-2026 14:28:10,22-05-2026 11:02:00,4,4,0,4,True,TRUE,True,CONVENCION_EXCLUYE_INICIAL;CONV_INCLUYE_INICIAL=5
1166545,15-05-2026 9:26:50,18-05-2026 9:49:00,1,1,0,4,True,TRUE,True,CONVENCION_EXCLUYE_INICIAL;CONV_INCLUYE_INICIAL=2
1166544,15-05-2026 8:28:54,18-05-2026 9:49:00,1,1,0,4,True,TRUE,True,CONVENCION_EXCLUYE_INICIAL;CONV_INCLUYE_INICIAL=2
1166552,15-05-2026 0:00:00,19-05-2026 16:07:00,2,2,0,4,True,TRUE,True,CONVENCION_EXCLUYE_INICIAL;CONV_INCLUYE_INICIAL=3
1166547,15-05-2026 0:00:00,18-05-2026 9:49:00,1,1,0,4,True,TRUE,True,CONVENCION_EXCLUYE_INICIAL;CONV_INCLUYE_INICIAL=2
1166551,15-05-2026 0:00:00,20-05-2026 15:08:00,3,3,0,4,True,TRUE,True,CONVENCION_EXCLUYE_INICIAL;CONV_INCLUYE_INICIAL=4
1166537,14-05-2026 20:00:22,20-05-2026 15:12:00,4,4,0,4,True,TRUE,True,CONVENCION_EXCLUYE_INICIAL;CONV_INCLUYE_INICIAL=5
1166536,14-05-2026 18:28:05,18-05-2026 9:44:00,2,2,0,4,True,TRUE,True,CONVENCION_EXCLUYE_INICIAL;CONV_INCLUYE_INICIAL=3
1166535,14-05-2026 17:22:32,18-05-2026 9:13:00,2,2,0,4,True,TRUE,True,CONVENCION_EXCLUYE_INICIAL;CONV_INCLUYE_INICIAL=3
1166532,14-05-2026 15:11:37,18-05-2026 10:56:00,2,2,0,4,True,TRUE,True,CONVENCION_EXCLUYE_INICIAL;CONV_INCLUYE_INICIAL=3
1166531,14-05-2026 14:44:56,15-05-2026 9:38:00,1,1,0,4,True,TRUE,True,CONVENCION_EXCLUYE_INICIAL;CONV_INCLUYE_INICIAL=2
4190139335,14-05-2026 13:18:45,19-05-2026 16:08:00,3,3,0,4,True,TRUE,True,CONVENCION_EXCLUYE_INICIAL;CONV_INCLUYE_INICIAL=4
1166521,14-05-2026 10:14:16,18-05-2026 10:56:00,2,2,0,4,True,TRUE,True,CONVENCION_EXCLUYE_INICIAL;CONV_INCLUYE_INICIAL=3
1166523,14-05-2026 10:07:58,18-05-2026 10:24:00,2,2,0,4,True,TRUE,True,CONVENCION_EXCLUYE_INICIAL;CONV_INCLUYE_INICIAL=3
1166519,14-05-2026 8:39:17,18-05-2026 14:16:00,2,2,0,4,True,TRUE,True,CONVENCION_EXCLUYE_INICIAL;CONV_INCLUYE_INICIAL=3
1166514,13-05-2026 17:22:24,18-05-2026 9:49:00,3,3,0,4,True,TRUE,True,CONVENCION_EXCLUYE_INICIAL;CONV_INCLUYE_INICIAL=4
1166511,13-05-2026 16:50:32,15-05-2026 9:37:00,2,2,0,4,True,TRUE,True,CONVENCION_EXCLUYE_INICIAL;CONV_INCLUYE_INICIAL=3
1166510,13-05-2026 14:46:37,18-05-2026 12:46:00,3,3,0,4,True,TRUE,True,CONVENCION_EXCLUYE_INICIAL;CONV_INCLUYE_INICIAL=4
1166509,13-05-2026 14:31:50,18-05-2026 10:56:00,3,3,0,4,True,TRUE,True,CONVENCION_EXCLUYE_INICIAL;CONV_INCLUYE_INICIAL=4
4190139321,13-05-2026 10:13:13,15-05-2026 11:16:00,2,2,0,4,True,TRUE,True,CONVENCION_EXCLUYE_INICIAL;CONV_INCLUYE_INICIAL=3
1166501,13-05-2026 8:49:05,15-05-2026 10:57:00,2,2,0,4,True,TRUE,True,CONVENCION_EXCLUYE_INICIAL;CONV_INCLUYE_INICIAL=3
1166489,12-05-2026 9:56:44,15-05-2026 9:37:00,3,3,0,4,True,TRUE,True,CONVENCION_EXCLUYE_INICIAL;CONV_INCLUYE_INICIAL=4
1166496,12-05-2026 0:00:00,14-05-2026 8:20:00,2,2,0,4,True,TRUE,True,CONVENCION_EXCLUYE_INICIAL;CONV_INCLUYE_INICIAL=3
4190139285,09-05-2026 0:01:34,14-05-2026 11:29:00,4,4,0,4,True,TRUE,True,CONVENCION_EXCLUYE_INICIAL
1166465,08-05-2026 21:25:07,14-05-2026 15:12:00,4,4,0,4,True,TRUE,True,CONVENCION_EXCLUYE_INICIAL;CONV_INCLUYE_INICIAL=5
1166461,08-05-2026 19:13:53,13-05-2026 9:38:00,3,3,0,4,True,TRUE,True,CONVENCION_EXCLUYE_INICIAL;CONV_INCLUYE_INICIAL=4
1166454,08-05-2026 16:40:35,13-05-2026 9:37:00,3,3,0,4,True,TRUE,True,CONVENCION_EXCLUYE_INICIAL;CONV_INCLUYE_INICIAL=4
1166449,08-05-2026 12:48:36,13-05-2026 12:10:00,3,3,0,4,True,TRUE,True,CONVENCION_EXCLUYE_INICIAL;CONV_INCLUYE_INICIAL=4
1166448,08-05-2026 12:44:47,14-05-2026 14:06:00,4,4,0,4,True,TRUE,True,CONVENCION_EXCLUYE_INICIAL;CONV_INCLUYE_INICIAL=5
1166440,08-05-2026 9:34:49,11-05-2026 12:45:00,1,1,0,4,True,TRUE,True,CONVENCION_EXCLUYE_INICIAL;CONV_INCLUYE_INICIAL=2
1166453,08-05-2026 0:00:00,13-05-2026 9:36:00,3,3,0,4,True,TRUE,True,CONVENCION_EXCLUYE_INICIAL;CONV_INCLUYE_INICIAL=4
1166437,07-05-2026 19:51:35,12-05-2026 9:10:00,3,3,0,4,True,TRUE,True,CONVENCION_EXCLUYE_INICIAL;CONV_INCLUYE_INICIAL=4
1166433,07-05-2026 16:02:55,12-05-2026 10:03:00,3,3,0,4,True,TRUE,True,CONVENCION_EXCLUYE_INICIAL;CONV_INCLUYE_INICIAL=4
4190139240,07-05-2026 13:33:11,11-05-2026 8:48:00,2,2,0,4,True,TRUE,True,CONVENCION_EXCLUYE_INICIAL;CONV_INCLUYE_INICIAL=3
1166431,07-05-2026 12:44:27,08-05-2026 9:41:00,1,1,0,4,True,TRUE,True,CONVENCION_EXCLUYE_INICIAL;CONV_INCLUYE_INICIAL=2
1166427,07-05-2026 9:53:17,11-05-2026 10:35:00,2,2,0,4,True,TRUE,True,CONVENCION_EXCLUYE_INICIAL;CONV_INCLUYE_INICIAL=3
1166425,07-05-2026 8:56:20,11-05-2026 9:15:00,2,2,0,4,True,TRUE,True,CONVENCION_EXCLUYE_INICIAL;CONV_INCLUYE_INICIAL=3
1166426,07-05-2026 8:34:13,11-05-2026 11:38:00,2,2,0,4,True,TRUE,True,CONVENCION_EXCLUYE_INICIAL;CONV_INCLUYE_INICIAL=3
1166428,07-05-2026 0:00:00,11-05-2026 10:35:00,2,2,0,4,True,TRUE,True,CONVENCION_EXCLUYE_INICIAL;CONV_INCLUYE_INICIAL=3
1166412,06-05-2026 11:53:04,07-05-2026 8:50:00,1,1,0,4,True,TRUE,True,CONVENCION_EXCLUYE_INICIAL;CONV_INCLUYE_INICIAL=2
1166413,06-05-2026 11:45:36,11-05-2026 14:33:00,3,3,0,4,True,TRUE,True,CONVENCION_EXCLUYE_INICIAL;CONV_INCLUYE_INICIAL=4
1166419,06-05-2026 0:00:00,11-05-2026 9:12:00,3,3,0,4,True,TRUE,True,CONVENCION_EXCLUYE_INICIAL;CONV_INCLUYE_INICIAL=4
1166399,05-05-2026 15:19:01,11-05-2026 11:16:00,4,4,0,4,True,TRUE,True,CONVENCION_EXCLUYE_INICIAL;CONV_INCLUYE_INICIAL=5
1166395,05-05-2026 12:29:30,07-05-2026 9:27:00,2,2,0,4,True,TRUE,True,CONVENCION_EXCLUYE_INICIAL;CONV_INCLUYE_INICIAL=3
1166393,05-05-2026 11:50:51,07-05-2026 11:30:00,2,2,0,4,True,TRUE,True,CONVENCION_EXCLUYE_INICIAL;CONV_INCLUYE_INICIAL=3
1166391,05-05-2026 11:22:57,11-05-2026 7:20:00,4,4,0,4,True,TRUE,True,CONVENCION_EXCLUYE_INICIAL;CONV_INCLUYE_INICIAL=5
1166390,05-05-2026 10:42:17,06-05-2026 7:53:00,1,1,0,4,True,TRUE,True,CONVENCION_EXCLUYE_INICIAL;CONV_INCLUYE_INICIAL=2
1166403,05-05-2026 0:00:00,07-05-2026 0:00:00,2,2,0,4,True,TRUE,True,CONVENCION_EXCLUYE_INICIAL;CONV_INCLUYE_INICIAL=3
1166384,04-05-2026 14:48:21,06-05-2026 10:27:00,2,2,0,4,True,TRUE,True,CONVENCION_EXCLUYE_INICIAL;CONV_INCLUYE_INICIAL=3
1166382,04-05-2026 14:43:21,06-05-2026 10:27:00,2,2,0,4,True,TRUE,True,CONVENCION_EXCLUYE_INICIAL;CONV_INCLUYE_INICIAL=3
1166371,04-05-2026 0:00:00,07-05-2026 14:59:00,3,3,0,4,True,TRUE,True,CONVENCION_EXCLUYE_INICIAL;CONV_INCLUYE_INICIAL=4
1168078,09-07-2026 10:28:12,13-07-2026 9:56:00,2,2,0,4,True,TRUE,True,CONVENCION_EXCLUYE_INICIAL;CONV_INCLUYE_INICIAL=3
1168039,06-07-2026 15:18:29,09-07-2026 14:05:00,3,3,0,4,True,TRUE,True,CONVENCION_EXCLUYE_INICIAL;CONV_INCLUYE_INICIAL=4
1168024,06-07-2026 8:52:59,08-07-2026 15:19:00,2,2,0,4,True,TRUE,True,CONVENCION_EXCLUYE_INICIAL;CONV_INCLUYE_INICIAL=3
1168020,03-07-2026 17:03:51,09-07-2026 14:59:00,4,4,0,4,True,TRUE,True,CONVENCION_EXCLUYE_INICIAL;CONV_INCLUYE_INICIAL=5
1168019,03-07-2026 13:09:57,08-07-2026 10:26:00,3,3,0,4,True,TRUE,True,CONVENCION_EXCLUYE_INICIAL;CONV_INCLUYE_INICIAL=4
1167363,25-06-2026 14:35:39,01-07-2026 12:00:00,3,3,0,4,True,TRUE,True,CONVENCION_EXCLUYE_INICIAL;CONV_INCLUYE_INICIAL=4
1167353,25-06-2026 10:38:09,30-06-2026 12:37:00,2,2,0,4,True,TRUE,True,CONVENCION_EXCLUYE_INICIAL;CONV_INCLUYE_INICIAL=3
1167338,24-06-2026 11:42:59,01-07-2026 11:31:00,4,4,0,4,True,TRUE,True,CONVENCION_EXCLUYE_INICIAL;CONV_INCLUYE_INICIAL=5
1167299,23-06-2026 8:14:00,24-06-2026 9:42:00,1,1,0,4,True,TRUE,True,CONVENCION_EXCLUYE_INICIAL;CONV_INCLUYE_INICIAL=2
1167276,22-06-2026 12:16:13,26-06-2026 11:48:00,4,4,0,4,True,TRUE,True,CONVENCION_EXCLUYE_INICIAL;CONV_INCLUYE_INICIAL=5
1167267,22-06-2026 10:02:47,25-06-2026 13:15:00,3,3,0,4,True,TRUE,True,CONVENCION_EXCLUYE_INICIAL;CONV_INCLUYE_INICIAL=4
1167244,18-06-2026 10:23:05,22-06-2026 10:08:00,2,2,0,4,True,TRUE,True,CONVENCION_EXCLUYE_INICIAL;CONV_INCLUYE_INICIAL=3
1167179,15-06-2026 11:20:12,18-06-2026 10:02:00,3,3,0,4,True,TRUE,True,CONVENCION_EXCLUYE_INICIAL;CONV_INCLUYE_INICIAL=4
1167160,12-06-2026 12:58:20,17-06-2026 9:25:00,3,3,0,4,True,TRUE,True,CONVENCION_EXCLUYE_INICIAL;CONV_INCLUYE_INICIAL=4
1167131,11-06-2026 8:57:19,15-06-2026 7:15:00,2,2,0,4,True,TRUE,True,CONVENCION_EXCLUYE_INICIAL;CONV_INCLUYE_INICIAL=3
1167128,10-06-2026 16:20:55,15-06-2026 10:31:00,3,3,0,4,True,TRUE,True,CONVENCION_EXCLUYE_INICIAL;CONV_INCLUYE_INICIAL=4
1167129,10-06-2026 16:16:18,15-06-2026 10:45:00,3,3,0,4,True,TRUE,True,CONVENCION_EXCLUYE_INICIAL;CONV_INCLUYE_INICIAL=4
1167102,09-06-2026 10:17:34,15-06-2026 7:09:00,4,4,0,4,True,TRUE,True,CONVENCION_EXCLUYE_INICIAL;CONV_INCLUYE_INICIAL=5
1166669,27-05-2026 10:37:51,29-05-2026 8:13:00,2,2,0,4,True,TRUE,True,CONVENCION_EXCLUYE_INICIAL;CONV_INCLUYE_INICIAL=3
1166617,22-05-2026 10:31:52,27-05-2026 12:18:00,3,3,0,4,True,TRUE,True,CONVENCION_EXCLUYE_INICIAL;CONV_INCLUYE_INICIAL=4
4190139400,20-05-2026 14:17:37,26-05-2026 12:59:00,3,3,0,4,True,TRUE,True,CONVENCION_EXCLUYE_INICIAL;CONV_INCLUYE_INICIAL=4
1166611,20-05-2026 14:15:39,25-05-2026 8:10:00,2,2,0,4,True,TRUE,True,CONVENCION_EXCLUYE_INICIAL;CONV_INCLUYE_INICIAL=3
1166608,20-05-2026 12:58:34,25-05-2026 12:49:00,2,2,0,4,True,TRUE,True,CONVENCION_EXCLUYE_INICIAL;CONV_INCLUYE_INICIAL=3
1166605,20-05-2026 11:55:35,25-05-2026 14:54:00,2,2,0,4,True,TRUE,True,CONVENCION_EXCLUYE_INICIAL;CONV_INCLUYE_INICIAL=3
1166597,20-05-2026 9:33:05,25-05-2026 9:59:00,2,2,0,4,True,TRUE,True,CONVENCION_EXCLUYE_INICIAL;CONV_INCLUYE_INICIAL=3
1166595,20-05-2026 8:19:49,25-05-2026 12:50:00,2,2,0,4,True,TRUE,True,CONVENCION_EXCLUYE_INICIAL;CONV_INCLUYE_INICIAL=3
1166589,19-05-2026 10:13:19,25-05-2026 12:51:00,3,3,0,4,True,TRUE,True,CONVENCION_EXCLUYE_INICIAL;CONV_INCLUYE_INICIAL=4
1166587,19-05-2026 9:42:05,25-05-2026 8:21:00,3,3,0,4,True,TRUE,True,CONVENCION_EXCLUYE_INICIAL;CONV_INCLUYE_INICIAL=4
1166584,19-05-2026 9:08:49,25-05-2026 12:48:00,3,3,0,4,True,TRUE,True,CONVENCION_EXCLUYE_INICIAL;CONV_INCLUYE_INICIAL=4
1166579,18-05-2026 18:19:48,25-05-2026 12:40:00,4,4,0,4,True,TRUE,True,CONVENCION_EXCLUYE_INICIAL;CONV_INCLUYE_INICIAL=5
1166578,18-05-2026 16:33:22,25-05-2026 8:21:00,4,4,0,4,True,TRUE,True,CONVENCION_EXCLUYE_INICIAL;CONV_INCLUYE_INICIAL=5
1166571,18-05-2026 12:19:51,25-05-2026 12:53:00,4,4,0,4,True,TRUE,True,CONVENCION_EXCLUYE_INICIAL;CONV_INCLUYE_INICIAL=5
1166561,18-05-2026 9:22:09,25-05-2026 12:47:00,4,4,0,4,True,TRUE,True,CONVENCION_EXCLUYE_INICIAL;CONV_INCLUYE_INICIAL=5
1166548,15-05-2026 10:25:29,20-05-2026 8:19:00,3,3,0,4,True,TRUE,True,CONVENCION_EXCLUYE_INICIAL;CONV_INCLUYE_INICIAL=4
1166533,14-05-2026 0:00:00,19-05-2026 14:25:00,3,3,0,4,True,TRUE,True,CONVENCION_EXCLUYE_INICIAL;CONV_INCLUYE_INICIAL=4
1166430,07-05-2026 12:16:03,11-05-2026 9:08:00,2,2,0,4,True,TRUE,True,CONVENCION_EXCLUYE_INICIAL;CONV_INCLUYE_INICIAL=3
4190139233,07-05-2026 11:06:50,13-05-2026 9:23:00,4,4,0,4,True,TRUE,True,CONVENCION_EXCLUYE_INICIAL;CONV_INCLUYE_INICIAL=5
4190139230,07-05-2026 10:39:15,13-05-2026 9:23:00,4,4,0,4,True,TRUE,True,CONVENCION_EXCLUYE_INICIAL;CONV_INCLUYE_INICIAL=5
1166424,06-05-2026 20:20:47,11-05-2026 10:31:00,3,3,0,4,True,TRUE,True,CONVENCION_EXCLUYE_INICIAL;CONV_INCLUYE_INICIAL=4
1167339,24-06-2026 12:11:32,02-07-2026 11:38:00,5,5,0,5,True,TRUE,True,CONVENCION_EXCLUYE_INICIAL;CONV_INCLUYE_INICIAL=6
1167310,23-06-2026 14:54:19,26-06-2026 12:48:00,3,3,0,5,True,TRUE,True,CONVENCION_EXCLUYE_INICIAL;CONV_INCLUYE_INICIAL=4
4190139814,22-06-2026 21:36:46,26-06-2026 9:31:00,4,4,0,5,True,TRUE,True,CONVENCION_EXCLUYE_INICIAL;CONV_INCLUYE_INICIAL=5
4190139748,18-06-2026 13:03:58,22-06-2026 16:33:00,2,2,0,5,True,TRUE,True,CONVENCION_EXCLUYE_INICIAL;CONV_INCLUYE_INICIAL=3
1167246,18-06-2026 0:00:00,22-06-2026 15:01:00,2,2,0,5,True,TRUE,True,CONVENCION_EXCLUYE_INICIAL;CONV_INCLUYE_INICIAL=3
4190139731,16-06-2026 22:51:32,22-06-2026 15:40:00,4,4,0,5,True,TRUE,True,CONVENCION_EXCLUYE_INICIAL;CONV_INCLUYE_INICIAL=5
1167213,16-06-2026 18:36:04,19-06-2026 11:19:00,3,3,0,5,True,TRUE,True,CONVENCION_EXCLUYE_INICIAL;CONV_INCLUYE_INICIAL=4
1167082,08-06-2026 9:45:40,10-06-2026 15:19:00,2,2,0,5,True,TRUE,True,CONVENCION_EXCLUYE_INICIAL;CONV_INCLUYE_INICIAL=3
1167049,03-06-2026 15:24:44,09-06-2026 12:39:00,4,4,0,5,True,TRUE,True,CONVENCION_EXCLUYE_INICIAL;CONV_INCLUYE_INICIAL=5
1167024,02-06-2026 9:42:35,08-06-2026 15:13:00,4,4,0,5,True,TRUE,True,CONVENCION_EXCLUYE_INICIAL;CONV_INCLUYE_INICIAL=5
1166658,26-05-2026 16:47:10,29-05-2026 9:36:00,3,3,0,5,True,TRUE,True,CONVENCION_EXCLUYE_INICIAL;CONV_INCLUYE_INICIAL=4
1166659,26-05-2026 16:35:17,29-05-2026 9:36:00,3,3,0,5,True,TRUE,True,CONVENCION_EXCLUYE_INICIAL;CONV_INCLUYE_INICIAL=4
4190139380,19-05-2026 10:14:09,25-05-2026 7:14:00,3,3,0,5,True,TRUE,True,CONVENCION_EXCLUYE_INICIAL;CONV_INCLUYE_INICIAL=4
4190139377,19-05-2026 9:44:30,25-05-2026 7:17:00,3,3,0,5,True,TRUE,True,CONVENCION_EXCLUYE_INICIAL;CONV_INCLUYE_INICIAL=4
4190139375,19-05-2026 9:19:03,25-05-2026 7:16:00,3,3,0,5,True,TRUE,True,CONVENCION_EXCLUYE_INICIAL;CONV_INCLUYE_INICIAL=4
4190139365,18-05-2026 18:48:32,25-05-2026 12:53:00,4,4,0,5,True,TRUE,True,CONVENCION_EXCLUYE_INICIAL;CONV_INCLUYE_INICIAL=5
4190139359,18-05-2026 17:56:34,25-05-2026 13:09:00,4,4,0,5,True,TRUE,True,CONVENCION_EXCLUYE_INICIAL;CONV_INCLUYE_INICIAL=5
1166575,18-05-2026 14:18:36,22-05-2026 12:33:00,3,3,0,5,True,TRUE,True,CONVENCION_EXCLUYE_INICIAL;CONV_INCLUYE_INICIAL=4
4190139357,18-05-2026 0:00:00,25-05-2026 7:15:00,4,4,0,4,True,TRUE,True,CONVENCION_EXCLUYE_INICIAL;CONV_INCLUYE_INICIAL=5
1166557,16-05-2026 12:07:35,25-05-2026 7:20:00,5,5,0,5,True,TRUE,True,CONVENCION_EXCLUYE_INICIAL
1166556,15-05-2026 19:56:55,25-05-2026 7:23:00,5,5,0,5,True,TRUE,True,CONVENCION_EXCLUYE_INICIAL;CONV_INCLUYE_INICIAL=6
4190139175,04-05-2026 18:28:17,07-05-2026 15:58:00,3,3,0,5,True,TRUE,True,CONVENCION_EXCLUYE_INICIAL;CONV_INCLUYE_INICIAL=4
4190139169,04-05-2026 12:50:14,07-05-2026 15:57:00,3,3,0,5,True,TRUE,True,CONVENCION_EXCLUYE_INICIAL;CONV_INCLUYE_INICIAL=4
1168089,10-07-2026 11:28:12,13-07-2026 7:23:00,1,1,0,5,True,TRUE,True,CONVENCION_EXCLUYE_INICIAL;CONV_INCLUYE_INICIAL=2
1168081,09-07-2026 12:26:56,10-07-2026 7:58:00,1,1,0,5,True,TRUE,True,CONVENCION_EXCLUYE_INICIAL;CONV_INCLUYE_INICIAL=2
4190139988,08-07-2026 12:28:02,13-07-2026 7:39:00,3,3,0,5,True,TRUE,True,CONVENCION_EXCLUYE_INICIAL;CONV_INCLUYE_INICIAL=4
4190139986,07-07-2026 21:23:23,10-07-2026 7:35:00,3,3,0,5,True,TRUE,True,CONVENCION_EXCLUYE_INICIAL;CONV_INCLUYE_INICIAL=4
1167354,25-06-2026 10:43:31,30-06-2026 11:49:00,2,2,0,5,True,TRUE,True,CONVENCION_EXCLUYE_INICIAL;CONV_INCLUYE_INICIAL=3
1167331,24-06-2026 8:51:27,26-06-2026 9:50:00,2,2,0,4,True,TRUE,True,CONVENCION_EXCLUYE_INICIAL;CONV_INCLUYE_INICIAL=3
4190139828,22-06-2026 23:23:17,25-06-2026 11:54:00,3,3,0,5,True,TRUE,True,CONVENCION_EXCLUYE_INICIAL;CONV_INCLUYE_INICIAL=4
1167265,22-06-2026 7:15:05,23-06-2026 7:13:00,1,1,0,5,True,TRUE,True,CONVENCION_EXCLUYE_INICIAL;CONV_INCLUYE_INICIAL=2
1167151,12-06-2026 0:00:00,15-06-2026 11:27:00,1,1,0,4,True,TRUE,True,CONVENCION_EXCLUYE_INICIAL;CONV_INCLUYE_INICIAL=2
4190139649,11-06-2026 9:01:54,12-06-2026 11:40:00,1,1,0,5,True,TRUE,True,CONVENCION_EXCLUYE_INICIAL;CONV_INCLUYE_INICIAL=2
4190139647,11-06-2026 8:59:29,12-06-2026 11:12:00,1,1,0,5,True,TRUE,True,CONVENCION_EXCLUYE_INICIAL;CONV_INCLUYE_INICIAL=2
4190139664,11-06-2026 0:00:00,12-06-2026 11:27:00,1,1,0,5,True,TRUE,True,CONVENCION_EXCLUYE_INICIAL;CONV_INCLUYE_INICIAL=2
4190139650,11-06-2026 0:00:00,12-06-2026 11:20:00,1,1,0,5,True,TRUE,True,CONVENCION_EXCLUYE_INICIAL;CONV_INCLUYE_INICIAL=2
4190139644,10-06-2026 18:38:55,12-06-2026 11:38:00,2,2,0,5,True,TRUE,True,CONVENCION_EXCLUYE_INICIAL;CONV_INCLUYE_INICIAL=3
4190139640,10-06-2026 12:56:14,11-06-2026 11:26:00,1,1,0,5,True,TRUE,True,CONVENCION_EXCLUYE_INICIAL;CONV_INCLUYE_INICIAL=2
4190139631,09-06-2026 19:49:29,11-06-2026 11:26:00,2,2,0,5,True,TRUE,True,CONVENCION_EXCLUYE_INICIAL;CONV_INCLUYE_INICIAL=3
1167092,08-06-2026 14:36:36,10-06-2026 12:44:00,2,2,0,5,True,TRUE,True,CONVENCION_EXCLUYE_INICIAL;CONV_INCLUYE_INICIAL=3
1167084,08-06-2026 0:00:00,10-06-2026 15:19:00,2,2,0,5,True,TRUE,True,CONVENCION_EXCLUYE_INICIAL;CONV_INCLUYE_INICIAL=3
4190139476,27-05-2026 15:28:13,29-05-2026 11:44:00,2,2,0,5,True,TRUE,True,CONVENCION_EXCLUYE_INICIAL;CONV_INCLUYE_INICIAL=3
1166645,26-05-2026 8:59:54,27-05-2026 8:19:00,1,1,0,5,True,TRUE,True,CONVENCION_EXCLUYE_INICIAL;CONV_INCLUYE_INICIAL=2
1166640,25-05-2026 16:03:53,27-05-2026 8:28:00,2,2,0,5,True,TRUE,True,CONVENCION_EXCLUYE_INICIAL;CONV_INCLUYE_INICIAL=3
1166638,25-05-2026 13:30:45,26-05-2026 11:47:00,1,1,0,4,True,TRUE,True,CONVENCION_EXCLUYE_INICIAL;CONV_INCLUYE_INICIAL=2
4190139421,25-05-2026 9:34:59,27-05-2026 8:25:00,2,2,0,5,True,TRUE,True,CONVENCION_EXCLUYE_INICIAL;CONV_INCLUYE_INICIAL=3
4190139416,25-05-2026 8:24:54,27-05-2026 15:23:00,2,2,0,5,True,TRUE,True,CONVENCION_EXCLUYE_INICIAL;CONV_INCLUYE_INICIAL=3
4190139417,25-05-2026 0:00:00,26-05-2026 13:15:00,1,1,0,5,True,TRUE,True,CONVENCION_EXCLUYE_INICIAL;CONV_INCLUYE_INICIAL=2
4190139407,22-05-2026 13:49:37,27-05-2026 8:15:00,3,3,0,5,True,TRUE,True,CONVENCION_EXCLUYE_INICIAL;CONV_INCLUYE_INICIAL=4
4190139389,20-05-2026 9:50:07,22-05-2026 11:11:00,1,1,0,5,True,TRUE,True,CONVENCION_EXCLUYE_INICIAL;CONV_INCLUYE_INICIAL=2
4190139390,20-05-2026 0:00:00,22-05-2026 11:11:00,1,1,0,5,True,TRUE,True,CONVENCION_EXCLUYE_INICIAL;CONV_INCLUYE_INICIAL=2
4190139363,18-05-2026 18:24:57,20-05-2026 15:32:00,2,2,0,5,True,TRUE,True,CONVENCION_EXCLUYE_INICIAL;CONV_INCLUYE_INICIAL=3
4190139333,14-05-2026 12:21:33,15-05-2026 8:46:00,1,1,0,5,True,TRUE,True,CONVENCION_EXCLUYE_INICIAL;CONV_INCLUYE_INICIAL=2
4190139326,13-05-2026 0:00:00,15-05-2026 8:38:00,2,2,0,5,True,TRUE,True,CONVENCION_EXCLUYE_INICIAL;CONV_INCLUYE_INICIAL=3
4190139311,12-05-2026 16:26:06,15-05-2026 11:51:00,3,3,0,5,True,TRUE,True,CONVENCION_EXCLUYE_INICIAL;CONV_INCLUYE_INICIAL=4
4190139287,09-05-2026 18:15:27,15-05-2026 8:54:00,5,5,0,5,True,TRUE,True,CONVENCION_EXCLUYE_INICIAL
4190139274,08-05-2026 17:47:38,15-05-2026 8:44:00,5,5,0,5,True,TRUE,True,CONVENCION_EXCLUYE_INICIAL;CONV_INCLUYE_INICIAL=6
4190139273,08-05-2026 0:00:00,15-05-2026 8:55:00,5,5,0,5,True,TRUE,True,CONVENCION_EXCLUYE_INICIAL;CONV_INCLUYE_INICIAL=6
1166429,07-05-2026 11:44:13,11-05-2026 8:50:00,2,2,0,5,True,TRUE,True,CONVENCION_EXCLUYE_INICIAL;CONV_INCLUYE_INICIAL=3
1166410,06-05-2026 10:43:21,11-05-2026 11:06:00,3,3,0,5,True,TRUE,True,CONVENCION_EXCLUYE_INICIAL;CONV_INCLUYE_INICIAL=4
1166400,05-05-2026 15:46:29,11-05-2026 11:06:00,4,4,0,5,True,TRUE,True,CONVENCION_EXCLUYE_INICIAL;CONV_INCLUYE_INICIAL=5
1166386,04-05-2026 15:17:52,07-05-2026 0:00:00,3,3,0,5,True,TRUE,True,CONVENCION_EXCLUYE_INICIAL;CONV_INCLUYE_INICIAL=4
1168049,07-07-2026 13:40:01,13-07-2026 7:35:00,4,4,0,5,True,TRUE,True,CONVENCION_EXCLUYE_INICIAL;CONV_INCLUYE_INICIAL=5
1167293,22-06-2026 17:21:48,25-06-2026 11:11:00,3,3,0,5,True,TRUE,True,CONVENCION_EXCLUYE_INICIAL;CONV_INCLUYE_INICIAL=4
1167252,18-06-2026 17:20:03,22-06-2026 16:18:00,2,2,0,5,True,TRUE,True,CONVENCION_EXCLUYE_INICIAL;CONV_INCLUYE_INICIAL=3
1167234,17-06-2026 15:29:45,19-06-2026 12:18:00,2,2,0,5,True,TRUE,True,CONVENCION_EXCLUYE_INICIAL;CONV_INCLUYE_INICIAL=3
1167224,17-06-2026 9:56:24,19-06-2026 12:17:00,2,2,0,5,True,TRUE,True,CONVENCION_EXCLUYE_INICIAL;CONV_INCLUYE_INICIAL=3
1167220,17-06-2026 9:13:47,19-06-2026 12:01:00,2,2,0,5,True,TRUE,True,CONVENCION_EXCLUYE_INICIAL;CONV_INCLUYE_INICIAL=3
1167227,17-06-2026 0:00:00,19-06-2026 11:04:00,2,2,0,5,True,TRUE,True,CONVENCION_EXCLUYE_INICIAL;CONV_INCLUYE_INICIAL=3
4190139719,16-06-2026 15:23:52,19-06-2026 12:19:00,3,3,0,5,True,TRUE,True,CONVENCION_EXCLUYE_INICIAL;CONV_INCLUYE_INICIAL=4
1167164,15-06-2026 8:26:42,19-06-2026 11:18:00,4,4,0,5,True,TRUE,True,CONVENCION_EXCLUYE_INICIAL;CONV_INCLUYE_INICIAL=5
1167134,11-06-2026 11:48:42,12-06-2026 11:45:00,1,1,0,5,True,TRUE,True,CONVENCION_EXCLUYE_INICIAL;CONV_INCLUYE_INICIAL=2
1167127,10-06-2026 16:10:00,15-06-2026 7:04:00,3,3,0,5,True,TRUE,True,CONVENCION_EXCLUYE_INICIAL;CONV_INCLUYE_INICIAL=4
1167126,10-06-2026 11:27:00,11-06-2026 11:25:00,1,1,0,5,True,TRUE,True,CONVENCION_EXCLUYE_INICIAL;CONV_INCLUYE_INICIAL=2
1167086,08-06-2026 10:53:47,10-06-2026 12:50:00,2,2,0,5,True,TRUE,True,CONVENCION_EXCLUYE_INICIAL;CONV_INCLUYE_INICIAL=3
1167062,04-06-2026 14:44:00,05-06-2026 12:10:00,1,1,0,5,True,TRUE,True,CONVENCION_EXCLUYE_INICIAL;CONV_INCLUYE_INICIAL=2
4190139589,04-06-2026 0:00:00,08-06-2026 11:32:00,2,2,0,5,True,TRUE,True,CONVENCION_EXCLUYE_INICIAL;CONV_INCLUYE_INICIAL=3
1167046,03-06-2026 12:55:44,08-06-2026 10:35:00,3,3,0,5,True,TRUE,True,CONVENCION_EXCLUYE_INICIAL;CONV_INCLUYE_INICIAL=4
1166653,26-05-2026 13:46:39,27-05-2026 15:16:00,1,1,0,5,True,TRUE,True,CONVENCION_EXCLUYE_INICIAL;CONV_INCLUYE_INICIAL=2
1166591,19-05-2026 14:51:35,20-05-2026 15:53:00,1,1,0,5,True,TRUE,True,CONVENCION_EXCLUYE_INICIAL;CONV_INCLUYE_INICIAL=2
1166555,15-05-2026 19:22:49,20-05-2026 15:16:00,3,3,0,5,True,TRUE,True,CONVENCION_EXCLUYE_INICIAL;CONV_INCLUYE_INICIAL=4
1166538,14-05-2026 20:50:40,18-05-2026 9:37:00,2,2,0,5,True,TRUE,True,CONVENCION_EXCLUYE_INICIAL;CONV_INCLUYE_INICIAL=3
1166526,14-05-2026 11:54:13,18-05-2026 9:39:00,2,2,0,5,True,TRUE,True,CONVENCION_EXCLUYE_INICIAL;CONV_INCLUYE_INICIAL=3
1166520,14-05-2026 9:30:31,15-05-2026 8:53:00,1,1,0,5,True,TRUE,True,CONVENCION_EXCLUYE_INICIAL;CONV_INCLUYE_INICIAL=2
1166498,12-05-2026 17:54:51,15-05-2026 8:51:00,3,3,0,5,True,TRUE,True,CONVENCION_EXCLUYE_INICIAL;CONV_INCLUYE_INICIAL=4
1166493,12-05-2026 11:30:40,15-05-2026 8:43:00,3,3,0,5,True,TRUE,True,CONVENCION_EXCLUYE_INICIAL;CONV_INCLUYE_INICIAL=4
1166467,08-05-2026 22:29:48,15-05-2026 8:56:00,5,5,0,5,True,TRUE,True,CONVENCION_EXCLUYE_INICIAL;CONV_INCLUYE_INICIAL=6
1166455,08-05-2026 18:08:51,13-05-2026 16:38:00,3,3,0,5,True,TRUE,True,CONVENCION_EXCLUYE_INICIAL;CONV_INCLUYE_INICIAL=4
1166439,08-05-2026 9:19:24,14-05-2026 8:09:00,4,4,0,5,True,TRUE,True,CONVENCION_EXCLUYE_INICIAL;CONV_INCLUYE_INICIAL=5
1166385,04-05-2026 15:13:59,11-05-2026 7:22:00,5,5,0,5,True,TRUE,True,CONVENCION_EXCLUYE_INICIAL;CONV_INCLUYE_INICIAL=6
4190139824,22-06-2026 23:08:49,25-06-2026 11:52:00,3,3,0,4,True,TRUE,True,CONVENCION_EXCLUYE_INICIAL;CONV_INCLUYE_INICIAL=4
1167288,22-06-2026 16:33:05,25-06-2026 11:08:00,3,3,0,4,True,TRUE,True,CONVENCION_EXCLUYE_INICIAL;CONV_INCLUYE_INICIAL=4
4190139779,22-06-2026 11:54:23,25-06-2026 11:07:00,3,3,0,4,True,TRUE,True,CONVENCION_EXCLUYE_INICIAL;CONV_INCLUYE_INICIAL=4
1166672,27-05-2026 13:42:31,29-05-2026 11:59:00,2,2,0,4,True,TRUE,True,CONVENCION_EXCLUYE_INICIAL;CONV_INCLUYE_INICIAL=3
4190139406,22-05-2026 13:13:23,27-05-2026 15:03:00,3,3,0,4,True,TRUE,True,CONVENCION_EXCLUYE_INICIAL;CONV_INCLUYE_INICIAL=4
4190139349,15-05-2026 8:58:41,18-05-2026 9:33:00,1,1,0,4,True,TRUE,True,CONVENCION_EXCLUYE_INICIAL;CONV_INCLUYE_INICIAL=2
4190139348,15-05-2026 8:26:28,20-05-2026 15:10:00,3,3,0,4,True,TRUE,True,CONVENCION_EXCLUYE_INICIAL;CONV_INCLUYE_INICIAL=4
4190139317,13-05-2026 9:26:18,15-05-2026 8:40:00,2,2,0,4,True,TRUE,True,CONVENCION_EXCLUYE_INICIAL;CONV_INCLUYE_INICIAL=3
4190139207,06-05-2026 0:00:00,12-05-2026 9:08:00,4,4,0,4,True,TRUE,True,CONVENCION_EXCLUYE_INICIAL;CONV_INCLUYE_INICIAL=5
4190140006,10-07-2026 8:59:25,13-07-2026 7:46:00,1,1,0,5,True,TRUE,True,CONVENCION_EXCLUYE_INICIAL;CONV_INCLUYE_INICIAL=2
4190139999,08-07-2026 21:19:48,13-07-2026 7:46:00,3,3,0,5,True,TRUE,True,CONVENCION_EXCLUYE_INICIAL;CONV_INCLUYE_INICIAL=4
4190139997,08-07-2026 20:45:22,13-07-2026 7:21:00,3,3,0,5,True,TRUE,True,CONVENCION_EXCLUYE_INICIAL;CONV_INCLUYE_INICIAL=4
4190139995,08-07-2026 18:44:51,13-07-2026 7:22:00,3,3,0,5,True,TRUE,True,CONVENCION_EXCLUYE_INICIAL;CONV_INCLUYE_INICIAL=4
4190139992,08-07-2026 0:00:00,13-07-2026 6:59:00,3,3,0,5,True,TRUE,True,CONVENCION_EXCLUYE_INICIAL;CONV_INCLUYE_INICIAL=4
4190139983,07-07-2026 15:57:40,13-07-2026 7:40:00,4,4,0,5,True,TRUE,True,CONVENCION_EXCLUYE_INICIAL;CONV_INCLUYE_INICIAL=5
4190139982,07-07-2026 15:56:13,13-07-2026 7:00:00,4,4,0,5,True,TRUE,True,CONVENCION_EXCLUYE_INICIAL;CONV_INCLUYE_INICIAL=5
4190139977,07-07-2026 10:58:17,13-07-2026 7:20:00,4,4,0,5,True,TRUE,True,CONVENCION_EXCLUYE_INICIAL;CONV_INCLUYE_INICIAL=5
4190139975,06-07-2026 22:42:16,13-07-2026 7:47:00,5,5,0,5,True,TRUE,True,CONVENCION_EXCLUYE_INICIAL;CONV_INCLUYE_INICIAL=6
4190139972,06-07-2026 19:16:47,13-07-2026 7:38:00,5,5,0,5,True,TRUE,True,CONVENCION_EXCLUYE_INICIAL;CONV_INCLUYE_INICIAL=6
4190139968,06-07-2026 14:47:18,10-07-2026 7:56:00,4,4,0,5,True,TRUE,True,CONVENCION_EXCLUYE_INICIAL;CONV_INCLUYE_INICIAL=5
4190139967,06-07-2026 14:44:39,13-07-2026 7:19:00,5,5,0,5,True,TRUE,True,CONVENCION_EXCLUYE_INICIAL;CONV_INCLUYE_INICIAL=6
4190139966,06-07-2026 13:13:07,10-07-2026 7:59:00,4,4,0,5,True,TRUE,True,CONVENCION_EXCLUYE_INICIAL;CONV_INCLUYE_INICIAL=5
4190139965,06-07-2026 11:29:08,13-07-2026 7:17:00,5,5,0,5,True,TRUE,True,CONVENCION_EXCLUYE_INICIAL;CONV_INCLUYE_INICIAL=6
4190139964,06-07-2026 10:52:33,13-07-2026 7:18:00,5,5,0,5,True,TRUE,True,CONVENCION_EXCLUYE_INICIAL;CONV_INCLUYE_INICIAL=6
4190139963,06-07-2026 10:46:19,10-07-2026 7:36:00,4,4,0,5,True,TRUE,True,CONVENCION_EXCLUYE_INICIAL;CONV_INCLUYE_INICIAL=5
4190139962,06-07-2026 10:42:08,08-07-2026 16:01:00,2,2,0,5,True,TRUE,True,CONVENCION_EXCLUYE_INICIAL;CONV_INCLUYE_INICIAL=3
1168027,06-07-2026 9:24:58,13-07-2026 7:37:00,5,5,0,5,True,TRUE,True,CONVENCION_EXCLUYE_INICIAL;CONV_INCLUYE_INICIAL=6
1168026,06-07-2026 9:19:25,13-07-2026 7:22:00,5,5,0,5,True,TRUE,True,CONVENCION_EXCLUYE_INICIAL;CONV_INCLUYE_INICIAL=6
4190139961,06-07-2026 8:39:55,09-07-2026 8:24:00,3,3,0,5,True,TRUE,True,CONVENCION_EXCLUYE_INICIAL;CONV_INCLUYE_INICIAL=4
4190139855,24-06-2026 16:39:33,30-06-2026 11:49:00,3,3,0,5,True,TRUE,True,CONVENCION_EXCLUYE_INICIAL;CONV_INCLUYE_INICIAL=4
4190139850,24-06-2026 12:29:08,30-06-2026 14:33:00,3,3,0,5,True,TRUE,True,CONVENCION_EXCLUYE_INICIAL;CONV_INCLUYE_INICIAL=4
1167330,24-06-2026 8:21:09,26-06-2026 9:25:00,2,2,0,5,True,TRUE,True,CONVENCION_EXCLUYE_INICIAL;CONV_INCLUYE_INICIAL=3
1167326,24-06-2026 1:28:58,30-06-2026 11:56:00,3,3,0,5,True,TRUE,True,CONVENCION_EXCLUYE_INICIAL;CONV_INCLUYE_INICIAL=4
4190139846,23-06-2026 21:54:07,30-06-2026 14:33:00,4,4,0,5,True,TRUE,True,CONVENCION_EXCLUYE_INICIAL;CONV_INCLUYE_INICIAL=5
4190139840,23-06-2026 17:20:16,30-06-2026 14:33:00,4,4,0,5,True,TRUE,True,CONVENCION_EXCLUYE_INICIAL;CONV_INCLUYE_INICIAL=5
4190139839,23-06-2026 17:16:02,30-06-2026 14:33:00,4,4,0,5,True,TRUE,True,CONVENCION_EXCLUYE_INICIAL;CONV_INCLUYE_INICIAL=5
4190139838,23-06-2026 16:40:51,30-06-2026 14:33:00,4,4,0,5,True,TRUE,True,CONVENCION_EXCLUYE_INICIAL;CONV_INCLUYE_INICIAL=5
4190139834,23-06-2026 11:44:58,26-06-2026 9:27:00,3,3,0,5,True,TRUE,True,CONVENCION_EXCLUYE_INICIAL;CONV_INCLUYE_INICIAL=4
4190139831,23-06-2026 0:05:53,26-06-2026 9:18:00,3,3,0,5,True,TRUE,True,CONVENCION_EXCLUYE_INICIAL;CONV_INCLUYE_INICIAL=4
4190139826,22-06-2026 23:16:46,26-06-2026 9:28:00,4,4,0,5,True,TRUE,True,CONVENCION_EXCLUYE_INICIAL;CONV_INCLUYE_INICIAL=5
4190139821,22-06-2026 22:54:08,26-06-2026 9:21:00,4,4,0,5,True,TRUE,True,CONVENCION_EXCLUYE_INICIAL;CONV_INCLUYE_INICIAL=5
4190139813,22-06-2026 21:07:37,26-06-2026 9:18:00,4,4,0,5,True,TRUE,True,CONVENCION_EXCLUYE_INICIAL;CONV_INCLUYE_INICIAL=5
4190139810,22-06-2026 20:21:28,25-06-2026 11:16:00,3,3,0,5,True,TRUE,True,CONVENCION_EXCLUYE_INICIAL;CONV_INCLUYE_INICIAL=4
4190139808,22-06-2026 19:38:05,26-06-2026 9:26:00,4,4,0,5,True,TRUE,True,CONVENCION_EXCLUYE_INICIAL;CONV_INCLUYE_INICIAL=5
4190139800,22-06-2026 17:51:28,25-06-2026 11:17:00,3,3,0,5,True,TRUE,True,CONVENCION_EXCLUYE_INICIAL;CONV_INCLUYE_INICIAL=4
4190139784,22-06-2026 13:32:44,25-06-2026 11:50:00,3,3,0,5,True,TRUE,True,CONVENCION_EXCLUYE_INICIAL;CONV_INCLUYE_INICIAL=4
4190139777,22-06-2026 0:00:00,23-06-2026 7:05:00,1,1,0,5,True,TRUE,True,CONVENCION_EXCLUYE_INICIAL;CONV_INCLUYE_INICIAL=2
4190139776,19-06-2026 17:15:34,25-06-2026 11:21:00,4,4,0,5,True,TRUE,True,CONVENCION_EXCLUYE_INICIAL;CONV_INCLUYE_INICIAL=5
4190139768,18-06-2026 22:27:28,22-06-2026 15:56:00,2,2,0,5,True,TRUE,True,CONVENCION_EXCLUYE_INICIAL;CONV_INCLUYE_INICIAL=3
4190139767,18-06-2026 20:55:06,23-06-2026 8:06:00,3,3,0,5,True,TRUE,True,CONVENCION_EXCLUYE_INICIAL;CONV_INCLUYE_INICIAL=4
4190139765,18-06-2026 19:48:59,22-06-2026 16:04:00,2,2,0,5,True,TRUE,True,CONVENCION_EXCLUYE_INICIAL;CONV_INCLUYE_INICIAL=3
1167259,18-06-2026 19:20:05,23-06-2026 7:10:00,3,3,0,5,True,TRUE,True,CONVENCION_EXCLUYE_INICIAL;CONV_INCLUYE_INICIAL=4
4190139756,18-06-2026 16:02:53,22-06-2026 15:46:00,2,2,0,5,True,TRUE,True,CONVENCION_EXCLUYE_INICIAL;CONV_INCLUYE_INICIAL=3
4190139753,18-06-2026 15:11:58,22-06-2026 15:50:00,2,2,0,5,True,TRUE,True,CONVENCION_EXCLUYE_INICIAL;CONV_INCLUYE_INICIAL=3
4190139749,18-06-2026 13:17:10,19-06-2026 12:20:00,1,1,0,5,True,TRUE,True,CONVENCION_EXCLUYE_INICIAL;CONV_INCLUYE_INICIAL=2
4190139743,17-06-2026 21:43:45,19-06-2026 10:57:00,2,2,0,5,True,TRUE,True,CONVENCION_EXCLUYE_INICIAL;CONV_INCLUYE_INICIAL=3
4190139741,17-06-2026 18:38:24,22-06-2026 15:43:00,3,3,0,5,True,TRUE,True,CONVENCION_EXCLUYE_INICIAL;CONV_INCLUYE_INICIAL=4
4190139735,17-06-2026 12:54:38,18-06-2026 15:43:00,1,1,0,5,True,TRUE,True,CONVENCION_EXCLUYE_INICIAL;CONV_INCLUYE_INICIAL=2
4190139734,17-06-2026 12:43:56,18-06-2026 15:44:00,1,1,0,5,True,TRUE,True,CONVENCION_EXCLUYE_INICIAL;CONV_INCLUYE_INICIAL=2
4190139733,17-06-2026 11:47:58,19-06-2026 10:59:00,2,2,0,5,True,TRUE,True,CONVENCION_EXCLUYE_INICIAL;CONV_INCLUYE_INICIAL=3
4190139720,16-06-2026 15:27:04,19-06-2026 12:04:00,3,3,0,5,True,TRUE,True,CONVENCION_EXCLUYE_INICIAL;CONV_INCLUYE_INICIAL=4
4190139718,16-06-2026 14:07:34,17-06-2026 15:23:00,1,1,0,5,True,TRUE,True,CONVENCION_EXCLUYE_INICIAL;CONV_INCLUYE_INICIAL=2
4190139717,16-06-2026 13:49:20,17-06-2026 15:21:00,1,1,0,5,True,TRUE,True,CONVENCION_EXCLUYE_INICIAL;CONV_INCLUYE_INICIAL=2
4190139716,16-06-2026 13:27:08,19-06-2026 11:03:00,3,3,0,5,True,TRUE,True,CONVENCION_EXCLUYE_INICIAL;CONV_INCLUYE_INICIAL=4
4190139709,15-06-2026 18:06:50,19-06-2026 10:52:00,4,4,0,5,True,TRUE,True,CONVENCION_EXCLUYE_INICIAL;CONV_INCLUYE_INICIAL=5
4190139707,15-06-2026 17:48:48,17-06-2026 15:31:00,2,2,0,5,True,TRUE,True,CONVENCION_EXCLUYE_INICIAL;CONV_INCLUYE_INICIAL=3
4190139706,15-06-2026 17:44:47,19-06-2026 10:52:00,4,4,0,5,True,TRUE,True,CONVENCION_EXCLUYE_INICIAL;CONV_INCLUYE_INICIAL=5
4190139705,15-06-2026 17:38:35,19-06-2026 10:52:00,4,4,0,5,True,TRUE,True,CONVENCION_EXCLUYE_INICIAL;CONV_INCLUYE_INICIAL=5
4190139703,15-06-2026 17:17:07,19-06-2026 10:52:00,4,4,0,5,True,TRUE,True,CONVENCION_EXCLUYE_INICIAL;CONV_INCLUYE_INICIAL=5
4190139701,15-06-2026 13:34:31,17-06-2026 15:33:00,2,2,0,5,True,TRUE,True,CONVENCION_EXCLUYE_INICIAL;CONV_INCLUYE_INICIAL=3
4190139700,15-06-2026 12:47:18,17-06-2026 15:45:00,2,2,0,5,True,TRUE,True,CONVENCION_EXCLUYE_INICIAL;CONV_INCLUYE_INICIAL=3
4190139699,15-06-2026 12:23:01,17-06-2026 15:35:00,2,2,0,5,True,TRUE,True,CONVENCION_EXCLUYE_INICIAL;CONV_INCLUYE_INICIAL=3
4190139712,15-06-2026 0:00:00,19-06-2026 10:53:00,4,4,0,5,True,TRUE,True,CONVENCION_EXCLUYE_INICIAL;CONV_INCLUYE_INICIAL=5
4190139697,14-06-2026 23:51:03,16-06-2026 7:22:00,2,2,0,5,True,TRUE,True,CONVENCION_EXCLUYE_INICIAL
4190139696,14-06-2026 23:08:39,19-06-2026 11:02:00,5,5,0,5,True,TRUE,True,CONVENCION_EXCLUYE_INICIAL
4190139695,14-06-2026 22:41:19,16-06-2026 7:21:00,2,2,0,5,True,TRUE,True,CONVENCION_EXCLUYE_INICIAL
4190139688,12-06-2026 13:52:23,17-06-2026 15:44:00,3,3,0,5,True,TRUE,True,CONVENCION_EXCLUYE_INICIAL;CONV_INCLUYE_INICIAL=4
4190139685,12-06-2026 12:45:50,16-06-2026 7:23:00,2,2,0,5,True,TRUE,True,CONVENCION_EXCLUYE_INICIAL;CONV_INCLUYE_INICIAL=3
4190139684,12-06-2026 12:41:40,16-06-2026 15:15:00,2,2,0,5,True,TRUE,True,CONVENCION_EXCLUYE_INICIAL;CONV_INCLUYE_INICIAL=3
4190139681,12-06-2026 12:08:58,17-06-2026 15:37:00,3,3,0,5,True,TRUE,True,CONVENCION_EXCLUYE_INICIAL;CONV_INCLUYE_INICIAL=4
4190139674,11-06-2026 18:20:55,15-06-2026 7:07:00,2,2,0,5,True,TRUE,True,CONVENCION_EXCLUYE_INICIAL;CONV_INCLUYE_INICIAL=3
4190139672,11-06-2026 14:17:45,15-06-2026 7:08:00,2,2,0,5,True,TRUE,True,CONVENCION_EXCLUYE_INICIAL;CONV_INCLUYE_INICIAL=3
4190139671,11-06-2026 14:17:32,15-06-2026 7:06:00,2,2,0,5,True,TRUE,True,CONVENCION_EXCLUYE_INICIAL;CONV_INCLUYE_INICIAL=3
4190139670,11-06-2026 14:13:20,15-06-2026 14:48:00,2,2,0,5,True,TRUE,True,CONVENCION_EXCLUYE_INICIAL;CONV_INCLUYE_INICIAL=3
4190139668,11-06-2026 12:16:53,15-06-2026 7:07:00,2,2,0,5,True,TRUE,True,CONVENCION_EXCLUYE_INICIAL;CONV_INCLUYE_INICIAL=3
4190139666,11-06-2026 11:42:28,15-06-2026 14:43:00,2,2,0,5,True,TRUE,True,CONVENCION_EXCLUYE_INICIAL;CONV_INCLUYE_INICIAL=3
4190139658,11-06-2026 9:47:51,12-06-2026 11:16:00,1,1,0,5,True,TRUE,True,CONVENCION_EXCLUYE_INICIAL;CONV_INCLUYE_INICIAL=2
4190139657,11-06-2026 9:16:38,12-06-2026 11:42:00,1,1,0,5,True,TRUE,True,CONVENCION_EXCLUYE_INICIAL;CONV_INCLUYE_INICIAL=2
4190139656,11-06-2026 9:15:26,12-06-2026 11:31:00,1,1,0,5,True,TRUE,True,CONVENCION_EXCLUYE_INICIAL;CONV_INCLUYE_INICIAL=2
4190139652,11-06-2026 9:10:32,12-06-2026 11:33:00,1,1,0,5,True,TRUE,True,CONVENCION_EXCLUYE_INICIAL;CONV_INCLUYE_INICIAL=2
4190139645,11-06-2026 8:42:57,12-06-2026 11:26:00,1,1,0,5,True,TRUE,True,CONVENCION_EXCLUYE_INICIAL;CONV_INCLUYE_INICIAL=2
4190139651,11-06-2026 0:00:00,12-06-2026 11:35:00,1,1,0,5,True,TRUE,True,CONVENCION_EXCLUYE_INICIAL;CONV_INCLUYE_INICIAL=2
4190139669,11-06-2026 0:00:00,15-06-2026 14:47:00,2,2,0,5,True,TRUE,True,CONVENCION_EXCLUYE_INICIAL;CONV_INCLUYE_INICIAL=3
4190139638,10-06-2026 12:03:47,12-06-2026 11:48:00,2,2,0,5,True,TRUE,True,CONVENCION_EXCLUYE_INICIAL;CONV_INCLUYE_INICIAL=3
4190139635,09-06-2026 22:51:11,12-06-2026 10:40:00,3,3,0,5,True,TRUE,True,CONVENCION_EXCLUYE_INICIAL;CONV_INCLUYE_INICIAL=4
4190139622,09-06-2026 12:07:49,10-06-2026 11:59:00,1,1,0,5,True,TRUE,True,CONVENCION_EXCLUYE_INICIAL;CONV_INCLUYE_INICIAL=2
4190139621,09-06-2026 10:43:35,10-06-2026 12:46:00,1,1,0,5,True,TRUE,True,CONVENCION_EXCLUYE_INICIAL;CONV_INCLUYE_INICIAL=2
4190139619,09-06-2026 10:31:10,11-06-2026 11:22:00,2,2,0,5,True,TRUE,True,CONVENCION_EXCLUYE_INICIAL;CONV_INCLUYE_INICIAL=3
4190139611,08-06-2026 17:47:14,10-06-2026 11:58:00,2,2,0,5,True,TRUE,True,CONVENCION_EXCLUYE_INICIAL;CONV_INCLUYE_INICIAL=3
4190139605,08-06-2026 15:49:51,10-06-2026 12:42:00,2,2,0,5,True,TRUE,True,CONVENCION_EXCLUYE_INICIAL;CONV_INCLUYE_INICIAL=3
4190139603,08-06-2026 15:43:26,10-06-2026 12:47:00,2,2,0,5,True,TRUE,True,CONVENCION_EXCLUYE_INICIAL;CONV_INCLUYE_INICIAL=3
4190139601,08-06-2026 15:36:01,10-06-2026 12:01:00,2,2,0,5,True,TRUE,True,CONVENCION_EXCLUYE_INICIAL;CONV_INCLUYE_INICIAL=3
4190139598,07-06-2026 23:35:24,10-06-2026 12:40:00,3,3,0,5,True,TRUE,True,CONVENCION_EXCLUYE_INICIAL
4190139595,04-06-2026 20:55:22,11-06-2026 11:24:00,5,5,0,5,True,TRUE,True,CONVENCION_EXCLUYE_INICIAL;CONV_INCLUYE_INICIAL=6
1167068,04-06-2026 18:48:29,08-06-2026 11:33:00,2,2,0,5,True,TRUE,True,CONVENCION_EXCLUYE_INICIAL;CONV_INCLUYE_INICIAL=3
1167066,04-06-2026 15:27:44,08-06-2026 10:38:00,2,2,0,5,True,TRUE,True,CONVENCION_EXCLUYE_INICIAL;CONV_INCLUYE_INICIAL=3
4190139585,04-06-2026 14:24:43,09-06-2026 12:53:00,3,3,0,5,True,TRUE,True,CONVENCION_EXCLUYE_INICIAL;CONV_INCLUYE_INICIAL=4
4190139584,04-06-2026 14:17:15,10-06-2026 12:43:00,4,4,0,5,True,TRUE,True,CONVENCION_EXCLUYE_INICIAL;CONV_INCLUYE_INICIAL=5
4190139579,03-06-2026 17:21:11,08-06-2026 10:34:00,3,3,0,5,True,TRUE,True,CONVENCION_EXCLUYE_INICIAL;CONV_INCLUYE_INICIAL=4
4190139573,03-06-2026 15:20:16,09-06-2026 12:56:00,4,4,0,5,True,TRUE,True,CONVENCION_EXCLUYE_INICIAL;CONV_INCLUYE_INICIAL=5
4190139567,03-06-2026 11:42:52,08-06-2026 10:37:00,3,3,0,5,True,TRUE,True,CONVENCION_EXCLUYE_INICIAL;CONV_INCLUYE_INICIAL=4
4190139564,02-06-2026 16:05:00,05-06-2026 11:51:00,3,3,0,5,True,TRUE,True,CONVENCION_EXCLUYE_INICIAL;CONV_INCLUYE_INICIAL=4
4190139563,02-06-2026 14:19:46,05-06-2026 11:53:00,3,3,0,5,True,TRUE,True,CONVENCION_EXCLUYE_INICIAL;CONV_INCLUYE_INICIAL=4
1167030,02-06-2026 12:54:15,03-06-2026 12:04:00,1,1,0,5,True,TRUE,True,CONVENCION_EXCLUYE_INICIAL;CONV_INCLUYE_INICIAL=2
1167029,02-06-2026 12:51:12,03-06-2026 12:04:00,1,1,0,5,True,TRUE,True,CONVENCION_EXCLUYE_INICIAL;CONV_INCLUYE_INICIAL=2
1167027,02-06-2026 12:47:12,03-06-2026 12:04:00,1,1,0,5,True,TRUE,True,CONVENCION_EXCLUYE_INICIAL;CONV_INCLUYE_INICIAL=2
4190139540,01-06-2026 11:42:55,08-06-2026 10:40:00,5,5,0,5,True,TRUE,True,CONVENCION_EXCLUYE_INICIAL;CONV_INCLUYE_INICIAL=6
4190139487,27-05-2026 19:33:11,29-05-2026 11:51:00,2,2,0,5,True,TRUE,True,CONVENCION_EXCLUYE_INICIAL;CONV_INCLUYE_INICIAL=3
4190139482,27-05-2026 17:42:21,29-05-2026 11:50:00,2,2,0,5,True,TRUE,True,CONVENCION_EXCLUYE_INICIAL;CONV_INCLUYE_INICIAL=3
4190139474,27-05-2026 14:39:13,29-05-2026 11:58:00,2,2,0,5,True,TRUE,True,CONVENCION_EXCLUYE_INICIAL;CONV_INCLUYE_INICIAL=3
4190139468,27-05-2026 10:33:50,29-05-2026 11:49:00,2,2,0,5,True,TRUE,True,CONVENCION_EXCLUYE_INICIAL;CONV_INCLUYE_INICIAL=3
4190139462,26-05-2026 20:21:36,29-05-2026 11:53:00,3,3,0,5,True,TRUE,True,CONVENCION_EXCLUYE_INICIAL;CONV_INCLUYE_INICIAL=4
4190139461,26-05-2026 19:43:02,29-05-2026 11:50:00,3,3,0,5,True,TRUE,True,CONVENCION_EXCLUYE_INICIAL;CONV_INCLUYE_INICIAL=4
4190139450,26-05-2026 14:53:01,29-05-2026 11:52:00,3,3,0,5,True,TRUE,True,CONVENCION_EXCLUYE_INICIAL;CONV_INCLUYE_INICIAL=4
4190139449,26-05-2026 13:17:45,28-05-2026 8:54:00,2,2,0,5,True,TRUE,True,CONVENCION_EXCLUYE_INICIAL;CONV_INCLUYE_INICIAL=3
4190139448,26-05-2026 12:53:29,28-05-2026 11:26:00,2,2,0,5,True,TRUE,True,CONVENCION_EXCLUYE_INICIAL;CONV_INCLUYE_INICIAL=3
4190139447,26-05-2026 12:20:16,28-05-2026 8:53:00,2,2,0,5,True,TRUE,True,CONVENCION_EXCLUYE_INICIAL;CONV_INCLUYE_INICIAL=3
4190139446,26-05-2026 12:16:05,27-05-2026 15:17:00,1,1,0,5,True,TRUE,True,CONVENCION_EXCLUYE_INICIAL;CONV_INCLUYE_INICIAL=2
4190139445,26-05-2026 12:02:49,28-05-2026 8:53:00,2,2,0,5,True,TRUE,True,CONVENCION_EXCLUYE_INICIAL;CONV_INCLUYE_INICIAL=3
4190139444,26-05-2026 11:31:35,28-05-2026 11:37:00,2,2,0,5,True,TRUE,True,CONVENCION_EXCLUYE_INICIAL;CONV_INCLUYE_INICIAL=3
4190139438,25-05-2026 19:03:37,27-05-2026 15:18:00,2,2,0,5,True,TRUE,True,CONVENCION_EXCLUYE_INICIAL;CONV_INCLUYE_INICIAL=3
4190139434,25-05-2026 16:44:39,27-05-2026 15:14:00,2,2,0,5,True,TRUE,True,CONVENCION_EXCLUYE_INICIAL;CONV_INCLUYE_INICIAL=3
4190139433,25-05-2026 16:33:27,27-05-2026 15:06:00,2,2,0,5,True,TRUE,True,CONVENCION_EXCLUYE_INICIAL;CONV_INCLUYE_INICIAL=3
4190139431,25-05-2026 12:26:52,27-05-2026 8:39:00,2,2,0,5,True,TRUE,True,CONVENCION_EXCLUYE_INICIAL;CONV_INCLUYE_INICIAL=3
4190139430,25-05-2026 12:16:41,26-05-2026 13:13:00,1,1,0,5,True,TRUE,True,CONVENCION_EXCLUYE_INICIAL;CONV_INCLUYE_INICIAL=2
4190139426,25-05-2026 11:49:48,28-05-2026 11:28:00,3,3,0,5,True,TRUE,True,CONVENCION_EXCLUYE_INICIAL;CONV_INCLUYE_INICIAL=4
4190139420,25-05-2026 9:29:47,27-05-2026 8:21:00,2,2,0,5,True,TRUE,True,CONVENCION_EXCLUYE_INICIAL;CONV_INCLUYE_INICIAL=3
4190139419,25-05-2026 9:21:32,27-05-2026 8:20:00,2,2,0,5,True,TRUE,True,CONVENCION_EXCLUYE_INICIAL;CONV_INCLUYE_INICIAL=3
4190139418,25-05-2026 9:15:19,27-05-2026 8:22:00,2,2,0,5,True,TRUE,True,CONVENCION_EXCLUYE_INICIAL;CONV_INCLUYE_INICIAL=3
4190139437,25-05-2026 0:00:00,27-05-2026 8:34:00,2,2,0,5,True,TRUE,True,CONVENCION_EXCLUYE_INICIAL;CONV_INCLUYE_INICIAL=3
4190139429,25-05-2026 0:00:00,27-05-2026 15:20:00,2,2,0,5,True,TRUE,True,CONVENCION_EXCLUYE_INICIAL;CONV_INCLUYE_INICIAL=3
4190139415,22-05-2026 15:50:58,29-05-2026 11:48:00,5,5,0,5,True,TRUE,True,CONVENCION_EXCLUYE_INICIAL;CONV_INCLUYE_INICIAL=6
4190139412,22-05-2026 14:54:16,27-05-2026 15:05:00,3,3,0,5,True,TRUE,True,CONVENCION_EXCLUYE_INICIAL;CONV_INCLUYE_INICIAL=4
4190139408,22-05-2026 14:03:53,27-05-2026 15:22:00,3,3,0,5,True,TRUE,True,CONVENCION_EXCLUYE_INICIAL;CONV_INCLUYE_INICIAL=4
1166620,22-05-2026 11:51:34,26-05-2026 13:01:00,2,2,0,5,True,TRUE,True,CONVENCION_EXCLUYE_INICIAL;CONV_INCLUYE_INICIAL=3
4190139401,20-05-2026 16:41:16,25-05-2026 7:27:00,2,2,0,5,True,TRUE,True,CONVENCION_EXCLUYE_INICIAL;CONV_INCLUYE_INICIAL=3
4190139397,20-05-2026 12:54:11,28-05-2026 11:27:00,5,5,0,5,True,TRUE,True,CONVENCION_EXCLUYE_INICIAL;CONV_INCLUYE_INICIAL=6
4190139396,20-05-2026 12:22:56,22-05-2026 11:26:00,1,1,0,5,True,TRUE,True,CONVENCION_EXCLUYE_INICIAL;CONV_INCLUYE_INICIAL=2
4190139394,20-05-2026 11:48:42,22-05-2026 11:13:00,1,1,0,5,True,TRUE,True,CONVENCION_EXCLUYE_INICIAL;CONV_INCLUYE_INICIAL=2
4190139393,20-05-2026 11:27:58,27-05-2026 8:23:00,4,4,0,5,True,TRUE,True,CONVENCION_EXCLUYE_INICIAL;CONV_INCLUYE_INICIAL=5
4190139391,20-05-2026 10:26:21,22-05-2026 11:10:00,1,1,0,5,True,TRUE,True,CONVENCION_EXCLUYE_INICIAL;CONV_INCLUYE_INICIAL=2
4190139392,20-05-2026 0:00:00,26-05-2026 13:00:00,3,3,0,5,True,TRUE,True,CONVENCION_EXCLUYE_INICIAL;CONV_INCLUYE_INICIAL=4
4190139388,19-05-2026 23:58:49,22-05-2026 11:15:00,2,2,0,5,True,TRUE,True,CONVENCION_EXCLUYE_INICIAL;CONV_INCLUYE_INICIAL=3
4190139383,19-05-2026 18:37:52,22-05-2026 11:27:00,2,2,0,5,True,TRUE,True,CONVENCION_EXCLUYE_INICIAL;CONV_INCLUYE_INICIAL=3
4190139379,19-05-2026 10:09:53,25-05-2026 8:08:00,3,3,0,5,True,TRUE,True,CONVENCION_EXCLUYE_INICIAL;CONV_INCLUYE_INICIAL=4
4190139378,19-05-2026 9:57:41,22-05-2026 11:21:00,2,2,0,5,True,TRUE,True,CONVENCION_EXCLUYE_INICIAL;CONV_INCLUYE_INICIAL=3
4190139376,19-05-2026 9:40:14,25-05-2026 13:10:00,3,3,0,5,True,TRUE,True,CONVENCION_EXCLUYE_INICIAL;CONV_INCLUYE_INICIAL=4
4190139372,18-05-2026 23:32:17,22-05-2026 11:14:00,3,3,0,5,True,TRUE,True,CONVENCION_EXCLUYE_INICIAL;CONV_INCLUYE_INICIAL=4
4190139369,18-05-2026 19:34:35,20-05-2026 15:14:00,2,2,0,5,True,TRUE,True,CONVENCION_EXCLUYE_INICIAL;CONV_INCLUYE_INICIAL=3
4190139368,18-05-2026 19:27:27,20-05-2026 15:14:00,2,2,0,5,True,TRUE,True,CONVENCION_EXCLUYE_INICIAL;CONV_INCLUYE_INICIAL=3
4190139364,18-05-2026 18:32:06,20-05-2026 15:14:00,2,2,0,5,True,TRUE,True,CONVENCION_EXCLUYE_INICIAL;CONV_INCLUYE_INICIAL=3
4190139360,18-05-2026 17:56:49,20-05-2026 15:14:00,2,2,0,5,True,TRUE,True,CONVENCION_EXCLUYE_INICIAL;CONV_INCLUYE_INICIAL=3
4190139356,18-05-2026 14:32:00,22-05-2026 11:38:00,3,3,0,5,True,TRUE,True,CONVENCION_EXCLUYE_INICIAL;CONV_INCLUYE_INICIAL=4
1166573,18-05-2026 12:55:57,20-05-2026 15:19:00,2,2,0,5,True,TRUE,True,CONVENCION_EXCLUYE_INICIAL;CONV_INCLUYE_INICIAL=3
1166569,18-05-2026 12:13:28,22-05-2026 11:22:00,3,3,0,5,True,TRUE,True,CONVENCION_EXCLUYE_INICIAL;CONV_INCLUYE_INICIAL=4
1166564,18-05-2026 11:05:53,22-05-2026 11:39:00,3,3,0,5,True,TRUE,True,CONVENCION_EXCLUYE_INICIAL;CONV_INCLUYE_INICIAL=4
4190139366,18-05-2026 0:00:00,20-05-2026 15:14:00,2,2,0,5,True,TRUE,True,CONVENCION_EXCLUYE_INICIAL;CONV_INCLUYE_INICIAL=3
4190139350,15-05-2026 9:14:55,18-05-2026 9:43:00,1,1,0,5,True,TRUE,True,CONVENCION_EXCLUYE_INICIAL;CONV_INCLUYE_INICIAL=2
4190139340,14-05-2026 16:30:24,22-05-2026 11:09:00,5,5,0,5,True,TRUE,True,CONVENCION_EXCLUYE_INICIAL;CONV_INCLUYE_INICIAL=6
4190139339,14-05-2026 15:19:08,18-05-2026 9:34:00,2,2,0,5,True,TRUE,True,CONVENCION_EXCLUYE_INICIAL;CONV_INCLUYE_INICIAL=3
4190139337,14-05-2026 14:56:43,18-05-2026 9:17:00,2,2,0,5,True,TRUE,True,CONVENCION_EXCLUYE_INICIAL;CONV_INCLUYE_INICIAL=3
4190139336,14-05-2026 14:56:31,18-05-2026 9:42:00,2,2,0,5,True,TRUE,True,CONVENCION_EXCLUYE_INICIAL;CONV_INCLUYE_INICIAL=3
1166527,14-05-2026 12:41:04,18-05-2026 9:35:00,2,2,0,5,True,TRUE,True,CONVENCION_EXCLUYE_INICIAL;CONV_INCLUYE_INICIAL=3
4190139331,13-05-2026 19:26:50,15-05-2026 8:42:00,2,2,0,5,True,TRUE,True,CONVENCION_EXCLUYE_INICIAL;CONV_INCLUYE_INICIAL=3
4190139328,13-05-2026 17:25:55,15-05-2026 8:41:00,2,2,0,5,True,TRUE,True,CONVENCION_EXCLUYE_INICIAL;CONV_INCLUYE_INICIAL=3
4190139327,13-05-2026 14:18:41,15-05-2026 8:41:00,2,2,0,5,True,TRUE,True,CONVENCION_EXCLUYE_INICIAL;CONV_INCLUYE_INICIAL=3
4190139324,13-05-2026 12:27:47,15-05-2026 8:39:00,2,2,0,5,True,TRUE,True,CONVENCION_EXCLUYE_INICIAL;CONV_INCLUYE_INICIAL=3
4190139323,13-05-2026 11:43:37,18-05-2026 9:28:00,3,3,0,5,True,TRUE,True,CONVENCION_EXCLUYE_INICIAL;CONV_INCLUYE_INICIAL=4
4190139319,13-05-2026 9:53:42,18-05-2026 9:18:00,3,3,0,5,True,TRUE,True,CONVENCION_EXCLUYE_INICIAL;CONV_INCLUYE_INICIAL=4
4190139313,12-05-2026 18:38:40,15-05-2026 8:48:00,3,3,0,5,True,TRUE,True,CONVENCION_EXCLUYE_INICIAL;CONV_INCLUYE_INICIAL=4
4190139312,12-05-2026 17:40:20,15-05-2026 8:47:00,3,3,0,5,True,TRUE,True,CONVENCION_EXCLUYE_INICIAL;CONV_INCLUYE_INICIAL=4
4190139309,12-05-2026 14:39:54,15-05-2026 8:46:00,3,3,0,5,True,TRUE,True,CONVENCION_EXCLUYE_INICIAL;CONV_INCLUYE_INICIAL=4
4190139307,12-05-2026 0:00:00,15-05-2026 8:49:00,3,3,0,5,True,TRUE,True,CONVENCION_EXCLUYE_INICIAL;CONV_INCLUYE_INICIAL=4
4190139297,11-05-2026 12:59:57,18-05-2026 9:19:00,5,5,0,5,True,TRUE,True,CONVENCION_EXCLUYE_INICIAL;CONV_INCLUYE_INICIAL=6
4190139296,11-05-2026 12:57:46,18-05-2026 9:25:00,5,5,0,5,True,TRUE,True,CONVENCION_EXCLUYE_INICIAL;CONV_INCLUYE_INICIAL=6
4190139295,11-05-2026 12:03:32,14-05-2026 15:13:00,3,3,0,5,True,TRUE,True,CONVENCION_EXCLUYE_INICIAL;CONV_INCLUYE_INICIAL=4
4190139294,11-05-2026 11:58:20,14-05-2026 15:12:00,3,3,0,5,True,TRUE,True,CONVENCION_EXCLUYE_INICIAL;CONV_INCLUYE_INICIAL=4
4190139293,11-05-2026 11:40:05,18-05-2026 9:26:00,5,5,0,5,True,TRUE,True,CONVENCION_EXCLUYE_INICIAL;CONV_INCLUYE_INICIAL=6
4190139286,09-05-2026 10:17:53,15-05-2026 8:53:00,5,5,0,5,True,TRUE,True,CONVENCION_EXCLUYE_INICIAL
4190139280,08-05-2026 19:28:15,15-05-2026 8:51:00,5,5,0,5,True,TRUE,True,CONVENCION_EXCLUYE_INICIAL;CONV_INCLUYE_INICIAL=6
4190139267,08-05-2026 15:12:44,14-05-2026 15:10:00,4,4,0,5,True,TRUE,True,CONVENCION_EXCLUYE_INICIAL;CONV_INCLUYE_INICIAL=5
4190139265,08-05-2026 14:58:13,14-05-2026 15:10:00,4,4,0,5,True,TRUE,True,CONVENCION_EXCLUYE_INICIAL;CONV_INCLUYE_INICIAL=5
4190139281,08-05-2026 0:00:00,15-05-2026 8:52:00,5,5,0,5,True,TRUE,True,CONVENCION_EXCLUYE_INICIAL;CONV_INCLUYE_INICIAL=6
4190139272,08-05-2026 0:00:00,15-05-2026 8:57:00,5,5,0,5,True,TRUE,True,CONVENCION_EXCLUYE_INICIAL;CONV_INCLUYE_INICIAL=6
4190139256,07-05-2026 23:54:35,12-05-2026 16:15:00,3,3,0,5,True,TRUE,True,CONVENCION_EXCLUYE_INICIAL;CONV_INCLUYE_INICIAL=4
4190139255,07-05-2026 22:57:20,12-05-2026 16:15:00,3,3,0,5,True,TRUE,True,CONVENCION_EXCLUYE_INICIAL;CONV_INCLUYE_INICIAL=4
4190139250,07-05-2026 21:28:07,12-05-2026 16:18:00,3,3,0,5,True,TRUE,True,CONVENCION_EXCLUYE_INICIAL;CONV_INCLUYE_INICIAL=4
4190139235,07-05-2026 12:21:15,12-05-2026 9:05:00,3,3,0,5,True,TRUE,True,CONVENCION_EXCLUYE_INICIAL;CONV_INCLUYE_INICIAL=4
4190139248,07-05-2026 0:00:00,13-05-2026 16:39:00,4,4,0,5,True,TRUE,True,CONVENCION_EXCLUYE_INICIAL;CONV_INCLUYE_INICIAL=5
4190139210,06-05-2026 12:52:14,07-05-2026 15:36:00,1,1,0,5,True,TRUE,True,CONVENCION_EXCLUYE_INICIAL;CONV_INCLUYE_INICIAL=2
4190139226,06-05-2026 0:00:00,12-05-2026 16:17:00,4,4,0,5,True,TRUE,True,CONVENCION_EXCLUYE_INICIAL;CONV_INCLUYE_INICIAL=5
4190139195,05-05-2026 22:57:59,11-05-2026 7:24:00,4,4,0,5,True,TRUE,True,CONVENCION_EXCLUYE_INICIAL;CONV_INCLUYE_INICIAL=5
4190139191,05-05-2026 18:33:26,11-05-2026 7:25:00,4,4,0,5,True,TRUE,True,CONVENCION_EXCLUYE_INICIAL;CONV_INCLUYE_INICIAL=5
4190139185,05-05-2026 14:39:07,12-05-2026 9:04:00,5,5,0,5,True,TRUE,True,CONVENCION_EXCLUYE_INICIAL;CONV_INCLUYE_INICIAL=6
4190139184,05-05-2026 13:55:52,11-05-2026 7:21:00,4,4,0,5,True,TRUE,True,CONVENCION_EXCLUYE_INICIAL;CONV_INCLUYE_INICIAL=5
4190139178,04-05-2026 21:21:11,08-05-2026 8:55:00,4,4,0,5,True,TRUE,True,CONVENCION_EXCLUYE_INICIAL;CONV_INCLUYE_INICIAL=5
4190139177,04-05-2026 20:32:56,08-05-2026 8:56:00,4,4,0,5,True,TRUE,True,CONVENCION_EXCLUYE_INICIAL;CONV_INCLUYE_INICIAL=5
1168132,14-07-2026 14:21:45,14-07-2026 16:39:30,0,0,0,5,True,TRUE,True,CONVENCION_EXCLUYE_INICIAL;CONV_INCLUYE_INICIAL=1
4190140026,14-07-2026 14:10:43,14-07-2026 15:35:49,0,0,0,5,True,TRUE,True,CONVENCION_EXCLUYE_INICIAL;CONV_INCLUYE_INICIAL=1
4190140021,13-07-2026 21:19:16,14-07-2026 15:20:00,1,1,0,5,True,TRUE,True,CONVENCION_EXCLUYE_INICIAL;CONV_INCLUYE_INICIAL=2
4190140019,13-07-2026 20:47:52,14-07-2026 11:49:00,1,1,0,5,True,TRUE,True,CONVENCION_EXCLUYE_INICIAL;CONV_INCLUYE_INICIAL=2
1168123,13-07-2026 20:09:36,14-07-2026 17:13:00,1,1,0,5,True,TRUE,True,CONVENCION_EXCLUYE_INICIAL;CONV_INCLUYE_INICIAL=2
1168119,13-07-2026 16:50:12,14-07-2026 15:25:00,1,1,0,5,True,TRUE,True,CONVENCION_EXCLUYE_INICIAL;CONV_INCLUYE_INICIAL=2
1168118,13-07-2026 15:58:27,14-07-2026 11:52:00,1,1,0,5,True,TRUE,True,CONVENCION_EXCLUYE_INICIAL;CONV_INCLUYE_INICIAL=2
1168116,13-07-2026 12:51:08,14-07-2026 10:18:00,1,1,0,5,True,TRUE,True,CONVENCION_EXCLUYE_INICIAL;CONV_INCLUYE_INICIAL=2
4190140016,13-07-2026 11:11:38,14-07-2026 11:40:27,1,1,0,5,True,TRUE,True,CONVENCION_EXCLUYE_INICIAL;CONV_INCLUYE_INICIAL=2
4190140020,13-07-2026 0:00:00,14-07-2026 12:20:00,1,1,0,5,True,TRUE,True,CONVENCION_EXCLUYE_INICIAL;CONV_INCLUYE_INICIAL=2
4190140007,10-07-2026 10:22:38,13-07-2026 14:53:00,1,1,0,5,True,TRUE,True,CONVENCION_EXCLUYE_INICIAL;CONV_INCLUYE_INICIAL=2
1168084,09-07-2026 14:33:24,10-07-2026 10:59:00,1,1,0,5,True,TRUE,True,CONVENCION_EXCLUYE_INICIAL;CONV_INCLUYE_INICIAL=2
4190140000,08-07-2026 21:48:59,09-07-2026 12:20:00,1,1,0,5,True,TRUE,True,CONVENCION_EXCLUYE_INICIAL;CONV_INCLUYE_INICIAL=2
1168072,08-07-2026 14:02:50,10-07-2026 11:00:00,2,2,0,5,True,TRUE,True,CONVENCION_EXCLUYE_INICIAL;CONV_INCLUYE_INICIAL=3
4190139984,07-07-2026 15:57:52,13-07-2026 13:08:00,4,4,0,5,True,TRUE,True,CONVENCION_EXCLUYE_INICIAL;CONV_INCLUYE_INICIAL=5
4190139951,02-07-2026 19:10:54,07-07-2026 10:49:00,3,3,0,5,True,TRUE,True,CONVENCION_EXCLUYE_INICIAL;CONV_INCLUYE_INICIAL=4
1167355,25-06-2026 10:45:28,30-06-2026 12:38:00,2,2,0,5,True,TRUE,True,CONVENCION_EXCLUYE_INICIAL;CONV_INCLUYE_INICIAL=3
1167319,23-06-2026 21:27:49,25-06-2026 14:57:00,2,2,0,5,True,TRUE,True,CONVENCION_EXCLUYE_INICIAL;CONV_INCLUYE_INICIAL=3
4190139793,22-06-2026 16:37:02,24-06-2026 12:37:00,2,2,0,5,True,TRUE,True,CONVENCION_EXCLUYE_INICIAL;CONV_INCLUYE_INICIAL=3
4190139761,18-06-2026 16:49:48,22-06-2026 16:35:00,2,2,0,5,True,TRUE,True,CONVENCION_EXCLUYE_INICIAL;CONV_INCLUYE_INICIAL=3
4190139725,16-06-2026 18:21:57,17-06-2026 15:59:00,1,1,0,5,True,TRUE,True,CONVENCION_EXCLUYE_INICIAL;CONV_INCLUYE_INICIAL=2
1167203,16-06-2026 12:29:49,17-06-2026 16:04:00,1,1,0,5,True,TRUE,True,CONVENCION_EXCLUYE_INICIAL;CONV_INCLUYE_INICIAL=2
1167200,16-06-2026 11:22:30,17-06-2026 12:09:00,1,1,0,5,True,TRUE,True,CONVENCION_EXCLUYE_INICIAL;CONV_INCLUYE_INICIAL=2
1167183,15-06-2026 12:31:35,15-06-2026 14:00:30,0,0,0,5,True,TRUE,True,CONVENCION_EXCLUYE_INICIAL;CONV_INCLUYE_INICIAL=1
1167147,11-06-2026 16:56:33,15-06-2026 12:09:00,2,2,0,5,True,TRUE,True,CONVENCION_EXCLUYE_INICIAL;CONV_INCLUYE_INICIAL=3
4190139637,10-06-2026 11:26:34,11-06-2026 15:01:00,1,1,0,5,True,TRUE,True,CONVENCION_EXCLUYE_INICIAL;CONV_INCLUYE_INICIAL=2
1167125,10-06-2026 11:02:35,10-06-2026 12:25:13,0,0,0,5,True,TRUE,True,CONVENCION_EXCLUYE_INICIAL;CONV_INCLUYE_INICIAL=1
4190139633,09-06-2026 22:00:42,11-06-2026 13:00:00,2,2,0,5,True,TRUE,True,CONVENCION_EXCLUYE_INICIAL;CONV_INCLUYE_INICIAL=3
4190139620,09-06-2026 10:38:21,09-06-2026 15:27:00,0,0,0,5,True,TRUE,True,CONVENCION_EXCLUYE_INICIAL;CONV_INCLUYE_INICIAL=1
4190139613,08-06-2026 19:06:37,09-06-2026 13:25:00,1,1,0,5,True,TRUE,True,CONVENCION_EXCLUYE_INICIAL;CONV_INCLUYE_INICIAL=2
4190139581,03-06-2026 20:42:26,04-06-2026 15:05:00,1,1,0,5,True,TRUE,True,CONVENCION_EXCLUYE_INICIAL;CONV_INCLUYE_INICIAL=2
1167047,03-06-2026 12:56:16,04-06-2026 15:54:00,1,1,0,4,True,TRUE,True,CONVENCION_EXCLUYE_INICIAL;CONV_INCLUYE_INICIAL=2
4190139556,01-06-2026 21:06:58,04-06-2026 14:50:00,3,3,0,5,True,TRUE,True,CONVENCION_EXCLUYE_INICIAL;CONV_INCLUYE_INICIAL=4
4190139554,01-06-2026 20:25:32,05-06-2026 10:08:00,4,4,0,5,True,TRUE,True,CONVENCION_EXCLUYE_INICIAL;CONV_INCLUYE_INICIAL=5
4190139435,25-05-2026 16:57:50,27-05-2026 15:19:00,2,2,0,5,True,TRUE,True,CONVENCION_EXCLUYE_INICIAL;CONV_INCLUYE_INICIAL=3
1166639,25-05-2026 14:26:44,27-05-2026 12:25:00,2,2,0,5,True,TRUE,True,CONVENCION_EXCLUYE_INICIAL;CONV_INCLUYE_INICIAL=3
1166633,25-05-2026 11:32:27,27-05-2026 15:30:00,2,2,0,5,True,TRUE,True,CONVENCION_EXCLUYE_INICIAL;CONV_INCLUYE_INICIAL=3
4190139423,25-05-2026 9:54:22,25-05-2026 12:47:00,0,0,0,5,True,TRUE,True,CONVENCION_EXCLUYE_INICIAL;CONV_INCLUYE_INICIAL=1
4190139387,19-05-2026 23:46:36,20-05-2026 15:28:00,1,1,0,5,True,TRUE,True,CONVENCION_EXCLUYE_INICIAL;CONV_INCLUYE_INICIAL=2
4190139381,19-05-2026 15:00:24,20-05-2026 11:47:00,1,1,0,5,True,TRUE,True,CONVENCION_EXCLUYE_INICIAL;CONV_INCLUYE_INICIAL=2
1166582,19-05-2026 8:26:07,20-05-2026 11:48:00,1,1,0,5,True,TRUE,True,CONVENCION_EXCLUYE_INICIAL;CONV_INCLUYE_INICIAL=2
1166560,18-05-2026 8:33:52,18-05-2026 16:51:00,0,0,0,5,True,TRUE,True,CONVENCION_EXCLUYE_INICIAL;CONV_INCLUYE_INICIAL=1
4190139346,14-05-2026 21:42:51,15-05-2026 11:37:00,1,1,0,5,True,TRUE,True,CONVENCION_EXCLUYE_INICIAL;CONV_INCLUYE_INICIAL=2
1166530,14-05-2026 14:40:52,15-05-2026 12:50:00,1,1,0,5,True,TRUE,True,CONVENCION_EXCLUYE_INICIAL;CONV_INCLUYE_INICIAL=2
1166522,14-05-2026 10:15:32,15-05-2026 12:46:00,1,1,0,5,True,TRUE,True,CONVENCION_EXCLUYE_INICIAL;CONV_INCLUYE_INICIAL=2
1166508,13-05-2026 12:20:51,15-05-2026 11:59:00,2,2,0,4,True,TRUE,True,CONVENCION_EXCLUYE_INICIAL;CONV_INCLUYE_INICIAL=3
1166497,12-05-2026 16:48:30,13-05-2026 15:22:00,1,1,0,5,True,TRUE,True,CONVENCION_EXCLUYE_INICIAL;CONV_INCLUYE_INICIAL=2
1166482,11-05-2026 14:35:22,15-05-2026 11:50:00,4,4,0,5,True,TRUE,True,CONVENCION_EXCLUYE_INICIAL;CONV_INCLUYE_INICIAL=5
1166479,11-05-2026 10:46:17,11-05-2026 15:46:00,0,0,0,5,True,TRUE,True,CONVENCION_EXCLUYE_INICIAL;CONV_INCLUYE_INICIAL=1
4190139276,08-05-2026 18:28:23,14-05-2026 15:35:00,4,4,0,5,True,TRUE,True,CONVENCION_EXCLUYE_INICIAL;CONV_INCLUYE_INICIAL=5
1166434,07-05-2026 17:18:57,11-05-2026 11:06:00,2,2,0,5,True,TRUE,True,CONVENCION_EXCLUYE_INICIAL;CONV_INCLUYE_INICIAL=3
4190139246,07-05-2026 17:12:59,12-05-2026 16:16:00,3,3,0,5,True,TRUE,True,CONVENCION_EXCLUYE_INICIAL;CONV_INCLUYE_INICIAL=4
4190139222,06-05-2026 17:33:10,12-05-2026 10:57:00,4,4,0,5,True,TRUE,True,CONVENCION_EXCLUYE_INICIAL;CONV_INCLUYE_INICIAL=5
4190139220,06-05-2026 17:20:42,12-05-2026 10:54:00,4,4,0,5,True,TRUE,True,CONVENCION_EXCLUYE_INICIAL;CONV_INCLUYE_INICIAL=5
4190139206,06-05-2026 9:31:09,08-05-2026 12:47:00,2,2,0,5,True,TRUE,True,CONVENCION_EXCLUYE_INICIAL;CONV_INCLUYE_INICIAL=3
4190139219,06-05-2026 0:00:00,08-05-2026 12:36:00,2,2,0,5,True,TRUE,True,CONVENCION_EXCLUYE_INICIAL;CONV_INCLUYE_INICIAL=3
1168110,13-07-2026 11:28:05,13-07-2026 14:55:00,0,0,0,5,True,TRUE,True,CONVENCION_EXCLUYE_INICIAL;CONV_INCLUYE_INICIAL=1
1168121,13-07-2026 0:00:00,14-07-2026 12:21:00,1,1,0,5,True,TRUE,True,CONVENCION_EXCLUYE_INICIAL;CONV_INCLUYE_INICIAL=2
1168095,10-07-2026 12:55:21,13-07-2026 10:04:00,1,1,0,5,True,TRUE,True,CONVENCION_EXCLUYE_INICIAL;CONV_INCLUYE_INICIAL=2
1168091,10-07-2026 11:37:43,13-07-2026 13:05:00,1,1,0,5,True,TRUE,True,CONVENCION_EXCLUYE_INICIAL;CONV_INCLUYE_INICIAL=2
1168090,10-07-2026 11:35:21,13-07-2026 10:05:00,1,1,0,5,True,TRUE,True,CONVENCION_EXCLUYE_INICIAL;CONV_INCLUYE_INICIAL=2
4190139842,23-06-2026 19:50:40,24-06-2026 16:18:00,1,1,0,5,True,TRUE,True,CONVENCION_EXCLUYE_INICIAL;CONV_INCLUYE_INICIAL=2
1167308,23-06-2026 13:34:02,25-06-2026 14:58:00,2,2,0,5,True,TRUE,True,CONVENCION_EXCLUYE_INICIAL;CONV_INCLUYE_INICIAL=3
1167274,22-06-2026 11:32:58,24-06-2026 14:12:00,2,2,0,5,True,TRUE,True,CONVENCION_EXCLUYE_INICIAL;CONV_INCLUYE_INICIAL=3
1167273,22-06-2026 11:30:34,24-06-2026 13:02:00,2,2,0,5,True,TRUE,True,CONVENCION_EXCLUYE_INICIAL;CONV_INCLUYE_INICIAL=3
1167272,22-06-2026 11:09:43,24-06-2026 13:07:00,2,2,0,5,True,TRUE,True,CONVENCION_EXCLUYE_INICIAL;CONV_INCLUYE_INICIAL=3
1167271,22-06-2026 11:00:53,24-06-2026 13:01:00,2,2,0,5,True,TRUE,True,CONVENCION_EXCLUYE_INICIAL;CONV_INCLUYE_INICIAL=3
1167270,22-06-2026 10:59:16,24-06-2026 12:39:00,2,2,0,5,True,TRUE,True,CONVENCION_EXCLUYE_INICIAL;CONV_INCLUYE_INICIAL=3
1167245,18-06-2026 10:41:07,19-06-2026 12:00:00,1,1,0,5,True,TRUE,True,CONVENCION_EXCLUYE_INICIAL;CONV_INCLUYE_INICIAL=2
1167232,17-06-2026 14:23:23,18-06-2026 16:00:00,1,1,0,5,True,TRUE,True,CONVENCION_EXCLUYE_INICIAL;CONV_INCLUYE_INICIAL=2
1167176,15-06-2026 10:54:28,16-06-2026 15:05:00,1,1,0,5,True,TRUE,True,CONVENCION_EXCLUYE_INICIAL;CONV_INCLUYE_INICIAL=2
1167119,10-06-2026 9:17:10,10-06-2026 12:50:00,0,0,0,5,True,TRUE,True,CONVENCION_EXCLUYE_INICIAL;CONV_INCLUYE_INICIAL=1
1167107,09-06-2026 14:30:40,10-06-2026 13:30:00,1,1,0,5,True,TRUE,True,CONVENCION_EXCLUYE_INICIAL;CONV_INCLUYE_INICIAL=2
1167096,08-06-2026 16:47:06,10-06-2026 13:29:00,2,2,0,5,True,TRUE,True,CONVENCION_EXCLUYE_INICIAL;CONV_INCLUYE_INICIAL=3
4190139602,08-06-2026 15:40:12,10-06-2026 13:10:00,2,2,0,5,True,TRUE,True,CONVENCION_EXCLUYE_INICIAL;CONV_INCLUYE_INICIAL=3
1166704,28-05-2026 15:58:01,04-06-2026 14:53:00,5,5,0,5,True,TRUE,True,CONVENCION_EXCLUYE_INICIAL;CONV_INCLUYE_INICIAL=6
1166702,28-05-2026 15:54:41,04-06-2026 14:51:00,5,5,0,5,True,TRUE,True,CONVENCION_EXCLUYE_INICIAL;CONV_INCLUYE_INICIAL=6
1166662,26-05-2026 19:56:10,28-05-2026 16:07:00,2,2,0,4,True,TRUE,True,CONVENCION_EXCLUYE_INICIAL;CONV_INCLUYE_INICIAL=3
1166625,25-05-2026 9:51:17,27-05-2026 11:55:00,2,2,0,5,True,TRUE,True,CONVENCION_EXCLUYE_INICIAL;CONV_INCLUYE_INICIAL=3
1166554,15-05-2026 18:51:23,20-05-2026 14:59:00,3,3,0,5,True,TRUE,True,CONVENCION_EXCLUYE_INICIAL;CONV_INCLUYE_INICIAL=4
1166539,14-05-2026 20:54:40,20-05-2026 11:48:00,4,4,0,5,True,TRUE,True,CONVENCION_EXCLUYE_INICIAL;CONV_INCLUYE_INICIAL=5
1166529,14-05-2026 14:24:35,15-05-2026 11:47:00,1,1,0,5,True,TRUE,True,CONVENCION_EXCLUYE_INICIAL;CONV_INCLUYE_INICIAL=2
1166518,14-05-2026 8:44:03,15-05-2026 12:47:00,1,1,0,5,True,TRUE,True,CONVENCION_EXCLUYE_INICIAL;CONV_INCLUYE_INICIAL=2
1166505,13-05-2026 11:34:09,18-05-2026 16:37:00,3,3,0,5,True,TRUE,True,CONVENCION_EXCLUYE_INICIAL;CONV_INCLUYE_INICIAL=4
1166495,12-05-2026 11:49:32,14-05-2026 12:01:00,2,2,0,5,True,TRUE,True,CONVENCION_EXCLUYE_INICIAL;CONV_INCLUYE_INICIAL=3
1166494,12-05-2026 11:37:01,14-05-2026 15:14:00,2,2,0,5,True,TRUE,True,CONVENCION_EXCLUYE_INICIAL;CONV_INCLUYE_INICIAL=3
1166492,12-05-2026 11:25:11,14-05-2026 12:41:00,2,2,0,5,True,TRUE,True,CONVENCION_EXCLUYE_INICIAL;CONV_INCLUYE_INICIAL=3
4190139290,11-05-2026 10:34:29,15-05-2026 11:46:00,4,4,0,4,True,TRUE,True,CONVENCION_EXCLUYE_INICIAL;CONV_INCLUYE_INICIAL=5
4190139289,11-05-2026 0:00:00,14-05-2026 14:35:00,3,3,0,5,True,TRUE,True,CONVENCION_EXCLUYE_INICIAL;CONV_INCLUYE_INICIAL=4
1166460,08-05-2026 19:20:25,15-05-2026 11:39:00,5,5,0,5,True,TRUE,True,CONVENCION_EXCLUYE_INICIAL;CONV_INCLUYE_INICIAL=6
1166444,08-05-2026 12:03:32,12-05-2026 11:01:00,2,2,0,5,True,TRUE,True,CONVENCION_EXCLUYE_INICIAL;CONV_INCLUYE_INICIAL=3
1166442,08-05-2026 11:23:21,12-05-2026 14:49:00,2,2,0,5,True,TRUE,True,CONVENCION_EXCLUYE_INICIAL;CONV_INCLUYE_INICIAL=3
1166432,07-05-2026 14:18:13,12-05-2026 14:53:00,3,3,0,5,True,TRUE,True,CONVENCION_EXCLUYE_INICIAL;CONV_INCLUYE_INICIAL=4
1166396,05-05-2026 12:50:36,07-05-2026 14:31:00,2,2,0,5,True,TRUE,True,CONVENCION_EXCLUYE_INICIAL;CONV_INCLUYE_INICIAL=3
4190140024,14-07-2026 12:58:13,14-07-2026 17:10:57,0,0,0,5,True,TRUE,True,CONVENCION_EXCLUYE_INICIAL;CONV_INCLUYE_INICIAL=1
4190140014,13-07-2026 8:49:13,13-07-2026 14:54:00,0,0,0,5,True,TRUE,True,CONVENCION_EXCLUYE_INICIAL;CONV_INCLUYE_INICIAL=1
4190140010,10-07-2026 18:30:05,13-07-2026 13:04:00,1,1,0,5,True,TRUE,True,CONVENCION_EXCLUYE_INICIAL;CONV_INCLUYE_INICIAL=2
4190140009,10-07-2026 18:17:09,13-07-2026 13:02:00,1,1,0,5,True,TRUE,True,CONVENCION_EXCLUYE_INICIAL;CONV_INCLUYE_INICIAL=2
4190140008,10-07-2026 17:46:55,13-07-2026 14:16:00,1,1,0,5,True,TRUE,True,CONVENCION_EXCLUYE_INICIAL;CONV_INCLUYE_INICIAL=2
4190140011,10-07-2026 0:00:00,14-07-2026 10:12:00,2,2,0,5,True,TRUE,True,CONVENCION_EXCLUYE_INICIAL;CONV_INCLUYE_INICIAL=3
4190140005,09-07-2026 18:56:58,13-07-2026 10:35:00,2,2,0,5,True,TRUE,True,CONVENCION_EXCLUYE_INICIAL;CONV_INCLUYE_INICIAL=3
4190140002,09-07-2026 12:58:36,13-07-2026 10:38:00,2,2,0,5,True,TRUE,True,CONVENCION_EXCLUYE_INICIAL;CONV_INCLUYE_INICIAL=3
4190140001,09-07-2026 10:22:23,10-07-2026 10:58:00,1,1,0,5,True,TRUE,True,CONVENCION_EXCLUYE_INICIAL;CONV_INCLUYE_INICIAL=2
4190139998,08-07-2026 21:16:36,13-07-2026 10:39:00,3,3,0,5,True,TRUE,True,CONVENCION_EXCLUYE_INICIAL;CONV_INCLUYE_INICIAL=4
4190139994,08-07-2026 18:02:40,13-07-2026 10:36:00,3,3,0,5,True,TRUE,True,CONVENCION_EXCLUYE_INICIAL;CONV_INCLUYE_INICIAL=4
4190139993,08-07-2026 17:27:26,10-07-2026 9:09:00,2,2,0,5,True,TRUE,True,CONVENCION_EXCLUYE_INICIAL;CONV_INCLUYE_INICIAL=3
4190139989,08-07-2026 12:41:20,10-07-2026 9:13:00,2,2,0,5,True,TRUE,True,CONVENCION_EXCLUYE_INICIAL;CONV_INCLUYE_INICIAL=3
1168070,08-07-2026 10:30:21,13-07-2026 14:29:00,3,3,0,4,True,TRUE,True,CONVENCION_EXCLUYE_INICIAL;CONV_INCLUYE_INICIAL=4
4190139987,07-07-2026 21:40:36,10-07-2026 9:14:00,3,3,0,5,True,TRUE,True,CONVENCION_EXCLUYE_INICIAL;CONV_INCLUYE_INICIAL=4
4190139985,07-07-2026 21:16:07,10-07-2026 11:52:00,3,3,0,5,True,TRUE,True,CONVENCION_EXCLUYE_INICIAL;CONV_INCLUYE_INICIAL=4
4190139981,07-07-2026 13:39:09,13-07-2026 10:37:00,4,4,0,5,True,TRUE,True,CONVENCION_EXCLUYE_INICIAL;CONV_INCLUYE_INICIAL=5
4190139980,07-07-2026 13:37:26,10-07-2026 9:15:00,3,3,0,5,True,TRUE,True,CONVENCION_EXCLUYE_INICIAL;CONV_INCLUYE_INICIAL=4
4190139978,07-07-2026 12:32:31,10-07-2026 11:53:00,3,3,0,5,True,TRUE,True,CONVENCION_EXCLUYE_INICIAL;CONV_INCLUYE_INICIAL=4
4190139976,06-07-2026 23:50:32,13-07-2026 10:01:00,5,5,0,5,True,TRUE,True,CONVENCION_EXCLUYE_INICIAL;CONV_INCLUYE_INICIAL=6
4190139974,06-07-2026 22:29:01,13-07-2026 10:03:00,5,5,0,5,True,TRUE,True,CONVENCION_EXCLUYE_INICIAL;CONV_INCLUYE_INICIAL=6
4190139973,06-07-2026 21:27:19,13-07-2026 10:04:00,5,5,0,5,True,TRUE,True,CONVENCION_EXCLUYE_INICIAL;CONV_INCLUYE_INICIAL=6
1168046,06-07-2026 19:25:21,13-07-2026 10:09:00,5,5,0,5,True,TRUE,True,CONVENCION_EXCLUYE_INICIAL;CONV_INCLUYE_INICIAL=6
4190139970,06-07-2026 16:27:04,08-07-2026 8:07:00,2,2,0,5,True,TRUE,True,CONVENCION_EXCLUYE_INICIAL;CONV_INCLUYE_INICIAL=3
1168029,06-07-2026 10:55:18,13-07-2026 13:01:00,5,5,0,5,True,TRUE,True,CONVENCION_EXCLUYE_INICIAL;CONV_INCLUYE_INICIAL=6
1168028,06-07-2026 9:39:40,10-07-2026 11:03:00,4,4,0,5,True,TRUE,True,CONVENCION_EXCLUYE_INICIAL;CONV_INCLUYE_INICIAL=5
4190139960,03-07-2026 18:31:55,10-07-2026 9:10:00,5,5,0,5,True,TRUE,True,CONVENCION_EXCLUYE_INICIAL;CONV_INCLUYE_INICIAL=6
4190139959,03-07-2026 18:17:43,08-07-2026 14:25:00,3,3,0,5,True,TRUE,True,CONVENCION_EXCLUYE_INICIAL;CONV_INCLUYE_INICIAL=4
4190139955,03-07-2026 11:11:48,06-07-2026 14:26:00,1,1,0,5,True,TRUE,True,CONVENCION_EXCLUYE_INICIAL;CONV_INCLUYE_INICIAL=2
4190139954,03-07-2026 11:04:36,08-07-2026 13:09:00,3,3,0,5,True,TRUE,True,CONVENCION_EXCLUYE_INICIAL;CONV_INCLUYE_INICIAL=4
4190139956,03-07-2026 0:00:00,08-07-2026 14:26:00,3,3,0,5,True,TRUE,True,CONVENCION_EXCLUYE_INICIAL;CONV_INCLUYE_INICIAL=4
1167327,24-06-2026 1:41:34,25-06-2026 14:57:00,1,1,0,5,True,TRUE,True,CONVENCION_EXCLUYE_INICIAL;CONV_INCLUYE_INICIAL=2
1167325,24-06-2026 1:21:37,30-06-2026 12:37:00,3,3,0,5,True,TRUE,True,CONVENCION_EXCLUYE_INICIAL;CONV_INCLUYE_INICIAL=4
4190139847,23-06-2026 23:32:20,25-06-2026 14:56:00,2,2,0,5,True,TRUE,True,CONVENCION_EXCLUYE_INICIAL;CONV_INCLUYE_INICIAL=3
4190139841,23-06-2026 17:59:27,25-06-2026 14:57:00,2,2,0,5,True,TRUE,True,CONVENCION_EXCLUYE_INICIAL;CONV_INCLUYE_INICIAL=3
4190139836,23-06-2026 12:21:22,30-06-2026 12:40:00,4,4,0,5,True,TRUE,True,CONVENCION_EXCLUYE_INICIAL;CONV_INCLUYE_INICIAL=5
4190139790,22-06-2026 14:51:56,24-06-2026 11:10:00,2,2,0,5,True,TRUE,True,CONVENCION_EXCLUYE_INICIAL;CONV_INCLUYE_INICIAL=3
4190139782,22-06-2026 12:15:57,24-06-2026 12:52:00,2,2,0,5,True,TRUE,True,CONVENCION_EXCLUYE_INICIAL;CONV_INCLUYE_INICIAL=3
4190139781,22-06-2026 12:11:51,24-06-2026 12:45:00,2,2,0,5,True,TRUE,True,CONVENCION_EXCLUYE_INICIAL;CONV_INCLUYE_INICIAL=3
4190139780,22-06-2026 11:57:09,24-06-2026 12:47:00,2,2,0,5,True,TRUE,True,CONVENCION_EXCLUYE_INICIAL;CONV_INCLUYE_INICIAL=3
4190139794,22-06-2026 0:00:00,24-06-2026 11:13:00,2,2,0,5,True,TRUE,True,CONVENCION_EXCLUYE_INICIAL;CONV_INCLUYE_INICIAL=3
4190139773,19-06-2026 11:02:49,24-06-2026 12:54:00,3,3,0,5,True,TRUE,True,CONVENCION_EXCLUYE_INICIAL;CONV_INCLUYE_INICIAL=4
4190139774,19-06-2026 0:00:00,23-06-2026 8:37:00,2,2,0,5,True,TRUE,True,CONVENCION_EXCLUYE_INICIAL;CONV_INCLUYE_INICIAL=3
4190139770,19-06-2026 0:00:00,23-06-2026 10:50:00,2,2,0,5,True,TRUE,True,CONVENCION_EXCLUYE_INICIAL;CONV_INCLUYE_INICIAL=3
4190139766,18-06-2026 20:01:41,22-06-2026 16:34:00,2,2,0,5,True,TRUE,True,CONVENCION_EXCLUYE_INICIAL;CONV_INCLUYE_INICIAL=3
4190139764,18-06-2026 19:45:44,23-06-2026 10:51:00,3,3,0,5,True,TRUE,True,CONVENCION_EXCLUYE_INICIAL;CONV_INCLUYE_INICIAL=4
4190139762,18-06-2026 16:50:59,22-06-2026 16:33:00,2,2,0,5,True,TRUE,True,CONVENCION_EXCLUYE_INICIAL;CONV_INCLUYE_INICIAL=3
4190139758,18-06-2026 16:20:57,23-06-2026 10:52:00,3,3,0,4,True,TRUE,True,CONVENCION_EXCLUYE_INICIAL;CONV_INCLUYE_INICIAL=4
4190139757,18-06-2026 16:16:07,25-06-2026 14:58:00,5,5,0,5,True,TRUE,True,CONVENCION_EXCLUYE_INICIAL;CONV_INCLUYE_INICIAL=6
4190139755,18-06-2026 15:53:42,23-06-2026 10:52:00,3,3,0,4,True,TRUE,True,CONVENCION_EXCLUYE_INICIAL;CONV_INCLUYE_INICIAL=4
4190139754,18-06-2026 15:45:14,23-06-2026 10:54:00,3,3,0,5,True,TRUE,True,CONVENCION_EXCLUYE_INICIAL;CONV_INCLUYE_INICIAL=4
4190139744,17-06-2026 21:48:57,23-06-2026 12:54:00,4,4,0,5,True,TRUE,True,CONVENCION_EXCLUYE_INICIAL;CONV_INCLUYE_INICIAL=5
1167226,17-06-2026 10:53:42,24-06-2026 12:57:00,5,5,0,5,True,TRUE,True,CONVENCION_EXCLUYE_INICIAL;CONV_INCLUYE_INICIAL=6
4190139726,16-06-2026 18:23:40,17-06-2026 16:09:00,1,1,0,5,True,TRUE,True,CONVENCION_EXCLUYE_INICIAL;CONV_INCLUYE_INICIAL=2
4190139723,16-06-2026 16:45:44,17-06-2026 16:01:00,1,1,0,5,True,TRUE,True,CONVENCION_EXCLUYE_INICIAL;CONV_INCLUYE_INICIAL=2
4190139721,16-06-2026 15:56:16,19-06-2026 11:21:00,3,3,0,5,True,TRUE,True,CONVENCION_EXCLUYE_INICIAL;CONV_INCLUYE_INICIAL=4
4190139715,16-06-2026 12:43:54,23-06-2026 11:26:00,5,5,0,5,True,TRUE,True,CONVENCION_EXCLUYE_INICIAL;CONV_INCLUYE_INICIAL=6
4190139714,16-06-2026 10:36:05,16-06-2026 14:44:00,0,0,0,5,True,TRUE,True,CONVENCION_EXCLUYE_INICIAL;CONV_INCLUYE_INICIAL=1
4190139711,15-06-2026 21:55:54,16-06-2026 15:44:00,1,1,0,5,True,TRUE,True,CONVENCION_EXCLUYE_INICIAL;CONV_INCLUYE_INICIAL=2
4190139704,15-06-2026 17:27:21,18-06-2026 16:11:00,3,3,0,5,True,TRUE,True,CONVENCION_EXCLUYE_INICIAL;CONV_INCLUYE_INICIAL=4
4190139702,15-06-2026 16:08:51,16-06-2026 14:31:00,1,1,0,5,True,TRUE,True,CONVENCION_EXCLUYE_INICIAL;CONV_INCLUYE_INICIAL=2
4190139698,15-06-2026 10:11:45,16-06-2026 15:13:00,1,1,0,5,True,TRUE,True,CONVENCION_EXCLUYE_INICIAL;CONV_INCLUYE_INICIAL=2
4190139710,15-06-2026 0:00:00,16-06-2026 14:24:00,1,1,0,5,True,TRUE,True,CONVENCION_EXCLUYE_INICIAL;CONV_INCLUYE_INICIAL=2
4190139694,14-06-2026 22:39:49,15-06-2026 14:16:00,1,1,0,5,True,TRUE,True,CONVENCION_EXCLUYE_INICIAL
4190139693,13-06-2026 18:28:35,15-06-2026 12:36:00,1,1,0,5,True,TRUE,True,CONVENCION_EXCLUYE_INICIAL
4190139692,12-06-2026 17:53:27,16-06-2026 14:22:00,2,2,0,5,True,TRUE,True,CONVENCION_EXCLUYE_INICIAL;CONV_INCLUYE_INICIAL=3
4190139690,12-06-2026 15:22:46,16-06-2026 15:00:00,2,2,0,5,True,TRUE,True,CONVENCION_EXCLUYE_INICIAL;CONV_INCLUYE_INICIAL=3
4190139686,12-06-2026 12:48:00,15-06-2026 12:07:00,1,1,0,5,True,TRUE,True,CONVENCION_EXCLUYE_INICIAL;CONV_INCLUYE_INICIAL=2
4190139683,12-06-2026 12:16:28,17-06-2026 15:50:00,3,3,0,5,True,TRUE,True,CONVENCION_EXCLUYE_INICIAL;CONV_INCLUYE_INICIAL=4
4190139687,12-06-2026 0:00:00,15-06-2026 14:19:00,1,1,0,5,True,TRUE,True,CONVENCION_EXCLUYE_INICIAL;CONV_INCLUYE_INICIAL=2
4190139677,11-06-2026 19:49:43,15-06-2026 14:18:00,2,2,0,5,True,TRUE,True,CONVENCION_EXCLUYE_INICIAL;CONV_INCLUYE_INICIAL=3
4190139675,11-06-2026 19:34:16,15-06-2026 12:03:00,2,2,0,5,True,TRUE,True,CONVENCION_EXCLUYE_INICIAL;CONV_INCLUYE_INICIAL=3
1167148,11-06-2026 18:20:11,15-06-2026 12:04:00,2,2,0,4,True,TRUE,True,CONVENCION_EXCLUYE_INICIAL;CONV_INCLUYE_INICIAL=3
4190139655,11-06-2026 9:14:14,18-06-2026 16:05:00,5,5,0,5,True,TRUE,True,CONVENCION_EXCLUYE_INICIAL;CONV_INCLUYE_INICIAL=6
4190139653,11-06-2026 9:11:46,15-06-2026 11:48:00,2,2,0,5,True,TRUE,True,CONVENCION_EXCLUYE_INICIAL;CONV_INCLUYE_INICIAL=3
4190139646,11-06-2026 8:58:18,12-06-2026 11:54:00,1,1,0,5,True,TRUE,True,CONVENCION_EXCLUYE_INICIAL;CONV_INCLUYE_INICIAL=2
4190139680,11-06-2026 0:00:00,15-06-2026 12:01:00,2,2,0,5,True,TRUE,True,CONVENCION_EXCLUYE_INICIAL;CONV_INCLUYE_INICIAL=3
4190139679,11-06-2026 0:00:00,15-06-2026 12:02:00,2,2,0,5,True,TRUE,True,CONVENCION_EXCLUYE_INICIAL;CONV_INCLUYE_INICIAL=3
4190139634,09-06-2026 22:23:59,10-06-2026 14:34:00,1,1,0,5,True,TRUE,True,CONVENCION_EXCLUYE_INICIAL;CONV_INCLUYE_INICIAL=2
4190139630,09-06-2026 19:30:12,11-06-2026 13:01:00,2,2,0,5,True,TRUE,True,CONVENCION_EXCLUYE_INICIAL;CONV_INCLUYE_INICIAL=3
4190139618,09-06-2026 9:53:57,15-06-2026 11:50:00,4,4,0,5,True,TRUE,True,CONVENCION_EXCLUYE_INICIAL;CONV_INCLUYE_INICIAL=5
4190139612,08-06-2026 18:26:47,10-06-2026 13:32:00,2,2,0,5,True,TRUE,True,CONVENCION_EXCLUYE_INICIAL;CONV_INCLUYE_INICIAL=3
4190139608,08-06-2026 16:26:29,10-06-2026 13:43:00,2,2,0,5,True,TRUE,True,CONVENCION_EXCLUYE_INICIAL;CONV_INCLUYE_INICIAL=3
4190139606,08-06-2026 15:52:03,10-06-2026 13:38:00,2,2,0,5,True,TRUE,True,CONVENCION_EXCLUYE_INICIAL;CONV_INCLUYE_INICIAL=3
4190139604,08-06-2026 15:48:40,09-06-2026 15:25:00,1,1,0,5,True,TRUE,True,CONVENCION_EXCLUYE_INICIAL;CONV_INCLUYE_INICIAL=2
4190139600,08-06-2026 15:34:50,09-06-2026 13:03:00,1,1,0,5,True,TRUE,True,CONVENCION_EXCLUYE_INICIAL;CONV_INCLUYE_INICIAL=2
4190139599,08-06-2026 15:31:36,10-06-2026 13:34:00,2,2,0,5,True,TRUE,True,CONVENCION_EXCLUYE_INICIAL;CONV_INCLUYE_INICIAL=3
4190139597,06-06-2026 20:05:46,09-06-2026 13:23:00,2,2,0,5,True,TRUE,True,CONVENCION_EXCLUYE_INICIAL
4190139593,04-06-2026 17:47:55,05-06-2026 12:59:00,1,1,0,4,True,TRUE,True,CONVENCION_EXCLUYE_INICIAL;CONV_INCLUYE_INICIAL=2
4190139592,04-06-2026 17:36:11,08-06-2026 16:13:00,2,2,0,5,True,TRUE,True,CONVENCION_EXCLUYE_INICIAL;CONV_INCLUYE_INICIAL=3
4190139590,04-06-2026 16:31:25,05-06-2026 13:01:00,1,1,0,5,True,TRUE,True,CONVENCION_EXCLUYE_INICIAL;CONV_INCLUYE_INICIAL=2
4190139587,04-06-2026 16:04:44,08-06-2026 16:16:00,2,2,0,5,True,TRUE,True,CONVENCION_EXCLUYE_INICIAL;CONV_INCLUYE_INICIAL=3
4190139583,04-06-2026 14:15:03,10-06-2026 13:00:00,4,4,0,5,True,TRUE,True,CONVENCION_EXCLUYE_INICIAL;CONV_INCLUYE_INICIAL=5
4190139582,04-06-2026 13:38:50,08-06-2026 16:02:00,2,2,0,5,True,TRUE,True,CONVENCION_EXCLUYE_INICIAL;CONV_INCLUYE_INICIAL=3
4190139594,04-06-2026 0:00:00,05-06-2026 12:59:00,1,1,0,5,True,TRUE,True,CONVENCION_EXCLUYE_INICIAL;CONV_INCLUYE_INICIAL=2
4190139578,03-06-2026 17:08:00,05-06-2026 11:19:00,2,2,0,5,True,TRUE,True,CONVENCION_EXCLUYE_INICIAL;CONV_INCLUYE_INICIAL=3
4190139577,03-06-2026 16:59:47,05-06-2026 10:05:00,2,2,0,5,True,TRUE,True,CONVENCION_EXCLUYE_INICIAL;CONV_INCLUYE_INICIAL=3
4190139576,03-06-2026 16:23:34,09-06-2026 13:08:00,4,4,0,5,True,TRUE,True,CONVENCION_EXCLUYE_INICIAL;CONV_INCLUYE_INICIAL=5
4190139575,03-06-2026 16:17:21,05-06-2026 11:20:00,2,2,0,5,True,TRUE,True,CONVENCION_EXCLUYE_INICIAL;CONV_INCLUYE_INICIAL=3
4190139571,03-06-2026 14:33:43,05-06-2026 10:04:00,2,2,0,5,True,TRUE,True,CONVENCION_EXCLUYE_INICIAL;CONV_INCLUYE_INICIAL=3
4190139570,03-06-2026 13:36:30,05-06-2026 11:20:00,2,2,0,5,True,TRUE,True,CONVENCION_EXCLUYE_INICIAL;CONV_INCLUYE_INICIAL=3
4190139569,03-06-2026 12:19:18,05-06-2026 12:14:00,2,2,0,5,True,TRUE,True,CONVENCION_EXCLUYE_INICIAL;CONV_INCLUYE_INICIAL=3
1167052,03-06-2026 0:00:00,05-06-2026 12:16:00,2,2,0,5,True,TRUE,True,CONVENCION_EXCLUYE_INICIAL;CONV_INCLUYE_INICIAL=3
4190139566,02-06-2026 18:59:29,05-06-2026 10:02:00,3,3,0,5,True,TRUE,True,CONVENCION_EXCLUYE_INICIAL;CONV_INCLUYE_INICIAL=4
4190139561,02-06-2026 13:52:17,05-06-2026 12:24:00,3,3,0,5,True,TRUE,True,CONVENCION_EXCLUYE_INICIAL;CONV_INCLUYE_INICIAL=4
4190139558,02-06-2026 11:51:37,04-06-2026 14:52:00,2,2,0,5,True,TRUE,True,CONVENCION_EXCLUYE_INICIAL;CONV_INCLUYE_INICIAL=3
4190139557,02-06-2026 11:37:23,05-06-2026 10:09:00,3,3,0,5,True,TRUE,True,CONVENCION_EXCLUYE_INICIAL;CONV_INCLUYE_INICIAL=4
4190139565,02-06-2026 0:00:00,04-06-2026 14:35:00,2,2,0,5,True,TRUE,True,CONVENCION_EXCLUYE_INICIAL;CONV_INCLUYE_INICIAL=3
4190139555,01-06-2026 20:59:45,04-06-2026 14:53:00,3,3,0,5,True,TRUE,True,CONVENCION_EXCLUYE_INICIAL;CONV_INCLUYE_INICIAL=4
4190139544,01-06-2026 13:57:01,05-06-2026 13:00:00,4,4,0,5,True,TRUE,True,CONVENCION_EXCLUYE_INICIAL;CONV_INCLUYE_INICIAL=5
4190139543,01-06-2026 13:24:47,05-06-2026 13:02:00,4,4,0,5,True,TRUE,True,CONVENCION_EXCLUYE_INICIAL;CONV_INCLUYE_INICIAL=5
4190139532,31-05-2026 11:21:53,04-06-2026 14:48:00,4,4,0,5,True,TRUE,True,CONVENCION_EXCLUYE_INICIAL
4190139463,26-05-2026 21:16:53,28-05-2026 13:05:00,2,2,0,5,True,TRUE,True,CONVENCION_EXCLUYE_INICIAL;CONV_INCLUYE_INICIAL=3
4190139459,26-05-2026 19:30:12,28-05-2026 16:08:00,2,2,0,5,True,TRUE,True,CONVENCION_EXCLUYE_INICIAL;CONV_INCLUYE_INICIAL=3
4190139458,26-05-2026 18:30:55,28-05-2026 12:56:00,2,2,0,5,True,TRUE,True,CONVENCION_EXCLUYE_INICIAL;CONV_INCLUYE_INICIAL=3
4190139454,26-05-2026 15:59:57,27-05-2026 11:56:00,1,1,0,5,True,TRUE,True,CONVENCION_EXCLUYE_INICIAL;CONV_INCLUYE_INICIAL=2
4190139452,26-05-2026 15:31:27,27-05-2026 11:55:00,1,1,0,5,True,TRUE,True,CONVENCION_EXCLUYE_INICIAL;CONV_INCLUYE_INICIAL=2
4190139440,25-05-2026 21:30:20,27-05-2026 15:16:00,2,2,0,5,True,TRUE,True,CONVENCION_EXCLUYE_INICIAL;CONV_INCLUYE_INICIAL=3
4190139436,25-05-2026 17:39:07,27-05-2026 15:18:00,2,2,0,5,True,TRUE,True,CONVENCION_EXCLUYE_INICIAL;CONV_INCLUYE_INICIAL=3
4190139428,25-05-2026 11:59:14,27-05-2026 10:48:00,2,2,0,5,True,TRUE,True,CONVENCION_EXCLUYE_INICIAL;CONV_INCLUYE_INICIAL=3
4190139427,25-05-2026 11:51:02,27-05-2026 15:29:00,2,2,0,5,True,TRUE,True,CONVENCION_EXCLUYE_INICIAL;CONV_INCLUYE_INICIAL=3
4190139425,25-05-2026 10:24:34,27-05-2026 15:28:00,2,2,0,5,True,TRUE,True,CONVENCION_EXCLUYE_INICIAL;CONV_INCLUYE_INICIAL=3
4190139422,25-05-2026 9:42:11,25-05-2026 12:45:00,0,0,0,5,True,TRUE,True,CONVENCION_EXCLUYE_INICIAL;CONV_INCLUYE_INICIAL=1
4190139411,22-05-2026 14:46:04,28-05-2026 16:10:00,4,4,0,5,True,TRUE,True,CONVENCION_EXCLUYE_INICIAL;CONV_INCLUYE_INICIAL=5
4190139402,20-05-2026 17:23:20,25-05-2026 15:00:00,2,2,0,5,True,TRUE,True,CONVENCION_EXCLUYE_INICIAL;CONV_INCLUYE_INICIAL=3
1166607,20-05-2026 12:17:22,25-05-2026 14:12:00,2,2,0,5,True,TRUE,True,CONVENCION_EXCLUYE_INICIAL;CONV_INCLUYE_INICIAL=3
1166598,20-05-2026 9:58:48,20-05-2026 15:38:00,0,0,0,5,True,TRUE,True,CONVENCION_EXCLUYE_INICIAL;CONV_INCLUYE_INICIAL=1
4190139386,19-05-2026 23:36:21,20-05-2026 15:00:00,1,1,0,5,True,TRUE,True,CONVENCION_EXCLUYE_INICIAL;CONV_INCLUYE_INICIAL=2
4190139385,19-05-2026 21:04:58,20-05-2026 15:09:00,1,1,0,5,True,TRUE,True,CONVENCION_EXCLUYE_INICIAL;CONV_INCLUYE_INICIAL=2
4190139371,18-05-2026 22:37:04,20-05-2026 15:01:00,2,2,0,5,True,TRUE,True,CONVENCION_EXCLUYE_INICIAL;CONV_INCLUYE_INICIAL=3
1166563,18-05-2026 10:38:11,19-05-2026 16:21:00,1,1,0,5,True,TRUE,True,CONVENCION_EXCLUYE_INICIAL;CONV_INCLUYE_INICIAL=2
1166574,18-05-2026 0:00:00,18-05-2026 15:51:36,0,0,0,5,True,TRUE,True,CONVENCION_EXCLUYE_INICIAL;CONV_INCLUYE_INICIAL=1
4190139354,15-05-2026 15:56:53,20-05-2026 11:50:00,3,3,0,5,True,TRUE,True,CONVENCION_EXCLUYE_INICIAL;CONV_INCLUYE_INICIAL=4
4190139352,15-05-2026 14:28:24,20-05-2026 15:02:00,3,3,0,5,True,TRUE,True,CONVENCION_EXCLUYE_INICIAL;CONV_INCLUYE_INICIAL=4
1166549,15-05-2026 11:50:42,18-05-2026 16:35:00,1,1,0,5,True,TRUE,True,CONVENCION_EXCLUYE_INICIAL;CONV_INCLUYE_INICIAL=2
1166541,14-05-2026 22:29:28,20-05-2026 11:45:00,4,4,0,5,True,TRUE,True,CONVENCION_EXCLUYE_INICIAL;CONV_INCLUYE_INICIAL=5
4190139343,14-05-2026 20:39:05,18-05-2026 10:09:00,2,2,0,5,True,TRUE,True,CONVENCION_EXCLUYE_INICIAL;CONV_INCLUYE_INICIAL=3
4190139342,14-05-2026 20:34:52,15-05-2026 12:50:00,1,1,0,5,True,TRUE,True,CONVENCION_EXCLUYE_INICIAL;CONV_INCLUYE_INICIAL=2
4190139338,14-05-2026 15:07:54,20-05-2026 15:00:00,4,4,0,5,True,TRUE,True,CONVENCION_EXCLUYE_INICIAL;CONV_INCLUYE_INICIAL=5
4190139332,14-05-2026 11:00:16,15-05-2026 12:43:00,1,1,0,5,True,TRUE,True,CONVENCION_EXCLUYE_INICIAL;CONV_INCLUYE_INICIAL=2
4190139325,13-05-2026 12:30:07,15-05-2026 11:46:00,2,2,0,5,True,TRUE,True,CONVENCION_EXCLUYE_INICIAL;CONV_INCLUYE_INICIAL=3
4190139322,13-05-2026 11:41:25,15-05-2026 11:39:00,2,2,0,5,True,TRUE,True,CONVENCION_EXCLUYE_INICIAL;CONV_INCLUYE_INICIAL=3
4190139329,13-05-2026 0:00:00,15-05-2026 12:44:00,2,2,0,5,True,TRUE,True,CONVENCION_EXCLUYE_INICIAL;CONV_INCLUYE_INICIAL=3
4190139315,12-05-2026 22:48:19,15-05-2026 12:47:00,3,3,0,5,True,TRUE,True,CONVENCION_EXCLUYE_INICIAL;CONV_INCLUYE_INICIAL=4
4190139308,12-05-2026 14:38:39,14-05-2026 14:24:00,2,2,0,5,True,TRUE,True,CONVENCION_EXCLUYE_INICIAL;CONV_INCLUYE_INICIAL=3
4190139306,12-05-2026 13:45:12,14-05-2026 11:50:00,2,2,0,5,True,TRUE,True,CONVENCION_EXCLUYE_INICIAL;CONV_INCLUYE_INICIAL=3
4190139305,12-05-2026 11:51:57,14-05-2026 12:42:00,2,2,0,5,True,TRUE,True,CONVENCION_EXCLUYE_INICIAL;CONV_INCLUYE_INICIAL=3
4190139304,11-05-2026 21:56:28,14-05-2026 12:49:00,3,3,0,5,True,TRUE,True,CONVENCION_EXCLUYE_INICIAL;CONV_INCLUYE_INICIAL=4
4190139298,11-05-2026 13:26:08,13-05-2026 12:55:00,2,2,0,5,True,TRUE,True,CONVENCION_EXCLUYE_INICIAL;CONV_INCLUYE_INICIAL=3
4190139292,11-05-2026 11:16:54,14-05-2026 15:11:00,3,3,0,5,True,TRUE,True,CONVENCION_EXCLUYE_INICIAL;CONV_INCLUYE_INICIAL=4
4190139291,11-05-2026 10:49:43,15-05-2026 11:44:00,4,4,0,5,True,TRUE,True,CONVENCION_EXCLUYE_INICIAL;CONV_INCLUYE_INICIAL=5
4190139283,08-05-2026 21:28:57,14-05-2026 15:27:00,4,4,0,5,True,TRUE,True,CONVENCION_EXCLUYE_INICIAL;CONV_INCLUYE_INICIAL=5
4190139282,08-05-2026 20:49:43,14-05-2026 15:29:00,4,4,0,5,True,TRUE,True,CONVENCION_EXCLUYE_INICIAL;CONV_INCLUYE_INICIAL=5
4190139279,08-05-2026 18:52:01,14-05-2026 15:30:00,4,4,0,5,True,TRUE,True,CONVENCION_EXCLUYE_INICIAL;CONV_INCLUYE_INICIAL=5
4190139278,08-05-2026 18:34:50,14-05-2026 12:44:00,4,4,0,5,True,TRUE,True,CONVENCION_EXCLUYE_INICIAL;CONV_INCLUYE_INICIAL=5
4190139277,08-05-2026 18:28:37,13-05-2026 12:57:00,3,3,0,5,True,TRUE,True,CONVENCION_EXCLUYE_INICIAL;CONV_INCLUYE_INICIAL=4
4190139275,08-05-2026 18:04:57,14-05-2026 12:34:00,4,4,0,5,True,TRUE,True,CONVENCION_EXCLUYE_INICIAL;CONV_INCLUYE_INICIAL=5
4190139271,08-05-2026 16:54:56,14-05-2026 15:34:00,4,4,0,5,True,TRUE,True,CONVENCION_EXCLUYE_INICIAL;CONV_INCLUYE_INICIAL=5
4190139270,08-05-2026 16:53:31,14-05-2026 15:33:00,4,4,0,5,True,TRUE,True,CONVENCION_EXCLUYE_INICIAL;CONV_INCLUYE_INICIAL=5
4190139264,08-05-2026 13:18:00,15-05-2026 12:45:00,5,5,0,5,True,TRUE,True,CONVENCION_EXCLUYE_INICIAL;CONV_INCLUYE_INICIAL=6
4190139263,08-05-2026 12:53:49,14-05-2026 14:21:00,4,4,0,5,True,TRUE,True,CONVENCION_EXCLUYE_INICIAL;CONV_INCLUYE_INICIAL=5
4190139262,08-05-2026 12:19:34,12-05-2026 12:16:00,2,2,0,5,True,TRUE,True,CONVENCION_EXCLUYE_INICIAL;CONV_INCLUYE_INICIAL=3
4190139261,08-05-2026 12:16:13,14-05-2026 15:31:00,4,4,0,5,True,TRUE,True,CONVENCION_EXCLUYE_INICIAL;CONV_INCLUYE_INICIAL=5
4190139260,08-05-2026 12:08:58,12-05-2026 15:09:00,2,2,0,5,True,TRUE,True,CONVENCION_EXCLUYE_INICIAL;CONV_INCLUYE_INICIAL=3
4190139259,08-05-2026 10:56:43,12-05-2026 11:27:00,2,2,0,5,True,TRUE,True,CONVENCION_EXCLUYE_INICIAL;CONV_INCLUYE_INICIAL=3
4190139257,07-05-2026 23:55:24,14-05-2026 12:45:00,5,5,0,5,True,TRUE,True,CONVENCION_EXCLUYE_INICIAL;CONV_INCLUYE_INICIAL=6
4190139253,07-05-2026 21:54:57,12-05-2026 15:11:00,3,3,0,5,True,TRUE,True,CONVENCION_EXCLUYE_INICIAL;CONV_INCLUYE_INICIAL=4
4190139252,07-05-2026 21:41:43,12-05-2026 11:26:00,3,3,0,5,True,TRUE,True,CONVENCION_EXCLUYE_INICIAL;CONV_INCLUYE_INICIAL=4
4190139251,07-05-2026 21:33:27,11-05-2026 17:29:08,2,2,0,5,True,TRUE,True,CONVENCION_EXCLUYE_INICIAL;CONV_INCLUYE_INICIAL=3
4190139249,07-05-2026 20:56:42,12-05-2026 11:24:00,3,3,0,5,True,TRUE,True,CONVENCION_EXCLUYE_INICIAL;CONV_INCLUYE_INICIAL=4
4190139247,07-05-2026 17:42:15,12-05-2026 15:10:00,3,3,0,5,True,TRUE,True,CONVENCION_EXCLUYE_INICIAL;CONV_INCLUYE_INICIAL=4
4190139244,07-05-2026 16:36:32,14-05-2026 13:15:00,5,5,0,5,True,TRUE,True,CONVENCION_EXCLUYE_INICIAL;CONV_INCLUYE_INICIAL=6
4190139243,07-05-2026 15:56:20,14-05-2026 12:40:00,5,5,0,5,True,TRUE,True,CONVENCION_EXCLUYE_INICIAL;CONV_INCLUYE_INICIAL=6
4190139242,07-05-2026 15:13:00,11-05-2026 16:15:00,2,2,0,5,True,TRUE,True,CONVENCION_EXCLUYE_INICIAL;CONV_INCLUYE_INICIAL=3
4190139241,07-05-2026 15:01:46,12-05-2026 12:17:00,3,3,0,5,True,TRUE,True,CONVENCION_EXCLUYE_INICIAL;CONV_INCLUYE_INICIAL=4
4190139238,07-05-2026 13:20:07,11-05-2026 16:10:00,2,2,0,5,True,TRUE,True,CONVENCION_EXCLUYE_INICIAL;CONV_INCLUYE_INICIAL=3
4190139237,07-05-2026 13:02:48,12-05-2026 14:55:00,3,3,0,5,True,TRUE,True,CONVENCION_EXCLUYE_INICIAL;CONV_INCLUYE_INICIAL=4
4190139229,07-05-2026 10:16:02,14-05-2026 12:43:00,5,5,0,5,True,TRUE,True,CONVENCION_EXCLUYE_INICIAL;CONV_INCLUYE_INICIAL=6
4190139228,07-05-2026 10:11:49,12-05-2026 11:27:00,3,3,0,5,True,TRUE,True,CONVENCION_EXCLUYE_INICIAL;CONV_INCLUYE_INICIAL=4
4190139227,06-05-2026 22:28:27,12-05-2026 11:23:00,4,4,0,5,True,TRUE,True,CONVENCION_EXCLUYE_INICIAL;CONV_INCLUYE_INICIAL=5
4190139225,06-05-2026 21:55:56,08-05-2026 11:51:00,2,2,0,5,True,TRUE,True,CONVENCION_EXCLUYE_INICIAL;CONV_INCLUYE_INICIAL=3
4190139224,06-05-2026 17:57:40,11-05-2026 16:12:00,3,3,0,5,True,TRUE,True,CONVENCION_EXCLUYE_INICIAL;CONV_INCLUYE_INICIAL=4
4190139221,06-05-2026 17:31:57,13-05-2026 16:43:00,5,5,0,5,True,TRUE,True,CONVENCION_EXCLUYE_INICIAL;CONV_INCLUYE_INICIAL=6
4190139216,06-05-2026 15:50:33,12-05-2026 10:53:00,4,4,0,5,True,TRUE,True,CONVENCION_EXCLUYE_INICIAL;CONV_INCLUYE_INICIAL=5
4190139213,06-05-2026 13:39:54,12-05-2026 10:56:00,4,4,0,5,True,TRUE,True,CONVENCION_EXCLUYE_INICIAL;CONV_INCLUYE_INICIAL=5
4190139212,06-05-2026 12:58:41,11-05-2026 16:08:00,3,3,0,5,True,TRUE,True,CONVENCION_EXCLUYE_INICIAL;CONV_INCLUYE_INICIAL=4
4190139211,06-05-2026 12:58:26,11-05-2026 13:01:00,3,3,0,5,True,TRUE,True,CONVENCION_EXCLUYE_INICIAL;CONV_INCLUYE_INICIAL=4
4190139209,06-05-2026 12:18:01,12-05-2026 16:13:00,4,4,0,5,True,TRUE,True,CONVENCION_EXCLUYE_INICIAL;CONV_INCLUYE_INICIAL=5
4190139208,06-05-2026 10:08:44,12-05-2026 10:55:00,4,4,0,4,True,TRUE,True,CONVENCION_EXCLUYE_INICIAL;CONV_INCLUYE_INICIAL=5
4190139188,05-05-2026 15:42:46,11-05-2026 16:07:00,4,4,0,5,True,TRUE,True,CONVENCION_EXCLUYE_INICIAL;CONV_INCLUYE_INICIAL=5
4190139187,05-05-2026 15:22:33,12-05-2026 16:17:00,5,5,0,5,True,TRUE,True,CONVENCION_EXCLUYE_INICIAL;CONV_INCLUYE_INICIAL=6
4190139182,05-05-2026 12:54:21,12-05-2026 11:22:00,5,5,0,5,True,TRUE,True,CONVENCION_EXCLUYE_INICIAL;CONV_INCLUYE_INICIAL=6
4190139181,05-05-2026 11:40:04,12-05-2026 14:53:00,5,5,0,5,True,TRUE,True,CONVENCION_EXCLUYE_INICIAL;CONV_INCLUYE_INICIAL=6
1166389,05-05-2026 10:12:36,05-05-2026 14:43:00,0,0,0,4,True,TRUE,True,CONVENCION_EXCLUYE_INICIAL;CONV_INCLUYE_INICIAL=1
4190139190,05-05-2026 0:00:00,12-05-2026 10:59:00,5,5,0,5,True,TRUE,True,CONVENCION_EXCLUYE_INICIAL;CONV_INCLUYE_INICIAL=6
4190139186,05-05-2026 0:00:00,12-05-2026 14:48:00,5,5,0,5,True,TRUE,True,CONVENCION_EXCLUYE_INICIAL;CONV_INCLUYE_INICIAL=6
4190139196,05-05-2026 0:00:00,12-05-2026 11:02:00,5,5,0,5,True,TRUE,True,CONVENCION_EXCLUYE_INICIAL;CONV_INCLUYE_INICIAL=6
4190140031,14-07-2026 21:15:49,24-09-2020 22:47:00,,,,4,,,True,CONVENCION_EXCLUYE_INICIAL
4190140030,14-07-2026 20:45:36,24-09-2020 22:47:00,,,,4,,,True,CONVENCION_EXCLUYE_INICIAL
4190140029,14-07-2026 18:59:21,24-09-2020 22:47:00,,,,4,,,True,CONVENCION_EXCLUYE_INICIAL
4190140028,14-07-2026 18:53:10,24-09-2020 22:47:00,,,,5,,,True,CONVENCION_EXCLUYE_INICIAL
1168140,14-07-2026 18:27:23,24-09-2020 22:47:00,,,,5,,,True,CONVENCION_EXCLUYE_INICIAL
1168139,14-07-2026 18:21:20,24-09-2020 22:47:00,,,,4,,,True,CONVENCION_EXCLUYE_INICIAL
1168138,14-07-2026 18:07:44,24-09-2020 22:47:00,,,,4,,,True,CONVENCION_EXCLUYE_INICIAL
1168137,14-07-2026 17:37:40,24-09-2020 22:47:00,,,,5,,,True,CONVENCION_EXCLUYE_INICIAL
1168136,14-07-2026 16:55:14,24-09-2020 22:47:00,,,,4,,,True,CONVENCION_EXCLUYE_INICIAL
1168131,14-07-2026 14:19:08,24-09-2020 22:47:00,,,,5,,,True,CONVENCION_EXCLUYE_INICIAL
1168124,14-07-2026 9:48:26,24-09-2020 22:47:00,,,,5,,,True,CONVENCION_EXCLUYE_INICIAL
1168141,14-07-2026 0:00:00,24-09-2020 22:47:00,,,,4,,,True,CONVENCION_EXCLUYE_INICIAL
4190140025,14-07-2026 0:00:00,24-09-2020 22:47:00,,,,5,,,True,CONVENCION_EXCLUYE_INICIAL
4190140022,13-07-2026 23:27:28,24-09-2020 22:47:00,,,,5,,,True,CONVENCION_EXCLUYE_INICIAL
4190140018,13-07-2026 18:41:31,24-09-2020 22:47:00,,,,5,,,True,CONVENCION_EXCLUYE_INICIAL
1168115,13-07-2026 12:48:04,24-09-2020 22:47:00,,,,5,,,True,CONVENCION_EXCLUYE_INICIAL
1168105,13-07-2026 10:03:45,24-09-2020 22:47:00,,,,4,,,True,CONVENCION_EXCLUYE_INICIAL
1168104,13-07-2026 10:02:47,24-09-2020 22:47:00,,,,4,,,True,CONVENCION_EXCLUYE_INICIAL
4190140015,13-07-2026 8:55:10,24-09-2020 22:47:00,,,,4,,,True,CONVENCION_EXCLUYE_INICIAL
4190140013,11-07-2026 15:23:46,24-09-2020 22:47:00,,,,5,,,True,CONVENCION_EXCLUYE_INICIAL
4190140012,11-07-2026 14:32:38,24-09-2020 22:47:00,,,,5,,,True,CONVENCION_EXCLUYE_INICIAL
1168088,09-07-2026 16:29:44,24-09-2020 22:47:00,,,,4,,,True,CONVENCION_EXCLUYE_INICIAL
4190140004,09-07-2026 13:25:16,24-09-2020 22:47:00,,,,5,,,True,CONVENCION_EXCLUYE_INICIAL
4190140003,09-07-2026 13:19:50,24-09-2020 22:47:00,,,,5,,,True,CONVENCION_EXCLUYE_INICIAL
4190139996,08-07-2026 18:53:04,24-09-2020 22:47:00,,,,5,,,True,CONVENCION_EXCLUYE_INICIAL
4190139990,08-07-2026 13:59:40,24-09-2020 22:47:00,,,,5,,,True,CONVENCION_EXCLUYE_INICIAL
4190139979,07-07-2026 12:35:53,24-09-2020 22:47:00,,,,5,,,True,CONVENCION_EXCLUYE_INICIAL
1168066,07-07-2026 0:00:00,24-09-2020 22:47:00,,,,5,,,True,CONVENCION_EXCLUYE_INICIAL
1168045,06-07-2026 19:21:07,13-07-2026 9:56:00,5,5,0,4,False,FALSE,True,CONVENCION_EXCLUYE_INICIAL;CONV_INCLUYE_INICIAL=6
4190139971,06-07-2026 19:05:37,13-07-2026 13:16:00,5,5,0,4,False,FALSE,True,CONVENCION_EXCLUYE_INICIAL;CONV_INCLUYE_INICIAL=6
4190139969,06-07-2026 15:31:14,13-07-2026 13:18:00,5,5,0,4,False,FALSE,True,CONVENCION_EXCLUYE_INICIAL;CONV_INCLUYE_INICIAL=6
1168025,06-07-2026 9:00:34,24-09-2020 22:47:00,,,,5,,,True,CONVENCION_EXCLUYE_INICIAL
1168037,06-07-2026 0:00:00,24-09-2020 22:47:00,,,,4,,,True,CONVENCION_EXCLUYE_INICIAL
1168021,03-07-2026 17:41:06,14-07-2026 12:44:00,7,7,0,4,False,FALSE,True,CONVENCION_EXCLUYE_INICIAL;CONV_INCLUYE_INICIAL=8
4190139958,03-07-2026 14:54:30,13-07-2026 13:23:00,6,6,0,4,False,FALSE,True,CONVENCION_EXCLUYE_INICIAL;CONV_INCLUYE_INICIAL=7
4190139957,03-07-2026 14:50:15,13-07-2026 13:22:00,6,6,0,4,False,FALSE,True,CONVENCION_EXCLUYE_INICIAL;CONV_INCLUYE_INICIAL=7
1168018,03-07-2026 11:01:37,10-07-2026 7:19:00,5,5,0,4,False,FALSE,True,CONVENCION_EXCLUYE_INICIAL;CONV_INCLUYE_INICIAL=6
4190139950,02-07-2026 17:06:59,24-09-2020 22:47:00,,,,4,,,True,CONVENCION_EXCLUYE_INICIAL
1168010,02-07-2026 13:34:47,24-09-2020 22:47:00,,,,5,,,True,CONVENCION_EXCLUYE_INICIAL
4190139952,02-07-2026 0:00:00,13-07-2026 7:45:00,7,7,0,5,False,FALSE,True,CONVENCION_EXCLUYE_INICIAL;CONV_INCLUYE_INICIAL=8
4190139942,01-07-2026 11:43:40,14-07-2026 14:30:31,9,9,0,4,False,FALSE,True,CONVENCION_EXCLUYE_INICIAL;CONV_INCLUYE_INICIAL=10
4190139916,30-06-2026 15:01:59,24-09-2020 22:47:00,,,,5,,,True,CONVENCION_EXCLUYE_INICIAL
4190139914,30-06-2026 14:49:36,24-09-2020 22:47:00,,,,5,,,True,CONVENCION_EXCLUYE_INICIAL
4190139912,30-06-2026 14:32:25,24-09-2020 22:47:00,,,,5,,,True,CONVENCION_EXCLUYE_INICIAL
4190139910,30-06-2026 14:23:14,24-09-2020 22:47:00,,,,5,,,True,CONVENCION_EXCLUYE_INICIAL
4190139919,30-06-2026 0:00:00,24-09-2020 22:47:00,,,,5,,,True,CONVENCION_EXCLUYE_INICIAL
4190139862,25-06-2026 11:58:22,13-07-2026 10:08:00,11,11,0,5,False,FALSE,True,CONVENCION_EXCLUYE_INICIAL;CONV_INCLUYE_INICIAL=12
1167347,24-06-2026 18:08:37,09-07-2026 14:11:00,10,10,0,4,False,FALSE,True,CONVENCION_EXCLUYE_INICIAL;CONV_INCLUYE_INICIAL=11
1167341,24-06-2026 12:40:40,06-07-2026 10:45:00,7,7,0,4,False,FALSE,True,CONVENCION_EXCLUYE_INICIAL;CONV_INCLUYE_INICIAL=8
4190139849,24-06-2026 9:09:53,24-09-2020 22:47:00,,,,5,,,True,CONVENCION_EXCLUYE_INICIAL
1167313,23-06-2026 15:37:57,24-09-2020 22:47:00,,,,5,,,True,CONVENCION_EXCLUYE_INICIAL
4190139815,22-06-2026 21:45:59,24-09-2020 22:47:00,,,,4,,,True,CONVENCION_EXCLUYE_INICIAL
4190139812,22-06-2026 21:02:47,10-07-2026 9:10:00,13,13,0,4,False,FALSE,True,CONVENCION_EXCLUYE_INICIAL;CONV_INCLUYE_INICIAL=14
4190139802,22-06-2026 18:23:50,24-09-2020 22:47:00,,,,4,,,True,CONVENCION_EXCLUYE_INICIAL
4190139799,22-06-2026 17:44:13,24-09-2020 22:47:00,,,,5,,,True,CONVENCION_EXCLUYE_INICIAL
1167283,22-06-2026 14:56:14,24-09-2020 22:47:00,,,,4,,,True,CONVENCION_EXCLUYE_INICIAL
4190139759,18-06-2026 16:31:24,26-06-2026 9:24:00,6,6,0,5,False,FALSE,True,CONVENCION_EXCLUYE_INICIAL;CONV_INCLUYE_INICIAL=7
4190139747,18-06-2026 12:57:46,24-09-2020 22:47:00,,,,5,,,True,CONVENCION_EXCLUYE_INICIAL
4190139742,17-06-2026 19:09:48,24-09-2020 22:47:00,,,,5,,,True,CONVENCION_EXCLUYE_INICIAL
4190139740,17-06-2026 18:05:36,24-09-2020 22:47:00,,,,5,,,True,CONVENCION_EXCLUYE_INICIAL
1167222,17-06-2026 9:45:58,26-06-2026 9:26:00,7,7,0,5,False,FALSE,True,CONVENCION_EXCLUYE_INICIAL;CONV_INCLUYE_INICIAL=8
4190139732,17-06-2026 0:00:00,24-09-2020 22:47:00,,,,5,,,True,CONVENCION_EXCLUYE_INICIAL
1167201,16-06-2026 11:41:34,23-06-2026 14:48:00,5,5,0,4,False,FALSE,True,CONVENCION_EXCLUYE_INICIAL;CONV_INCLUYE_INICIAL=6
1167198,16-06-2026 10:31:48,06-07-2026 11:36:00,13,13,0,4,False,FALSE,True,CONVENCION_EXCLUYE_INICIAL;CONV_INCLUYE_INICIAL=14
4190139722,16-06-2026 0:00:00,30-06-2026 14:34:00,9,9,0,5,False,FALSE,True,CONVENCION_EXCLUYE_INICIAL;CONV_INCLUYE_INICIAL=10
4190139713,15-06-2026 23:10:33,23-06-2026 14:29:00,6,6,0,5,False,FALSE,True,CONVENCION_EXCLUYE_INICIAL;CONV_INCLUYE_INICIAL=7
1167196,15-06-2026 21:27:08,06-07-2026 9:31:46,14,14,0,5,False,FALSE,True,CONVENCION_EXCLUYE_INICIAL;CONV_INCLUYE_INICIAL=15
4190139708,15-06-2026 17:54:55,26-06-2026 9:17:00,9,9,0,5,False,FALSE,True,CONVENCION_EXCLUYE_INICIAL;CONV_INCLUYE_INICIAL=10
1167181,15-06-2026 11:38:16,23-06-2026 14:48:00,6,6,0,4,False,FALSE,True,CONVENCION_EXCLUYE_INICIAL;CONV_INCLUYE_INICIAL=7
1167180,15-06-2026 11:34:48,23-06-2026 14:48:00,6,6,0,4,False,FALSE,True,CONVENCION_EXCLUYE_INICIAL;CONV_INCLUYE_INICIAL=7
4190139689,12-06-2026 14:59:04,23-06-2026 11:28:00,7,7,0,5,False,FALSE,True,CONVENCION_EXCLUYE_INICIAL;CONV_INCLUYE_INICIAL=8
1167159,12-06-2026 13:08:57,23-06-2026 8:48:00,7,7,0,4,False,FALSE,True,CONVENCION_EXCLUYE_INICIAL;CONV_INCLUYE_INICIAL=8
1167158,12-06-2026 11:37:47,30-06-2026 14:33:00,11,11,0,4,False,FALSE,True,CONVENCION_EXCLUYE_INICIAL;CONV_INCLUYE_INICIAL=12
4190139691,12-06-2026 0:00:00,23-06-2026 14:31:00,7,7,0,5,False,FALSE,True,CONVENCION_EXCLUYE_INICIAL;CONV_INCLUYE_INICIAL=8
1167150,11-06-2026 20:00:41,22-06-2026 16:36:00,7,7,0,4,False,FALSE,True,CONVENCION_EXCLUYE_INICIAL;CONV_INCLUYE_INICIAL=8
4190139678,11-06-2026 19:50:01,24-09-2020 22:47:00,,,,5,,,True,CONVENCION_EXCLUYE_INICIAL
1167140,11-06-2026 14:28:17,22-06-2026 16:24:00,7,7,0,4,False,FALSE,True,CONVENCION_EXCLUYE_INICIAL;CONV_INCLUYE_INICIAL=8
4190139665,11-06-2026 11:13:15,25-06-2026 11:52:00,10,10,0,4,False,FALSE,True,CONVENCION_EXCLUYE_INICIAL;CONV_INCLUYE_INICIAL=11
4190139663,11-06-2026 11:01:49,26-06-2026 9:24:00,11,11,0,4,False,FALSE,True,CONVENCION_EXCLUYE_INICIAL;CONV_INCLUYE_INICIAL=12
4190139662,11-06-2026 10:43:38,25-06-2026 11:51:00,10,10,0,4,False,FALSE,True,CONVENCION_EXCLUYE_INICIAL;CONV_INCLUYE_INICIAL=11
4190139659,11-06-2026 0:00:00,23-06-2026 11:32:00,8,8,0,4,False,FALSE,True,CONVENCION_EXCLUYE_INICIAL;CONV_INCLUYE_INICIAL=9
4190139641,10-06-2026 14:35:26,22-06-2026 15:48:00,8,8,0,5,False,FALSE,True,CONVENCION_EXCLUYE_INICIAL;CONV_INCLUYE_INICIAL=9
4190139639,10-06-2026 12:32:02,30-06-2026 12:40:00,13,13,0,5,False,FALSE,True,CONVENCION_EXCLUYE_INICIAL;CONV_INCLUYE_INICIAL=14
1167124,10-06-2026 10:44:59,22-06-2026 16:34:00,8,8,0,4,False,FALSE,True,CONVENCION_EXCLUYE_INICIAL;CONV_INCLUYE_INICIAL=9
1167123,10-06-2026 10:12:47,17-06-2026 12:07:00,5,5,0,4,False,FALSE,True,CONVENCION_EXCLUYE_INICIAL;CONV_INCLUYE_INICIAL=6
1167121,10-06-2026 9:39:57,18-06-2026 12:41:00,6,6,0,4,False,FALSE,True,CONVENCION_EXCLUYE_INICIAL;CONV_INCLUYE_INICIAL=7
4190139636,10-06-2026 0:00:00,19-06-2026 12:16:00,7,7,0,5,False,FALSE,True,CONVENCION_EXCLUYE_INICIAL;CONV_INCLUYE_INICIAL=8
4190139628,09-06-2026 16:20:48,24-09-2020 22:47:00,,,,5,,,True,CONVENCION_EXCLUYE_INICIAL
1167110,09-06-2026 15:10:50,26-06-2026 11:00:28,13,13,0,4,False,FALSE,True,CONVENCION_EXCLUYE_INICIAL;CONV_INCLUYE_INICIAL=14
4190139625,09-06-2026 14:42:40,19-06-2026 10:58:00,8,8,0,5,False,FALSE,True,CONVENCION_EXCLUYE_INICIAL;CONV_INCLUYE_INICIAL=9
4190139623,09-06-2026 12:17:01,18-06-2026 15:54:00,7,7,0,5,False,FALSE,True,CONVENCION_EXCLUYE_INICIAL;CONV_INCLUYE_INICIAL=8
4190139617,09-06-2026 9:16:46,24-09-2020 22:47:00,,,,5,,,True,CONVENCION_EXCLUYE_INICIAL
4190139626,09-06-2026 0:00:00,18-06-2026 15:59:00,7,7,0,5,False,FALSE,True,CONVENCION_EXCLUYE_INICIAL;CONV_INCLUYE_INICIAL=8
4190139607,08-06-2026 15:53:15,16-06-2026 15:07:00,6,6,0,5,False,FALSE,True,CONVENCION_EXCLUYE_INICIAL;CONV_INCLUYE_INICIAL=7
1167093,08-06-2026 14:43:59,16-06-2026 14:23:00,6,6,0,5,False,FALSE,True,CONVENCION_EXCLUYE_INICIAL;CONV_INCLUYE_INICIAL=7
1167085,08-06-2026 10:30:40,15-06-2026 8:55:00,5,5,0,4,False,FALSE,True,CONVENCION_EXCLUYE_INICIAL;CONV_INCLUYE_INICIAL=6
1167083,08-06-2026 9:51:55,24-09-2020 22:47:00,,,,4,,,True,CONVENCION_EXCLUYE_INICIAL
4190139610,08-06-2026 0:00:00,18-06-2026 16:07:00,8,8,0,5,False,FALSE,True,CONVENCION_EXCLUYE_INICIAL;CONV_INCLUYE_INICIAL=9
4190139596,04-06-2026 21:10:34,12-06-2026 10:42:00,6,6,0,5,False,FALSE,True,CONVENCION_EXCLUYE_INICIAL;CONV_INCLUYE_INICIAL=7
1167069,04-06-2026 19:48:05,12-06-2026 10:44:00,6,6,0,5,False,FALSE,True,CONVENCION_EXCLUYE_INICIAL;CONV_INCLUYE_INICIAL=7
4190139591,04-06-2026 16:45:38,24-09-2020 22:47:00,,,,5,,,True,CONVENCION_EXCLUYE_INICIAL
1167067,04-06-2026 16:34:08,15-06-2026 7:10:00,7,7,0,4,False,FALSE,True,CONVENCION_EXCLUYE_INICIAL;CONV_INCLUYE_INICIAL=8
4190139588,04-06-2026 16:07:00,18-06-2026 15:50:00,10,10,0,5,False,FALSE,True,CONVENCION_EXCLUYE_INICIAL;CONV_INCLUYE_INICIAL=11
1167059,04-06-2026 12:39:50,24-09-2020 22:47:00,,,,4,,,True,CONVENCION_EXCLUYE_INICIAL
4190139586,04-06-2026 0:00:00,17-06-2026 15:25:00,9,9,0,5,False,FALSE,True,CONVENCION_EXCLUYE_INICIAL;CONV_INCLUYE_INICIAL=10
4190139580,03-06-2026 17:59:38,11-06-2026 11:27:00,6,6,0,5,False,FALSE,True,CONVENCION_EXCLUYE_INICIAL;CONV_INCLUYE_INICIAL=7
4190139572,03-06-2026 14:43:55,30-06-2026 14:33:00,18,18,0,5,False,FALSE,True,CONVENCION_EXCLUYE_INICIAL;CONV_INCLUYE_INICIAL=19
1167034,02-06-2026 15:35:56,26-06-2026 11:00:29,18,18,0,5,False,FALSE,True,CONVENCION_EXCLUYE_INICIAL;CONV_INCLUYE_INICIAL=19
4190139562,02-06-2026 13:52:33,10-06-2026 12:51:00,6,6,0,5,False,FALSE,True,CONVENCION_EXCLUYE_INICIAL;CONV_INCLUYE_INICIAL=7
4190139559,02-06-2026 13:34:52,24-09-2020 22:47:00,,,,5,,,True,CONVENCION_EXCLUYE_INICIAL
1166993,01-06-2026 17:06:43,09-06-2026 13:14:00,6,6,0,5,False,FALSE,True,CONVENCION_EXCLUYE_INICIAL;CONV_INCLUYE_INICIAL=7
4190139553,01-06-2026 16:41:12,24-09-2020 22:47:00,,,,5,,,True,CONVENCION_EXCLUYE_INICIAL
4190139538,01-06-2026 11:32:44,11-06-2026 11:23:00,8,8,0,5,False,FALSE,True,CONVENCION_EXCLUYE_INICIAL;CONV_INCLUYE_INICIAL=9
4190139535,01-06-2026 10:34:25,10-06-2026 15:37:00,7,7,0,5,False,FALSE,True,CONVENCION_EXCLUYE_INICIAL;CONV_INCLUYE_INICIAL=8
1166855,01-06-2026 0:00:00,24-06-2026 9:44:00,17,17,0,5,False,FALSE,True,CONVENCION_EXCLUYE_INICIAL;CONV_INCLUYE_INICIAL=18
1166843,29-05-2026 0:00:00,16-06-2026 15:10:00,12,12,0,5,False,FALSE,True,CONVENCION_EXCLUYE_INICIAL;CONV_INCLUYE_INICIAL=13
4190139509,28-05-2026 19:23:07,05-06-2026 11:59:00,6,6,0,5,False,FALSE,True,CONVENCION_EXCLUYE_INICIAL;CONV_INCLUYE_INICIAL=7
4190139504,28-05-2026 14:05:42,05-06-2026 11:56:00,6,6,0,5,False,FALSE,True,CONVENCION_EXCLUYE_INICIAL;CONV_INCLUYE_INICIAL=7
1166697,28-05-2026 13:18:50,08-06-2026 0:00:00,7,7,0,4,False,FALSE,True,CONVENCION_EXCLUYE_INICIAL;CONV_INCLUYE_INICIAL=8
4190139497,28-05-2026 12:13:43,17-06-2026 15:27:00,14,14,0,5,False,FALSE,True,CONVENCION_EXCLUYE_INICIAL;CONV_INCLUYE_INICIAL=15
4190139478,27-05-2026 15:55:47,24-09-2020 22:47:00,,,,5,,,True,CONVENCION_EXCLUYE_INICIAL
4190139477,27-05-2026 15:39:36,24-09-2020 22:47:00,,,,5,,,True,CONVENCION_EXCLUYE_INICIAL
4190139475,27-05-2026 15:25:25,24-09-2020 22:47:00,,,,5,,,True,CONVENCION_EXCLUYE_INICIAL
4190139442,26-05-2026 10:33:57,10-06-2026 13:36:00,11,11,0,5,False,FALSE,True,CONVENCION_EXCLUYE_INICIAL;CONV_INCLUYE_INICIAL=12
4190139464,26-05-2026 0:00:00,09-06-2026 12:50:00,10,10,0,5,False,FALSE,True,CONVENCION_EXCLUYE_INICIAL;CONV_INCLUYE_INICIAL=11
4190139439,25-05-2026 19:35:56,23-06-2026 7:16:00,21,21,0,5,False,FALSE,True,CONVENCION_EXCLUYE_INICIAL;CONV_INCLUYE_INICIAL=22
1166641,25-05-2026 16:31:45,01-06-2026 9:14:00,5,5,0,4,False,FALSE,True,CONVENCION_EXCLUYE_INICIAL;CONV_INCLUYE_INICIAL=6
1166624,25-05-2026 9:37:00,26-06-2026 11:00:33,24,24,0,5,False,FALSE,True,CONVENCION_EXCLUYE_INICIAL;CONV_INCLUYE_INICIAL=25
4190139409,22-05-2026 14:15:38,29-05-2026 11:57:00,5,5,0,4,False,FALSE,True,CONVENCION_EXCLUYE_INICIAL;CONV_INCLUYE_INICIAL=6
1166603,20-05-2026 11:17:09,29-05-2026 11:57:00,6,6,0,5,False,FALSE,True,CONVENCION_EXCLUYE_INICIAL;CONV_INCLUYE_INICIAL=7
4190139384,19-05-2026 18:50:03,28-05-2026 11:25:00,6,6,0,5,False,FALSE,True,CONVENCION_EXCLUYE_INICIAL;CONV_INCLUYE_INICIAL=7
4190139374,19-05-2026 9:10:49,27-05-2026 15:15:00,5,5,0,4,False,FALSE,True,CONVENCION_EXCLUYE_INICIAL;CONV_INCLUYE_INICIAL=6
4190139373,19-05-2026 8:50:35,27-05-2026 8:26:00,5,5,0,4,False,FALSE,True,CONVENCION_EXCLUYE_INICIAL;CONV_INCLUYE_INICIAL=6
4190139361,18-05-2026 17:59:01,27-05-2026 12:38:00,6,6,0,5,False,FALSE,True,CONVENCION_EXCLUYE_INICIAL;CONV_INCLUYE_INICIAL=7
4190139362,18-05-2026 0:00:00,27-05-2026 8:32:00,6,6,0,5,False,FALSE,True,CONVENCION_EXCLUYE_INICIAL;CONV_INCLUYE_INICIAL=7
4190139353,15-05-2026 15:19:41,26-05-2026 13:11:00,6,6,0,5,False,FALSE,True,CONVENCION_EXCLUYE_INICIAL;CONV_INCLUYE_INICIAL=7
1166540,14-05-2026 21:32:00,25-05-2026 12:54:00,6,6,0,5,False,FALSE,True,CONVENCION_EXCLUYE_INICIAL;CONV_INCLUYE_INICIAL=7
4190139345,14-05-2026 21:31:36,27-05-2026 15:27:00,8,8,0,5,False,FALSE,True,CONVENCION_EXCLUYE_INICIAL;CONV_INCLUYE_INICIAL=9
4190139344,14-05-2026 21:29:23,25-05-2026 14:56:00,6,6,0,5,False,FALSE,True,CONVENCION_EXCLUYE_INICIAL;CONV_INCLUYE_INICIAL=7
4190139334,14-05-2026 12:56:44,25-05-2026 12:41:00,6,6,0,4,False,FALSE,True,CONVENCION_EXCLUYE_INICIAL;CONV_INCLUYE_INICIAL=7
1166524,14-05-2026 11:22:20,12-06-2026 10:37:00,20,20,0,5,False,FALSE,True,CONVENCION_EXCLUYE_INICIAL;CONV_INCLUYE_INICIAL=21
1166517,14-05-2026 8:30:46,25-05-2026 15:02:00,6,6,0,5,False,FALSE,True,CONVENCION_EXCLUYE_INICIAL;CONV_INCLUYE_INICIAL=7
4190139320,13-05-2026 9:55:57,20-05-2026 15:15:00,5,5,0,4,False,FALSE,True,CONVENCION_EXCLUYE_INICIAL;CONV_INCLUYE_INICIAL=6
4190139318,13-05-2026 9:46:31,20-05-2026 15:15:00,5,5,0,4,False,FALSE,True,CONVENCION_EXCLUYE_INICIAL;CONV_INCLUYE_INICIAL=6
4190139314,12-05-2026 20:41:39,05-06-2026 11:59:00,17,17,0,5,False,FALSE,True,CONVENCION_EXCLUYE_INICIAL;CONV_INCLUYE_INICIAL=18
4190139301,11-05-2026 16:15:46,25-05-2026 14:54:00,9,9,0,5,False,FALSE,True,CONVENCION_EXCLUYE_INICIAL;CONV_INCLUYE_INICIAL=10
1166484,11-05-2026 15:17:59,18-05-2026 9:49:00,5,5,0,4,False,FALSE,True,CONVENCION_EXCLUYE_INICIAL;CONV_INCLUYE_INICIAL=6
4190139299,11-05-2026 14:47:21,18-05-2026 9:49:00,5,5,0,4,False,FALSE,True,CONVENCION_EXCLUYE_INICIAL;CONV_INCLUYE_INICIAL=6
1166477,11-05-2026 9:09:58,18-05-2026 9:49:00,5,5,0,4,False,FALSE,True,CONVENCION_EXCLUYE_INICIAL;CONV_INCLUYE_INICIAL=6
1166473,09-05-2026 12:55:17,15-05-2026 9:33:00,5,5,0,4,False,FALSE,True,CONVENCION_EXCLUYE_INICIAL
1166472,09-05-2026 12:50:50,28-05-2026 0:00:00,13,13,0,4,False,FALSE,True,CONVENCION_EXCLUYE_INICIAL
1166471,09-05-2026 12:28:31,25-05-2026 7:25:00,10,10,0,5,False,FALSE,True,CONVENCION_EXCLUYE_INICIAL
1166470,08-05-2026 23:53:01,15-05-2026 8:35:00,5,5,0,4,False,FALSE,True,CONVENCION_EXCLUYE_INICIAL;CONV_INCLUYE_INICIAL=6
4190139284,08-05-2026 23:41:14,15-05-2026 12:06:00,5,5,0,4,False,FALSE,True,CONVENCION_EXCLUYE_INICIAL;CONV_INCLUYE_INICIAL=6
1166468,08-05-2026 23:35:03,19-05-2026 16:09:00,7,7,0,4,False,FALSE,True,CONVENCION_EXCLUYE_INICIAL;CONV_INCLUYE_INICIAL=8
1166462,08-05-2026 19:33:27,26-05-2026 14:31:00,11,11,0,4,False,FALSE,True,CONVENCION_EXCLUYE_INICIAL;CONV_INCLUYE_INICIAL=12
1166459,08-05-2026 19:08:38,20-05-2026 15:22:00,8,8,0,5,False,FALSE,True,CONVENCION_EXCLUYE_INICIAL;CONV_INCLUYE_INICIAL=9
1166458,08-05-2026 18:56:01,15-05-2026 8:56:00,5,5,0,4,False,FALSE,True,CONVENCION_EXCLUYE_INICIAL;CONV_INCLUYE_INICIAL=6
1166456,08-05-2026 18:14:39,19-05-2026 16:20:00,7,7,0,5,False,FALSE,True,CONVENCION_EXCLUYE_INICIAL;CONV_INCLUYE_INICIAL=8
4190139268,08-05-2026 16:11:57,18-05-2026 16:25:00,6,6,0,5,False,FALSE,True,CONVENCION_EXCLUYE_INICIAL;CONV_INCLUYE_INICIAL=7
1166452,08-05-2026 13:15:33,18-05-2026 9:49:00,6,6,0,4,False,FALSE,True,CONVENCION_EXCLUYE_INICIAL;CONV_INCLUYE_INICIAL=7
1166445,08-05-2026 12:16:00,15-05-2026 11:25:00,5,5,0,4,False,FALSE,True,CONVENCION_EXCLUYE_INICIAL;CONV_INCLUYE_INICIAL=6
1166438,08-05-2026 9:02:45,22-05-2026 11:18:00,9,9,0,5,False,FALSE,True,CONVENCION_EXCLUYE_INICIAL;CONV_INCLUYE_INICIAL=10
1166435,07-05-2026 18:20:23,14-05-2026 14:27:00,5,5,0,4,False,FALSE,True,CONVENCION_EXCLUYE_INICIAL;CONV_INCLUYE_INICIAL=6
4190139245,07-05-2026 16:42:43,15-05-2026 8:35:00,6,6,0,5,False,FALSE,True,CONVENCION_EXCLUYE_INICIAL;CONV_INCLUYE_INICIAL=7
4190139239,07-05-2026 13:24:32,15-05-2026 8:37:00,6,6,0,5,False,FALSE,True,CONVENCION_EXCLUYE_INICIAL;CONV_INCLUYE_INICIAL=7
4190139236,07-05-2026 12:55:35,14-05-2026 15:36:00,5,5,0,4,False,FALSE,True,CONVENCION_EXCLUYE_INICIAL;CONV_INCLUYE_INICIAL=6
4190139232,07-05-2026 10:50:38,15-05-2026 8:45:00,6,6,0,5,False,FALSE,True,CONVENCION_EXCLUYE_INICIAL;CONV_INCLUYE_INICIAL=7
4190139231,07-05-2026 10:49:28,14-05-2026 14:22:00,5,5,0,4,False,FALSE,True,CONVENCION_EXCLUYE_INICIAL;CONV_INCLUYE_INICIAL=6
4190139254,07-05-2026 0:00:00,15-05-2026 8:49:00,6,6,0,5,False,FALSE,True,CONVENCION_EXCLUYE_INICIAL;CONV_INCLUYE_INICIAL=7
4190139234,07-05-2026 0:00:00,14-05-2026 8:05:00,5,5,0,4,False,FALSE,True,CONVENCION_EXCLUYE_INICIAL;CONV_INCLUYE_INICIAL=6
1166423,06-05-2026 16:42:22,13-05-2026 9:52:00,5,5,0,4,False,FALSE,True,CONVENCION_EXCLUYE_INICIAL;CONV_INCLUYE_INICIAL=6
4190139218,06-05-2026 16:37:02,25-05-2026 7:21:00,12,12,0,5,False,FALSE,True,CONVENCION_EXCLUYE_INICIAL;CONV_INCLUYE_INICIAL=13
4190139217,06-05-2026 16:06:48,22-05-2026 11:16:00,11,11,0,5,False,FALSE,True,CONVENCION_EXCLUYE_INICIAL;CONV_INCLUYE_INICIAL=12
1166421,06-05-2026 16:06:33,28-05-2026 12:25:54,15,15,0,5,False,FALSE,True,CONVENCION_EXCLUYE_INICIAL;CONV_INCLUYE_INICIAL=16
1166420,06-05-2026 15:51:10,18-05-2026 16:31:00,8,8,0,5,False,FALSE,True,CONVENCION_EXCLUYE_INICIAL;CONV_INCLUYE_INICIAL=9
1166418,06-05-2026 14:47:22,14-05-2026 8:12:00,6,6,0,5,False,FALSE,True,CONVENCION_EXCLUYE_INICIAL;CONV_INCLUYE_INICIAL=7
1166417,06-05-2026 14:26:26,15-05-2026 8:38:00,7,7,0,4,False,FALSE,True,CONVENCION_EXCLUYE_INICIAL;CONV_INCLUYE_INICIAL=8
4190139214,06-05-2026 13:41:08,14-05-2026 14:23:00,6,6,0,5,False,FALSE,True,CONVENCION_EXCLUYE_INICIAL;CONV_INCLUYE_INICIAL=7
1166416,06-05-2026 13:02:40,15-05-2026 12:06:00,7,7,0,4,False,FALSE,True,CONVENCION_EXCLUYE_INICIAL;CONV_INCLUYE_INICIAL=8
1166415,06-05-2026 12:23:27,13-05-2026 9:39:00,5,5,0,4,False,FALSE,True,CONVENCION_EXCLUYE_INICIAL;CONV_INCLUYE_INICIAL=6
1166411,06-05-2026 11:41:04,14-05-2026 14:23:00,6,6,0,4,False,FALSE,True,CONVENCION_EXCLUYE_INICIAL;CONV_INCLUYE_INICIAL=7
1166409,06-05-2026 10:39:32,13-05-2026 9:52:00,5,5,0,4,False,FALSE,True,CONVENCION_EXCLUYE_INICIAL;CONV_INCLUYE_INICIAL=6
4190139204,06-05-2026 8:36:46,14-05-2026 12:47:00,6,6,0,4,False,FALSE,True,CONVENCION_EXCLUYE_INICIAL;CONV_INCLUYE_INICIAL=7
4190139215,06-05-2026 0:00:00,14-05-2026 12:03:00,6,6,0,5,False,FALSE,True,CONVENCION_EXCLUYE_INICIAL;CONV_INCLUYE_INICIAL=7
4190139200,05-05-2026 23:24:05,12-05-2026 12:18:00,5,5,0,4,False,FALSE,True,CONVENCION_EXCLUYE_INICIAL;CONV_INCLUYE_INICIAL=6
4190139199,05-05-2026 23:20:53,12-05-2026 11:00:00,5,5,0,4,False,FALSE,True,CONVENCION_EXCLUYE_INICIAL;CONV_INCLUYE_INICIAL=6
4190139198,05-05-2026 23:08:38,13-05-2026 14:20:00,6,6,0,4,False,FALSE,True,CONVENCION_EXCLUYE_INICIAL;CONV_INCLUYE_INICIAL=7
4190139194,05-05-2026 21:46:47,14-05-2026 15:09:00,7,7,0,5,False,FALSE,True,CONVENCION_EXCLUYE_INICIAL;CONV_INCLUYE_INICIAL=8
4190139193,05-05-2026 20:19:55,14-05-2026 12:46:00,7,7,0,4,False,FALSE,True,CONVENCION_EXCLUYE_INICIAL;CONV_INCLUYE_INICIAL=8
4190139192,05-05-2026 18:49:42,12-05-2026 9:09:00,5,5,0,4,False,FALSE,True,CONVENCION_EXCLUYE_INICIAL;CONV_INCLUYE_INICIAL=6
4190139189,05-05-2026 17:48:00,12-05-2026 9:03:00,5,5,0,4,False,FALSE,True,CONVENCION_EXCLUYE_INICIAL;CONV_INCLUYE_INICIAL=6
1166401,05-05-2026 17:11:47,13-05-2026 9:52:00,6,6,0,4,False,FALSE,True,CONVENCION_EXCLUYE_INICIAL;CONV_INCLUYE_INICIAL=7
1166398,05-05-2026 14:50:59,13-05-2026 12:15:00,6,6,0,4,False,FALSE,True,CONVENCION_EXCLUYE_INICIAL;CONV_INCLUYE_INICIAL=7
4190139183,05-05-2026 13:37:39,12-05-2026 12:18:00,5,5,0,4,False,FALSE,True,CONVENCION_EXCLUYE_INICIAL;CONV_INCLUYE_INICIAL=6
1166392,05-05-2026 11:39:37,13-05-2026 8:04:00,6,6,0,4,False,FALSE,True,CONVENCION_EXCLUYE_INICIAL;CONV_INCLUYE_INICIAL=7
4190139180,05-05-2026 11:30:52,14-05-2026 15:38:00,7,7,0,5,False,FALSE,True,CONVENCION_EXCLUYE_INICIAL;CONV_INCLUYE_INICIAL=8
4190139197,05-05-2026 0:00:00,14-05-2026 13:14:00,7,7,0,5,False,FALSE,True,CONVENCION_EXCLUYE_INICIAL;CONV_INCLUYE_INICIAL=8
1166397,05-05-2026 0:00:00,12-05-2026 14:50:00,5,5,0,4,False,FALSE,True,CONVENCION_EXCLUYE_INICIAL;CONV_INCLUYE_INICIAL=6
1166394,05-05-2026 0:00:00,28-05-2026 12:25:56,16,16,0,4,False,FALSE,True,CONVENCION_EXCLUYE_INICIAL;CONV_INCLUYE_INICIAL=17
4190139179,04-05-2026 23:55:33,12-05-2026 16:18:00,6,6,0,5,False,FALSE,True,CONVENCION_EXCLUYE_INICIAL;CONV_INCLUYE_INICIAL=7
4190139176,04-05-2026 20:30:43,12-05-2026 11:21:00,6,6,0,5,False,FALSE,True,CONVENCION_EXCLUYE_INICIAL;CONV_INCLUYE_INICIAL=7
4190139174,04-05-2026 17:47:03,12-05-2026 14:52:00,6,6,0,5,False,FALSE,True,CONVENCION_EXCLUYE_INICIAL;CONV_INCLUYE_INICIAL=7
4190139165,04-05-2026 11:11:48,27-05-2026 15:25:00,16,16,0,5,False,FALSE,True,CONVENCION_EXCLUYE_INICIAL;CONV_INCLUYE_INICIAL=17
4190139173,04-05-2026 0:00:00,13-05-2026 9:52:00,7,7,0,4,False,FALSE,True,CONVENCION_EXCLUYE_INICIAL;CONV_INCLUYE_INICIAL=8
4190139164,30-04-2026 19:08:34,13-05-2026 16:44:00,8,8,0,5,False,FALSE,True,CONVENCION_EXCLUYE_INICIAL;CONV_INCLUYE_INICIAL=9
4190139141,30-04-2026 12:35:47,15-05-2026 8:50:00,10,10,0,5,False,FALSE,True,CONVENCION_EXCLUYE_INICIAL;CONV_INCLUYE_INICIAL=11
4190139140,30-04-2026 12:27:35,15-05-2026 8:36:00,10,10,0,5,False,FALSE,True,CONVENCION_EXCLUYE_INICIAL;CONV_INCLUYE_INICIAL=11
4190139760,18-06-2026 16:48:36,30-06-2026 11:32:00,7,7,0,5,False,FALSE,True,CONVENCION_EXCLUYE_INICIAL;CONV_INCLUYE_INICIAL=8
1168135,14-07-2026 16:49:31,,11,,,5,False,,False,CONVENCION_EXCLUYE_INICIAL
1168134,14-07-2026 16:25:21,,11,,,4,False,,False,CONVENCION_EXCLUYE_INICIAL
4190140027,14-07-2026 14:54:55,,11,,,5,False,,False,CONVENCION_EXCLUYE_INICIAL
1168130,14-07-2026 14:15:23,,11,,,4,False,,False,CONVENCION_EXCLUYE_INICIAL
4190140023,14-07-2026 11:07:00,,11,,,4,False,,False,CONVENCION_EXCLUYE_INICIAL
1168125,14-07-2026 10:31:10,,11,,,4,False,,False,CONVENCION_EXCLUYE_INICIAL
4190140017,13-07-2026 18:23:30,,12,,,5,False,,False,CONVENCION_EXCLUYE_INICIAL
1168120,13-07-2026 17:02:44,,12,,,4,False,,False,CONVENCION_EXCLUYE_INICIAL
1168113,13-07-2026 12:31:47,,12,,,4,False,,False,CONVENCION_EXCLUYE_INICIAL
1168109,13-07-2026 11:19:15,,12,,,4,False,,False,CONVENCION_EXCLUYE_INICIAL
1168106,13-07-2026 0:00:00,,12,,,4,False,,False,CONVENCION_EXCLUYE_INICIAL
1168086,09-07-2026 16:29:42,,14,,,4,False,,False,CONVENCION_EXCLUYE_INICIAL
1168064,07-07-2026 19:33:50,,16,,,4,False,,False,CONVENCION_EXCLUYE_INICIAL
1167574,30-06-2026 0:00:00,,21,,,5,False,,False,CONVENCION_EXCLUYE_INICIAL
4190139778,22-06-2026 11:37:53,,26,,,4,False,,False,CONVENCION_EXCLUYE_INICIAL
4190139772,19-06-2026 10:52:36,,27,,,5,False,,False,CONVENCION_EXCLUYE_INICIAL
4190139739,17-06-2026 17:37:25,,29,,,5,False,,False,CONVENCION_EXCLUYE_INICIAL
1167169,15-06-2026 9:12:37,,31,,,4,False,,False,CONVENCION_EXCLUYE_INICIAL
4190139492,28-05-2026 0:00:00,,43,,,4,False,,False,CONVENCION_EXCLUYE_INICIAL
4190139472,27-05-2026 13:46:45,,44,,,4,False,,False,CONVENCION_EXCLUYE_INICIAL
4190139470,27-05-2026 12:30:20,,44,,,5,False,,False,CONVENCION_EXCLUYE_INICIAL
1167926,01-07-2026 22:37:39,08-07-2026 0:00:00,5,5,0,4,False,FALSE,True,CONVENCION_EXCLUYE_INICIAL;CONV_INCLUYE_INICIAL=6
1167658,01-07-2026 15:00:52,20-07-2026 0:00:00,12,12,0,5,False,FALSE,True,CONVENCION_EXCLUYE_INICIAL;CONV_INCLUYE_INICIAL=13
1167646,01-07-2026 12:46:51,13-07-2026 0:00:00,8,8,0,5,False,FALSE,True,CONVENCION_EXCLUYE_INICIAL;CONV_INCLUYE_INICIAL=9
1167645,01-07-2026 12:41:02,13-07-2026 0:00:00,8,8,0,5,False,FALSE,True,CONVENCION_EXCLUYE_INICIAL;CONV_INCLUYE_INICIAL=9
1167627,01-07-2026 12:02:57,22-07-2026 0:00:00,14,14,0,5,False,FALSE,True,CONVENCION_EXCLUYE_INICIAL;CONV_INCLUYE_INICIAL=15
1167614,01-07-2026 11:19:40,22-07-2026 0:00:00,14,14,0,5,False,FALSE,True,CONVENCION_EXCLUYE_INICIAL;CONV_INCLUYE_INICIAL=15
4190139938,01-07-2026 10:32:51,27-07-2026 0:00:00,17,17,0,4,False,FALSE,True,CONVENCION_EXCLUYE_INICIAL;CONV_INCLUYE_INICIAL=18
1167581,30-06-2026 22:31:19,10-07-2026 0:00:00,8,8,0,4,False,FALSE,True,CONVENCION_EXCLUYE_INICIAL;CONV_INCLUYE_INICIAL=9
4190139903,30-06-2026 12:47:13,07-07-2026 0:00:00,5,5,0,4,False,FALSE,True,CONVENCION_EXCLUYE_INICIAL;CONV_INCLUYE_INICIAL=6
4190139902,30-06-2026 12:39:24,07-07-2026 0:00:00,5,5,0,4,False,FALSE,True,CONVENCION_EXCLUYE_INICIAL;CONV_INCLUYE_INICIAL=6
1167483,29-06-2026 22:20:48,07-07-2026 0:00:00,6,6,0,5,False,FALSE,True,CONVENCION_EXCLUYE_INICIAL
1167482,29-06-2026 22:18:18,07-07-2026 0:00:00,6,6,0,5,False,FALSE,True,CONVENCION_EXCLUYE_INICIAL
1167481,29-06-2026 22:15:00,07-07-2026 0:00:00,6,6,0,5,False,FALSE,True,CONVENCION_EXCLUYE_INICIAL
4190139892,29-06-2026 22:06:56,07-07-2026 0:00:00,6,6,0,5,False,FALSE,True,CONVENCION_EXCLUYE_INICIAL
4190139889,29-06-2026 16:56:50,23-07-2026 0:00:00,17,17,0,4,False,FALSE,True,CONVENCION_EXCLUYE_INICIAL
4190139888,29-06-2026 16:48:55,23-07-2026 0:00:00,17,17,0,4,False,FALSE,True,CONVENCION_EXCLUYE_INICIAL
1167478,29-06-2026 0:00:00,07-07-2026 0:00:00,6,6,0,5,False,FALSE,True,CONVENCION_EXCLUYE_INICIAL
1167479,29-06-2026 0:00:00,07-07-2026 0:00:00,6,6,0,5,False,FALSE,True,CONVENCION_EXCLUYE_INICIAL
4190139882,27-06-2026 12:50:24,30-07-2026 0:00:00,22,22,0,4,False,FALSE,True,CONVENCION_EXCLUYE_INICIAL
4190139883,27-06-2026 0:00:00,30-07-2026 0:00:00,22,22,0,4,False,FALSE,True,CONVENCION_EXCLUYE_INICIAL
4190139881,26-06-2026 18:51:35,07-07-2026 0:00:00,6,6,0,5,False,FALSE,True,CONVENCION_EXCLUYE_INICIAL;CONV_INCLUYE_INICIAL=7
4190139878,26-06-2026 14:18:19,13-07-2026 0:00:00,10,10,0,5,False,FALSE,True,CONVENCION_EXCLUYE_INICIAL;CONV_INCLUYE_INICIAL=11
1167380,26-06-2026 12:20:34,07-07-2026 0:00:00,6,6,0,4,False,FALSE,True,CONVENCION_EXCLUYE_INICIAL;CONV_INCLUYE_INICIAL=7
1167379,26-06-2026 11:59:32,07-07-2026 0:00:00,6,6,0,4,False,FALSE,True,CONVENCION_EXCLUYE_INICIAL;CONV_INCLUYE_INICIAL=7
1167373,25-06-2026 22:50:41,23-07-2026 0:00:00,18,18,0,4,False,FALSE,True,CONVENCION_EXCLUYE_INICIAL;CONV_INCLUYE_INICIAL=19
4190139868,25-06-2026 17:24:45,13-07-2026 0:00:00,11,11,0,5,False,FALSE,True,CONVENCION_EXCLUYE_INICIAL;CONV_INCLUYE_INICIAL=12
1167360,25-06-2026 13:48:46,07-07-2026 0:00:00,7,7,0,4,False,FALSE,True,CONVENCION_EXCLUYE_INICIAL;CONV_INCLUYE_INICIAL=8
4190139858,24-06-2026 19:53:14,13-07-2026 0:00:00,12,12,0,5,False,FALSE,True,CONVENCION_EXCLUYE_INICIAL;CONV_INCLUYE_INICIAL=13
1167340,24-06-2026 12:30:52,06-07-2026 0:00:00,7,7,0,4,False,FALSE,True,CONVENCION_EXCLUYE_INICIAL;CONV_INCLUYE_INICIAL=8
1167324,24-06-2026 0:53:45,10-07-2026 0:00:00,11,11,0,5,False,FALSE,True,CONVENCION_EXCLUYE_INICIAL;CONV_INCLUYE_INICIAL=12
1167318,23-06-2026 17:54:31,03-07-2026 0:00:00,7,7,0,4,False,FALSE,True,CONVENCION_EXCLUYE_INICIAL;CONV_INCLUYE_INICIAL=8
1167317,23-06-2026 17:50:28,06-07-2026 0:00:00,8,8,0,4,False,FALSE,True,CONVENCION_EXCLUYE_INICIAL;CONV_INCLUYE_INICIAL=9
1167311,23-06-2026 14:51:59,06-07-2026 0:00:00,8,8,0,4,False,FALSE,True,CONVENCION_EXCLUYE_INICIAL;CONV_INCLUYE_INICIAL=9
4190139804,22-06-2026 18:33:17,09-07-2026 0:00:00,12,12,0,5,False,FALSE,True,CONVENCION_EXCLUYE_INICIAL;CONV_INCLUYE_INICIAL=13
4190139801,22-06-2026 18:12:39,08-07-2026 0:00:00,11,11,0,5,False,FALSE,True,CONVENCION_EXCLUYE_INICIAL;CONV_INCLUYE_INICIAL=12
1167287,22-06-2026 16:20:53,06-07-2026 0:00:00,9,9,0,4,False,FALSE,True,CONVENCION_EXCLUYE_INICIAL;CONV_INCLUYE_INICIAL=10
4190139788,22-06-2026 14:22:52,09-07-2026 0:00:00,12,12,0,5,False,FALSE,True,CONVENCION_EXCLUYE_INICIAL;CONV_INCLUYE_INICIAL=13
4190139745,18-06-2026 11:23:22,02-07-2026 0:00:00,9,9,0,5,False,FALSE,True,CONVENCION_EXCLUYE_INICIAL;CONV_INCLUYE_INICIAL=10
4190139682,12-06-2026 0:00:00,03-07-2026 0:00:00,14,14,0,5,False,FALSE,True,CONVENCION_EXCLUYE_INICIAL;CONV_INCLUYE_INICIAL=15
1167106,09-06-2026 13:34:41,26-06-2026 0:00:00,13,13,0,4,False,FALSE,True,CONVENCION_EXCLUYE_INICIAL;CONV_INCLUYE_INICIAL=14
1167090,08-06-2026 0:00:00,02-07-2026 0:00:00,17,17,0,5,False,FALSE,True,CONVENCION_EXCLUYE_INICIAL;CONV_INCLUYE_INICIAL=18
4190139574,03-06-2026 15:35:07,03-07-2026 0:00:00,21,21,0,5,False,FALSE,True,CONVENCION_EXCLUYE_INICIAL;CONV_INCLUYE_INICIAL=22
1166838,29-05-2026 12:15:41,05-06-2026 0:00:00,5,5,0,4,False,FALSE,True,CONVENCION_EXCLUYE_INICIAL;CONV_INCLUYE_INICIAL=6
1166700,28-05-2026 14:13:36,04-06-2026 0:00:00,5,5,0,4,False,FALSE,True,CONVENCION_EXCLUYE_INICIAL;CONV_INCLUYE_INICIAL=6
4190139496,28-05-2026 11:46:32,05-06-2026 0:00:00,6,6,0,5,False,FALSE,True,CONVENCION_EXCLUYE_INICIAL;CONV_INCLUYE_INICIAL=7
1166699,28-05-2026 0:00:00,04-06-2026 0:00:00,5,5,0,4,False,FALSE,True,CONVENCION_EXCLUYE_INICIAL;CONV_INCLUYE_INICIAL=6
1166696,28-05-2026 0:00:00,05-06-2026 0:00:00,6,6,0,4,False,FALSE,True,CONVENCION_EXCLUYE_INICIAL;CONV_INCLUYE_INICIAL=7
1166660,26-05-2026 17:49:17,03-07-2026 0:00:00,27,27,0,5,False,FALSE,True,CONVENCION_EXCLUYE_INICIAL;CONV_INCLUYE_INICIAL=28
1166656,26-05-2026 15:23:27,03-06-2026 0:00:00,6,6,0,5,False,FALSE,True,CONVENCION_EXCLUYE_INICIAL;CONV_INCLUYE_INICIAL=7
1166377,04-05-2026 13:48:40,12-05-2026 0:00:00,6,6,0,4,False,FALSE,True,CONVENCION_EXCLUYE_INICIAL;CONV_INCLUYE_INICIAL=7
4190139166,04-05-2026 11:58:58,11-05-2026 0:00:00,5,5,0,4,False,FALSE,True,CONVENCION_EXCLUYE_INICIAL;CONV_INCLUYE_INICIAL=6
1166295,04-05-2026 9:17:25,11-05-2026 0:00:00,5,5,0,4,False,FALSE,True,CONVENCION_EXCLUYE_INICIAL;CONV_INCLUYE_INICIAL=6
1166144,04-05-2026 8:20:36,18-05-2026 0:00:00,10,10,0,4,False,FALSE,True,CONVENCION_EXCLUYE_INICIAL;CONV_INCLUYE_INICIAL=11
1166070,30-04-2026 12:32:05,14-05-2026 0:00:00,9,9,0,4,False,FALSE,True,CONVENCION_EXCLUYE_INICIAL;CONV_INCLUYE_INICIAL=10
1166069,30-04-2026 12:17:02,11-05-2026 0:00:00,6,6,0,4,False,FALSE,True,CONVENCION_EXCLUYE_INICIAL;CONV_INCLUYE_INICIAL=7
1166060,30-04-2026 9:58:36,11-05-2026 0:00:00,6,6,0,4,False,FALSE,True,CONVENCION_EXCLUYE_INICIAL;CONV_INCLUYE_INICIAL=7
4190139156,30-04-2026 0:00:00,11-05-2026 0:00:00,6,6,0,5,False,FALSE,True,CONVENCION_EXCLUYE_INICIAL;CONV_INCLUYE_INICIAL=7
1166057,30-04-2026 0:00:00,03-06-2026 0:00:00,22,22,0,4,False,FALSE,True,CONVENCION_EXCLUYE_INICIAL;CONV_INCLUYE_INICIAL=23
4190139947,02-07-2026 9:36:29,10-07-2026 0:00:00,6,6,0,5,False,FALSE,True,CONVENCION_EXCLUYE_INICIAL;CONV_INCLUYE_INICIAL=7
4190139944,01-07-2026 12:41:37,13-07-2026 0:00:00,8,8,0,4,False,FALSE,True,CONVENCION_EXCLUYE_INICIAL;CONV_INCLUYE_INICIAL=9
4190139943,01-07-2026 11:59:24,13-07-2026 0:00:00,8,8,0,4,False,FALSE,True,CONVENCION_EXCLUYE_INICIAL;CONV_INCLUYE_INICIAL=9
1167628,01-07-2026 11:47:27,14-07-2026 0:00:00,9,9,0,5,False,FALSE,True,CONVENCION_EXCLUYE_INICIAL;CONV_INCLUYE_INICIAL=10
4190139937,30-06-2026 23:23:21,13-07-2026 0:00:00,9,9,0,5,False,FALSE,True,CONVENCION_EXCLUYE_INICIAL;CONV_INCLUYE_INICIAL=10
4190139936,30-06-2026 22:26:59,08-07-2026 0:00:00,6,6,0,5,False,FALSE,True,CONVENCION_EXCLUYE_INICIAL;CONV_INCLUYE_INICIAL=7
4190139935,30-06-2026 22:24:46,09-07-2026 0:00:00,7,7,0,5,False,FALSE,True,CONVENCION_EXCLUYE_INICIAL;CONV_INCLUYE_INICIAL=8
4190139934,30-06-2026 22:12:35,08-07-2026 0:00:00,6,6,0,5,False,FALSE,True,CONVENCION_EXCLUYE_INICIAL;CONV_INCLUYE_INICIAL=7
4190139932,30-06-2026 21:54:06,10-07-2026 0:00:00,8,8,0,5,False,FALSE,True,CONVENCION_EXCLUYE_INICIAL;CONV_INCLUYE_INICIAL=9
4190139931,30-06-2026 21:31:42,09-07-2026 0:00:00,7,7,0,5,False,FALSE,True,CONVENCION_EXCLUYE_INICIAL;CONV_INCLUYE_INICIAL=8
4190139930,30-06-2026 19:25:27,10-07-2026 0:00:00,8,8,0,5,False,FALSE,True,CONVENCION_EXCLUYE_INICIAL;CONV_INCLUYE_INICIAL=9
4190139928,30-06-2026 18:46:59,09-07-2026 0:00:00,7,7,0,4,False,FALSE,True,CONVENCION_EXCLUYE_INICIAL;CONV_INCLUYE_INICIAL=8
4190139927,30-06-2026 18:42:47,09-07-2026 0:00:00,7,7,0,5,False,FALSE,True,CONVENCION_EXCLUYE_INICIAL;CONV_INCLUYE_INICIAL=8
4190139926,30-06-2026 18:36:58,13-07-2026 0:00:00,9,9,0,4,False,FALSE,True,CONVENCION_EXCLUYE_INICIAL;CONV_INCLUYE_INICIAL=10
4190139924,30-06-2026 17:48:16,09-07-2026 0:00:00,7,7,0,5,False,FALSE,True,CONVENCION_EXCLUYE_INICIAL;CONV_INCLUYE_INICIAL=8
4190139923,30-06-2026 17:38:00,10-07-2026 0:00:00,8,8,0,5,False,FALSE,True,CONVENCION_EXCLUYE_INICIAL;CONV_INCLUYE_INICIAL=9
1167579,30-06-2026 17:21:32,07-07-2026 0:00:00,5,5,0,4,False,FALSE,True,CONVENCION_EXCLUYE_INICIAL;CONV_INCLUYE_INICIAL=6
1167578,30-06-2026 17:03:55,09-07-2026 0:00:00,7,7,0,4,False,FALSE,True,CONVENCION_EXCLUYE_INICIAL;CONV_INCLUYE_INICIAL=8
4190139920,30-06-2026 16:54:35,10-07-2026 0:00:00,8,8,0,5,False,FALSE,True,CONVENCION_EXCLUYE_INICIAL;CONV_INCLUYE_INICIAL=9
1167576,30-06-2026 16:35:59,21-07-2026 0:00:00,14,14,0,5,False,FALSE,True,CONVENCION_EXCLUYE_INICIAL;CONV_INCLUYE_INICIAL=15
1167575,30-06-2026 16:26:42,13-07-2026 0:00:00,9,9,0,5,False,FALSE,True,CONVENCION_EXCLUYE_INICIAL;CONV_INCLUYE_INICIAL=10
1167573,30-06-2026 15:45:29,08-07-2026 0:00:00,6,6,0,4,False,FALSE,True,CONVENCION_EXCLUYE_INICIAL;CONV_INCLUYE_INICIAL=7
1167571,30-06-2026 14:52:12,07-07-2026 0:00:00,5,5,0,4,False,FALSE,True,CONVENCION_EXCLUYE_INICIAL;CONV_INCLUYE_INICIAL=6
4190139915,30-06-2026 14:51:47,07-07-2026 0:00:00,5,5,0,4,False,FALSE,True,CONVENCION_EXCLUYE_INICIAL;CONV_INCLUYE_INICIAL=6
4190139908,30-06-2026 13:59:59,08-07-2026 0:00:00,6,6,0,5,False,FALSE,True,CONVENCION_EXCLUYE_INICIAL;CONV_INCLUYE_INICIAL=7
4190139901,30-06-2026 12:24:57,13-07-2026 0:00:00,9,9,0,5,False,FALSE,True,CONVENCION_EXCLUYE_INICIAL;CONV_INCLUYE_INICIAL=10
4190139900,30-06-2026 11:22:33,10-07-2026 0:00:00,8,8,0,5,False,FALSE,True,CONVENCION_EXCLUYE_INICIAL;CONV_INCLUYE_INICIAL=9
4190139899,30-06-2026 11:14:20,13-07-2026 0:00:00,9,9,0,5,False,FALSE,True,CONVENCION_EXCLUYE_INICIAL;CONV_INCLUYE_INICIAL=10
1167487,30-06-2026 11:07:32,08-07-2026 0:00:00,6,6,0,5,False,FALSE,True,CONVENCION_EXCLUYE_INICIAL;CONV_INCLUYE_INICIAL=7
4190139898,30-06-2026 10:59:09,13-07-2026 0:00:00,9,9,0,4,False,FALSE,True,CONVENCION_EXCLUYE_INICIAL;CONV_INCLUYE_INICIAL=10
4190139897,30-06-2026 10:57:51,30-07-2026 0:00:00,21,21,0,5,False,FALSE,True,CONVENCION_EXCLUYE_INICIAL;CONV_INCLUYE_INICIAL=22
1167486,30-06-2026 10:40:35,13-07-2026 0:00:00,9,9,0,5,False,FALSE,True,CONVENCION_EXCLUYE_INICIAL;CONV_INCLUYE_INICIAL=10
4190139896,30-06-2026 10:37:39,07-07-2026 0:00:00,5,5,0,4,False,FALSE,True,CONVENCION_EXCLUYE_INICIAL;CONV_INCLUYE_INICIAL=6
1167485,30-06-2026 10:30:30,07-07-2026 0:00:00,5,5,0,4,False,FALSE,True,CONVENCION_EXCLUYE_INICIAL;CONV_INCLUYE_INICIAL=6
4190139893,30-06-2026 8:13:46,14-07-2026 0:00:00,10,10,0,5,False,FALSE,True,CONVENCION_EXCLUYE_INICIAL;CONV_INCLUYE_INICIAL=11
4190139925,30-06-2026 0:00:00,07-07-2026 0:00:00,5,5,0,4,False,FALSE,True,CONVENCION_EXCLUYE_INICIAL;CONV_INCLUYE_INICIAL=6
4190139895,30-06-2026 0:00:00,07-07-2026 0:00:00,5,5,0,4,False,FALSE,True,CONVENCION_EXCLUYE_INICIAL;CONV_INCLUYE_INICIAL=6
4190139918,30-06-2026 0:00:00,10-07-2026 0:00:00,8,8,0,4,False,FALSE,True,CONVENCION_EXCLUYE_INICIAL;CONV_INCLUYE_INICIAL=9
4190139933,30-06-2026 0:00:00,09-07-2026 0:00:00,7,7,0,5,False,FALSE,True,CONVENCION_EXCLUYE_INICIAL;CONV_INCLUYE_INICIAL=8
4190139929,30-06-2026 0:00:00,09-07-2026 0:00:00,7,7,0,4,False,FALSE,True,CONVENCION_EXCLUYE_INICIAL;CONV_INCLUYE_INICIAL=8
1167475,29-06-2026 21:48:23,10-07-2026 0:00:00,9,9,0,5,False,FALSE,True,CONVENCION_EXCLUYE_INICIAL
4190139891,29-06-2026 21:20:40,13-07-2026 0:00:00,10,10,0,5,False,FALSE,True,CONVENCION_EXCLUYE_INICIAL
4190139887,27-06-2026 21:40:09,07-07-2026 0:00:00,6,6,0,5,False,FALSE,True,CONVENCION_EXCLUYE_INICIAL
4190139886,27-06-2026 18:49:58,13-07-2026 0:00:00,10,10,0,5,False,FALSE,True,CONVENCION_EXCLUYE_INICIAL
4190139885,27-06-2026 18:46:01,07-07-2026 0:00:00,6,6,0,5,False,FALSE,True,CONVENCION_EXCLUYE_INICIAL
1167471,26-06-2026 17:12:38,08-07-2026 0:00:00,7,7,0,4,False,FALSE,True,CONVENCION_EXCLUYE_INICIAL;CONV_INCLUYE_INICIAL=8
4190139879,26-06-2026 15:55:33,13-07-2026 0:00:00,10,10,0,5,False,FALSE,True,CONVENCION_EXCLUYE_INICIAL;CONV_INCLUYE_INICIAL=11
4190139875,26-06-2026 11:19:36,09-07-2026 0:00:00,8,8,0,5,False,FALSE,True,CONVENCION_EXCLUYE_INICIAL;CONV_INCLUYE_INICIAL=9
1167470,26-06-2026 0:00:00,07-07-2026 0:00:00,6,6,0,4,False,FALSE,True,CONVENCION_EXCLUYE_INICIAL;CONV_INCLUYE_INICIAL=7
1167469,26-06-2026 0:00:00,13-07-2026 0:00:00,10,10,0,4,False,FALSE,True,CONVENCION_EXCLUYE_INICIAL;CONV_INCLUYE_INICIAL=11
4190139873,25-06-2026 21:05:43,08-07-2026 0:00:00,8,8,0,5,False,FALSE,True,CONVENCION_EXCLUYE_INICIAL;CONV_INCLUYE_INICIAL=9
4190139872,25-06-2026 20:59:46,07-07-2026 0:00:00,7,7,0,5,False,FALSE,True,CONVENCION_EXCLUYE_INICIAL;CONV_INCLUYE_INICIAL=8
4190139870,25-06-2026 19:30:18,06-07-2026 0:00:00,6,6,0,5,False,FALSE,True,CONVENCION_EXCLUYE_INICIAL;CONV_INCLUYE_INICIAL=7
4190139867,25-06-2026 17:19:34,06-07-2026 0:00:00,6,6,0,5,False,FALSE,True,CONVENCION_EXCLUYE_INICIAL;CONV_INCLUYE_INICIAL=7
4190139866,25-06-2026 17:19:19,06-07-2026 0:00:00,6,6,0,5,False,FALSE,True,CONVENCION_EXCLUYE_INICIAL;CONV_INCLUYE_INICIAL=7
4190139864,25-06-2026 15:10:51,13-07-2026 0:00:00,11,11,0,5,False,FALSE,True,CONVENCION_EXCLUYE_INICIAL;CONV_INCLUYE_INICIAL=12
1167359,25-06-2026 13:45:14,09-07-2026 0:00:00,9,9,0,5,False,FALSE,True,CONVENCION_EXCLUYE_INICIAL;CONV_INCLUYE_INICIAL=10
1167351,25-06-2026 9:21:07,09-07-2026 0:00:00,9,9,0,4,False,FALSE,True,CONVENCION_EXCLUYE_INICIAL;CONV_INCLUYE_INICIAL=10
1167365,25-06-2026 0:00:00,14-07-2026 0:00:00,12,12,0,5,False,FALSE,True,CONVENCION_EXCLUYE_INICIAL;CONV_INCLUYE_INICIAL=13
4190139859,24-06-2026 21:44:29,14-07-2026 0:00:00,13,13,0,5,False,FALSE,True,CONVENCION_EXCLUYE_INICIAL;CONV_INCLUYE_INICIAL=14
4190139857,24-06-2026 19:41:50,06-07-2026 0:00:00,7,7,0,4,False,FALSE,True,CONVENCION_EXCLUYE_INICIAL;CONV_INCLUYE_INICIAL=8
4190139856,24-06-2026 18:21:10,10-07-2026 0:00:00,11,11,0,5,False,FALSE,True,CONVENCION_EXCLUYE_INICIAL;CONV_INCLUYE_INICIAL=12
4190139853,24-06-2026 15:00:53,03-07-2026 0:00:00,6,6,0,5,False,FALSE,True,CONVENCION_EXCLUYE_INICIAL;CONV_INCLUYE_INICIAL=7
4190139851,24-06-2026 12:38:20,03-07-2026 0:00:00,6,6,0,5,False,FALSE,True,CONVENCION_EXCLUYE_INICIAL;CONV_INCLUYE_INICIAL=7
1167337,24-06-2026 11:55:24,03-07-2026 0:00:00,6,6,0,4,False,FALSE,True,CONVENCION_EXCLUYE_INICIAL;CONV_INCLUYE_INICIAL=7
4190139845,23-06-2026 20:56:06,13-07-2026 0:00:00,13,13,0,5,False,FALSE,True,CONVENCION_EXCLUYE_INICIAL;CONV_INCLUYE_INICIAL=14
1167316,23-06-2026 17:34:26,03-07-2026 0:00:00,7,7,0,5,False,FALSE,True,CONVENCION_EXCLUYE_INICIAL;CONV_INCLUYE_INICIAL=8
1167315,23-06-2026 16:32:43,30-07-2026 0:00:00,25,25,0,5,False,FALSE,True,CONVENCION_EXCLUYE_INICIAL;CONV_INCLUYE_INICIAL=26
1167314,23-06-2026 16:31:13,06-07-2026 0:00:00,8,8,0,5,False,FALSE,True,CONVENCION_EXCLUYE_INICIAL;CONV_INCLUYE_INICIAL=9
1167309,23-06-2026 14:48:59,03-07-2026 0:00:00,7,7,0,5,False,FALSE,True,CONVENCION_EXCLUYE_INICIAL;CONV_INCLUYE_INICIAL=8
4190139833,23-06-2026 11:32:43,13-07-2026 0:00:00,13,13,0,5,False,FALSE,True,CONVENCION_EXCLUYE_INICIAL;CONV_INCLUYE_INICIAL=14
1167304,23-06-2026 11:08:56,03-07-2026 0:00:00,7,7,0,5,False,FALSE,True,CONVENCION_EXCLUYE_INICIAL;CONV_INCLUYE_INICIAL=8
1167303,23-06-2026 11:02:39,09-07-2026 0:00:00,11,11,0,5,False,FALSE,True,CONVENCION_EXCLUYE_INICIAL;CONV_INCLUYE_INICIAL=12
4190139832,23-06-2026 7:10:58,07-07-2026 0:00:00,9,9,0,5,False,FALSE,True,CONVENCION_EXCLUYE_INICIAL;CONV_INCLUYE_INICIAL=10
4190139827,22-06-2026 23:19:00,06-07-2026 0:00:00,9,9,0,4,False,FALSE,True,CONVENCION_EXCLUYE_INICIAL;CONV_INCLUYE_INICIAL=10
4190139825,22-06-2026 23:13:01,13-07-2026 0:00:00,14,14,0,5,False,FALSE,True,CONVENCION_EXCLUYE_INICIAL;CONV_INCLUYE_INICIAL=15
4190139823,22-06-2026 23:01:36,06-07-2026 0:00:00,9,9,0,4,False,FALSE,True,CONVENCION_EXCLUYE_INICIAL;CONV_INCLUYE_INICIAL=10
4190139820,22-06-2026 22:44:57,06-07-2026 0:00:00,9,9,0,4,False,FALSE,True,CONVENCION_EXCLUYE_INICIAL;CONV_INCLUYE_INICIAL=10
4190139819,22-06-2026 22:33:45,06-07-2026 0:00:00,9,9,0,4,False,FALSE,True,CONVENCION_EXCLUYE_INICIAL;CONV_INCLUYE_INICIAL=10
4190139818,22-06-2026 22:17:34,06-07-2026 0:00:00,9,9,0,4,False,FALSE,True,CONVENCION_EXCLUYE_INICIAL;CONV_INCLUYE_INICIAL=10
4190139811,22-06-2026 20:27:35,08-07-2026 0:00:00,11,11,0,4,False,FALSE,True,CONVENCION_EXCLUYE_INICIAL;CONV_INCLUYE_INICIAL=12
4190139805,22-06-2026 18:34:31,06-07-2026 0:00:00,9,9,0,4,False,FALSE,True,CONVENCION_EXCLUYE_INICIAL;CONV_INCLUYE_INICIAL=10
4190139803,22-06-2026 18:31:01,10-07-2026 0:00:00,13,13,0,4,False,FALSE,True,CONVENCION_EXCLUYE_INICIAL;CONV_INCLUYE_INICIAL=14
1167295,22-06-2026 17:47:28,02-07-2026 0:00:00,7,7,0,5,False,FALSE,True,CONVENCION_EXCLUYE_INICIAL;CONV_INCLUYE_INICIAL=8
1167294,22-06-2026 17:46:43,06-07-2026 0:00:00,9,9,0,5,False,FALSE,True,CONVENCION_EXCLUYE_INICIAL;CONV_INCLUYE_INICIAL=10
4190139798,22-06-2026 17:44:01,03-07-2026 0:00:00,8,8,0,5,False,FALSE,True,CONVENCION_EXCLUYE_INICIAL;CONV_INCLUYE_INICIAL=9
4190139796,22-06-2026 17:31:39,06-07-2026 0:00:00,9,9,0,4,False,FALSE,True,CONVENCION_EXCLUYE_INICIAL;CONV_INCLUYE_INICIAL=10
4190139792,22-06-2026 16:27:51,06-07-2026 0:00:00,9,9,0,4,False,FALSE,True,CONVENCION_EXCLUYE_INICIAL;CONV_INCLUYE_INICIAL=10
1167285,22-06-2026 16:21:18,08-07-2026 0:00:00,11,11,0,4,False,FALSE,True,CONVENCION_EXCLUYE_INICIAL;CONV_INCLUYE_INICIAL=12
4190139786,22-06-2026 13:55:14,06-07-2026 0:00:00,9,9,0,4,False,FALSE,True,CONVENCION_EXCLUYE_INICIAL;CONV_INCLUYE_INICIAL=10
4190139817,22-06-2026 0:00:00,08-07-2026 0:00:00,11,11,0,4,False,FALSE,True,CONVENCION_EXCLUYE_INICIAL;CONV_INCLUYE_INICIAL=12
4190139795,22-06-2026 0:00:00,13-07-2026 0:00:00,14,14,0,5,False,FALSE,True,CONVENCION_EXCLUYE_INICIAL;CONV_INCLUYE_INICIAL=15
4190139787,22-06-2026 0:00:00,13-07-2026 0:00:00,14,14,0,5,False,FALSE,True,CONVENCION_EXCLUYE_INICIAL;CONV_INCLUYE_INICIAL=15
4190139775,19-06-2026 16:13:21,10-07-2026 0:00:00,14,14,0,5,False,FALSE,True,CONVENCION_EXCLUYE_INICIAL;CONV_INCLUYE_INICIAL=15
4190139771,19-06-2026 10:51:23,13-07-2026 0:00:00,15,15,0,5,False,FALSE,True,CONVENCION_EXCLUYE_INICIAL;CONV_INCLUYE_INICIAL=16
1167260,18-06-2026 22:28:19,10-07-2026 0:00:00,15,15,0,5,False,FALSE,True,CONVENCION_EXCLUYE_INICIAL;CONV_INCLUYE_INICIAL=16
1167256,18-06-2026 18:10:58,10-07-2026 0:00:00,15,15,0,5,False,FALSE,True,CONVENCION_EXCLUYE_INICIAL;CONV_INCLUYE_INICIAL=16
1167250,18-06-2026 17:36:27,08-07-2026 0:00:00,13,13,0,4,False,FALSE,True,CONVENCION_EXCLUYE_INICIAL;CONV_INCLUYE_INICIAL=14
4190139751,18-06-2026 14:13:35,10-07-2026 0:00:00,15,15,0,4,False,FALSE,True,CONVENCION_EXCLUYE_INICIAL;CONV_INCLUYE_INICIAL=16
4190139750,18-06-2026 13:47:23,08-07-2026 0:00:00,13,13,0,4,False,FALSE,True,CONVENCION_EXCLUYE_INICIAL;CONV_INCLUYE_INICIAL=14
1167243,18-06-2026 8:57:36,10-07-2026 0:00:00,15,15,0,4,False,FALSE,True,CONVENCION_EXCLUYE_INICIAL;CONV_INCLUYE_INICIAL=16
1167242,18-06-2026 8:55:07,09-07-2026 0:00:00,14,14,0,4,False,FALSE,True,CONVENCION_EXCLUYE_INICIAL;CONV_INCLUYE_INICIAL=15
4190139738,17-06-2026 17:36:10,06-07-2026 0:00:00,12,12,0,5,False,FALSE,True,CONVENCION_EXCLUYE_INICIAL;CONV_INCLUYE_INICIAL=13
4190139737,17-06-2026 13:21:25,08-07-2026 0:00:00,14,14,0,5,False,FALSE,True,CONVENCION_EXCLUYE_INICIAL;CONV_INCLUYE_INICIAL=15
4190139736,17-06-2026 12:59:29,06-07-2026 0:00:00,12,12,0,5,False,FALSE,True,CONVENCION_EXCLUYE_INICIAL;CONV_INCLUYE_INICIAL=13
1167223,17-06-2026 9:52:36,10-07-2026 0:00:00,16,16,0,5,False,FALSE,True,CONVENCION_EXCLUYE_INICIAL;CONV_INCLUYE_INICIAL=17
4190139730,16-06-2026 22:40:56,30-06-2026 0:00:00,9,9,0,5,False,FALSE,True,CONVENCION_EXCLUYE_INICIAL;CONV_INCLUYE_INICIAL=10
4190139727,16-06-2026 20:56:52,10-07-2026 0:00:00,17,17,0,4,False,FALSE,True,CONVENCION_EXCLUYE_INICIAL;CONV_INCLUYE_INICIAL=18
1167171,15-06-2026 9:31:27,07-07-2026 0:00:00,15,15,0,4,False,FALSE,True,CONVENCION_EXCLUYE_INICIAL;CONV_INCLUYE_INICIAL=16
4190139676,11-06-2026 19:45:31,10-07-2026 0:00:00,20,20,0,5,False,FALSE,True,CONVENCION_EXCLUYE_INICIAL;CONV_INCLUYE_INICIAL=21
4190139673,11-06-2026 15:21:58,09-07-2026 0:00:00,19,19,0,5,False,FALSE,True,CONVENCION_EXCLUYE_INICIAL;CONV_INCLUYE_INICIAL=20
4190139661,11-06-2026 10:31:28,10-07-2026 0:00:00,20,20,0,4,False,FALSE,True,CONVENCION_EXCLUYE_INICIAL;CONV_INCLUYE_INICIAL=21
4190139654,11-06-2026 9:13:00,10-07-2026 0:00:00,20,20,0,5,False,FALSE,True,CONVENCION_EXCLUYE_INICIAL;CONV_INCLUYE_INICIAL=21
1167101,09-06-2026 9:46:59,03-07-2026 0:00:00,17,17,0,5,False,FALSE,True,CONVENCION_EXCLUYE_INICIAL;CONV_INCLUYE_INICIAL=18
4190139616,08-06-2026 23:46:17,30-06-2026 0:00:00,15,15,0,5,False,FALSE,True,CONVENCION_EXCLUYE_INICIAL;CONV_INCLUYE_INICIAL=16
4190139615,08-06-2026 23:38:02,02-07-2026 0:00:00,17,17,0,5,False,FALSE,True,CONVENCION_EXCLUYE_INICIAL;CONV_INCLUYE_INICIAL=18
4190139609,08-06-2026 16:29:45,03-07-2026 0:00:00,18,18,0,5,False,FALSE,True,CONVENCION_EXCLUYE_INICIAL;CONV_INCLUYE_INICIAL=19
1167033,02-06-2026 14:40:38,03-07-2026 0:00:00,22,22,0,5,False,FALSE,True,CONVENCION_EXCLUYE_INICIAL;CONV_INCLUYE_INICIAL=23
1166844,29-05-2026 15:28:34,15-06-2026 0:00:00,11,11,0,4,False,FALSE,True,CONVENCION_EXCLUYE_INICIAL;CONV_INCLUYE_INICIAL=12
4190139518,29-05-2026 9:37:25,05-06-2026 0:00:00,5,5,0,4,False,FALSE,True,CONVENCION_EXCLUYE_INICIAL;CONV_INCLUYE_INICIAL=6
1166789,29-05-2026 8:59:06,05-06-2026 0:00:00,5,5,0,4,False,FALSE,True,CONVENCION_EXCLUYE_INICIAL;CONV_INCLUYE_INICIAL=6
1166790,29-05-2026 0:00:00,05-06-2026 0:00:00,5,5,0,4,False,FALSE,True,CONVENCION_EXCLUYE_INICIAL;CONV_INCLUYE_INICIAL=6
4190139511,28-05-2026 19:27:35,05-06-2026 0:00:00,6,6,0,5,False,FALSE,True,CONVENCION_EXCLUYE_INICIAL;CONV_INCLUYE_INICIAL=7
1166686,28-05-2026 9:28:41,09-06-2026 0:00:00,8,8,0,4,False,FALSE,True,CONVENCION_EXCLUYE_INICIAL;CONV_INCLUYE_INICIAL=9
1166684,28-05-2026 8:52:04,04-06-2026 0:00:00,5,5,0,4,False,FALSE,True,CONVENCION_EXCLUYE_INICIAL;CONV_INCLUYE_INICIAL=6
4190139493,28-05-2026 8:40:31,04-06-2026 0:00:00,5,5,0,4,False,FALSE,True,CONVENCION_EXCLUYE_INICIAL;CONV_INCLUYE_INICIAL=6
1166705,28-05-2026 0:00:00,05-06-2026 0:00:00,6,6,0,5,False,FALSE,True,CONVENCION_EXCLUYE_INICIAL;CONV_INCLUYE_INICIAL=7
4190139483,27-05-2026 17:55:33,06-07-2026 0:00:00,27,27,0,5,False,FALSE,True,CONVENCION_EXCLUYE_INICIAL;CONV_INCLUYE_INICIAL=28
4190139465,26-05-2026 23:33:26,05-06-2026 0:00:00,8,8,0,5,False,FALSE,True,CONVENCION_EXCLUYE_INICIAL;CONV_INCLUYE_INICIAL=9
4190139460,26-05-2026 19:31:25,03-06-2026 0:00:00,6,6,0,5,False,FALSE,True,CONVENCION_EXCLUYE_INICIAL;CONV_INCLUYE_INICIAL=7
1166655,26-05-2026 0:00:00,03-06-2026 0:00:00,6,6,0,5,False,FALSE,True,CONVENCION_EXCLUYE_INICIAL;CONV_INCLUYE_INICIAL=7
4190139432,25-05-2026 15:23:07,03-06-2026 0:00:00,7,7,0,5,False,FALSE,True,CONVENCION_EXCLUYE_INICIAL;CONV_INCLUYE_INICIAL=8
1166626,25-05-2026 9:58:25,01-06-2026 0:00:00,5,5,0,4,False,FALSE,True,CONVENCION_EXCLUYE_INICIAL;CONV_INCLUYE_INICIAL=6
4190139414,22-05-2026 15:17:36,01-06-2026 0:00:00,6,6,0,5,False,FALSE,True,CONVENCION_EXCLUYE_INICIAL;CONV_INCLUYE_INICIAL=7
4190139413,22-05-2026 15:16:16,01-06-2026 0:00:00,6,6,0,5,False,FALSE,True,CONVENCION_EXCLUYE_INICIAL;CONV_INCLUYE_INICIAL=7
4190139403,21-05-2026 14:51:28,03-06-2026 0:00:00,9,9,0,5,False,FALSE,True,CONVENCION_EXCLUYE_INICIAL
1166600,20-05-2026 10:02:50,01-06-2026 0:00:00,7,7,0,5,False,FALSE,True,CONVENCION_EXCLUYE_INICIAL;CONV_INCLUYE_INICIAL=8
4190139382,19-05-2026 16:49:36,05-06-2026 0:00:00,12,12,0,4,False,FALSE,True,CONVENCION_EXCLUYE_INICIAL;CONV_INCLUYE_INICIAL=13
1166585,19-05-2026 9:15:52,02-06-2026 0:00:00,9,9,0,4,False,FALSE,True,CONVENCION_EXCLUYE_INICIAL;CONV_INCLUYE_INICIAL=10
1166565,18-05-2026 11:39:49,04-06-2026 0:00:00,12,12,0,5,False,FALSE,True,CONVENCION_EXCLUYE_INICIAL;CONV_INCLUYE_INICIAL=13
4190139347,15-05-2026 0:00:00,04-06-2026 0:00:00,13,13,0,5,False,FALSE,True,CONVENCION_EXCLUYE_INICIAL;CONV_INCLUYE_INICIAL=14
4190139330,13-05-2026 19:25:33,03-06-2026 0:00:00,14,14,0,5,False,FALSE,True,CONVENCION_EXCLUYE_INICIAL;CONV_INCLUYE_INICIAL=15
4190139171,04-05-2026 13:03:37,14-05-2026 0:00:00,8,8,0,5,False,FALSE,True,CONVENCION_EXCLUYE_INICIAL;CONV_INCLUYE_INICIAL=9
4190139163,30-04-2026 18:36:22,11-05-2026 0:00:00,6,6,0,5,False,FALSE,True,CONVENCION_EXCLUYE_INICIAL;CONV_INCLUYE_INICIAL=7
4190139159,30-04-2026 16:57:30,11-05-2026 0:00:00,6,6,0,5,False,FALSE,True,CONVENCION_EXCLUYE_INICIAL;CONV_INCLUYE_INICIAL=7
1166139,30-04-2026 16:39:18,08-05-2026 0:00:00,5,5,0,4,False,FALSE,True,CONVENCION_EXCLUYE_INICIAL;CONV_INCLUYE_INICIAL=6
1166137,30-04-2026 16:16:59,08-05-2026 0:00:00,5,5,0,4,False,FALSE,True,CONVENCION_EXCLUYE_INICIAL;CONV_INCLUYE_INICIAL=6
4190139153,30-04-2026 15:11:31,11-05-2026 0:00:00,6,6,0,4,False,FALSE,True,CONVENCION_EXCLUYE_INICIAL;CONV_INCLUYE_INICIAL=7
4190139146,30-04-2026 12:59:45,18-05-2026 0:00:00,11,11,0,5,False,FALSE,True,CONVENCION_EXCLUYE_INICIAL;CONV_INCLUYE_INICIAL=12
4190139142,30-04-2026 12:37:00,11-05-2026 0:00:00,6,6,0,5,False,FALSE,True,CONVENCION_EXCLUYE_INICIAL;CONV_INCLUYE_INICIAL=7
1166067,30-04-2026 11:07:32,08-05-2026 0:00:00,5,5,0,4,False,FALSE,True,CONVENCION_EXCLUYE_INICIAL;CONV_INCLUYE_INICIAL=6
1167333,24-06-2026 9:53:20,01-07-2026 0:00:00,4,4,0,4,True,TRUE,True,CONVENCION_EXCLUYE_INICIAL;CONV_INCLUYE_INICIAL=5
4190139485,27-05-2026 18:42:20,01-06-2026 0:00:00,3,3,0,5,True,TRUE,True,CONVENCION_EXCLUYE_INICIAL;CONV_INCLUYE_INICIAL=4
4190139479,27-05-2026 16:00:07,01-06-2026 0:00:00,3,3,0,5,True,TRUE,True,CONVENCION_EXCLUYE_INICIAL;CONV_INCLUYE_INICIAL=4
4190139473,27-05-2026 0:00:00,01-06-2026 0:00:00,3,3,0,5,True,TRUE,True,CONVENCION_EXCLUYE_INICIAL;CONV_INCLUYE_INICIAL=4
1167975,02-07-2026 9:37:21,07-07-2026 0:00:00,3,3,0,4,True,TRUE,True,CONVENCION_EXCLUYE_INICIAL;CONV_INCLUYE_INICIAL=4
1167661,01-07-2026 15:25:24,07-07-2026 0:00:00,4,4,0,4,True,TRUE,True,CONVENCION_EXCLUYE_INICIAL;CONV_INCLUYE_INICIAL=5
1167655,01-07-2026 14:36:57,06-07-2026 0:00:00,3,3,0,4,True,TRUE,True,CONVENCION_EXCLUYE_INICIAL;CONV_INCLUYE_INICIAL=4
1167606,01-07-2026 10:38:17,02-07-2026 0:00:00,1,1,0,4,True,TRUE,True,CONVENCION_EXCLUYE_INICIAL;CONV_INCLUYE_INICIAL=2
1167925,01-07-2026 0:00:00,06-07-2026 0:00:00,3,3,0,4,True,TRUE,True,CONVENCION_EXCLUYE_INICIAL;CONV_INCLUYE_INICIAL=4
1167567,30-06-2026 14:43:22,01-07-2026 0:00:00,1,1,0,4,True,TRUE,True,CONVENCION_EXCLUYE_INICIAL;CONV_INCLUYE_INICIAL=2
1167491,30-06-2026 14:28:40,03-07-2026 0:00:00,3,3,0,4,True,TRUE,True,CONVENCION_EXCLUYE_INICIAL;CONV_INCLUYE_INICIAL=4
1167480,29-06-2026 0:00:00,02-07-2026 0:00:00,3,3,0,4,True,TRUE,True,CONVENCION_EXCLUYE_INICIAL
1167346,24-06-2026 17:01:38,02-07-2026 0:00:00,5,5,0,5,True,TRUE,True,CONVENCION_EXCLUYE_INICIAL;CONV_INCLUYE_INICIAL=6
1167332,24-06-2026 9:43:13,01-07-2026 0:00:00,4,4,0,4,True,TRUE,True,CONVENCION_EXCLUYE_INICIAL;CONV_INCLUYE_INICIAL=5
1166861,01-06-2026 12:16:36,04-06-2026 0:00:00,3,3,0,5,True,TRUE,True,CONVENCION_EXCLUYE_INICIAL;CONV_INCLUYE_INICIAL=4
1166841,29-05-2026 12:46:17,03-06-2026 0:00:00,3,3,0,4,True,TRUE,True,CONVENCION_EXCLUYE_INICIAL;CONV_INCLUYE_INICIAL=4
1166828,29-05-2026 10:37:21,04-06-2026 0:00:00,4,4,0,4,True,TRUE,True,CONVENCION_EXCLUYE_INICIAL;CONV_INCLUYE_INICIAL=5
1166791,29-05-2026 0:00:00,02-06-2026 0:00:00,2,2,0,4,True,TRUE,True,CONVENCION_EXCLUYE_INICIAL;CONV_INCLUYE_INICIAL=3
1166701,28-05-2026 15:45:02,04-06-2026 0:00:00,5,5,0,5,True,TRUE,True,CONVENCION_EXCLUYE_INICIAL;CONV_INCLUYE_INICIAL=6
1166685,28-05-2026 9:26:17,29-05-2026 0:00:00,1,1,0,4,True,TRUE,True,CONVENCION_EXCLUYE_INICIAL;CONV_INCLUYE_INICIAL=2
1166680,27-05-2026 19:47:36,01-06-2026 0:00:00,3,3,0,4,True,TRUE,True,CONVENCION_EXCLUYE_INICIAL;CONV_INCLUYE_INICIAL=4
1166306,04-05-2026 10:38:29,04-05-2026 0:00:00,0,,,4,True,,False,CONVENCION_EXCLUYE_INICIAL
1166304,04-05-2026 10:18:45,04-05-2026 0:00:00,0,,,4,True,,False,CONVENCION_EXCLUYE_INICIAL
1166303,04-05-2026 9:35:39,06-05-2026 0:00:00,2,2,0,4,True,TRUE,True,CONVENCION_EXCLUYE_INICIAL;CONV_INCLUYE_INICIAL=3
1166302,04-05-2026 9:34:59,05-05-2026 0:00:00,1,1,0,4,True,TRUE,True,CONVENCION_EXCLUYE_INICIAL;CONV_INCLUYE_INICIAL=2
1166301,04-05-2026 9:32:28,05-05-2026 0:00:00,1,1,0,4,True,TRUE,True,CONVENCION_EXCLUYE_INICIAL;CONV_INCLUYE_INICIAL=2
1166296,04-05-2026 9:27:33,05-05-2026 0:00:00,1,1,0,4,True,TRUE,True,CONVENCION_EXCLUYE_INICIAL;CONV_INCLUYE_INICIAL=2
1166146,04-05-2026 8:29:30,08-05-2026 0:00:00,4,4,0,5,True,TRUE,True,CONVENCION_EXCLUYE_INICIAL;CONV_INCLUYE_INICIAL=5
1166145,04-05-2026 8:26:01,07-05-2026 0:00:00,3,3,0,5,True,TRUE,True,CONVENCION_EXCLUYE_INICIAL;CONV_INCLUYE_INICIAL=4
1166140,30-04-2026 16:51:54,06-05-2026 0:00:00,3,3,0,4,True,TRUE,True,CONVENCION_EXCLUYE_INICIAL;CONV_INCLUYE_INICIAL=4
1166136,30-04-2026 15:52:15,07-05-2026 0:00:00,4,4,0,5,True,TRUE,True,CONVENCION_EXCLUYE_INICIAL;CONV_INCLUYE_INICIAL=5
1166135,30-04-2026 15:51:08,07-05-2026 0:00:00,4,4,0,5,True,TRUE,True,CONVENCION_EXCLUYE_INICIAL;CONV_INCLUYE_INICIAL=5
1166134,30-04-2026 15:32:03,07-05-2026 0:00:00,4,4,0,5,True,TRUE,True,CONVENCION_EXCLUYE_INICIAL;CONV_INCLUYE_INICIAL=5
1166076,30-04-2026 14:57:04,08-05-2026 0:00:00,5,5,0,5,True,TRUE,True,CONVENCION_EXCLUYE_INICIAL;CONV_INCLUYE_INICIAL=6
1166075,30-04-2026 14:53:25,06-05-2026 0:00:00,3,3,0,5,True,TRUE,True,CONVENCION_EXCLUYE_INICIAL;CONV_INCLUYE_INICIAL=4
1166073,30-04-2026 14:37:48,08-05-2026 0:00:00,5,5,0,5,True,TRUE,True,CONVENCION_EXCLUYE_INICIAL;CONV_INCLUYE_INICIAL=6
1166061,30-04-2026 0:00:00,06-05-2026 0:00:00,3,3,0,5,True,TRUE,True,CONVENCION_EXCLUYE_INICIAL;CONV_INCLUYE_INICIAL=4
1166058,30-04-2026 0:00:00,05-05-2026 0:00:00,2,2,0,4,True,TRUE,True,CONVENCION_EXCLUYE_INICIAL;CONV_INCLUYE_INICIAL=3
4190139949,02-07-2026 13:21:08,03-07-2026 0:00:00,1,1,0,5,True,TRUE,True,CONVENCION_EXCLUYE_INICIAL;CONV_INCLUYE_INICIAL=2
4190139948,02-07-2026 9:45:43,08-07-2026 0:00:00,4,4,0,5,True,TRUE,True,CONVENCION_EXCLUYE_INICIAL;CONV_INCLUYE_INICIAL=5
1167787,01-07-2026 15:48:23,03-07-2026 0:00:00,2,2,0,5,True,TRUE,True,CONVENCION_EXCLUYE_INICIAL;CONV_INCLUYE_INICIAL=3
1167656,01-07-2026 14:44:03,06-07-2026 0:00:00,3,3,0,4,True,TRUE,True,CONVENCION_EXCLUYE_INICIAL;CONV_INCLUYE_INICIAL=4
4190139945,01-07-2026 13:16:51,01-07-2026 0:00:00,0,,,5,True,,False,CONVENCION_EXCLUYE_INICIAL
1167647,01-07-2026 13:05:44,03-07-2026 0:00:00,2,2,0,4,True,TRUE,True,CONVENCION_EXCLUYE_INICIAL;CONV_INCLUYE_INICIAL=3
1167626,01-07-2026 11:59:17,07-07-2026 0:00:00,4,4,0,5,True,TRUE,True,CONVENCION_EXCLUYE_INICIAL;CONV_INCLUYE_INICIAL=5
1167625,01-07-2026 11:52:39,07-07-2026 0:00:00,4,4,0,5,True,TRUE,True,CONVENCION_EXCLUYE_INICIAL;CONV_INCLUYE_INICIAL=5
1167623,01-07-2026 11:48:06,07-07-2026 0:00:00,4,4,0,5,True,TRUE,True,CONVENCION_EXCLUYE_INICIAL;CONV_INCLUYE_INICIAL=5
1167622,01-07-2026 11:42:33,07-07-2026 0:00:00,4,4,0,5,True,TRUE,True,CONVENCION_EXCLUYE_INICIAL;CONV_INCLUYE_INICIAL=5
1167621,01-07-2026 11:36:22,07-07-2026 0:00:00,4,4,0,5,True,TRUE,True,CONVENCION_EXCLUYE_INICIAL;CONV_INCLUYE_INICIAL=5
1167620,01-07-2026 11:28:48,07-07-2026 0:00:00,4,4,0,5,True,TRUE,True,CONVENCION_EXCLUYE_INICIAL;CONV_INCLUYE_INICIAL=5
1167619,01-07-2026 11:23:32,07-07-2026 0:00:00,4,4,0,5,True,TRUE,True,CONVENCION_EXCLUYE_INICIAL;CONV_INCLUYE_INICIAL=5
4190139941,01-07-2026 11:21:28,03-07-2026 0:00:00,2,2,0,5,True,TRUE,True,CONVENCION_EXCLUYE_INICIAL;CONV_INCLUYE_INICIAL=3
1167613,01-07-2026 11:14:46,07-07-2026 0:00:00,4,4,0,5,True,TRUE,True,CONVENCION_EXCLUYE_INICIAL;CONV_INCLUYE_INICIAL=5
1167609,01-07-2026 10:59:11,07-07-2026 0:00:00,4,4,0,5,True,TRUE,True,CONVENCION_EXCLUYE_INICIAL;CONV_INCLUYE_INICIAL=5
1167608,01-07-2026 10:53:19,07-07-2026 0:00:00,4,4,0,5,True,TRUE,True,CONVENCION_EXCLUYE_INICIAL;CONV_INCLUYE_INICIAL=5
1167607,01-07-2026 10:47:26,07-07-2026 0:00:00,4,4,0,5,True,TRUE,True,CONVENCION_EXCLUYE_INICIAL;CONV_INCLUYE_INICIAL=5
4190139940,01-07-2026 10:45:35,01-07-2026 0:00:00,0,,,4,True,,False,CONVENCION_EXCLUYE_INICIAL
1167605,01-07-2026 10:44:10,07-07-2026 0:00:00,4,4,0,5,True,TRUE,True,CONVENCION_EXCLUYE_INICIAL;CONV_INCLUYE_INICIAL=5
4190139939,01-07-2026 10:40:48,01-07-2026 0:00:00,0,,,4,True,,False,CONVENCION_EXCLUYE_INICIAL
1167611,01-07-2026 0:00:00,07-07-2026 0:00:00,4,4,0,5,True,TRUE,True,CONVENCION_EXCLUYE_INICIAL;CONV_INCLUYE_INICIAL=5
4190139946,01-07-2026 0:00:00,08-07-2026 0:00:00,5,5,0,5,True,TRUE,True,CONVENCION_EXCLUYE_INICIAL;CONV_INCLUYE_INICIAL=6
1167610,01-07-2026 0:00:00,07-07-2026 0:00:00,4,4,0,5,True,TRUE,True,CONVENCION_EXCLUYE_INICIAL;CONV_INCLUYE_INICIAL=5
1167582,30-06-2026 23:37:00,07-07-2026 0:00:00,5,5,0,5,True,TRUE,True,CONVENCION_EXCLUYE_INICIAL;CONV_INCLUYE_INICIAL=6
1167580,30-06-2026 17:48:49,01-07-2026 0:00:00,1,1,0,4,True,TRUE,True,CONVENCION_EXCLUYE_INICIAL;CONV_INCLUYE_INICIAL=2
4190139922,30-06-2026 17:31:13,02-07-2026 0:00:00,2,2,0,4,True,TRUE,True,CONVENCION_EXCLUYE_INICIAL;CONV_INCLUYE_INICIAL=3
4190139921,30-06-2026 17:06:47,07-07-2026 0:00:00,5,5,0,5,True,TRUE,True,CONVENCION_EXCLUYE_INICIAL;CONV_INCLUYE_INICIAL=6
1167577,30-06-2026 16:50:32,02-07-2026 0:00:00,2,2,0,4,True,TRUE,True,CONVENCION_EXCLUYE_INICIAL;CONV_INCLUYE_INICIAL=3
1167569,30-06-2026 14:49:01,07-07-2026 0:00:00,5,5,0,5,True,TRUE,True,CONVENCION_EXCLUYE_INICIAL;CONV_INCLUYE_INICIAL=6
1167568,30-06-2026 14:46:28,30-06-2026 0:00:00,0,,,4,True,,False,CONVENCION_EXCLUYE_INICIAL
4190139913,30-06-2026 14:35:23,01-07-2026 0:00:00,1,1,0,4,True,TRUE,True,CONVENCION_EXCLUYE_INICIAL;CONV_INCLUYE_INICIAL=2
1167519,30-06-2026 14:34:20,06-07-2026 0:00:00,4,4,0,4,True,TRUE,True,CONVENCION_EXCLUYE_INICIAL;CONV_INCLUYE_INICIAL=5
1167490,30-06-2026 14:25:47,06-07-2026 0:00:00,4,4,0,4,True,TRUE,True,CONVENCION_EXCLUYE_INICIAL;CONV_INCLUYE_INICIAL=5
4190139911,30-06-2026 14:25:34,01-07-2026 0:00:00,1,1,0,4,True,TRUE,True,CONVENCION_EXCLUYE_INICIAL;CONV_INCLUYE_INICIAL=2
1167489,30-06-2026 14:16:04,06-07-2026 0:00:00,4,4,0,4,True,TRUE,True,CONVENCION_EXCLUYE_INICIAL;CONV_INCLUYE_INICIAL=5
4190139907,30-06-2026 13:34:48,07-07-2026 0:00:00,5,5,0,5,True,TRUE,True,CONVENCION_EXCLUYE_INICIAL;CONV_INCLUYE_INICIAL=6
4190139906,30-06-2026 13:30:40,07-07-2026 0:00:00,5,5,0,5,True,TRUE,True,CONVENCION_EXCLUYE_INICIAL;CONV_INCLUYE_INICIAL=6
4190139905,30-06-2026 13:25:29,07-07-2026 0:00:00,5,5,0,5,True,TRUE,True,CONVENCION_EXCLUYE_INICIAL;CONV_INCLUYE_INICIAL=6
4190139904,30-06-2026 13:03:32,01-07-2026 0:00:00,1,1,0,4,True,TRUE,True,CONVENCION_EXCLUYE_INICIAL;CONV_INCLUYE_INICIAL=2
4190139894,30-06-2026 9:51:15,07-07-2026 0:00:00,5,5,0,5,True,TRUE,True,CONVENCION_EXCLUYE_INICIAL;CONV_INCLUYE_INICIAL=6
4190139917,30-06-2026 0:00:00,01-07-2026 0:00:00,1,1,0,4,True,TRUE,True,CONVENCION_EXCLUYE_INICIAL;CONV_INCLUYE_INICIAL=2
4190139909,30-06-2026 0:00:00,30-06-2026 0:00:00,0,0,0,4,True,TRUE,True,CONVENCION_EXCLUYE_INICIAL;CONV_INCLUYE_INICIAL=1
1167477,29-06-2026 21:59:19,02-07-2026 0:00:00,3,3,0,5,True,TRUE,True,CONVENCION_EXCLUYE_INICIAL
1167476,29-06-2026 21:51:58,02-07-2026 0:00:00,3,3,0,5,True,TRUE,True,CONVENCION_EXCLUYE_INICIAL
4190139890,29-06-2026 17:49:24,03-07-2026 0:00:00,4,4,0,4,True,TRUE,True,CONVENCION_EXCLUYE_INICIAL
4190139884,27-06-2026 13:15:29,01-07-2026 0:00:00,2,2,0,4,True,TRUE,True,CONVENCION_EXCLUYE_INICIAL
4190139880,26-06-2026 16:32:25,02-07-2026 0:00:00,3,3,0,5,True,TRUE,True,CONVENCION_EXCLUYE_INICIAL;CONV_INCLUYE_INICIAL=4
4190139877,26-06-2026 11:49:05,06-07-2026 0:00:00,5,5,0,5,True,TRUE,True,CONVENCION_EXCLUYE_INICIAL;CONV_INCLUYE_INICIAL=6
4190139876,26-06-2026 11:43:53,06-07-2026 0:00:00,5,5,0,5,True,TRUE,True,CONVENCION_EXCLUYE_INICIAL;CONV_INCLUYE_INICIAL=6
4190139874,26-06-2026 0:00:00,02-07-2026 0:00:00,3,3,0,5,True,TRUE,True,CONVENCION_EXCLUYE_INICIAL;CONV_INCLUYE_INICIAL=4
1167374,25-06-2026 23:01:45,30-06-2026 0:00:00,2,2,0,5,True,TRUE,True,CONVENCION_EXCLUYE_INICIAL;CONV_INCLUYE_INICIAL=3
1167372,25-06-2026 22:24:52,02-07-2026 0:00:00,4,4,0,5,True,TRUE,True,CONVENCION_EXCLUYE_INICIAL;CONV_INCLUYE_INICIAL=5
4190139871,25-06-2026 19:58:30,02-07-2026 0:00:00,4,4,0,5,True,TRUE,True,CONVENCION_EXCLUYE_INICIAL;CONV_INCLUYE_INICIAL=5
4190139869,25-06-2026 19:20:59,02-07-2026 0:00:00,4,4,0,5,True,TRUE,True,CONVENCION_EXCLUYE_INICIAL;CONV_INCLUYE_INICIAL=5
1167369,25-06-2026 17:00:44,01-07-2026 0:00:00,3,3,0,4,True,TRUE,True,CONVENCION_EXCLUYE_INICIAL;CONV_INCLUYE_INICIAL=4
1167368,25-06-2026 16:59:49,03-07-2026 0:00:00,5,5,0,5,True,TRUE,True,CONVENCION_EXCLUYE_INICIAL;CONV_INCLUYE_INICIAL=6
1167367,25-06-2026 16:52:01,03-07-2026 0:00:00,5,5,0,5,True,TRUE,True,CONVENCION_EXCLUYE_INICIAL;CONV_INCLUYE_INICIAL=6
1167364,25-06-2026 16:17:46,30-06-2026 0:00:00,2,2,0,4,True,TRUE,True,CONVENCION_EXCLUYE_INICIAL;CONV_INCLUYE_INICIAL=3
4190139863,25-06-2026 15:05:40,01-07-2026 0:00:00,3,3,0,5,True,TRUE,True,CONVENCION_EXCLUYE_INICIAL;CONV_INCLUYE_INICIAL=4
4190139861,25-06-2026 9:57:09,01-07-2026 0:00:00,3,3,0,5,True,TRUE,True,CONVENCION_EXCLUYE_INICIAL;CONV_INCLUYE_INICIAL=4
4190139860,25-06-2026 0:05:48,02-07-2026 0:00:00,4,4,0,5,True,TRUE,True,CONVENCION_EXCLUYE_INICIAL;CONV_INCLUYE_INICIAL=5
4190139865,25-06-2026 0:00:00,01-07-2026 0:00:00,3,3,0,5,True,TRUE,True,CONVENCION_EXCLUYE_INICIAL;CONV_INCLUYE_INICIAL=4
1167370,25-06-2026 0:00:00,02-07-2026 0:00:00,4,4,0,5,True,TRUE,True,CONVENCION_EXCLUYE_INICIAL;CONV_INCLUYE_INICIAL=5
1167348,24-06-2026 18:10:50,01-07-2026 0:00:00,4,4,0,4,True,TRUE,True,CONVENCION_EXCLUYE_INICIAL;CONV_INCLUYE_INICIAL=5
4190139854,24-06-2026 15:15:20,01-07-2026 0:00:00,4,4,0,5,True,TRUE,True,CONVENCION_EXCLUYE_INICIAL;CONV_INCLUYE_INICIAL=5
4190139852,24-06-2026 12:40:39,01-07-2026 0:00:00,4,4,0,5,True,TRUE,True,CONVENCION_EXCLUYE_INICIAL;CONV_INCLUYE_INICIAL=5
1167334,24-06-2026 10:00:56,01-07-2026 0:00:00,4,4,0,4,True,TRUE,True,CONVENCION_EXCLUYE_INICIAL;CONV_INCLUYE_INICIAL=5
1167335,24-06-2026 9:56:28,01-07-2026 0:00:00,4,4,0,4,True,TRUE,True,CONVENCION_EXCLUYE_INICIAL;CONV_INCLUYE_INICIAL=5
1167323,24-06-2026 0:45:42,30-06-2026 0:00:00,3,3,0,5,True,TRUE,True,CONVENCION_EXCLUYE_INICIAL;CONV_INCLUYE_INICIAL=4
4190139848,23-06-2026 23:58:33,30-06-2026 0:00:00,4,4,0,5,True,TRUE,True,CONVENCION_EXCLUYE_INICIAL;CONV_INCLUYE_INICIAL=5
4190139843,23-06-2026 20:01:53,01-07-2026 0:00:00,5,5,0,5,True,TRUE,True,CONVENCION_EXCLUYE_INICIAL;CONV_INCLUYE_INICIAL=6
4190139837,23-06-2026 15:14:36,01-07-2026 0:00:00,5,5,0,5,True,TRUE,True,CONVENCION_EXCLUYE_INICIAL;CONV_INCLUYE_INICIAL=6
4190139835,23-06-2026 11:59:10,01-07-2026 0:00:00,5,5,0,5,True,TRUE,True,CONVENCION_EXCLUYE_INICIAL;CONV_INCLUYE_INICIAL=6
4190139552,01-06-2026 16:40:58,03-06-2026 0:00:00,2,2,0,5,True,TRUE,True,CONVENCION_EXCLUYE_INICIAL;CONV_INCLUYE_INICIAL=3
1166992,01-06-2026 15:52:23,04-06-2026 0:00:00,3,3,0,4,True,TRUE,True,CONVENCION_EXCLUYE_INICIAL;CONV_INCLUYE_INICIAL=4
4190139545,01-06-2026 14:43:49,03-06-2026 0:00:00,2,2,0,5,True,TRUE,True,CONVENCION_EXCLUYE_INICIAL;CONV_INCLUYE_INICIAL=3
4190139542,01-06-2026 12:29:59,03-06-2026 0:00:00,2,2,0,5,True,TRUE,True,CONVENCION_EXCLUYE_INICIAL;CONV_INCLUYE_INICIAL=3
4190139541,01-06-2026 11:59:05,03-06-2026 0:00:00,2,2,0,4,True,TRUE,True,CONVENCION_EXCLUYE_INICIAL;CONV_INCLUYE_INICIAL=3
1166857,01-06-2026 11:43:07,03-06-2026 0:00:00,2,2,0,4,True,TRUE,True,CONVENCION_EXCLUYE_INICIAL;CONV_INCLUYE_INICIAL=3
1166856,01-06-2026 11:35:01,04-06-2026 0:00:00,3,3,0,4,True,TRUE,True,CONVENCION_EXCLUYE_INICIAL;CONV_INCLUYE_INICIAL=4
4190139539,01-06-2026 11:34:37,03-06-2026 0:00:00,2,2,0,4,True,TRUE,True,CONVENCION_EXCLUYE_INICIAL;CONV_INCLUYE_INICIAL=3
4190139537,01-06-2026 11:11:58,03-06-2026 0:00:00,2,2,0,5,True,TRUE,True,CONVENCION_EXCLUYE_INICIAL;CONV_INCLUYE_INICIAL=3
4190139536,01-06-2026 10:54:26,04-06-2026 0:00:00,3,3,0,5,True,TRUE,True,CONVENCION_EXCLUYE_INICIAL;CONV_INCLUYE_INICIAL=4
4190139534,01-06-2026 9:47:12,04-06-2026 0:00:00,3,3,0,5,True,TRUE,True,CONVENCION_EXCLUYE_INICIAL;CONV_INCLUYE_INICIAL=4
1166852,01-06-2026 9:38:01,04-06-2026 0:00:00,3,3,0,4,True,TRUE,True,CONVENCION_EXCLUYE_INICIAL;CONV_INCLUYE_INICIAL=4
4190139533,01-06-2026 8:55:57,05-06-2026 0:00:00,4,4,0,5,True,TRUE,True,CONVENCION_EXCLUYE_INICIAL;CONV_INCLUYE_INICIAL=5
1166849,30-05-2026 16:32:55,03-06-2026 0:00:00,3,3,0,4,True,TRUE,True,CONVENCION_EXCLUYE_INICIAL
1166848,30-05-2026 16:26:05,03-06-2026 0:00:00,3,3,0,4,True,TRUE,True,CONVENCION_EXCLUYE_INICIAL
1166847,30-05-2026 14:00:17,03-06-2026 0:00:00,3,3,0,4,True,TRUE,True,CONVENCION_EXCLUYE_INICIAL
1166846,30-05-2026 13:47:52,04-06-2026 0:00:00,4,4,0,4,True,TRUE,True,CONVENCION_EXCLUYE_INICIAL
1166845,30-05-2026 13:41:42,04-06-2026 0:00:00,4,4,0,4,True,TRUE,True,CONVENCION_EXCLUYE_INICIAL
4190139531,29-05-2026 18:54:04,03-06-2026 0:00:00,3,3,0,5,True,TRUE,True,CONVENCION_EXCLUYE_INICIAL;CONV_INCLUYE_INICIAL=4
4190139530,29-05-2026 18:47:19,03-06-2026 0:00:00,3,3,0,5,True,TRUE,True,CONVENCION_EXCLUYE_INICIAL;CONV_INCLUYE_INICIAL=4
4190139529,29-05-2026 17:44:50,04-06-2026 0:00:00,4,4,0,5,True,TRUE,True,CONVENCION_EXCLUYE_INICIAL;CONV_INCLUYE_INICIAL=5
4190139528,29-05-2026 15:21:38,02-06-2026 0:00:00,2,2,0,5,True,TRUE,True,CONVENCION_EXCLUYE_INICIAL;CONV_INCLUYE_INICIAL=3
4190139527,29-05-2026 12:57:25,04-06-2026 0:00:00,4,4,0,4,True,TRUE,True,CONVENCION_EXCLUYE_INICIAL;CONV_INCLUYE_INICIAL=5
4190139526,29-05-2026 12:41:14,03-06-2026 0:00:00,3,3,0,4,True,TRUE,True,CONVENCION_EXCLUYE_INICIAL;CONV_INCLUYE_INICIAL=4
4190139525,29-05-2026 12:32:03,03-06-2026 0:00:00,3,3,0,5,True,TRUE,True,CONVENCION_EXCLUYE_INICIAL;CONV_INCLUYE_INICIAL=4
4190139524,29-05-2026 12:30:47,03-06-2026 0:00:00,3,3,0,5,True,TRUE,True,CONVENCION_EXCLUYE_INICIAL;CONV_INCLUYE_INICIAL=4
1166840,29-05-2026 12:30:33,02-06-2026 0:00:00,2,2,0,4,True,TRUE,True,CONVENCION_EXCLUYE_INICIAL;CONV_INCLUYE_INICIAL=3
4190139522,29-05-2026 11:51:16,03-06-2026 0:00:00,3,3,0,4,True,TRUE,True,CONVENCION_EXCLUYE_INICIAL;CONV_INCLUYE_INICIAL=4
4190139521,29-05-2026 11:45:03,03-06-2026 0:00:00,3,3,0,5,True,TRUE,True,CONVENCION_EXCLUYE_INICIAL;CONV_INCLUYE_INICIAL=4
1166829,29-05-2026 10:40:53,01-06-2026 0:00:00,1,1,0,5,True,TRUE,True,CONVENCION_EXCLUYE_INICIAL;CONV_INCLUYE_INICIAL=2
4190139520,29-05-2026 10:24:48,05-06-2026 0:00:00,5,5,0,5,True,TRUE,True,CONVENCION_EXCLUYE_INICIAL;CONV_INCLUYE_INICIAL=6
1166827,29-05-2026 10:15:28,01-06-2026 0:00:00,1,1,0,5,True,TRUE,True,CONVENCION_EXCLUYE_INICIAL;CONV_INCLUYE_INICIAL=2
4190139519,29-05-2026 9:37:36,29-05-2026 0:00:00,0,,,5,True,,False,CONVENCION_EXCLUYE_INICIAL
4190139517,29-05-2026 8:56:20,01-06-2026 0:00:00,1,1,0,5,True,TRUE,True,CONVENCION_EXCLUYE_INICIAL;CONV_INCLUYE_INICIAL=2
1166788,29-05-2026 8:44:55,01-06-2026 0:00:00,1,1,0,4,True,TRUE,True,CONVENCION_EXCLUYE_INICIAL;CONV_INCLUYE_INICIAL=2
1166787,29-05-2026 8:32:54,01-06-2026 0:00:00,1,1,0,4,True,TRUE,True,CONVENCION_EXCLUYE_INICIAL;CONV_INCLUYE_INICIAL=2
4190139516,29-05-2026 0:28:39,01-06-2026 0:00:00,1,1,0,4,True,TRUE,True,CONVENCION_EXCLUYE_INICIAL;CONV_INCLUYE_INICIAL=2
4190139515,29-05-2026 0:15:23,29-05-2026 0:00:00,0,,,5,True,,False,CONVENCION_EXCLUYE_INICIAL
4190139514,29-05-2026 0:15:07,29-05-2026 0:00:00,0,,,5,True,,False,CONVENCION_EXCLUYE_INICIAL
4190139513,29-05-2026 0:14:50,02-06-2026 0:00:00,2,2,0,5,True,TRUE,True,CONVENCION_EXCLUYE_INICIAL;CONV_INCLUYE_INICIAL=3
4190139523,29-05-2026 0:00:00,03-06-2026 0:00:00,3,3,0,5,True,TRUE,True,CONVENCION_EXCLUYE_INICIAL;CONV_INCLUYE_INICIAL=4
1166839,29-05-2026 0:00:00,04-06-2026 0:00:00,4,4,0,4,True,TRUE,True,CONVENCION_EXCLUYE_INICIAL;CONV_INCLUYE_INICIAL=5
1166786,28-05-2026 22:00:21,04-06-2026 0:00:00,5,5,0,5,True,TRUE,True,CONVENCION_EXCLUYE_INICIAL;CONV_INCLUYE_INICIAL=6
1166785,28-05-2026 20:51:27,02-06-2026 0:00:00,3,3,0,4,True,TRUE,True,CONVENCION_EXCLUYE_INICIAL;CONV_INCLUYE_INICIAL=4
4190139512,28-05-2026 19:32:35,02-06-2026 0:00:00,3,3,0,5,True,TRUE,True,CONVENCION_EXCLUYE_INICIAL;CONV_INCLUYE_INICIAL=4
4190139510,28-05-2026 19:23:20,02-06-2026 0:00:00,3,3,0,5,True,TRUE,True,CONVENCION_EXCLUYE_INICIAL;CONV_INCLUYE_INICIAL=4
4190139508,28-05-2026 18:41:54,01-06-2026 0:00:00,2,2,0,5,True,TRUE,True,CONVENCION_EXCLUYE_INICIAL;CONV_INCLUYE_INICIAL=3
4190139507,28-05-2026 18:27:37,02-06-2026 0:00:00,3,3,0,5,True,TRUE,True,CONVENCION_EXCLUYE_INICIAL;CONV_INCLUYE_INICIAL=4
1166782,28-05-2026 16:44:33,01-06-2026 0:00:00,2,2,0,4,True,TRUE,True,CONVENCION_EXCLUYE_INICIAL;CONV_INCLUYE_INICIAL=3
1166703,28-05-2026 15:45:17,01-06-2026 0:00:00,2,2,0,4,True,TRUE,True,CONVENCION_EXCLUYE_INICIAL;CONV_INCLUYE_INICIAL=3
4190139506,28-05-2026 14:20:26,29-05-2026 0:00:00,1,1,0,4,True,TRUE,True,CONVENCION_EXCLUYE_INICIAL;CONV_INCLUYE_INICIAL=2
4190139505,28-05-2026 14:18:16,29-05-2026 0:00:00,1,1,0,4,True,TRUE,True,CONVENCION_EXCLUYE_INICIAL;CONV_INCLUYE_INICIAL=2
4190139503,28-05-2026 13:47:04,01-06-2026 0:00:00,2,2,0,5,True,TRUE,True,CONVENCION_EXCLUYE_INICIAL;CONV_INCLUYE_INICIAL=3
4190139502,28-05-2026 13:20:43,03-06-2026 0:00:00,4,4,0,5,True,TRUE,True,CONVENCION_EXCLUYE_INICIAL;CONV_INCLUYE_INICIAL=5
4190139501,28-05-2026 13:17:30,03-06-2026 0:00:00,4,4,0,5,True,TRUE,True,CONVENCION_EXCLUYE_INICIAL;CONV_INCLUYE_INICIAL=5
4190139500,28-05-2026 12:37:17,28-05-2026 0:00:00,0,,,5,True,,False,CONVENCION_EXCLUYE_INICIAL
4190139499,28-05-2026 12:18:06,04-06-2026 0:00:00,5,5,0,5,True,TRUE,True,CONVENCION_EXCLUYE_INICIAL;CONV_INCLUYE_INICIAL=6
4190139498,28-05-2026 12:14:55,02-06-2026 0:00:00,3,3,0,5,True,TRUE,True,CONVENCION_EXCLUYE_INICIAL;CONV_INCLUYE_INICIAL=4
1166694,28-05-2026 12:11:36,29-05-2026 0:00:00,1,1,0,4,True,TRUE,True,CONVENCION_EXCLUYE_INICIAL;CONV_INCLUYE_INICIAL=2
1166691,28-05-2026 11:41:49,03-06-2026 0:00:00,4,4,0,5,True,TRUE,True,CONVENCION_EXCLUYE_INICIAL;CONV_INCLUYE_INICIAL=5
1166690,28-05-2026 11:38:06,29-05-2026 0:00:00,1,1,0,4,True,TRUE,True,CONVENCION_EXCLUYE_INICIAL;CONV_INCLUYE_INICIAL=2
4190139495,28-05-2026 11:32:59,04-06-2026 0:00:00,5,5,0,5,True,TRUE,True,CONVENCION_EXCLUYE_INICIAL;CONV_INCLUYE_INICIAL=6
4190139494,28-05-2026 11:20:45,02-06-2026 0:00:00,3,3,0,5,True,TRUE,True,CONVENCION_EXCLUYE_INICIAL;CONV_INCLUYE_INICIAL=4
1166688,28-05-2026 10:48:41,01-06-2026 0:00:00,2,2,0,4,True,TRUE,True,CONVENCION_EXCLUYE_INICIAL;CONV_INCLUYE_INICIAL=3
1166687,28-05-2026 9:42:50,02-06-2026 0:00:00,3,3,0,4,True,TRUE,True,CONVENCION_EXCLUYE_INICIAL;CONV_INCLUYE_INICIAL=4
4190139490,28-05-2026 0:40:56,03-06-2026 0:00:00,4,4,0,4,True,TRUE,True,CONVENCION_EXCLUYE_INICIAL;CONV_INCLUYE_INICIAL=5
1166682,28-05-2026 0:14:54,29-05-2026 0:00:00,1,1,0,5,True,TRUE,True,CONVENCION_EXCLUYE_INICIAL;CONV_INCLUYE_INICIAL=2
1166683,28-05-2026 0:00:00,03-06-2026 0:00:00,4,4,0,5,True,TRUE,True,CONVENCION_EXCLUYE_INICIAL;CONV_INCLUYE_INICIAL=5
1166689,28-05-2026 0:00:00,01-06-2026 0:00:00,2,2,0,4,True,TRUE,True,CONVENCION_EXCLUYE_INICIAL;CONV_INCLUYE_INICIAL=3
1166698,28-05-2026 0:00:00,02-06-2026 0:00:00,3,3,0,4,True,TRUE,True,CONVENCION_EXCLUYE_INICIAL;CONV_INCLUYE_INICIAL=4
1166783,28-05-2026 0:00:00,03-06-2026 0:00:00,4,4,0,5,True,TRUE,True,CONVENCION_EXCLUYE_INICIAL;CONV_INCLUYE_INICIAL=5
1166784,28-05-2026 0:00:00,02-06-2026 0:00:00,3,3,0,4,True,TRUE,True,CONVENCION_EXCLUYE_INICIAL;CONV_INCLUYE_INICIAL=4
4190139491,28-05-2026 0:00:00,29-05-2026 0:00:00,1,1,0,4,True,TRUE,True,CONVENCION_EXCLUYE_INICIAL;CONV_INCLUYE_INICIAL=2
4190139488,27-05-2026 23:04:45,29-05-2026 0:00:00,2,2,0,5,True,TRUE,True,CONVENCION_EXCLUYE_INICIAL;CONV_INCLUYE_INICIAL=3
4190139486,27-05-2026 19:30:59,29-05-2026 0:00:00,2,2,0,5,True,TRUE,True,CONVENCION_EXCLUYE_INICIAL;CONV_INCLUYE_INICIAL=3
4190139481,27-05-2026 16:37:09,28-05-2026 0:00:00,1,1,0,5,True,TRUE,True,CONVENCION_EXCLUYE_INICIAL;CONV_INCLUYE_INICIAL=2
4190139480,27-05-2026 16:05:57,29-05-2026 0:00:00,2,2,0,5,True,TRUE,True,CONVENCION_EXCLUYE_INICIAL;CONV_INCLUYE_INICIAL=3
4190139471,27-05-2026 13:17:33,28-05-2026 0:00:00,1,1,0,5,True,TRUE,True,CONVENCION_EXCLUYE_INICIAL;CONV_INCLUYE_INICIAL=2
4190139467,27-05-2026 10:15:40,28-05-2026 0:00:00,1,1,0,4,True,TRUE,True,CONVENCION_EXCLUYE_INICIAL;CONV_INCLUYE_INICIAL=2
1166668,27-05-2026 9:29:18,28-05-2026 0:00:00,1,1,0,5,True,TRUE,True,CONVENCION_EXCLUYE_INICIAL;CONV_INCLUYE_INICIAL=2
1166678,27-05-2026 0:00:00,29-05-2026 0:00:00,2,2,0,4,True,TRUE,True,CONVENCION_EXCLUYE_INICIAL;CONV_INCLUYE_INICIAL=3
4190139457,26-05-2026 18:17:42,02-06-2026 0:00:00,5,5,0,5,True,TRUE,True,CONVENCION_EXCLUYE_INICIAL;CONV_INCLUYE_INICIAL=6
4190139456,26-05-2026 17:55:29,01-06-2026 0:00:00,4,4,0,4,True,TRUE,True,CONVENCION_EXCLUYE_INICIAL;CONV_INCLUYE_INICIAL=5
4190139455,26-05-2026 16:16:10,28-05-2026 0:00:00,2,2,0,5,True,TRUE,True,CONVENCION_EXCLUYE_INICIAL;CONV_INCLUYE_INICIAL=3
4190139453,26-05-2026 15:56:41,01-06-2026 0:00:00,4,4,0,5,True,TRUE,True,CONVENCION_EXCLUYE_INICIAL;CONV_INCLUYE_INICIAL=5
4190139443,26-05-2026 11:15:10,01-06-2026 0:00:00,4,4,0,5,True,TRUE,True,CONVENCION_EXCLUYE_INICIAL;CONV_INCLUYE_INICIAL=5
4190139451,26-05-2026 0:00:00,01-06-2026 0:00:00,4,4,0,5,True,TRUE,True,CONVENCION_EXCLUYE_INICIAL;CONV_INCLUYE_INICIAL=5
4190139172,04-05-2026 13:19:49,07-05-2026 0:00:00,3,3,0,4,True,TRUE,True,CONVENCION_EXCLUYE_INICIAL;CONV_INCLUYE_INICIAL=4
4190139170,04-05-2026 12:51:26,08-05-2026 0:00:00,4,4,0,5,True,TRUE,True,CONVENCION_EXCLUYE_INICIAL;CONV_INCLUYE_INICIAL=5
4190139168,04-05-2026 12:21:02,08-05-2026 0:00:00,4,4,0,5,True,TRUE,True,CONVENCION_EXCLUYE_INICIAL;CONV_INCLUYE_INICIAL=5
1166361,04-05-2026 11:41:23,06-05-2026 0:00:00,2,2,0,5,True,TRUE,True,CONVENCION_EXCLUYE_INICIAL;CONV_INCLUYE_INICIAL=3
1166305,04-05-2026 10:31:57,05-05-2026 0:00:00,1,1,0,4,True,TRUE,True,CONVENCION_EXCLUYE_INICIAL;CONV_INCLUYE_INICIAL=2
1166316,04-05-2026 0:00:00,06-05-2026 0:00:00,2,2,0,4,True,TRUE,True,CONVENCION_EXCLUYE_INICIAL;CONV_INCLUYE_INICIAL=3
4190139162,30-04-2026 18:33:10,06-05-2026 0:00:00,3,3,0,5,True,TRUE,True,CONVENCION_EXCLUYE_INICIAL;CONV_INCLUYE_INICIAL=4
4190139161,30-04-2026 18:27:56,07-05-2026 0:00:00,4,4,0,5,True,TRUE,True,CONVENCION_EXCLUYE_INICIAL;CONV_INCLUYE_INICIAL=5
4190139160,30-04-2026 18:07:44,06-05-2026 0:00:00,3,3,0,5,True,TRUE,True,CONVENCION_EXCLUYE_INICIAL;CONV_INCLUYE_INICIAL=4
1166141,30-04-2026 17:51:04,05-05-2026 0:00:00,2,2,0,4,True,TRUE,True,CONVENCION_EXCLUYE_INICIAL;CONV_INCLUYE_INICIAL=3
1166138,30-04-2026 16:36:57,06-05-2026 0:00:00,3,3,0,4,True,TRUE,True,CONVENCION_EXCLUYE_INICIAL;CONV_INCLUYE_INICIAL=4
4190139158,30-04-2026 16:22:16,06-05-2026 0:00:00,3,3,0,5,True,TRUE,True,CONVENCION_EXCLUYE_INICIAL;CONV_INCLUYE_INICIAL=4
4190139157,30-04-2026 16:19:05,05-05-2026 0:00:00,2,2,0,4,True,TRUE,True,CONVENCION_EXCLUYE_INICIAL;CONV_INCLUYE_INICIAL=3
4190139155,30-04-2026 16:00:54,05-05-2026 0:00:00,2,2,0,4,True,TRUE,True,CONVENCION_EXCLUYE_INICIAL;CONV_INCLUYE_INICIAL=3
4190139154,30-04-2026 15:36:42,08-05-2026 0:00:00,5,5,0,5,True,TRUE,True,CONVENCION_EXCLUYE_INICIAL;CONV_INCLUYE_INICIAL=6
1166074,30-04-2026 14:47:59,04-05-2026 0:00:00,1,1,0,4,True,TRUE,True,CONVENCION_EXCLUYE_INICIAL;CONV_INCLUYE_INICIAL=2
1166072,30-04-2026 14:31:55,06-05-2026 0:00:00,3,3,0,5,True,TRUE,True,CONVENCION_EXCLUYE_INICIAL;CONV_INCLUYE_INICIAL=4
1166071,30-04-2026 14:08:42,07-05-2026 0:00:00,4,4,0,5,True,TRUE,True,CONVENCION_EXCLUYE_INICIAL;CONV_INCLUYE_INICIAL=5
4190139151,30-04-2026 13:45:54,06-05-2026 0:00:00,3,3,0,5,True,TRUE,True,CONVENCION_EXCLUYE_INICIAL;CONV_INCLUYE_INICIAL=4
4190139150,30-04-2026 13:35:40,06-05-2026 0:00:00,3,3,0,5,True,TRUE,True,CONVENCION_EXCLUYE_INICIAL;CONV_INCLUYE_INICIAL=4
4190139149,30-04-2026 13:14:28,30-04-2026 0:00:00,0,,,5,True,,False,CONVENCION_EXCLUYE_INICIAL
4190139147,30-04-2026 13:00:00,07-05-2026 0:00:00,4,4,0,5,True,TRUE,True,CONVENCION_EXCLUYE_INICIAL;CONV_INCLUYE_INICIAL=5
4190139145,30-04-2026 12:58:34,07-05-2026 0:00:00,4,4,0,5,True,TRUE,True,CONVENCION_EXCLUYE_INICIAL;CONV_INCLUYE_INICIAL=5
4190139144,30-04-2026 12:53:22,08-05-2026 0:00:00,5,5,0,5,True,TRUE,True,CONVENCION_EXCLUYE_INICIAL;CONV_INCLUYE_INICIAL=6
4190139143,30-04-2026 12:39:11,07-05-2026 0:00:00,4,4,0,5,True,TRUE,True,CONVENCION_EXCLUYE_INICIAL;CONV_INCLUYE_INICIAL=5
4190139139,30-04-2026 12:14:22,06-05-2026 0:00:00,3,3,0,5,True,TRUE,True,CONVENCION_EXCLUYE_INICIAL;CONV_INCLUYE_INICIAL=4
4190139137,30-04-2026 12:00:56,08-05-2026 0:00:00,5,5,0,5,True,TRUE,True,CONVENCION_EXCLUYE_INICIAL;CONV_INCLUYE_INICIAL=6
4190139136,30-04-2026 11:58:37,07-05-2026 0:00:00,4,4,0,5,True,TRUE,True,CONVENCION_EXCLUYE_INICIAL;CONV_INCLUYE_INICIAL=5
1166066,30-04-2026 10:53:34,04-05-2026 0:00:00,1,1,0,4,True,TRUE,True,CONVENCION_EXCLUYE_INICIAL;CONV_INCLUYE_INICIAL=2
1166062,30-04-2026 10:14:00,06-05-2026 0:00:00,3,3,0,4,True,TRUE,True,CONVENCION_EXCLUYE_INICIAL;CONV_INCLUYE_INICIAL=4
1166059,30-04-2026 9:32:25,06-05-2026 0:00:00,3,3,0,4,True,TRUE,True,CONVENCION_EXCLUYE_INICIAL;CONV_INCLUYE_INICIAL=4
4190139133,30-04-2026 8:47:57,06-05-2026 0:00:00,3,3,0,5,True,TRUE,True,CONVENCION_EXCLUYE_INICIAL;CONV_INCLUYE_INICIAL=4
1166056,30-04-2026 8:39:35,05-05-2026 0:00:00,2,2,0,4,True,TRUE,True,CONVENCION_EXCLUYE_INICIAL;CONV_INCLUYE_INICIAL=3
4190139132,30-04-2026 8:31:46,05-05-2026 0:00:00,2,2,0,5,True,TRUE,True,CONVENCION_EXCLUYE_INICIAL;CONV_INCLUYE_INICIAL=3
4190139126,30-04-2026 0:27:02,06-05-2026 0:00:00,3,3,0,5,True,TRUE,True,CONVENCION_EXCLUYE_INICIAL;CONV_INCLUYE_INICIAL=4
4190139138,30-04-2026 0:00:00,06-05-2026 0:00:00,3,3,0,5,True,TRUE,True,CONVENCION_EXCLUYE_INICIAL;CONV_INCLUYE_INICIAL=4
4190139135,30-04-2026 0:00:00,06-05-2026 0:00:00,3,3,0,5,True,TRUE,True,CONVENCION_EXCLUYE_INICIAL;CONV_INCLUYE_INICIAL=4
4190139134,30-04-2026 0:00:00,06-05-2026 0:00:00,3,3,0,5,True,TRUE,True,CONVENCION_EXCLUYE_INICIAL;CONV_INCLUYE_INICIAL=4
4190139148,30-04-2026 0:00:00,06-05-2026 0:00:00,3,3,0,5,True,TRUE,True,CONVENCION_EXCLUYE_INICIAL;CONV_INCLUYE_INICIAL=4
4190139152,30-04-2026 0:00:00,07-05-2026 0:00:00,4,4,0,5,True,TRUE,True,CONVENCION_EXCLUYE_INICIAL;CONV_INCLUYE_INICIAL=5
