PEDIDO,CLIENTE,VENDEDOR,FLUJO,TRACKING,ES_CERRADO,FACTURA_INICIO,CIERRE_OFICIAL,TIPO_CIERRE,DIAS_POSTFACTURA_DH,MAYOR_15_DH,MAYOR_20_DH,VALOR_PEDIDO
1168129,411430,V612,NORMAL,SI,True,14-07-2026 0:00:00,2026-07-14 00:00:00,DESPACHO,0,NO,NO,171011
1168117,370088,V615,NORMAL,SI,True,14-07-2026 9:10:39,2026-07-14 16:49:00,DESPACHO,0,NO,NO,56859
1168108,445107,V650,NORMAL,SI,True,14-07-2026 8:23:52,2026-07-14 14:36:00,DESPACHO,0,NO,NO,1475472
1168107,410159,V585,NORMAL,SI,True,14-07-2026 12:06:40,2026-07-14 12:06:40,DESPACHO,0,NO,NO,4951116
1168103,981505,V612,NORMAL,SI,True,13-07-2026 14:30:19,2026-07-13 16:48:00,DESPACHO,0,NO,NO,107834
1168122,410586,V612,NORMAL,SI,True,14-07-2026 9:50:19,2026-07-14 12:44:00,DESPACHO,0,NO,NO,166819
1168112,430671,V650,NORMAL,SI,True,13-07-2026 14:57:18,2026-07-13 16:51:00,DESPACHO,0,NO,NO,262822
1168111,410158,V585,NORMAL,SI,True,14-07-2026 11:45:55,2026-07-14 11:45:55,DESPACHO,0,NO,NO,4723565
1168097,411402,V612,NORMAL,SI,True,13-07-2026 0:00:00,2026-07-13 00:00:00,DESPACHO,0,NO,NO,87799
1168096,410313,V615,NORMAL,SI,True,13-07-2026 0:00:00,2026-07-13 14:27:00,DESPACHO,0,NO,NO,465402
1168092,400496,V615,NORMAL,SI,True,13-07-2026 8:31:34,2026-07-13 14:23:00,DESPACHO,0,NO,NO,407506
1168087,445209,V650,NORMAL,SI,True,10-07-2026 0:00:00,2026-07-10 13:17:00,DESPACHO,0,NO,NO,1353412
1168085,440382,V612,NORMAL,SI,True,14-07-2026 12:35:05,2026-07-14 16:50:00,DESPACHO,0,NO,NO,225822
1168080,420587,V615,NORMAL,SI,True,09-07-2026 14:18:45,2026-07-09 16:10:00,DESPACHO,0,NO,NO,80365
4190139991,430904,V650,NORMAL,SI,True,13-07-2026 10:01:47,2026-07-13 14:30:00,DESPACHO,0,NO,NO,207579
1168065,371039,V615,NORMAL,SI,True,09-07-2026 11:49:54,2026-07-09 12:25:00,DESPACHO,0,NO,NO,115125
1168059,460257,V612,NORMAL,SI,True,09-07-2026 11:52:39,2026-07-09 11:55:00,DESPACHO,0,NO,NO,142750
1168055,411442,V615,NORMAL,SI,True,09-07-2026 10:37:18,2026-07-09 12:14:00,DESPACHO,0,NO,NO,410367
1168054,371062,V615,NORMAL,SI,True,09-07-2026 10:37:33,2026-07-09 12:10:00,DESPACHO,0,NO,NO,54141
1168052,371062,V615,NORMAL,SI,True,10-07-2026 7:57:32,2026-07-10 09:11:00,DESPACHO,0,NO,NO,180498
1168051,371062,V615,NORMAL,SI,True,10-07-2026 7:57:23,2026-07-10 09:12:00,DESPACHO,0,NO,NO,762117
1168050,371040,V615,NORMAL,SI,True,09-07-2026 10:37:25,2026-07-09 12:01:00,DESPACHO,0,NO,NO,154002
1168041,411460,V612,NORMAL,SI,True,09-07-2026 9:41:31,2026-07-09 14:50:00,DESPACHO,0,NO,NO,249332
1168040,440172,V615,NORMAL,SI,True,07-07-2026 10:17:15,2026-07-07 11:48:00,DESPACHO,0,NO,NO,204702
1168038,411430,V612,NORMAL,SI,True,08-07-2026 13:57:33,2026-07-08 14:47:00,DESPACHO,0,NO,NO,157645
4190139953,440083,V610,NORMAL,SI,True,06-07-2026 14:37:48,2026-07-06 14:59:00,DESPACHO,0,NO,NO,330161
1168022,981528,V612,NORMAL,SI,True,07-07-2026 11:47:19,2026-07-07 11:47:19,DESPACHO,0,NO,NO,179577
1168016,981546,V612,NORMAL,SI,True,06-07-2026 11:17:06,2026-07-06 11:22:00,DESPACHO,0,NO,NO,937076
1168006,970340,V906,NORMAL,SI,True,06-07-2026 13:31:19,2026-07-06 13:31:19,DESPACHO,0,NO,NO,9450728
1167362,445124,V610,NORMAL,SI,True,25-06-2026 16:23:58,2026-06-25 16:30:00,DESPACHO,0,NO,NO,1393152
1167361,440083,V610,NORMAL,SI,True,25-06-2026 16:08:32,2026-06-25 16:13:00,DESPACHO,0,NO,NO,249132
1167357,371038,V612,NORMAL,SI,True,26-06-2026 0:00:00,2026-06-26 12:18:00,DESPACHO,0,NO,NO,521400
1167356,371038,V612,NORMAL,SI,True,26-06-2026 0:00:00,2026-06-26 12:18:00,DESPACHO,0,NO,NO,1246620
1167350,410313,V615,NORMAL,SI,True,30-06-2026 12:36:12,2026-06-30 14:07:00,DESPACHO,0,NO,NO,643303
1167345,430160,V615,NORMAL,SI,True,30-06-2026 12:36:10,2026-06-30 14:07:00,DESPACHO,0,NO,NO,650841
1167342,371038,V612,NORMAL,SI,True,26-06-2026 12:13:27,2026-06-26 12:18:00,DESPACHO,0,NO,NO,102156
1167336,430435,V615,NORMAL,SI,True,30-06-2026 0:00:00,2026-06-30 12:40:00,DESPACHO,0,NO,NO,357340
1167307,410702,V615,NORMAL,SI,True,30-06-2026 10:31:18,2026-06-30 11:42:00,DESPACHO,0,NO,NO,206656
1167302,411402,V612,NORMAL,SI,True,24-06-2026 10:54:07,2026-06-24 15:13:00,DESPACHO,0,NO,NO,8090955
4190139829,481023,V650,NORMAL,SI,True,24-06-2026 11:37:15,2026-06-24 14:26:00,DESPACHO,0,NO,NO,205408
1167298,445209,V650,NORMAL,SI,True,25-06-2026 12:34:48,2026-06-25 14:45:00,DESPACHO,0,NO,NO,1873204
1167296,400567,V906,NORMAL,SI,True,24-06-2026 0:00:00,2026-06-24 14:23:00,DESPACHO,0,NO,NO,330799
1167292,411140,V615,NORMAL,SI,True,24-06-2026 11:37:20,2026-06-24 14:24:00,DESPACHO,0,NO,NO,13348
1167284,411140,V615,NORMAL,SI,True,24-06-2026 16:41:32,2026-06-24 16:41:32,DESPACHO,0,NO,NO,255327
1167282,430676,V615,NORMAL,SI,True,24-06-2026 9:30:42,2026-06-24 11:15:00,DESPACHO,0,NO,NO,416146
4190139789,455058,V650,NORMAL,SI,True,24-06-2026 9:30:47,2026-06-24 11:11:00,DESPACHO,0,NO,NO,351950
1167281,410919,V615,NORMAL,SI,True,23-06-2026 12:14:20,2026-06-23 12:55:00,DESPACHO,0,NO,NO,581225
4190139785,440549,V650,NORMAL,SI,True,24-06-2026 10:58:13,2026-06-24 12:35:00,DESPACHO,0,NO,NO,1207256
1167278,400544,V615,NORMAL,SI,True,24-06-2026 10:54:54,2026-06-24 12:49:00,DESPACHO,0,NO,NO,231511
1167277,455222,V615,NORMAL,SI,True,24-06-2026 10:55:03,2026-06-24 12:51:00,DESPACHO,0,NO,NO,982023
1167268,400572,V615,NORMAL,SI,True,24-06-2026 10:57:18,2026-06-24 13:05:00,DESPACHO,0,NO,NO,424973
1167279,440172,V615,NORMAL,SI,True,23-06-2026 9:21:34,2026-06-23 10:49:00,DESPACHO,0,NO,NO,192063
1167263,420771,V610,NORMAL,SI,True,25-06-2026 12:34:51,2026-06-25 14:32:00,DESPACHO,0,NO,NO,22577838
4190139769,430946,V650,NORMAL,SI,True,22-06-2026 10:45:31,2026-06-22 16:35:00,DESPACHO,0,NO,NO,790031
1167255,410706,V615,NORMAL,SI,True,22-06-2026 11:20:08,2026-06-22 16:36:00,DESPACHO,0,NO,NO,25028
1167254,410706,V615,NORMAL,SI,True,22-06-2026 9:33:56,2026-06-22 16:36:00,DESPACHO,0,NO,NO,91406
1167251,496024,V650,NORMAL,SI,True,23-06-2026 10:50:31,2026-06-23 11:27:00,DESPACHO,0,NO,NO,576074
4190139752,430853,V650,NORMAL,SI,True,22-06-2026 10:55:31,2026-06-22 16:36:00,DESPACHO,0,NO,NO,175776
1167257,370104,V615,NORMAL,SI,True,22-06-2026 11:20:16,2026-06-22 16:37:00,DESPACHO,0,NO,NO,309491
1167239,411503,V840,NORMAL,SI,True,22-06-2026 8:53:54,2026-06-22 10:24:00,DESPACHO,0,NO,NO,1133731
1167238,411503,V840,NORMAL,SI,True,22-06-2026 8:53:39,2026-06-22 10:24:00,DESPACHO,0,NO,NO,1133731
1167233,430852,V650,NORMAL,SI,True,18-06-2026 11:29:18,2026-06-18 15:56:00,DESPACHO,0,NO,NO,380149
1167231,410528,V615,NORMAL,SI,True,18-06-2026 11:10:49,2026-06-18 16:02:00,DESPACHO,0,NO,NO,188942
1167228,411402,V612,NORMAL,SI,True,18-06-2026 8:50:50,2026-06-18 11:43:00,DESPACHO,0,NO,NO,829870
1167216,371038,V612,NORMAL,SI,True,17-06-2026 9:59:44,2026-06-17 12:37:00,DESPACHO,0,NO,NO,148387
1167217,445209,V650,NORMAL,SI,True,17-06-2026 12:59:44,2026-06-17 16:29:00,DESPACHO,0,NO,NO,1873204
1167212,371038,V612,NORMAL,SI,True,17-06-2026 10:30:07,2026-06-17 12:37:00,DESPACHO,0,NO,NO,391278
1167210,411460,V612,NORMAL,SI,True,17-06-2026 9:59:54,2026-06-17 15:53:00,DESPACHO,0,NO,NO,214265
1167209,411402,V612,NORMAL,SI,True,17-06-2026 9:59:36,2026-06-17 12:46:00,DESPACHO,0,NO,NO,193378
1167211,411402,V612,NORMAL,SI,True,17-06-2026 8:48:56,2026-06-17 12:46:00,DESPACHO,0,NO,NO,319634
1167208,411402,V612,NORMAL,SI,True,17-06-2026 9:59:32,2026-06-17 12:46:00,DESPACHO,0,NO,NO,322703
1167207,981505,V612,NORMAL,SI,True,17-06-2026 8:49:02,2026-06-17 15:54:00,DESPACHO,0,NO,NO,82847
1167202,411503,V840,NORMAL,SI,True,22-06-2026 8:49:44,2026-06-22 08:49:44,DESPACHO,0,NO,NO,1133731
1167195,410622,V615,NORMAL,SI,True,16-06-2026 11:18:24,2026-06-16 15:48:00,DESPACHO,0,NO,NO,62194
1167194,411190,V615,NORMAL,SI,True,17-06-2026 9:39:42,2026-06-17 15:56:00,DESPACHO,0,NO,NO,103599
1167192,430633,V612,NORMAL,SI,True,18-06-2026 9:22:58,2026-06-18 10:02:00,DESPACHO,0,NO,NO,224340
1167190,460257,V612,NORMAL,SI,True,17-06-2026 9:17:51,2026-06-17 10:07:00,DESPACHO,0,NO,NO,218027
1167189,371038,V612,NORMAL,SI,True,16-06-2026 11:35:27,2026-06-16 14:26:00,DESPACHO,0,NO,NO,791628
1167187,410220,V615,NORMAL,SI,True,16-06-2026 10:16:50,2026-06-16 15:55:00,DESPACHO,0,NO,NO,544394
1167178,411402,V612,NORMAL,SI,True,15-06-2026 15:15:21,2026-06-15 16:27:00,DESPACHO,0,NO,NO,139652
1167175,411402,V612,NORMAL,SI,True,15-06-2026 15:15:12,2026-06-15 16:27:00,DESPACHO,0,NO,NO,44677
1167174,440172,V615,NORMAL,SI,True,16-06-2026 11:18:19,2026-06-16 14:31:00,DESPACHO,0,NO,NO,121300
1167173,371038,V612,NORMAL,SI,True,15-06-2026 12:15:28,2026-06-15 13:08:00,DESPACHO,0,NO,NO,113523
1167172,410622,V615,NORMAL,SI,True,16-06-2026 0:00:00,2026-06-16 15:02:00,DESPACHO,0,NO,NO,230418
1167167,411402,V612,NORMAL,SI,True,15-06-2026 11:58:28,2026-06-15 13:18:00,DESPACHO,0,NO,NO,841017
1167163,411472,V612,NORMAL,SI,True,16-06-2026 10:32:34,2026-06-16 15:50:00,DESPACHO,0,NO,NO,301005
1167157,411402,V612,NORMAL,SI,True,15-06-2026 12:53:49,2026-06-15 16:27:00,DESPACHO,0,NO,NO,1541818
1167152,420466,V615,NORMAL,SI,True,12-06-2026 10:57:06,2026-06-12 11:00:00,DESPACHO,0,NO,NO,20623
1167153,981533,V612,NORMAL,SI,True,15-06-2026 0:00:00,2026-06-15 12:53:00,DESPACHO,0,NO,NO,62625
1167149,411167,V615,NORMAL,SI,True,15-06-2026 12:44:00,2026-06-15 14:15:00,DESPACHO,0,NO,NO,1007096
1167146,411402,V612,NORMAL,SI,True,12-06-2026 10:36:27,2026-06-12 13:03:00,DESPACHO,0,NO,NO,258931
1167145,411402,V612,NORMAL,SI,True,12-06-2026 10:17:37,2026-06-12 13:03:00,DESPACHO,0,NO,NO,319766
1167143,411442,V615,NORMAL,SI,True,15-06-2026 11:40:03,2026-06-15 12:06:00,DESPACHO,0,NO,NO,394629
1167139,420644,V615,NORMAL,SI,True,12-06-2026 10:18:01,2026-06-12 11:52:00,DESPACHO,0,NO,NO,178491
1167122,981528,V612,NORMAL,SI,True,15-06-2026 11:39:57,2026-06-15 11:59:00,DESPACHO,0,NO,NO,897885
1167118,411430,V612,NORMAL,SI,True,10-06-2026 11:22:41,2026-06-10 15:05:00,DESPACHO,0,NO,NO,112279
1167114,410455,V650,NORMAL,SI,True,10-06-2026 9:47:37,2026-06-10 13:23:00,DESPACHO,0,NO,NO,253749
4190139632,430074,V610,NORMAL,SI,True,15-06-2026 0:00:00,2026-06-15 12:13:00,DESPACHO,0,NO,NO,1043931
4190139629,460237,V650,NORMAL,SI,True,10-06-2026 8:58:40,2026-06-10 13:04:00,DESPACHO,0,NO,NO,188267
4190139627,460051,V650,NORMAL,SI,True,11-06-2026 9:58:32,2026-06-11 13:04:00,DESPACHO,0,NO,NO,696004
1167109,411067,V612,NORMAL,SI,True,10-06-2026 0:00:00,2026-06-10 13:02:00,DESPACHO,0,NO,NO,500971
4190139624,460051,V650,NORMAL,SI,True,10-06-2026 12:04:48,2026-06-10 13:45:00,DESPACHO,0,NO,NO,1534127
1167105,970007,V906,NORMAL,SI,True,10-06-2026 11:21:57,2026-06-10 12:25:00,DESPACHO,0,NO,NO,174258
1167113,411294,V615,NORMAL,SI,True,10-06-2026 0:00:00,2026-06-10 12:58:00,DESPACHO,0,NO,NO,183311
4190139614,460004,V650,NORMAL,SI,True,10-06-2026 11:21:45,2026-06-10 13:41:00,DESPACHO,0,NO,NO,836612
1167097,411367,V615,NORMAL,SI,True,09-06-2026 9:55:53,2026-06-09 13:05:00,DESPACHO,0,NO,NO,101887
1167098,430436,V615,NORMAL,SI,True,09-06-2026 10:41:33,2026-06-09 13:01:00,DESPACHO,0,NO,NO,123993
1167091,970336,V906,NORMAL,SI,True,08-06-2026 17:52:26,2026-06-08 17:52:26,DESPACHO,0,NO,NO,350000
1167100,410563,V615,NORMAL,SI,True,09-06-2026 11:56:11,2026-06-09 13:17:00,DESPACHO,0,NO,NO,329090
1167076,430526,V615,NORMAL,SI,True,08-06-2026 9:46:32,2026-06-08 15:04:00,DESPACHO,0,NO,NO,437327
1167075,400692,V615,NORMAL,SI,True,10-06-2026 9:20:35,2026-06-10 13:07:00,DESPACHO,0,NO,NO,542578
1167072,410455,V650,NORMAL,SI,True,05-06-2026 12:39:54,2026-06-05 12:58:00,DESPACHO,0,NO,NO,805283
1167070,430472,V615,NORMAL,SI,True,08-06-2026 11:12:36,2026-06-08 16:15:00,DESPACHO,0,NO,NO,734882
1167065,460257,V612,NORMAL,SI,True,05-06-2026 11:44:47,2026-06-05 12:27:00,DESPACHO,0,NO,NO,195503
1167060,411430,V612,NORMAL,SI,True,05-06-2026 11:44:39,2026-06-05 12:10:00,DESPACHO,0,NO,NO,577500
1167057,411484,V612,NORMAL,SI,True,04-06-2026 14:36:52,2026-06-04 15:24:00,DESPACHO,0,NO,NO,321635
1167053,970336,V906,NORMAL,SI,True,08-06-2026 21:30:26,2026-06-08 21:30:26,DESPACHO,0,NO,NO,8761000
1167050,360002,V615,NORMAL,SI,True,05-06-2026 8:54:12,2026-06-05 11:58:00,DESPACHO,0,NO,NO,50763
1167045,371038,V612,NORMAL,SI,True,04-06-2026 14:21:31,2026-06-04 15:26:00,DESPACHO,0,NO,NO,25237
1167038,410169,V614,NORMAL,SI,True,04-06-2026 9:02:36,2026-06-04 09:02:36,DESPACHO,0,NO,NO,1189385
1167037,370104,V614,NORMAL,SI,True,05-06-2026 9:16:04,2026-06-05 10:03:00,DESPACHO,0,NO,NO,180086
1167036,430717,V612,NORMAL,SI,True,05-06-2026 9:34:29,2026-06-05 10:12:00,DESPACHO,0,NO,NO,649833
1167032,410586,V612,NORMAL,SI,True,05-06-2026 10:51:46,2026-06-05 11:21:00,DESPACHO,0,NO,NO,141197
4190139560,400319,V615,NORMAL,SI,True,05-06-2026 10:51:40,2026-06-05 12:19:00,DESPACHO,0,NO,NO,122176
1167026,970007,V906,NORMAL,SI,True,04-06-2026 11:59:19,2026-06-04 14:27:00,DESPACHO,0,NO,NO,50010
1167025,420234,V612,NORMAL,SI,True,05-06-2026 11:44:27,2026-06-05 12:25:00,DESPACHO,0,NO,NO,324822
1167023,981505,V612,NORMAL,SI,True,05-06-2026 9:55:31,2026-06-05 10:14:00,DESPACHO,0,NO,NO,34003
4190139489,420571,V615,NORMAL,SI,True,28-05-2026 12:41:08,2026-05-28 13:03:00,DESPACHO,0,NO,NO,364248
1166679,420234,V612,NORMAL,SI,True,28-05-2026 10:00:49,2026-05-28 12:24:00,DESPACHO,0,NO,NO,20310
1166676,420466,V907,NORMAL,SI,True,28-05-2026 11:02:43,2026-05-28 11:02:43,DESPACHO,0,NO,NO,160572
1166674,371038,V612,NORMAL,SI,True,28-05-2026 10:00:45,2026-05-28 15:47:00,DESPACHO,0,NO,NO,437628
4190139469,420064,V615,NORMAL,SI,True,28-05-2026 12:39:48,2026-05-28 13:00:00,DESPACHO,0,NO,NO,237575
1166661,400666,V614,NORMAL,SI,True,28-05-2026 12:41:30,2026-05-28 13:03:00,DESPACHO,0,NO,NO,1189969
1166657,371038,V612,NORMAL,SI,True,27-05-2026 15:33:16,2026-05-27 15:36:00,DESPACHO,0,NO,NO,325756
1166648,420234,V612,NORMAL,SI,True,28-05-2026 12:18:55,2026-05-28 12:24:00,DESPACHO,0,NO,NO,544840
1166644,440394,V610,NORMAL,SI,True,27-05-2026 9:56:05,2026-05-27 12:58:00,DESPACHO,0,NO,NO,4144700
1166643,970007,V906,NORMAL,SI,True,27-05-2026 9:34:24,2026-05-27 11:25:00,DESPACHO,0,NO,NO,33588
1166642,970007,V906,NORMAL,SI,True,27-05-2026 11:22:45,2026-05-27 11:25:00,DESPACHO,0,NO,NO,112272
1166646,455025,V615,NORMAL,SI,True,27-05-2026 9:34:35,2026-05-27 10:57:00,DESPACHO,0,NO,NO,1067828
1166630,400495,V614,NORMAL,SI,True,27-05-2026 9:34:40,2026-05-27 15:24:00,DESPACHO,0,NO,NO,254100
4190139410,496024,V650,NORMAL,SI,True,28-05-2026 12:38:24,2026-05-28 12:58:00,DESPACHO,0,NO,NO,566863
1166619,440382,V612,NORMAL,SI,True,25-05-2026 0:00:00,2026-05-25 14:55:00,DESPACHO,0,NO,NO,61927
1166616,440382,V612,NORMAL,SI,True,25-05-2026 10:29:33,2026-05-25 14:55:00,DESPACHO,0,NO,NO,756272
4190139405,440083,V610,NORMAL,SI,True,25-05-2026 10:29:14,2026-05-25 12:56:00,DESPACHO,0,NO,NO,1368600
1166604,970007,V906,NORMAL,SI,True,20-05-2026 15:53:09,2026-05-20 16:42:00,DESPACHO,0,NO,NO,93000
1166601,970007,V906,NORMAL,SI,True,20-05-2026 14:37:36,2026-05-20 16:42:00,DESPACHO,0,NO,NO,114574
1166606,411402,V612,NORMAL,SI,True,22-05-2026 9:17:50,2026-05-22 10:01:00,DESPACHO,0,NO,NO,2317706
4190139399,430943,V615,NORMAL,SI,True,27-05-2026 12:05:41,2026-05-27 15:17:00,DESPACHO,0,NO,NO,746587
1166590,370103,V614,NORMAL,SI,True,20-05-2026 11:23:21,2026-05-20 11:47:00,DESPACHO,0,NO,NO,180862
1166588,400442,V612,NORMAL,SI,True,22-05-2026 11:22:49,2026-05-22 11:22:49,DESPACHO,0,NO,NO,892483
1166586,400442,V612,NORMAL,SI,True,20-05-2026 9:56:46,2026-05-20 14:26:00,DESPACHO,0,NO,NO,1098397
4190139358,440425,V610,NORMAL,SI,True,19-05-2026 14:43:50,2026-05-19 14:43:50,DESPACHO,0,NO,NO,811790
1166577,455018,V610,NORMAL,SI,True,20-05-2026 10:05:56,2026-05-20 15:59:00,DESPACHO,0,NO,NO,796871
1166572,970007,V906,NORMAL,SI,True,19-05-2026 13:49:48,2026-05-19 14:13:00,DESPACHO,0,NO,NO,204690
4190139355,440360,V610,NORMAL,SI,True,19-05-2026 12:31:22,2026-05-19 16:17:00,DESPACHO,0,NO,NO,571177
1166546,981505,V612,NORMAL,SI,True,18-05-2026 11:19:00,2026-05-18 16:27:00,DESPACHO,0,NO,NO,121111
4190139341,420644,V615,NORMAL,SI,True,19-05-2026 13:50:32,2026-05-19 16:22:00,DESPACHO,0,NO,NO,232414
1166534,430578,V612,NORMAL,SI,True,18-05-2026 10:57:16,2026-05-18 16:02:00,DESPACHO,0,NO,NO,64230
1166525,430881,V612,NORMAL,SI,True,15-05-2026 11:07:50,2026-05-15 12:06:00,DESPACHO,0,NO,NO,111660
1166515,411177,V614,NORMAL,SI,True,14-05-2026 0:00:00,2026-05-14 12:48:00,DESPACHO,0,NO,NO,231329
1166507,371038,V612,NORMAL,SI,True,14-05-2026 12:44:57,2026-05-14 16:11:00,DESPACHO,0,NO,NO,42385
1166504,410169,V614,NORMAL,SI,True,15-05-2026 9:18:43,2026-05-15 11:51:00,DESPACHO,0,NO,NO,455980
1166502,411410,V612,NORMAL,SI,True,15-05-2026 0:00:00,2026-05-15 11:45:00,DESPACHO,0,NO,NO,128257
1166513,411430,V612,NORMAL,SI,True,15-05-2026 9:47:49,2026-05-15 11:24:00,DESPACHO,0,NO,NO,742675
1166503,440409,V585,NORMAL,SI,True,15-05-2026 11:09:46,2026-05-15 11:25:00,DESPACHO,0,NO,NO,39800
4190139310,455018,V610,NORMAL,SI,True,12-05-2026 16:56:56,2026-05-12 17:14:00,DESPACHO,0,NO,NO,289786
1166490,440382,V612,NORMAL,SI,True,14-05-2026 11:27:42,2026-05-14 12:38:00,DESPACHO,0,NO,NO,350461
4190139303,463000,V615,NORMAL,SI,True,14-05-2026 10:58:30,2026-05-14 12:02:00,DESPACHO,0,NO,NO,150328
4190139302,420192,V615,NORMAL,SI,True,14-05-2026 11:42:27,2026-05-14 14:06:00,DESPACHO,0,NO,NO,225974
1166488,420234,V612,NORMAL,SI,True,12-05-2026 11:49:45,2026-05-12 12:11:00,DESPACHO,0,NO,NO,372831
1166487,371038,V612,NORMAL,SI,True,12-05-2026 13:44:09,2026-05-12 16:19:00,DESPACHO,0,NO,NO,152115
4190139300,400424,V615,NORMAL,SI,True,14-05-2026 12:28:18,2026-05-14 14:06:00,DESPACHO,0,NO,NO,574726
1166486,420234,V612,NORMAL,SI,True,12-05-2026 11:49:42,2026-05-12 12:11:00,DESPACHO,0,NO,NO,68118
1166480,460257,V612,NORMAL,SI,True,14-05-2026 11:10:42,2026-05-14 14:08:00,DESPACHO,0,NO,NO,132324
1166481,460257,V612,NORMAL,SI,True,14-05-2026 0:00:00,2026-05-14 14:08:00,DESPACHO,0,NO,NO,260646
4190139288,440083,V610,NORMAL,SI,True,13-05-2026 11:21:04,2026-05-13 14:13:00,DESPACHO,0,NO,NO,1128966
1166476,371038,V612,NORMAL,SI,True,12-05-2026 12:29:15,2026-05-12 16:19:00,DESPACHO,0,NO,NO,406317
1166469,400496,V614,NORMAL,SI,True,14-05-2026 11:54:07,2026-05-14 13:12:00,DESPACHO,0,NO,NO,419891
1166457,371002,V614,NORMAL,SI,True,14-05-2026 14:57:36,2026-05-14 15:32:00,DESPACHO,0,NO,NO,405177
1166451,411177,V614,NORMAL,SI,True,11-05-2026 14:18:54,2026-05-11 15:17:00,DESPACHO,0,NO,NO,131418
1166450,981560,V612,NORMAL,SI,True,14-05-2026 11:27:56,2026-05-14 14:06:00,DESPACHO,0,NO,NO,1156039
1166447,371038,V612,NORMAL,SI,True,11-05-2026 15:16:46,2026-05-11 15:54:00,DESPACHO,0,NO,NO,820740
1166446,410622,V614,NORMAL,SI,True,12-05-2026 14:27:46,2026-05-12 14:51:00,DESPACHO,0,NO,NO,247604
1166443,981560,V612,NORMAL,SI,True,14-05-2026 13:44:15,2026-05-14 14:06:00,DESPACHO,0,NO,NO,187113
1166441,360019,V614,NORMAL,SI,True,12-05-2026 9:52:11,2026-05-12 10:58:00,DESPACHO,0,NO,NO,53959
4190139258,455018,V610,NORMAL,SI,True,11-05-2026 15:49:59,2026-05-11 16:23:00,DESPACHO,0,NO,NO,167416
1166466,400479,V614,NORMAL,SI,True,13-05-2026 13:51:49,2026-05-13 14:19:00,DESPACHO,0,NO,NO,129566
1166436,410702,V614,NORMAL,SI,True,12-05-2026 0:00:00,2026-05-12 11:25:00,DESPACHO,0,NO,NO,228035
4190139223,460051,V615,NORMAL,SI,True,11-05-2026 12:54:22,2026-05-11 13:00:00,DESPACHO,0,NO,NO,2627054
1166408,981625,V612,NORMAL,SI,True,11-05-2026 11:46:59,2026-05-11 15:14:00,DESPACHO,0,NO,NO,123053
4190139205,430676,V615,NORMAL,SI,True,08-05-2026 12:38:02,2026-05-08 12:46:00,DESPACHO,0,NO,NO,1654099
1166407,981505,V612,NORMAL,SI,True,12-05-2026 11:49:32,2026-05-12 13:02:00,DESPACHO,0,NO,NO,87609
1166406,371038,V612,NORMAL,SI,True,06-05-2026 13:48:10,2026-05-06 15:09:00,DESPACHO,0,NO,NO,326032
4190139202,440083,V610,NORMAL,SI,True,06-05-2026 13:59:15,2026-05-06 14:14:00,DESPACHO,0,NO,NO,376190
4190139201,430676,V615,NORMAL,SI,True,08-05-2026 12:41:20,2026-05-08 12:46:00,DESPACHO,0,NO,NO,1703968
1166388,371038,V612,NORMAL,SI,True,06-05-2026 11:37:11,2026-05-06 15:09:00,DESPACHO,0,NO,NO,176549
1166351,410159,V585,NORMAL,SI,True,07-05-2026 0:00:00,2026-05-07 09:47:00,DESPACHO,0,NO,NO,1819679
1168114,430717,V612,NORMAL,SI,True,13-07-2026 16:51:22,2026-07-14 16:47:00,DESPACHO,1,NO,NO,649833
1168100,410586,V612,NORMAL,SI,True,13-07-2026 14:30:25,2026-07-14 12:44:00,DESPACHO,1,NO,NO,1151564
1168098,410586,V612,NORMAL,SI,True,13-07-2026 12:54:33,2026-07-14 12:44:00,DESPACHO,1,NO,NO,1714625
1168094,460257,V612,NORMAL,SI,True,10-07-2026 13:47:40,2026-07-13 15:05:00,DESPACHO,1,NO,NO,91421
1168093,460257,V612,NORMAL,SI,True,10-07-2026 13:24:50,2026-07-13 15:05:00,DESPACHO,1,NO,NO,20068
1168083,400479,V615,NORMAL,SI,True,10-07-2026 11:17:37,2026-07-13 13:20:00,DESPACHO,1,NO,NO,332535
1168082,430526,V615,NORMAL,SI,True,10-07-2026 13:31:04,2026-07-13 14:25:00,DESPACHO,1,NO,NO,292060
1168079,981505,V612,NORMAL,SI,True,10-07-2026 10:41:34,2026-07-13 13:29:00,DESPACHO,1,NO,NO,50559
1168077,420450,V585,NORMAL,SI,True,10-07-2026 10:15:54,2026-07-13 09:10:00,DESPACHO,1,NO,NO,5084156
1168075,370088,V615,NORMAL,SI,True,10-07-2026 10:41:15,2026-07-13 13:30:00,DESPACHO,1,NO,NO,1975950
1168074,400477,V615,NORMAL,SI,True,10-07-2026 13:10:55,2026-07-13 14:21:00,DESPACHO,1,NO,NO,508123
1168073,981505,V612,NORMAL,SI,True,10-07-2026 11:45:24,2026-07-13 13:29:00,DESPACHO,1,NO,NO,518577
1168069,410159,V585,NORMAL,SI,True,09-07-2026 0:00:00,2026-07-10 07:19:00,DESPACHO,1,NO,NO,9594384
1168063,371001,V615,NORMAL,SI,True,10-07-2026 13:10:53,2026-07-13 14:16:00,DESPACHO,1,NO,NO,271370
1168062,371044,V615,NORMAL,SI,True,10-07-2026 10:42:03,2026-07-13 14:19:00,DESPACHO,1,NO,NO,1057264
1168061,411430,V612,NORMAL,SI,True,08-07-2026 16:25:06,2026-07-09 08:28:00,DESPACHO,1,NO,NO,243592
1168058,460257,V612,NORMAL,SI,True,08-07-2026 17:25:00,2026-07-09 11:55:00,DESPACHO,1,NO,NO,1013338
1168057,445057,V612,NORMAL,SI,True,10-07-2026 13:24:43,2026-07-13 13:27:00,DESPACHO,1,NO,NO,174406
1168056,981505,V612,NORMAL,SI,True,08-07-2026 16:30:26,2026-07-09 08:27:00,DESPACHO,1,NO,NO,60294
1168053,371062,V615,NORMAL,SI,True,10-07-2026 11:19:47,2026-07-13 13:25:00,DESPACHO,1,NO,NO,28035
1168048,420450,V585,NORMAL,SI,True,07-07-2026 15:53:03,2026-07-08 09:49:00,DESPACHO,1,NO,NO,2032454
1168047,411469,V615,NORMAL,SI,True,08-07-2026 16:30:17,2026-07-09 08:25:00,DESPACHO,1,NO,NO,144217
1168036,360018,V615,NORMAL,SI,True,09-07-2026 16:10:50,2026-07-10 07:57:00,DESPACHO,1,NO,NO,66150
1168023,371038,V612,NORMAL,SI,True,07-07-2026 10:18:28,2026-07-08 10:26:00,DESPACHO,1,NO,NO,1454436
1168012,430578,V612,NORMAL,SI,True,06-07-2026 0:00:00,2026-07-07 14:35:00,DESPACHO,1,NO,NO,315914
1167649,411402,V612,NORMAL,SI,True,06-07-2026 14:23:35,2026-07-07 16:44:00,DESPACHO,1,NO,NO,59636
1167634,411402,V612,NORMAL,SI,True,06-07-2026 14:23:32,2026-07-07 16:44:00,DESPACHO,1,NO,NO,1358136
1167378,460257,V612,NORMAL,SI,True,26-06-2026 12:57:05,2026-06-30 10:49:00,DESPACHO,1,NO,NO,108363
1167371,981528,V612,NORMAL,SI,True,26-06-2026 12:29:57,2026-06-30 09:48:00,DESPACHO,1,NO,NO,107746
1167366,420450,V585,NORMAL,SI,True,26-06-2026 12:57:17,2026-06-30 09:40:00,DESPACHO,1,NO,NO,2413905
1167352,430446,V615,NORMAL,SI,True,26-06-2026 13:28:47,2026-06-30 11:45:00,DESPACHO,1,NO,NO,818611
1167343,371038,V612,NORMAL,SI,True,25-06-2026 13:48:01,2026-06-26 12:18:00,DESPACHO,1,NO,NO,147853
1167312,400456,V615,NORMAL,SI,True,25-06-2026 12:37:26,2026-06-26 09:22:00,DESPACHO,1,NO,NO,232160
1167306,460257,V612,NORMAL,SI,True,25-06-2026 11:56:05,2026-06-26 10:09:00,DESPACHO,1,NO,NO,5597970
1167301,411318,V615,NORMAL,SI,True,24-06-2026 17:22:06,2026-06-25 11:53:00,DESPACHO,1,NO,NO,920202
1167300,981528,V612,NORMAL,SI,True,24-06-2026 15:25:53,2026-06-25 11:24:00,DESPACHO,1,NO,NO,107746
4190139830,481023,V650,NORMAL,SI,True,23-06-2026 14:50:24,2026-06-24 09:28:00,DESPACHO,1,NO,NO,226877
4190139822,460004,V650,NORMAL,SI,True,24-06-2026 17:22:43,2026-06-25 11:53:00,DESPACHO,1,NO,NO,333945
4190139816,495109,V650,NORMAL,SI,True,24-06-2026 17:22:38,2026-06-25 11:52:00,DESPACHO,1,NO,NO,329813
1167297,400364,V615,NORMAL,SI,True,25-06-2026 13:48:17,2026-06-26 09:23:00,DESPACHO,1,NO,NO,92757
4190139807,455352,V650,NORMAL,SI,True,24-06-2026 17:22:34,2026-06-25 11:53:00,DESPACHO,1,NO,NO,89847
4190139806,455352,V650,NORMAL,SI,True,24-06-2026 17:22:29,2026-06-25 11:53:00,DESPACHO,1,NO,NO,224444
4190139797,460137,V650,NORMAL,SI,True,24-06-2026 16:42:15,2026-06-25 11:10:00,DESPACHO,1,NO,NO,893716
1167291,400495,V615,NORMAL,SI,True,24-06-2026 15:26:04,2026-06-25 11:51:00,DESPACHO,1,NO,NO,20337
1167290,400495,V615,NORMAL,SI,True,24-06-2026 15:25:58,2026-06-25 11:27:00,DESPACHO,1,NO,NO,13816
1167289,410528,V615,NORMAL,SI,True,24-06-2026 16:41:15,2026-06-25 11:05:00,DESPACHO,1,NO,NO,101945
1167286,370088,V615,NORMAL,SI,True,24-06-2026 15:25:47,2026-06-25 11:50:00,DESPACHO,1,NO,NO,142006
4190139791,455058,V650,NORMAL,SI,True,24-06-2026 15:25:42,2026-06-25 11:25:00,DESPACHO,1,NO,NO,13152
4190139783,430074,V610,NORMAL,SI,True,24-06-2026 17:37:06,2026-06-25 11:03:00,DESPACHO,1,NO,NO,902463
1167280,400424,V615,NORMAL,SI,True,23-06-2026 12:49:16,2026-06-24 09:24:00,DESPACHO,1,NO,NO,183533
1167269,460257,V612,NORMAL,SI,True,22-06-2026 0:00:00,2026-06-23 09:58:00,DESPACHO,1,NO,NO,241518
1167266,411430,V612,NORMAL,SI,True,23-06-2026 9:54:42,2026-06-24 13:09:00,DESPACHO,1,NO,NO,413664
4190139809,430493,V650,NORMAL,SI,True,24-06-2026 16:42:35,2026-06-25 11:19:00,DESPACHO,1,NO,NO,1071532
1167262,430881,V612,NORMAL,SI,True,22-06-2026 10:45:14,2026-06-23 09:58:00,DESPACHO,1,NO,NO,554339
1167258,410775,V615,NORMAL,SI,True,22-06-2026 14:44:29,2026-06-23 07:08:00,DESPACHO,1,NO,NO,1044864
1167253,420064,V615,NORMAL,SI,True,23-06-2026 10:50:17,2026-06-24 09:30:00,DESPACHO,1,NO,NO,305439
1167247,411179,V615,NORMAL,SI,True,19-06-2026 11:15:57,2026-06-22 16:01:00,DESPACHO,1,NO,NO,339764
4190139746,410455,V650,NORMAL,SI,True,18-06-2026 0:00:00,2026-06-19 10:55:00,DESPACHO,1,NO,NO,160124
1167241,981625,V612,NORMAL,SI,True,18-06-2026 12:48:45,2026-06-19 10:46:00,DESPACHO,1,NO,NO,303574
1167249,460257,V612,NORMAL,SI,True,22-06-2026 9:54:59,2026-06-23 09:58:00,DESPACHO,1,NO,NO,1944288
1167248,460257,V612,NORMAL,SI,True,22-06-2026 9:33:38,2026-06-23 09:58:00,DESPACHO,1,NO,NO,29984
1167237,420263,V615,NORMAL,SI,True,18-06-2026 0:00:00,2026-06-19 10:56:00,DESPACHO,1,NO,NO,160369
1167218,371002,V615,NORMAL,SI,True,18-06-2026 0:00:00,2026-06-19 12:02:00,DESPACHO,1,NO,NO,496802
1167236,420263,V615,NORMAL,SI,True,18-06-2026 15:30:30,2026-06-19 10:56:00,DESPACHO,1,NO,NO,158311
4190139729,430743,V650,NORMAL,SI,True,18-06-2026 18:02:50,2026-06-19 11:20:00,DESPACHO,1,NO,NO,427881
4190139728,430946,V650,NORMAL,SI,True,17-06-2026 0:00:00,2026-06-18 15:46:00,DESPACHO,1,NO,NO,198378
1167204,411402,V612,NORMAL,SI,True,16-06-2026 16:01:55,2026-06-17 12:46:00,DESPACHO,1,NO,NO,336084
1167199,455018,V610,NORMAL,SI,True,17-06-2026 15:57:47,2026-06-18 15:48:00,DESPACHO,1,NO,NO,556297
1167197,981560,V612,NORMAL,SI,True,17-06-2026 0:00:00,2026-06-18 12:41:00,DESPACHO,1,NO,NO,157329
1167193,981617,V612,NORMAL,SI,True,16-06-2026 11:25:41,2026-06-17 12:07:00,DESPACHO,1,NO,NO,59086
1167186,460257,V612,NORMAL,SI,True,16-06-2026 10:54:13,2026-06-17 10:07:00,DESPACHO,1,NO,NO,146453
1167185,411402,V612,NORMAL,SI,True,16-06-2026 11:19:42,2026-06-17 12:46:00,DESPACHO,1,NO,NO,583954
1167182,400560,V612,NORMAL,SI,True,16-06-2026 9:28:27,2026-06-17 09:52:00,DESPACHO,1,NO,NO,1118647
1167165,430578,V612,NORMAL,SI,True,17-06-2026 0:00:00,2026-06-18 11:23:00,DESPACHO,1,NO,NO,262155
1167156,970007,V906,NORMAL,SI,True,16-06-2026 10:16:58,2026-06-17 09:25:00,DESPACHO,1,NO,NO,241980
1167154,400560,V612,NORMAL,SI,True,12-06-2026 13:50:15,2026-06-15 08:55:00,DESPACHO,1,NO,NO,499349
1167144,400456,V615,NORMAL,SI,True,12-06-2026 0:00:00,2026-06-15 14:39:00,DESPACHO,1,NO,NO,139677
1167142,420090,V615,NORMAL,SI,True,12-06-2026 13:04:38,2026-06-15 14:41:00,DESPACHO,1,NO,NO,774493
1167141,400442,V612,NORMAL,SI,True,16-06-2026 17:52:10,2026-06-17 09:52:00,DESPACHO,1,NO,NO,3225222
1167138,411402,V612,NORMAL,SI,True,11-06-2026 16:21:24,2026-06-12 13:03:00,DESPACHO,1,NO,NO,531966
1167137,400560,V612,NORMAL,SI,True,12-06-2026 10:18:13,2026-06-15 08:55:00,DESPACHO,1,NO,NO,108987
1167136,400560,V612,NORMAL,SI,True,12-06-2026 10:18:07,2026-06-15 08:55:00,DESPACHO,1,NO,NO,1177126
4190139667,410455,V650,NORMAL,SI,True,11-06-2026 14:01:36,2026-06-12 11:14:00,DESPACHO,1,NO,NO,423700
4190139660,460051,V650,NORMAL,SI,True,12-06-2026 13:04:44,2026-06-15 07:05:00,DESPACHO,1,NO,NO,568605
1167133,411402,V612,NORMAL,SI,True,12-06-2026 0:00:00,2026-06-15 13:18:00,DESPACHO,1,NO,NO,4763235
4190139648,460213,V650,NORMAL,SI,True,11-06-2026 12:18:53,2026-06-12 11:18:00,DESPACHO,1,NO,NO,353628
1167111,371038,V612,NORMAL,SI,True,11-06-2026 16:56:05,2026-06-12 10:36:00,DESPACHO,1,NO,NO,129689
1167108,400442,V612,NORMAL,SI,True,10-06-2026 0:00:00,2026-06-11 12:06:00,DESPACHO,1,NO,NO,96848
1167103,411430,V612,NORMAL,SI,True,09-06-2026 17:29:00,2026-06-10 15:05:00,DESPACHO,1,NO,NO,123867
1167104,371044,V615,NORMAL,SI,True,09-06-2026 17:28:56,2026-06-10 12:45:00,DESPACHO,1,NO,NO,952672
1167099,420773,V615,NORMAL,SI,True,09-06-2026 16:59:09,2026-06-10 12:49:00,DESPACHO,1,NO,NO,382077
1167088,460257,V612,NORMAL,SI,True,09-06-2026 15:46:42,2026-06-10 12:09:00,DESPACHO,1,NO,NO,66541
1167087,460257,V612,NORMAL,SI,True,09-06-2026 15:21:32,2026-06-10 12:09:00,DESPACHO,1,NO,NO,597447
1167073,371038,V612,NORMAL,SI,True,05-06-2026 13:19:29,2026-06-08 11:58:00,DESPACHO,1,NO,NO,16650
1167063,411430,V612,NORMAL,SI,True,05-06-2026 0:00:00,2026-06-08 16:14:00,DESPACHO,1,NO,NO,112279
1167058,420450,V585,NORMAL,SI,True,05-06-2026 8:54:24,2026-06-08 09:57:00,DESPACHO,1,NO,NO,3810290
1167055,400442,V612,NORMAL,SI,True,05-06-2026 8:53:49,2026-06-08 14:21:00,DESPACHO,1,NO,NO,156559
1167064,411402,V612,NORMAL,SI,True,05-06-2026 12:48:32,2026-06-08 12:21:00,DESPACHO,1,NO,NO,142484
1167056,420415,V610,NORMAL,SI,True,05-06-2026 14:18:53,2026-06-08 11:41:00,DESPACHO,1,NO,NO,1772066
1167051,360019,V615,NORMAL,SI,True,04-06-2026 16:19:51,2026-06-05 12:12:00,DESPACHO,1,NO,NO,56093
1167048,420421,V610,NORMAL,SI,True,03-06-2026 0:00:00,2026-06-04 09:44:00,DESPACHO,1,NO,NO,632218
1167044,411402,V612,NORMAL,SI,True,04-06-2026 17:24:04,2026-06-05 11:29:00,DESPACHO,1,NO,NO,1081049
1167039,400479,V614,NORMAL,SI,True,05-06-2026 12:47:16,2026-06-08 10:39:00,DESPACHO,1,NO,NO,197466
1167031,411402,V612,NORMAL,SI,True,03-06-2026 14:41:08,2026-06-04 14:22:00,DESPACHO,1,NO,NO,415231
1167028,411410,V612,NORMAL,SI,True,04-06-2026 17:23:20,2026-06-05 12:07:00,DESPACHO,1,NO,NO,24848
1166842,410919,V614,NORMAL,SI,True,03-06-2026 18:03:36,2026-06-04 14:51:00,DESPACHO,1,NO,NO,299520
4190139484,410455,V615,NORMAL,SI,True,28-05-2026 15:15:34,2026-05-29 11:55:00,DESPACHO,1,NO,NO,1198832
1166677,981560,V612,NORMAL,SI,True,28-05-2026 0:00:00,2026-05-29 11:54:00,DESPACHO,1,NO,NO,65115
1166675,411402,V612,NORMAL,SI,True,28-05-2026 8:48:41,2026-05-29 11:47:00,DESPACHO,1,NO,NO,71312
1166670,411410,V612,NORMAL,SI,True,27-05-2026 14:13:53,2026-05-28 11:30:00,DESPACHO,1,NO,NO,231720
4190139466,440083,V610,NORMAL,SI,True,27-05-2026 12:59:18,2026-05-28 11:27:00,DESPACHO,1,NO,NO,275252
1166667,420116,V612,NORMAL,SI,True,27-05-2026 14:45:41,2026-05-28 11:29:00,DESPACHO,1,NO,NO,60300
1166666,981505,V612,NORMAL,SI,True,27-05-2026 14:13:59,2026-05-28 11:34:00,DESPACHO,1,NO,NO,34197
1166671,440382,V612,NORMAL,SI,True,28-05-2026 8:58:04,2026-05-29 12:35:00,DESPACHO,1,NO,NO,48241
1166673,400471,V614,NORMAL,SI,True,28-05-2026 17:30:40,2026-05-29 11:54:00,DESPACHO,1,NO,NO,100095
1166652,460257,V612,NORMAL,SI,True,26-05-2026 16:48:30,2026-05-27 10:38:00,DESPACHO,1,NO,NO,118744
1166649,400560,V612,NORMAL,SI,True,26-05-2026 15:42:59,2026-05-27 08:16:00,DESPACHO,1,NO,NO,559907
1166651,400553,V612,NORMAL,SI,True,27-05-2026 16:36:00,2026-05-28 08:55:00,DESPACHO,1,NO,NO,1441871
1166647,400442,V612,NORMAL,SI,True,26-05-2026 16:37:23,2026-05-27 12:18:00,DESPACHO,1,NO,NO,221896
4190139441,420263,V615,NORMAL,SI,True,26-05-2026 15:09:35,2026-05-27 15:19:00,DESPACHO,1,NO,NO,613941
1166637,981528,V612,NORMAL,SI,True,25-05-2026 16:58:34,2026-05-26 13:14:00,DESPACHO,1,NO,NO,287323
1166634,420421,V610,NORMAL,SI,True,26-05-2026 10:07:48,2026-05-27 08:48:00,DESPACHO,1,NO,NO,1751268
1166631,410054,V612,NORMAL,SI,True,25-05-2026 15:04:54,2026-05-26 13:12:00,DESPACHO,1,NO,NO,466885
4190139424,420421,V610,NORMAL,SI,True,26-05-2026 10:07:52,2026-05-27 08:48:00,DESPACHO,1,NO,NO,1084762
1166635,420421,V610,NORMAL,SI,True,26-05-2026 14:33:17,2026-05-27 08:48:00,DESPACHO,1,NO,NO,2250928
1166636,420421,V610,NORMAL,SI,True,26-05-2026 0:00:00,2026-05-27 08:48:00,DESPACHO,1,NO,NO,2532779
1166618,411402,V612,NORMAL,SI,True,25-05-2026 15:46:40,2026-05-26 14:12:00,DESPACHO,1,NO,NO,782365
4190139404,420599,V615,NORMAL,SI,True,25-05-2026 17:24:38,2026-05-26 15:09:00,DESPACHO,1,NO,NO,140937
1166612,371038,V612,NORMAL,SI,True,22-05-2026 8:48:32,2026-05-25 14:54:00,DESPACHO,1,NO,NO,749359
4190139398,430849,V615,NORMAL,SI,True,20-05-2026 17:33:04,2026-05-22 11:12:00,DESPACHO,1,NO,NO,277554
1166609,410528,V614,NORMAL,SI,True,20-05-2026 15:48:27,2026-05-22 11:07:00,DESPACHO,1,NO,NO,194832
4190139395,430896,V615,NORMAL,SI,True,22-05-2026 9:22:22,2026-05-25 12:57:00,DESPACHO,1,NO,NO,1175070
1166602,455018,V610,NORMAL,SI,True,22-05-2026 10:43:48,2026-05-25 12:39:09,DESPACHO,1,NO,NO,966655
1166596,371044,V614,NORMAL,SI,True,25-05-2026 15:26:11,2026-05-26 15:10:00,DESPACHO,1,NO,NO,229149
1166599,400025,V614,NORMAL,SI,True,20-05-2026 17:11:56,2026-05-22 11:17:00,DESPACHO,1,NO,NO,140742
1166583,410313,V614,NORMAL,SI,True,22-05-2026 10:06:42,2026-05-25 07:29:00,DESPACHO,1,NO,NO,538474
1166580,370104,V614,NORMAL,SI,True,19-05-2026 16:38:15,2026-05-20 15:23:00,DESPACHO,1,NO,NO,126327
1166576,411179,V614,NORMAL,SI,True,19-05-2026 16:38:33,2026-05-20 15:24:00,DESPACHO,1,NO,NO,243939
1166567,460257,V612,NORMAL,SI,True,19-05-2026 13:49:30,2026-05-20 10:04:00,DESPACHO,1,NO,NO,23326
1166566,460257,V612,NORMAL,SI,True,19-05-2026 13:49:24,2026-05-20 10:04:00,DESPACHO,1,NO,NO,59901
1166568,411318,V614,NORMAL,SI,True,19-05-2026 0:00:00,2026-05-20 15:07:00,DESPACHO,1,NO,NO,871179
1166553,400566,V614,NORMAL,SI,True,19-05-2026 16:38:27,2026-05-20 15:25:00,DESPACHO,1,NO,NO,427776
4190139351,420090,V615,NORMAL,SI,True,20-05-2026 14:30:04,2026-05-22 11:02:00,DESPACHO,1,NO,NO,643358
1166545,400560,V612,NORMAL,SI,True,15-05-2026 12:46:05,2026-05-18 09:49:00,DESPACHO,1,NO,NO,861196
1166544,410586,V612,NORMAL,SI,True,15-05-2026 13:15:19,2026-05-18 09:49:00,DESPACHO,1,NO,NO,42969
1166552,410622,V614,NORMAL,SI,True,18-05-2026 15:14:26,2026-05-19 16:07:00,DESPACHO,1,NO,NO,259383
1166547,410586,V612,NORMAL,SI,True,15-05-2026 0:00:00,2026-05-18 09:49:00,DESPACHO,1,NO,NO,475044
1166551,410622,V614,NORMAL,SI,True,19-05-2026 0:00:00,2026-05-20 15:08:00,DESPACHO,1,NO,NO,46891
1166537,456023,V615,NORMAL,SI,True,19-05-2026 15:06:32,2026-05-20 15:12:00,DESPACHO,1,NO,NO,1879625
1166536,411179,V614,NORMAL,SI,True,15-05-2026 13:56:36,2026-05-18 09:44:00,DESPACHO,1,NO,NO,270297
1166535,411294,V614,NORMAL,SI,True,15-05-2026 12:48:15,2026-05-18 09:13:00,DESPACHO,1,NO,NO,372051
1166532,411402,V612,NORMAL,SI,True,15-05-2026 12:04:37,2026-05-18 10:56:00,DESPACHO,1,NO,NO,113103
1166531,411430,V612,NORMAL,SI,True,14-05-2026 17:57:36,2026-05-15 09:38:00,DESPACHO,1,NO,NO,84511
4190139335,420421,V610,NORMAL,SI,True,18-05-2026 9:34:13,2026-05-19 16:08:00,DESPACHO,1,NO,NO,126444
1166521,411402,V612,NORMAL,SI,True,15-05-2026 12:47:51,2026-05-18 10:56:00,DESPACHO,1,NO,NO,168903
1166523,460257,V612,NORMAL,SI,True,15-05-2026 12:47:58,2026-05-18 10:24:00,DESPACHO,1,NO,NO,226435
1166519,411460,V612,NORMAL,SI,True,15-05-2026 11:08:55,2026-05-18 14:16:00,DESPACHO,1,NO,NO,345533
1166514,410054,V612,NORMAL,SI,True,15-05-2026 12:47:46,2026-05-18 09:49:00,DESPACHO,1,NO,NO,249437
1166511,430633,V612,NORMAL,SI,True,14-05-2026 16:43:49,2026-05-15 09:37:00,DESPACHO,1,NO,NO,101597
1166510,430633,V612,NORMAL,SI,True,15-05-2026 12:04:46,2026-05-18 12:46:00,DESPACHO,1,NO,NO,950176
1166509,411402,V612,NORMAL,SI,True,15-05-2026 11:14:52,2026-05-18 10:56:00,DESPACHO,1,NO,NO,614319
4190139321,440019,V615,NORMAL,SI,True,14-05-2026 0:00:00,2026-05-15 11:16:00,DESPACHO,1,NO,NO,134174
1166501,411402,V612,NORMAL,SI,True,14-05-2026 15:36:32,2026-05-15 10:57:00,DESPACHO,1,NO,NO,106116
1166489,981560,V612,NORMAL,SI,True,14-05-2026 0:00:00,2026-05-15 09:37:00,DESPACHO,1,NO,NO,132929
1166496,420450,V585,NORMAL,SI,True,13-05-2026 15:15:16,2026-05-14 08:20:00,DESPACHO,1,NO,NO,5027123
4190139285,420630,V615,NORMAL,SI,True,13-05-2026 13:52:02,2026-05-14 11:29:00,DESPACHO,1,NO,NO,183198
1166465,370088,V614,NORMAL,SI,True,13-05-2026 15:43:34,2026-05-14 15:12:00,DESPACHO,1,NO,NO,1237830
1166461,370068,V614,NORMAL,SI,True,12-05-2026 15:15:22,2026-05-13 09:38:00,DESPACHO,1,NO,NO,801458
1166454,411483,V614,NORMAL,SI,True,12-05-2026 15:15:10,2026-05-13 09:37:00,DESPACHO,1,NO,NO,304823
1166449,981560,V612,NORMAL,SI,True,12-05-2026 15:15:04,2026-05-13 12:10:00,DESPACHO,1,NO,NO,795199
1166448,981560,V612,NORMAL,SI,True,13-05-2026 16:28:23,2026-05-14 14:06:00,DESPACHO,1,NO,NO,984296
1166440,420490,V612,NORMAL,SI,True,08-05-2026 11:00:41,2026-05-11 12:45:00,DESPACHO,1,NO,NO,66677
1166453,400606,V614,NORMAL,SI,True,12-05-2026 15:15:19,2026-05-13 09:36:00,DESPACHO,1,NO,NO,166505
1166437,400572,V614,NORMAL,SI,True,11-05-2026 17:26:06,2026-05-12 09:10:00,DESPACHO,1,NO,NO,639893
1166433,420450,V585,NORMAL,SI,True,11-05-2026 15:50:06,2026-05-12 10:03:00,DESPACHO,1,NO,NO,3534400
4190139240,455018,V610,NORMAL,SI,True,08-05-2026 13:21:45,2026-05-11 08:48:00,DESPACHO,1,NO,NO,654980
1166431,411402,V612,NORMAL,SI,True,07-05-2026 16:26:53,2026-05-08 09:41:00,DESPACHO,1,NO,NO,425677
1166427,460257,V612,NORMAL,SI,True,08-05-2026 11:41:42,2026-05-11 10:35:00,DESPACHO,1,NO,NO,1294793
1166425,981505,V612,NORMAL,SI,True,08-05-2026 13:18:58,2026-05-11 09:15:00,DESPACHO,1,NO,NO,726612
1166426,411402,V612,NORMAL,SI,True,08-05-2026 13:30:52,2026-05-11 11:38:00,DESPACHO,1,NO,NO,116488
1166428,460257,V612,NORMAL,SI,True,08-05-2026 11:54:08,2026-05-11 10:35:00,DESPACHO,1,NO,NO,66695
1166412,370064,V400,NORMAL,SI,True,06-05-2026 17:55:00,2026-05-07 08:50:00,DESPACHO,1,NO,NO,200345
1166413,981546,V612,NORMAL,SI,True,08-05-2026 11:00:20,2026-05-11 14:33:00,DESPACHO,1,NO,NO,502215
1166419,411410,V612,NORMAL,SI,True,08-05-2026 12:05:52,2026-05-11 09:12:00,DESPACHO,1,NO,NO,488443
1166399,440409,V585,NORMAL,SI,True,08-05-2026 13:45:45,2026-05-11 11:16:00,DESPACHO,1,NO,NO,431228
1166395,970007,V906,NORMAL,SI,True,06-05-2026 17:55:33,2026-05-07 09:27:00,DESPACHO,1,NO,NO,75984
1166393,430893,V612,NORMAL,SI,True,06-05-2026 17:54:43,2026-05-07 11:30:00,DESPACHO,1,NO,NO,164345
1166391,410169,V614,NORMAL,SI,True,08-05-2026 12:16:44,2026-05-11 07:20:00,DESPACHO,1,NO,NO,787717
1166390,411167,V614,NORMAL,SI,True,05-05-2026 16:35:11,2026-05-06 07:53:00,DESPACHO,1,NO,NO,1016086
1166403,370104,V614,NORMAL,SI,True,06-05-2026 15:14:16,2026-05-07 00:00:00,DESPACHO,1,NO,NO,100029
1166384,460257,V612,NORMAL,SI,True,05-05-2026 15:27:26,2026-05-06 10:27:00,DESPACHO,1,NO,NO,96107
1166382,460257,V612,NORMAL,SI,True,05-05-2026 12:42:05,2026-05-06 10:27:00,DESPACHO,1,NO,NO,176069
1166371,400442,V612,NORMAL,SI,True,06-05-2026 15:41:00,2026-05-07 14:59:00,DESPACHO,1,NO,NO,845771
1168078,371038,V612,NORMAL,SI,True,09-07-2026 13:55:18,2026-07-13 09:56:00,DESPACHO,2,NO,NO,320337
1168039,440019,V615,NORMAL,SI,True,07-07-2026 10:18:26,2026-07-09 14:05:00,DESPACHO,2,NO,NO,95188
1168024,430633,V612,NORMAL,SI,True,06-07-2026 15:45:33,2026-07-08 15:19:00,DESPACHO,2,NO,NO,357502
1168020,970007,V906,NORMAL,SI,True,07-07-2026 10:18:17,2026-07-09 14:59:00,DESPACHO,2,NO,NO,29340
1168019,371038,V612,NORMAL,SI,True,06-07-2026 15:45:31,2026-07-08 10:26:00,DESPACHO,2,NO,NO,42891
1167363,411402,V612,NORMAL,SI,True,26-06-2026 13:33:45,2026-07-01 12:00:00,DESPACHO,2,NO,NO,837174
1167353,420490,V612,NORMAL,SI,True,25-06-2026 14:45:43,2026-06-30 12:37:00,DESPACHO,2,NO,NO,275832
1167338,981625,V612,NORMAL,SI,True,25-06-2026 14:44:17,2026-07-01 11:31:00,DESPACHO,3,NO,NO,147083
1167299,410586,V612,NORMAL,SI,True,,2026-06-24 09:42:00,DESPACHO,,NO,NO,697469
1167276,400560,V612,NORMAL,SI,True,23-06-2026 15:43:42,2026-06-26 11:48:00,DESPACHO,3,NO,NO,446690
1167267,430578,V612,NORMAL,SI,True,23-06-2026 12:48:34,2026-06-25 13:15:00,DESPACHO,2,NO,NO,893820
1167244,420450,V585,NORMAL,SI,True,18-06-2026 15:19:31,2026-06-22 10:08:00,DESPACHO,2,NO,NO,2976698
1167179,430633,V612,NORMAL,SI,True,15-06-2026 17:39:58,2026-06-18 10:02:00,DESPACHO,3,NO,NO,573956
1167160,970007,V906,NORMAL,SI,True,15-06-2026 12:43:42,2026-06-17 09:25:00,DESPACHO,2,NO,NO,123240
1167131,981505,V612,NORMAL,SI,True,11-06-2026 12:35:46,2026-06-15 07:15:00,DESPACHO,2,NO,NO,400701
1167128,460257,V612,NORMAL,SI,True,11-06-2026 16:42:17,2026-06-15 10:31:00,DESPACHO,2,NO,NO,330418
1167129,420450,V585,NORMAL,SI,True,11-06-2026 9:53:52,2026-06-15 10:45:00,DESPACHO,2,NO,NO,3812419
1167102,411410,V612,NORMAL,SI,True,09-06-2026 12:48:43,2026-06-15 07:09:00,DESPACHO,4,NO,NO,231720
1166669,420450,V585,NORMAL,SI,True,27-05-2026 15:39:41,2026-05-29 08:13:00,DESPACHO,2,NO,NO,1737468
1166617,400442,V612,NORMAL,SI,True,25-05-2026 13:45:56,2026-05-27 12:18:00,DESPACHO,2,NO,NO,68791
4190139400,440172,V615,NORMAL,SI,True,20-05-2026 16:31:31,2026-05-26 12:59:00,DESPACHO,3,NO,NO,207172
1166611,411410,V612,NORMAL,SI,True,20-05-2026 17:32:38,2026-05-25 08:10:00,DESPACHO,2,NO,NO,389094
1166608,400560,V612,NORMAL,SI,True,20-05-2026 16:50:27,2026-05-25 12:49:00,DESPACHO,2,NO,NO,49026
1166605,371038,V612,NORMAL,SI,True,20-05-2026 16:31:34,2026-05-25 14:54:00,DESPACHO,2,NO,NO,10206
1166597,420450,V585,NORMAL,SI,True,20-05-2026 14:30:57,2026-05-25 09:59:00,DESPACHO,2,NO,NO,6008628
1166595,410586,V612,NORMAL,SI,True,20-05-2026 15:48:30,2026-05-25 12:50:00,DESPACHO,2,NO,NO,266958
1166589,981505,V612,NORMAL,SI,True,20-05-2026 16:31:26,2026-05-25 12:51:00,DESPACHO,2,NO,NO,474094
1166587,410159,V585,NORMAL,SI,True,20-05-2026 14:30:22,2026-05-25 08:21:00,DESPACHO,2,NO,NO,823332
1166584,410586,V612,NORMAL,SI,True,19-05-2026 16:38:20,2026-05-25 12:48:00,DESPACHO,3,NO,NO,283703
1166579,411140,V614,NORMAL,SI,True,20-05-2026 17:32:45,2026-05-25 12:40:00,DESPACHO,2,NO,NO,448565
1166578,410159,V585,NORMAL,SI,True,20-05-2026 15:00:13,2026-05-25 08:21:00,DESPACHO,2,NO,NO,5080038
1166571,411430,V612,NORMAL,SI,True,19-05-2026 13:49:37,2026-05-25 12:53:00,DESPACHO,3,NO,NO,131142
1166561,410586,V612,NORMAL,SI,True,19-05-2026 13:50:14,2026-05-25 12:47:00,DESPACHO,3,NO,NO,6030
1166548,410158,V585,NORMAL,SI,True,18-05-2026 13:44:15,2026-05-20 08:19:00,DESPACHO,2,NO,NO,2032026
1166533,430893,V612,NORMAL,SI,True,15-05-2026 12:04:59,2026-05-19 14:25:00,DESPACHO,2,NO,NO,838642
1166430,420234,V612,NORMAL,SI,True,07-05-2026 16:28:35,2026-05-11 09:08:00,DESPACHO,2,NO,NO,1008000
4190139233,420263,V615,NORMAL,SI,True,11-05-2026 13:51:20,2026-05-13 09:23:00,DESPACHO,2,NO,NO,362965
4190139230,400424,V615,NORMAL,SI,True,11-05-2026 13:53:06,2026-05-13 09:23:00,DESPACHO,2,NO,NO,461322
1166424,400457,V614,NORMAL,SI,True,07-05-2026 17:12:49,2026-05-11 10:31:00,DESPACHO,2,NO,NO,403732
1167339,981476,V612,NORMAL,SI,True,30-06-2026 14:34:28,2026-07-02 11:38:00,DESPACHO,2,NO,NO,3178845
1167310,550192,V610,NORMAL,SI,True,23-06-2026 16:38:36,2026-06-26 12:48:00,DESPACHO,3,NO,NO,404929
4190139814,150208,V817,NORMAL,SI,True,24-06-2026 16:41:54,2026-06-26 09:31:00,DESPACHO,2,NO,NO,4856488
4190139748,950044,V800,NORMAL,SI,True,18-06-2026 0:00:00,2026-06-22 16:33:00,DESPACHO,2,NO,NO,285048
1167246,981567,V612,NORMAL,SI,True,18-06-2026 14:21:43,2026-06-22 15:01:00,DESPACHO,2,NO,NO,145334
4190139731,750034,V750,NORMAL,SI,True,18-06-2026 0:00:00,2026-06-22 15:40:00,DESPACHO,2,NO,NO,3973312
1167213,570022,V108,NORMAL,SI,True,,2026-06-19 11:19:00,DESPACHO,,NO,NO,3987417
1167082,981567,V612,NORMAL,SI,True,08-06-2026 17:37:47,2026-06-10 15:19:00,DESPACHO,2,NO,NO,27761
1167049,981611,V612,NORMAL,SI,True,05-06-2026 12:25:06,2026-06-09 12:39:00,DESPACHO,2,NO,NO,531661
1167024,981567,V612,NORMAL,SI,True,04-06-2026 0:00:00,2026-06-08 15:13:00,DESPACHO,2,NO,NO,176733
1166658,981567,V612,NORMAL,SI,True,27-05-2026 14:14:01,2026-05-29 09:36:00,DESPACHO,2,NO,NO,32552
1166659,981567,V612,NORMAL,SI,True,27-05-2026 14:45:14,2026-05-29 09:36:00,DESPACHO,2,NO,NO,1213306
4190139380,150041,V817,NORMAL,SI,True,20-05-2026 17:32:57,2026-05-25 07:14:00,DESPACHO,2,NO,NO,223209
4190139377,150234,V817,NORMAL,SI,True,20-05-2026 17:32:53,2026-05-25 07:17:00,DESPACHO,2,NO,NO,339394
4190139375,150148,V817,NORMAL,SI,True,20-05-2026 17:33:02,2026-05-25 07:16:00,DESPACHO,2,NO,NO,394762
4190139365,150301,V817,NORMAL,SI,True,20-05-2026 17:00:43,2026-05-25 12:53:00,DESPACHO,2,NO,NO,348357
4190139359,900009,V800,NORMAL,SI,True,20-05-2026 17:08:50,2026-05-25 13:09:00,DESPACHO,2,NO,NO,527936
1166575,981611,V612,NORMAL,SI,True,19-05-2026 17:24:11,2026-05-22 12:33:00,DESPACHO,2,NO,NO,121627
4190139357,465021,V650,NORMAL,SI,True,20-05-2026 17:00:38,2026-05-25 07:15:00,DESPACHO,2,NO,NO,672026
1166557,130034,V817,NORMAL,SI,True,20-05-2026 14:31:32,2026-05-25 07:20:00,DESPACHO,2,NO,NO,3102486
1166556,350013,V835,NORMAL,SI,True,20-05-2026 14:33:18,2026-05-25 07:23:00,DESPACHO,2,NO,NO,3040174
4190139175,600095,V108,NORMAL,SI,True,,2026-05-07 15:58:00,DESPACHO,,NO,NO,1075071
4190139169,757011,V750,NORMAL,SI,True,,2026-05-07 15:57:00,DESPACHO,,NO,NO,329341
1168089,981608,V612,NORMAL,SI,True,10-07-2026 14:14:35,2026-07-13 07:23:00,DESPACHO,1,NO,NO,213793
1168081,650464,V612,NORMAL,SI,True,09-07-2026 16:10:53,2026-07-10 07:58:00,DESPACHO,1,NO,NO,119363
4190139988,570078,V108,NORMAL,SI,True,10-07-2026 10:41:26,2026-07-13 07:39:00,DESPACHO,1,NO,NO,693859
4190139986,900199,V800,NORMAL,SI,True,09-07-2026 17:07:38,2026-07-10 07:35:00,DESPACHO,1,NO,NO,510797
1167354,750015,V750,NORMAL,SI,True,26-06-2026 12:51:08,2026-06-30 11:49:00,DESPACHO,1,NO,NO,3370351
1167331,371031,V612,NORMAL,SI,True,25-06-2026 17:03:53,2026-06-26 09:50:00,DESPACHO,1,NO,NO,766051
4190139828,180077,V834,NORMAL,SI,True,24-06-2026 17:22:57,2026-06-25 11:54:00,DESPACHO,1,NO,NO,742016
1167265,150230,V585,NORMAL,SI,True,22-06-2026 16:21:25,2026-06-23 07:13:00,DESPACHO,1,NO,NO,7089559
1167151,371031,V612,NORMAL,SI,True,12-06-2026 13:36:32,2026-06-15 11:27:00,DESPACHO,1,NO,NO,378901
4190139649,600016,V108,NORMAL,SI,True,11-06-2026 16:08:42,2026-06-12 11:40:00,DESPACHO,1,NO,NO,233024
4190139647,600012,V108,NORMAL,SI,True,11-06-2026 12:18:49,2026-06-12 11:12:00,DESPACHO,1,NO,NO,791037
4190139664,570022,V108,NORMAL,SI,True,11-06-2026 14:51:21,2026-06-12 11:27:00,DESPACHO,1,NO,NO,1483578
4190139650,650381,V580,NORMAL,SI,True,11-06-2026 12:18:42,2026-06-12 11:20:00,DESPACHO,1,NO,NO,117792
4190139644,180077,V834,NORMAL,SI,True,11-06-2026 17:25:54,2026-06-12 11:38:00,DESPACHO,1,NO,NO,742016
4190139640,650381,V580,NORMAL,SI,True,10-06-2026 17:43:57,2026-06-11 11:26:00,DESPACHO,1,NO,NO,45234
4190139631,650381,V580,NORMAL,SI,True,10-06-2026 15:40:59,2026-06-11 11:26:00,DESPACHO,1,NO,NO,388523
1167092,500006,V550,NORMAL,SI,True,09-06-2026 0:00:00,2026-06-10 12:44:00,DESPACHO,1,NO,NO,526174
1167084,981567,V612,NORMAL,SI,True,09-06-2026 0:00:00,2026-06-10 15:19:00,DESPACHO,1,NO,NO,60466
4190139476,210070,V834,NORMAL,SI,True,28-05-2026 17:28:48,2026-05-29 11:44:00,DESPACHO,1,NO,NO,1138879
1166645,981567,V612,NORMAL,SI,True,26-05-2026 17:37:06,2026-05-27 08:19:00,DESPACHO,1,NO,NO,40266
1166640,150230,V585,NORMAL,SI,True,26-05-2026 16:47:09,2026-05-27 08:28:00,DESPACHO,1,NO,NO,2014144
1166638,371031,V612,NORMAL,SI,True,25-05-2026 16:58:41,2026-05-26 11:47:00,DESPACHO,1,NO,NO,314556
4190139421,900009,V800,NORMAL,SI,True,26-05-2026 0:00:00,2026-05-27 08:25:00,DESPACHO,1,NO,NO,1014425
4190139416,750034,V750,NORMAL,SI,True,26-05-2026 16:15:49,2026-05-27 15:23:00,DESPACHO,1,NO,NO,3369268
4190139417,900009,V800,NORMAL,SI,True,25-05-2026 16:13:24,2026-05-26 13:15:00,DESPACHO,1,NO,NO,66139
4190139407,530324,V650,NORMAL,SI,True,26-05-2026 17:11:37,2026-05-27 08:15:00,DESPACHO,1,NO,NO,1677252
4190139389,650381,V580,NORMAL,SI,True,20-05-2026 17:00:55,2026-05-22 11:11:00,DESPACHO,1,NO,NO,462554
4190139390,650381,V580,NORMAL,SI,True,20-05-2026 0:00:00,2026-05-22 11:11:00,DESPACHO,1,NO,NO,374886
4190139363,650347,V580,NORMAL,SI,True,19-05-2026 0:00:00,2026-05-20 15:32:00,DESPACHO,1,NO,NO,1588738
4190139333,700036,V108,NORMAL,SI,True,14-05-2026 16:52:23,2026-05-15 08:46:00,DESPACHO,1,NO,NO,546134
4190139326,130045,V817,NORMAL,SI,True,14-05-2026 17:56:08,2026-05-15 08:38:00,DESPACHO,1,NO,NO,581158
4190139311,345099,V400,NORMAL,SI,True,14-05-2026 11:41:54,2026-05-15 11:51:00,DESPACHO,1,NO,NO,1568109
4190139287,650090,V580,NORMAL,SI,True,14-05-2026 17:08:42,2026-05-15 08:54:00,DESPACHO,1,NO,NO,3825001
4190139274,130045,V817,NORMAL,SI,True,14-05-2026 16:44:46,2026-05-15 08:44:00,DESPACHO,1,NO,NO,729223
4190139273,900009,V800,NORMAL,SI,True,14-05-2026 17:08:51,2026-05-15 08:55:00,DESPACHO,1,NO,NO,716607
1166429,650464,V612,NORMAL,SI,True,08-05-2026 13:45:33,2026-05-11 08:50:00,DESPACHO,1,NO,NO,242015
1166410,981567,V612,NORMAL,SI,True,08-05-2026 12:30:39,2026-05-11 11:06:00,DESPACHO,1,NO,NO,378545
1166400,981567,V612,NORMAL,SI,True,08-05-2026 12:35:41,2026-05-11 11:06:00,DESPACHO,1,NO,NO,157987
1166386,210154,V612,NORMAL,SI,True,06-05-2026 14:56:29,2026-05-07 00:00:00,DESPACHO,1,NO,NO,1727828
1168049,730050,V750,NORMAL,SI,True,10-07-2026 11:13:27,2026-07-13 07:35:00,DESPACHO,1,NO,NO,1391480
1167293,520050,V550,NORMAL,SI,True,24-06-2026 16:41:25,2026-06-25 11:11:00,DESPACHO,1,NO,NO,1056239
1167252,571001,V550,NORMAL,SI,True,19-06-2026 13:52:41,2026-06-22 16:18:00,DESPACHO,1,NO,NO,289924
1167234,680010,V108,NORMAL,SI,True,18-06-2026 0:00:00,2026-06-19 12:18:00,DESPACHO,1,NO,NO,854873
1167224,500216,V550,NORMAL,SI,True,18-06-2026 0:00:00,2026-06-19 12:17:00,DESPACHO,1,NO,NO,523097
1167220,150317,V817,NORMAL,SI,True,18-06-2026 18:05:57,2026-06-19 12:01:00,DESPACHO,1,NO,NO,1770229
1167227,550060,V550,NORMAL,SI,True,18-06-2026 15:19:49,2026-06-19 11:04:00,DESPACHO,1,NO,NO,1699923
4190139719,325034,V835,NORMAL,SI,True,18-06-2026 0:00:00,2026-06-19 12:19:00,DESPACHO,1,NO,NO,648804
1167164,505017,V650,NORMAL,SI,True,18-06-2026 0:00:00,2026-06-19 11:18:00,DESPACHO,1,NO,NO,667371
1167134,130034,V817,NORMAL,SI,True,11-06-2026 15:36:55,2026-06-12 11:45:00,DESPACHO,1,NO,NO,1416337
1167127,600140,V108,NORMAL,SI,True,12-06-2026 13:05:49,2026-06-15 07:04:00,DESPACHO,1,NO,NO,5410877
1167126,571001,V550,NORMAL,SI,True,10-06-2026 14:50:31,2026-06-11 11:25:00,DESPACHO,1,NO,NO,164062
1167086,571001,V550,NORMAL,SI,True,09-06-2026 16:59:02,2026-06-10 12:50:00,DESPACHO,1,NO,NO,691884
1167062,480041,V400,NORMAL,SI,True,04-06-2026 17:23:51,2026-06-05 12:10:00,DESPACHO,1,NO,NO,220216
4190139589,900201,V800,NORMAL,SI,True,05-06-2026 14:18:56,2026-06-08 11:32:00,DESPACHO,1,NO,NO,705793
1167046,550060,V550,NORMAL,SI,True,05-06-2026 12:47:26,2026-06-08 10:35:00,DESPACHO,1,NO,NO,1014394
1166653,550060,V550,NORMAL,SI,True,26-05-2026 16:37:20,2026-05-27 15:16:00,DESPACHO,1,NO,NO,490567
1166591,590042,V550,NORMAL,SI,True,19-05-2026 17:24:14,2026-05-20 15:53:00,DESPACHO,1,NO,NO,222622
1166555,540064,V550,NORMAL,SI,True,19-05-2026 0:00:00,2026-05-20 15:16:00,DESPACHO,1,NO,NO,236996
1166538,590042,V550,NORMAL,SI,True,15-05-2026 13:31:00,2026-05-18 09:37:00,DESPACHO,1,NO,NO,419379
1166526,550245,V550,NORMAL,SI,True,15-05-2026 13:43:41,2026-05-18 09:39:00,DESPACHO,1,NO,NO,2404540
1166520,571001,V550,NORMAL,SI,True,14-05-2026 0:00:00,2026-05-15 08:53:00,DESPACHO,1,NO,NO,440012
1166498,180020,V834,NORMAL,SI,True,14-05-2026 0:00:00,2026-05-15 08:51:00,DESPACHO,1,NO,NO,1106558
1166493,550060,V550,NORMAL,SI,True,14-05-2026 12:29:00,2026-05-15 08:43:00,DESPACHO,1,NO,NO,643764
1166467,130034,V817,NORMAL,SI,True,14-05-2026 17:13:41,2026-05-15 08:56:00,DESPACHO,1,NO,NO,1801829
1166455,210184,V834,NORMAL,SI,True,12-05-2026 15:15:15,2026-05-13 16:38:00,DESPACHO,1,NO,NO,513791
1166439,595011,V108,NORMAL,SI,True,13-05-2026 0:00:00,2026-05-14 08:09:00,DESPACHO,1,NO,NO,2187505
1166385,700164,V108,NORMAL,SI,True,08-05-2026 0:00:00,2026-05-11 07:22:00,DESPACHO,1,NO,NO,701035
4190139824,470036,V650,NORMAL,SI,True,24-06-2026 17:22:49,2026-06-25 11:52:00,DESPACHO,1,NO,NO,164819
1167288,361005,V615,NORMAL,SI,True,24-06-2026 16:41:43,2026-06-25 11:08:00,DESPACHO,1,NO,NO,238538
4190139779,495028,V650,NORMAL,SI,True,24-06-2026 16:42:10,2026-06-25 11:07:00,DESPACHO,1,NO,NO,145328
1166672,360001,V614,NORMAL,SI,True,28-05-2026 17:30:26,2026-05-29 11:59:00,DESPACHO,1,NO,NO,131130
4190139406,465025,V650,NORMAL,SI,True,26-05-2026 0:00:00,2026-05-27 15:03:00,DESPACHO,1,NO,NO,227925
4190139349,470052,V650,NORMAL,SI,True,15-05-2026 12:45:58,2026-05-18 09:33:00,DESPACHO,1,NO,NO,2075673
4190139348,495039,V650,NORMAL,SI,True,19-05-2026 0:00:00,2026-05-20 15:10:00,DESPACHO,1,NO,NO,193584
4190139317,462035,V650,NORMAL,SI,True,14-05-2026 17:56:35,2026-05-15 08:40:00,DESPACHO,1,NO,NO,271867
4190139207,462050,V650,NORMAL,SI,True,11-05-2026 17:27:00,2026-05-12 09:08:00,DESPACHO,1,NO,NO,265625
4190140006,571001,V550,NORMAL,SI,True,10-07-2026 12:12:35,2026-07-13 07:46:00,DESPACHO,1,NO,NO,686719
4190139999,650030,V580,NORMAL,SI,True,10-07-2026 12:12:33,2026-07-13 07:46:00,DESPACHO,1,NO,NO,271118
4190139997,110044,V861,NORMAL,SI,True,10-07-2026 13:19:28,2026-07-13 07:21:00,DESPACHO,1,NO,NO,964100
4190139995,644014,V108,NORMAL,SI,True,10-07-2026 13:34:43,2026-07-13 07:22:00,DESPACHO,1,NO,NO,120198
4190139992,250041,V834,NORMAL,SI,True,10-07-2026 13:09:56,2026-07-13 06:59:00,DESPACHO,1,NO,NO,233300
4190139983,680017,V108,NORMAL,SI,True,10-07-2026 10:41:50,2026-07-13 07:40:00,DESPACHO,1,NO,NO,330361
4190139982,850166,V800,NORMAL,SI,True,10-07-2026 13:09:46,2026-07-13 07:00:00,DESPACHO,1,NO,NO,517874
4190139977,110044,V861,NORMAL,SI,True,10-07-2026 13:19:33,2026-07-13 07:20:00,DESPACHO,1,NO,NO,1824815
4190139975,895017,V800,NORMAL,SI,True,10-07-2026 12:25:19,2026-07-13 07:47:00,DESPACHO,1,NO,NO,593728
4190139972,335108,V400,NORMAL,SI,True,10-07-2026 10:47:46,2026-07-13 07:38:00,DESPACHO,1,NO,NO,219053
4190139968,710012,V108,NORMAL,SI,True,09-07-2026 16:10:40,2026-07-10 07:56:00,DESPACHO,1,NO,NO,1002160
4190139967,580011,V108,NORMAL,SI,True,10-07-2026 13:16:22,2026-07-13 07:19:00,DESPACHO,1,NO,NO,238298
4190139966,210161,V834,NORMAL,SI,True,09-07-2026 0:00:00,2026-07-10 07:59:00,DESPACHO,1,NO,NO,249390
4190139965,520050,V550,NORMAL,SI,True,10-07-2026 13:09:41,2026-07-13 07:17:00,DESPACHO,1,NO,NO,437465
4190139964,905017,V800,NORMAL,SI,True,10-07-2026 13:09:33,2026-07-13 07:18:00,DESPACHO,1,NO,NO,870923
4190139963,803008,V800,NORMAL,SI,True,09-07-2026 0:00:00,2026-07-10 07:36:00,DESPACHO,1,NO,NO,451255
4190139962,500134,V550,NORMAL,SI,True,07-07-2026 16:06:45,2026-07-08 16:01:00,DESPACHO,1,NO,NO,436675
1168027,200172,V834,NORMAL,SI,True,10-07-2026 11:13:33,2026-07-13 07:37:00,DESPACHO,1,NO,NO,285934
1168026,200172,V834,NORMAL,SI,True,10-07-2026 13:47:34,2026-07-13 07:22:00,DESPACHO,1,NO,NO,271295
4190139961,250048,V834,NORMAL,SI,True,08-07-2026 16:30:09,2026-07-09 08:24:00,DESPACHO,1,NO,NO,451684
4190139855,802023,V750,NORMAL,SI,True,26-06-2026 12:41:30,2026-06-30 11:49:00,DESPACHO,1,NO,NO,1028543
4190139850,480110,V400,NORMAL,SI,True,26-06-2026 12:57:19,2026-06-30 14:33:00,DESPACHO,1,NO,NO,60410
1167330,630023,V580,NORMAL,SI,True,25-06-2026 12:40:33,2026-06-26 09:25:00,DESPACHO,1,NO,NO,208443
1167326,150301,V817,NORMAL,SI,True,26-06-2026 13:15:14,2026-06-30 11:56:00,DESPACHO,1,NO,NO,599708
4190139846,700077,V108,NORMAL,SI,True,26-06-2026 12:45:45,2026-06-30 14:33:00,DESPACHO,1,NO,NO,139177
4190139840,345159,V400,NORMAL,SI,True,26-06-2026 13:15:25,2026-06-30 14:33:00,DESPACHO,1,NO,NO,15862
4190139839,345382,V400,NORMAL,SI,True,26-06-2026 13:13:03,2026-06-30 14:33:00,DESPACHO,1,NO,NO,246892
4190139838,310068,V835,NORMAL,SI,True,26-06-2026 12:45:35,2026-06-30 14:33:00,DESPACHO,1,NO,NO,56475
4190139834,350141,V400,NORMAL,SI,True,25-06-2026 12:52:58,2026-06-26 09:27:00,DESPACHO,1,NO,NO,325207
4190139831,250029,V834,NORMAL,SI,True,25-06-2026 16:35:38,2026-06-26 09:18:00,DESPACHO,1,NO,NO,660298
4190139826,210134,V834,NORMAL,SI,True,25-06-2026 16:32:05,2026-06-26 09:28:00,DESPACHO,1,NO,NO,1015292
4190139821,790010,V750,NORMAL,SI,True,25-06-2026 16:20:34,2026-06-26 09:21:00,DESPACHO,1,NO,NO,3667872
4190139813,130145,V817,NORMAL,SI,True,25-06-2026 16:20:51,2026-06-26 09:18:00,DESPACHO,1,NO,NO,344104
4190139810,150167,V817,NORMAL,SI,True,24-06-2026 16:41:49,2026-06-25 11:16:00,DESPACHO,1,NO,NO,1555624
4190139808,610013,V580,NORMAL,SI,True,25-06-2026 16:20:46,2026-06-26 09:26:00,DESPACHO,1,NO,NO,654761
4190139800,850109,V800,NORMAL,SI,True,24-06-2026 16:42:22,2026-06-25 11:17:00,DESPACHO,1,NO,NO,473350
4190139784,600095,V108,NORMAL,SI,True,24-06-2026 0:00:00,2026-06-25 11:50:00,DESPACHO,1,NO,NO,472400
4190139777,205051,V834,NORMAL,SI,True,22-06-2026 14:43:41,2026-06-23 07:05:00,DESPACHO,1,NO,NO,255689
4190139776,700068,V108,NORMAL,SI,True,24-06-2026 15:25:37,2026-06-25 11:21:00,DESPACHO,1,NO,NO,916483
4190139768,750151,V750,NORMAL,SI,True,19-06-2026 13:52:36,2026-06-22 15:56:00,DESPACHO,1,NO,NO,872473
4190139767,150041,V817,NORMAL,SI,True,22-06-2026 16:56:36,2026-06-23 08:06:00,DESPACHO,1,NO,NO,2844004
4190139765,200227,V834,NORMAL,SI,True,19-06-2026 10:57:41,2026-06-22 16:04:00,DESPACHO,1,NO,NO,217483
1167259,550245,V550,NORMAL,SI,True,22-06-2026 14:44:55,2026-06-23 07:10:00,DESPACHO,1,NO,NO,1680441
4190139756,580013,V108,NORMAL,SI,True,19-06-2026 9:51:42,2026-06-22 15:46:00,DESPACHO,1,NO,NO,415631
4190139753,350157,V400,NORMAL,SI,True,19-06-2026 13:52:31,2026-06-22 15:50:00,DESPACHO,1,NO,NO,1019063
4190139749,950044,V800,NORMAL,SI,True,18-06-2026 0:00:00,2026-06-19 12:20:00,DESPACHO,1,NO,NO,1338573
4190139743,110116,V861,NORMAL,SI,True,18-06-2026 15:19:25,2026-06-19 10:57:00,DESPACHO,1,NO,NO,224917
4190139741,900037,V800,NORMAL,SI,True,19-06-2026 9:51:44,2026-06-22 15:43:00,DESPACHO,1,NO,NO,282478
4190139735,345382,V400,NORMAL,SI,True,17-06-2026 14:49:08,2026-06-18 15:43:00,DESPACHO,1,NO,NO,327563
4190139734,350045,V400,NORMAL,SI,True,17-06-2026 16:39:06,2026-06-18 15:44:00,DESPACHO,1,NO,NO,495988
4190139733,799003,V750,NORMAL,SI,True,18-06-2026 0:00:00,2026-06-19 10:59:00,DESPACHO,1,NO,NO,427828
4190139720,765001,V750,NORMAL,SI,True,18-06-2026 18:04:51,2026-06-19 12:04:00,DESPACHO,1,NO,NO,382605
4190139718,700142,V108,NORMAL,SI,True,16-06-2026 17:25:34,2026-06-17 15:23:00,DESPACHO,1,NO,NO,1199807
4190139717,310068,V835,NORMAL,SI,True,16-06-2026 17:33:56,2026-06-17 15:21:00,DESPACHO,1,NO,NO,590163
4190139716,310068,V835,NORMAL,SI,True,18-06-2026 15:13:02,2026-06-19 11:03:00,DESPACHO,1,NO,NO,2023022
4190139709,150234,V817,NORMAL,SI,True,18-06-2026 0:00:00,2026-06-19 10:52:00,DESPACHO,1,NO,NO,649612
4190139707,150046,V817,NORMAL,SI,True,16-06-2026 16:14:06,2026-06-17 15:31:00,DESPACHO,1,NO,NO,2994879
4190139706,150234,V817,NORMAL,SI,True,18-06-2026 15:19:06,2026-06-19 10:52:00,DESPACHO,1,NO,NO,423113
4190139705,150234,V817,NORMAL,SI,True,18-06-2026 0:00:00,2026-06-19 10:52:00,DESPACHO,1,NO,NO,713811
4190139703,150234,V817,NORMAL,SI,True,18-06-2026 15:18:56,2026-06-19 10:52:00,DESPACHO,1,NO,NO,1014328
4190139701,750151,V750,NORMAL,SI,True,16-06-2026 17:32:43,2026-06-17 15:33:00,DESPACHO,1,NO,NO,4080755
4190139700,750060,V750,NORMAL,SI,True,16-06-2026 17:32:13,2026-06-17 15:45:00,DESPACHO,1,NO,NO,705412
4190139699,700077,V108,NORMAL,SI,True,16-06-2026 17:32:09,2026-06-17 15:35:00,DESPACHO,1,NO,NO,474574
4190139712,850131,V800,NORMAL,SI,True,18-06-2026 15:01:48,2026-06-19 10:53:00,DESPACHO,1,NO,NO,424518
4190139697,750355,V750,NORMAL,SI,True,15-06-2026 14:30:48,2026-06-16 07:22:00,DESPACHO,1,NO,NO,2357542
4190139696,750254,V750,NORMAL,SI,True,18-06-2026 15:19:19,2026-06-19 11:02:00,DESPACHO,1,NO,NO,622616
4190139695,910031,V800,NORMAL,SI,True,15-06-2026 0:00:00,2026-06-16 07:21:00,DESPACHO,1,NO,NO,1429375
4190139688,480041,V400,NORMAL,SI,True,16-06-2026 17:32:01,2026-06-17 15:44:00,DESPACHO,1,NO,NO,573079
4190139685,330014,V400,NORMAL,SI,True,15-06-2026 15:15:06,2026-06-16 07:23:00,DESPACHO,1,NO,NO,347695
4190139684,330032,V400,NORMAL,SI,True,15-06-2026 15:15:29,2026-06-16 15:15:00,DESPACHO,1,NO,NO,157680
4190139681,345151,V400,NORMAL,SI,True,16-06-2026 17:31:54,2026-06-17 15:37:00,DESPACHO,1,NO,NO,113967
4190139674,205002,V834,NORMAL,SI,True,12-06-2026 12:37:20,2026-06-15 07:07:00,DESPACHO,1,NO,NO,303200
4190139672,330028,V400,NORMAL,SI,True,12-06-2026 12:16:31,2026-06-15 07:08:00,DESPACHO,1,NO,NO,228719
4190139671,350072,V835,NORMAL,SI,True,12-06-2026 0:00:00,2026-06-15 07:06:00,DESPACHO,1,NO,NO,798419
4190139670,330028,V400,NORMAL,SI,True,12-06-2026 12:09:35,2026-06-15 14:48:00,DESPACHO,1,NO,NO,106031
4190139668,766000,V750,NORMAL,SI,True,12-06-2026 0:00:00,2026-06-15 07:07:00,DESPACHO,1,NO,NO,751230
4190139666,280015,V835,NORMAL,SI,True,12-06-2026 11:22:31,2026-06-15 14:43:00,DESPACHO,1,NO,NO,78851
4190139658,100016,V861,NORMAL,SI,True,11-06-2026 12:35:56,2026-06-12 11:16:00,DESPACHO,1,NO,NO,428086
4190139657,785005,V750,NORMAL,SI,True,11-06-2026 0:00:00,2026-06-12 11:42:00,DESPACHO,1,NO,NO,1004988
4190139656,785005,V750,NORMAL,SI,True,11-06-2026 0:00:00,2026-06-12 11:31:00,DESPACHO,1,NO,NO,481949
4190139652,920017,V800,NORMAL,SI,True,11-06-2026 0:00:00,2026-06-12 11:33:00,DESPACHO,1,NO,NO,746331
4190139645,130145,V817,NORMAL,SI,True,11-06-2026 16:08:37,2026-06-12 11:26:00,DESPACHO,1,NO,NO,1205501
4190139651,920015,V800,NORMAL,SI,True,11-06-2026 16:08:56,2026-06-12 11:35:00,DESPACHO,1,NO,NO,635277
4190139669,350311,V835,NORMAL,SI,True,12-06-2026 10:49:41,2026-06-15 14:47:00,DESPACHO,1,NO,NO,83594
4190139638,280015,V835,NORMAL,SI,True,11-06-2026 15:58:51,2026-06-12 11:48:00,DESPACHO,1,NO,NO,300373
4190139635,596001,V108,NORMAL,SI,True,11-06-2026 9:53:45,2026-06-12 10:40:00,DESPACHO,1,NO,NO,450173
4190139622,300008,V835,NORMAL,SI,True,09-06-2026 15:47:19,2026-06-10 11:59:00,DESPACHO,1,NO,NO,195531
4190139621,350045,V400,NORMAL,SI,True,09-06-2026 17:18:59,2026-06-10 12:46:00,DESPACHO,1,NO,NO,285445
4190139619,340002,V400,NORMAL,SI,True,10-06-2026 14:20:41,2026-06-11 11:22:00,DESPACHO,1,NO,NO,236298
4190139611,770009,V750,NORMAL,SI,True,09-06-2026 15:47:05,2026-06-10 11:58:00,DESPACHO,1,NO,NO,1349516
4190139605,345028,V400,NORMAL,SI,True,09-06-2026 14:16:21,2026-06-10 12:42:00,DESPACHO,1,NO,NO,246749
4190139603,895020,V800,NORMAL,SI,True,09-06-2026 14:41:04,2026-06-10 12:47:00,DESPACHO,1,NO,NO,837609
4190139601,895017,V800,NORMAL,SI,True,09-06-2026 14:36:04,2026-06-10 12:01:00,DESPACHO,1,NO,NO,228075
4190139598,750250,V750,NORMAL,SI,True,09-06-2026 14:36:00,2026-06-10 12:40:00,DESPACHO,1,NO,NO,1194450
4190139595,650305,V580,NORMAL,SI,True,10-06-2026 14:48:31,2026-06-11 11:24:00,DESPACHO,1,NO,NO,209892
1167068,500165,V550,NORMAL,SI,True,05-06-2026 13:19:22,2026-06-08 11:33:00,DESPACHO,1,NO,NO,239924
1167066,630023,V580,NORMAL,SI,True,05-06-2026 12:45:13,2026-06-08 10:38:00,DESPACHO,1,NO,NO,108167
4190139585,210136,V834,NORMAL,SI,True,08-06-2026 17:39:38,2026-06-09 12:53:00,DESPACHO,1,NO,NO,1203102
4190139584,310017,V835,NORMAL,SI,True,09-06-2026 14:28:33,2026-06-10 12:43:00,DESPACHO,1,NO,NO,93396
4190139579,850064,V800,NORMAL,SI,True,05-06-2026 12:44:40,2026-06-08 10:34:00,DESPACHO,1,NO,NO,329115
4190139573,210151,V834,NORMAL,SI,True,08-06-2026 16:02:49,2026-06-09 12:56:00,DESPACHO,1,NO,NO,309215
4190139567,345382,V400,NORMAL,SI,True,05-06-2026 12:47:21,2026-06-08 10:37:00,DESPACHO,1,NO,NO,566817
4190139564,793001,V800,NORMAL,SI,True,04-06-2026 16:21:12,2026-06-05 11:51:00,DESPACHO,1,NO,NO,544534
4190139563,900201,V800,NORMAL,SI,True,04-06-2026 16:20:43,2026-06-05 11:53:00,DESPACHO,1,NO,NO,443435
1167030,200172,V834,NORMAL,SI,True,02-06-2026 17:26:41,2026-06-03 12:04:00,DESPACHO,1,NO,NO,314999
1167029,200172,V834,NORMAL,SI,True,02-06-2026 15:29:23,2026-06-03 12:04:00,DESPACHO,1,NO,NO,317209
1167027,200172,V834,NORMAL,SI,True,02-06-2026 15:29:21,2026-06-03 12:04:00,DESPACHO,1,NO,NO,422322
4190139540,750182,V750,NORMAL,SI,True,05-06-2026 12:47:03,2026-06-08 10:40:00,DESPACHO,1,NO,NO,1458412
4190139487,700038,V108,NORMAL,SI,True,28-05-2026 14:55:52,2026-05-29 11:51:00,DESPACHO,1,NO,NO,1389478
4190139482,595012,V108,NORMAL,SI,True,28-05-2026 15:15:18,2026-05-29 11:50:00,DESPACHO,1,NO,NO,347716
4190139474,655013,V580,NORMAL,SI,True,28-05-2026 15:17:04,2026-05-29 11:58:00,DESPACHO,1,NO,NO,306869
4190139468,700055,V108,NORMAL,SI,True,28-05-2026 17:28:10,2026-05-29 11:49:00,DESPACHO,1,NO,NO,4180394
4190139462,900190,V800,NORMAL,SI,True,28-05-2026 17:27:20,2026-05-29 11:53:00,DESPACHO,1,NO,NO,889021
4190139461,700165,V108,NORMAL,SI,True,28-05-2026 15:15:04,2026-05-29 11:50:00,DESPACHO,1,NO,NO,253682
4190139450,750325,V750,NORMAL,SI,True,28-05-2026 17:30:54,2026-05-29 11:52:00,DESPACHO,1,NO,NO,1278076
4190139449,135002,V817,NORMAL,SI,True,27-05-2026 15:35:02,2026-05-28 08:54:00,DESPACHO,1,NO,NO,1101801
4190139448,265016,V835,NORMAL,SI,True,27-05-2026 15:34:49,2026-05-28 11:26:00,DESPACHO,1,NO,NO,268468
4190139447,315012,V835,NORMAL,SI,True,27-05-2026 15:34:37,2026-05-28 08:53:00,DESPACHO,1,NO,NO,553506
4190139446,315008,V835,NORMAL,SI,True,26-05-2026 16:15:59,2026-05-27 15:17:00,DESPACHO,1,NO,NO,142280
4190139445,850145,V800,NORMAL,SI,True,27-05-2026 15:34:29,2026-05-28 08:53:00,DESPACHO,1,NO,NO,365126
4190139444,260025,V835,NORMAL,SI,True,27-05-2026 15:35:26,2026-05-28 11:37:00,DESPACHO,1,NO,NO,928810
4190139438,695001,V108,NORMAL,SI,True,26-05-2026 0:00:00,2026-05-27 15:18:00,DESPACHO,1,NO,NO,2413922
4190139434,300032,V835,NORMAL,SI,True,26-05-2026 0:00:00,2026-05-27 15:14:00,DESPACHO,1,NO,NO,156149
4190139433,925015,V800,NORMAL,SI,True,26-05-2026 0:00:00,2026-05-27 15:06:00,DESPACHO,1,NO,NO,257787
4190139431,300032,V835,NORMAL,SI,True,26-05-2026 11:49:25,2026-05-27 08:39:00,DESPACHO,1,NO,NO,9130000
4190139430,480028,V400,NORMAL,SI,True,25-05-2026 16:41:16,2026-05-26 13:13:00,DESPACHO,1,NO,NO,467182
4190139426,310017,V835,NORMAL,SI,True,27-05-2026 15:35:20,2026-05-28 11:28:00,DESPACHO,1,NO,NO,739667
4190139420,130030,V817,NORMAL,SI,True,26-05-2026 17:11:46,2026-05-27 08:21:00,DESPACHO,1,NO,NO,242365
4190139419,150180,V817,NORMAL,SI,True,26-05-2026 17:14:28,2026-05-27 08:20:00,DESPACHO,1,NO,NO,1527634
4190139418,769002,V750,NORMAL,SI,True,26-05-2026 0:00:00,2026-05-27 08:22:00,DESPACHO,1,NO,NO,452269
4190139437,100082,V861,NORMAL,SI,True,26-05-2026 15:15:26,2026-05-27 08:34:00,DESPACHO,1,NO,NO,945834
4190139429,600135,V108,NORMAL,SI,True,26-05-2026 0:00:00,2026-05-27 15:20:00,DESPACHO,1,NO,NO,355507
4190139415,500165,V650,NORMAL,SI,True,28-05-2026 17:29:43,2026-05-29 11:48:00,DESPACHO,1,NO,NO,351787
4190139412,750186,V750,NORMAL,SI,True,26-05-2026 0:00:00,2026-05-27 15:05:00,DESPACHO,1,NO,NO,913840
4190139408,655013,V580,NORMAL,SI,True,26-05-2026 17:13:13,2026-05-27 15:22:00,DESPACHO,1,NO,NO,7523206
1166620,350150,V835,NORMAL,SI,True,25-05-2026 10:29:26,2026-05-26 13:01:00,DESPACHO,1,NO,NO,82926
4190139401,100209,V861,NORMAL,SI,True,22-05-2026 10:35:37,2026-05-25 07:27:00,DESPACHO,1,NO,NO,245769
4190139397,520050,V650,NORMAL,SI,True,27-05-2026 15:35:09,2026-05-28 11:27:00,DESPACHO,1,NO,NO,491718
4190139396,500319,V650,NORMAL,SI,True,20-05-2026 0:00:00,2026-05-22 11:26:00,DESPACHO,1,NO,NO,305592
4190139394,730050,V750,NORMAL,SI,True,20-05-2026 17:32:32,2026-05-22 11:13:00,DESPACHO,1,NO,NO,1158840
4190139393,530075,V650,NORMAL,SI,True,26-05-2026 0:00:00,2026-05-27 08:23:00,DESPACHO,1,NO,NO,449747
4190139391,498018,V650,NORMAL,SI,True,20-05-2026 17:31:51,2026-05-22 11:10:00,DESPACHO,1,NO,NO,1728608
4190139392,850131,V800,NORMAL,SI,True,25-05-2026 10:44:29,2026-05-26 13:00:00,DESPACHO,1,NO,NO,663191
4190139388,610035,V580,NORMAL,SI,True,20-05-2026 17:32:20,2026-05-22 11:15:00,DESPACHO,1,NO,NO,1141354
4190139383,750272,V750,NORMAL,SI,True,20-05-2026 0:00:00,2026-05-22 11:27:00,DESPACHO,1,NO,NO,459209
4190139379,150041,V817,NORMAL,SI,True,22-05-2026 10:06:56,2026-05-25 08:08:00,DESPACHO,1,NO,NO,1062546
4190139378,600095,V108,NORMAL,SI,True,20-05-2026 16:01:56,2026-05-22 11:21:00,DESPACHO,1,NO,NO,453530
4190139376,150261,V817,NORMAL,SI,True,22-05-2026 10:08:46,2026-05-25 13:10:00,DESPACHO,1,NO,NO,1022416
4190139372,750274,V750,NORMAL,SI,True,20-05-2026 17:11:53,2026-05-22 11:14:00,DESPACHO,1,NO,NO,277754
4190139369,150301,V817,NORMAL,SI,True,19-05-2026 16:38:49,2026-05-20 15:14:00,DESPACHO,1,NO,NO,235967
4190139368,150301,V817,NORMAL,SI,True,19-05-2026 15:46:08,2026-05-20 15:14:00,DESPACHO,1,NO,NO,96633
4190139364,150301,V817,NORMAL,SI,True,19-05-2026 15:29:23,2026-05-20 15:14:00,DESPACHO,1,NO,NO,382125
4190139360,150301,V817,NORMAL,SI,True,19-05-2026 16:38:41,2026-05-20 15:14:00,DESPACHO,1,NO,NO,398120
4190139356,750219,V750,NORMAL,SI,True,20-05-2026 17:00:25,2026-05-22 11:38:00,DESPACHO,1,NO,NO,932875
1166573,250048,V834,NORMAL,SI,True,19-05-2026 0:00:00,2026-05-20 15:19:00,DESPACHO,1,NO,NO,1686918
1166569,210161,V834,NORMAL,SI,True,20-05-2026 16:51:32,2026-05-22 11:22:00,DESPACHO,1,NO,NO,255355
1166564,210187,V834,NORMAL,SI,True,20-05-2026 16:51:00,2026-05-22 11:39:00,DESPACHO,1,NO,NO,2251068
4190139366,150301,V817,NORMAL,SI,True,19-05-2026 16:38:47,2026-05-20 15:14:00,DESPACHO,1,NO,NO,407299
4190139350,520050,V650,NORMAL,SI,True,15-05-2026 13:43:52,2026-05-18 09:43:00,DESPACHO,1,NO,NO,391673
4190139340,480041,V400,NORMAL,SI,True,20-05-2026 14:32:02,2026-05-22 11:09:00,DESPACHO,1,NO,NO,628442
4190139339,345079,V400,NORMAL,SI,True,15-05-2026 12:56:54,2026-05-18 09:34:00,DESPACHO,1,NO,NO,518123
4190139337,335071,V400,NORMAL,SI,True,15-05-2026 12:48:05,2026-05-18 09:17:00,DESPACHO,1,NO,NO,83633
4190139336,190006,V834,NORMAL,SI,True,15-05-2026 13:43:49,2026-05-18 09:42:00,DESPACHO,1,NO,NO,825485
1166527,630023,V580,NORMAL,SI,True,15-05-2026 13:05:38,2026-05-18 09:35:00,DESPACHO,1,NO,NO,301545
4190139331,100133,V861,NORMAL,SI,True,14-05-2026 17:57:44,2026-05-15 08:42:00,DESPACHO,1,NO,NO,1092812
4190139328,750186,V750,NORMAL,SI,True,14-05-2026 17:57:22,2026-05-15 08:41:00,DESPACHO,1,NO,NO,463441
4190139327,802011,V750,NORMAL,SI,True,14-05-2026 17:57:29,2026-05-15 08:41:00,DESPACHO,1,NO,NO,175284
4190139324,650084,V580,NORMAL,SI,True,14-05-2026 17:56:28,2026-05-15 08:39:00,DESPACHO,1,NO,NO,2003842
4190139323,130145,V817,NORMAL,SI,True,15-05-2026 12:46:09,2026-05-18 09:28:00,DESPACHO,1,NO,NO,30551
4190139319,130100,V817,NORMAL,SI,True,15-05-2026 12:47:38,2026-05-18 09:18:00,DESPACHO,1,NO,NO,1213156
4190139313,700046,V108,NORMAL,SI,True,14-05-2026 16:52:52,2026-05-15 08:48:00,DESPACHO,1,NO,NO,494542
4190139312,345159,V400,NORMAL,SI,True,14-05-2026 16:52:40,2026-05-15 08:47:00,DESPACHO,1,NO,NO,514430
4190139309,280017,V835,NORMAL,SI,True,14-05-2026 16:52:29,2026-05-15 08:46:00,DESPACHO,1,NO,NO,176747
4190139307,130133,V817,NORMAL,SI,True,14-05-2026 16:52:57,2026-05-15 08:49:00,DESPACHO,1,NO,NO,203093
4190139297,150234,V817,NORMAL,SI,True,15-05-2026 12:47:22,2026-05-18 09:19:00,DESPACHO,1,NO,NO,390403
4190139296,150041,V817,NORMAL,SI,True,15-05-2026 12:47:03,2026-05-18 09:25:00,DESPACHO,1,NO,NO,198415
4190139295,340002,V400,NORMAL,SI,True,13-05-2026 16:03:41,2026-05-14 15:13:00,DESPACHO,1,NO,NO,866597
4190139294,345151,V400,NORMAL,SI,True,13-05-2026 15:44:43,2026-05-14 15:12:00,DESPACHO,1,NO,NO,182696
4190139293,150282,V817,NORMAL,SI,True,15-05-2026 12:46:14,2026-05-18 09:26:00,DESPACHO,1,NO,NO,240246
4190139286,350371,V835,NORMAL,SI,True,14-05-2026 17:07:32,2026-05-15 08:53:00,DESPACHO,1,NO,NO,1690307
4190139280,550152,V550,NORMAL,SI,True,14-05-2026 17:06:56,2026-05-15 08:51:00,DESPACHO,1,NO,NO,483278
4190139267,770025,V750,NORMAL,SI,True,13-05-2026 15:44:08,2026-05-14 15:10:00,DESPACHO,1,NO,NO,282060
4190139265,100136,V861,NORMAL,SI,True,13-05-2026 15:43:58,2026-05-14 15:10:00,DESPACHO,1,NO,NO,1201183
4190139281,700055,V108,NORMAL,SI,True,14-05-2026 0:00:00,2026-05-15 08:52:00,DESPACHO,1,NO,NO,1721948
4190139272,100205,V861,NORMAL,SI,True,14-05-2026 17:14:22,2026-05-15 08:57:00,DESPACHO,1,NO,NO,1253488
4190139256,600142,V108,NORMAL,SI,True,11-05-2026 17:25:51,2026-05-12 16:15:00,DESPACHO,1,NO,NO,2318751
4190139255,600142,V108,NORMAL,SI,True,11-05-2026 17:29:34,2026-05-12 16:15:00,DESPACHO,1,NO,NO,1071595
4190139250,895020,V800,NORMAL,SI,True,11-05-2026 17:28:27,2026-05-12 16:18:00,DESPACHO,1,NO,NO,792027
4190139235,340051,V400,NORMAL,SI,True,11-05-2026 17:28:02,2026-05-12 09:05:00,DESPACHO,1,NO,NO,932796
4190139248,599011,V108,NORMAL,SI,True,12-05-2026 15:53:19,2026-05-13 16:39:00,DESPACHO,1,NO,NO,312953
4190139210,700161,V108,NORMAL,SI,True,06-05-2026 17:54:28,2026-05-07 15:36:00,DESPACHO,1,NO,NO,204435
4190139226,790008,V750,NORMAL,SI,True,11-05-2026 17:27:24,2026-05-12 16:17:00,DESPACHO,1,NO,NO,727276
4190139195,110054,V861,NORMAL,SI,True,08-05-2026 12:30:05,2026-05-11 07:24:00,DESPACHO,1,NO,NO,586860
4190139191,895017,V800,NORMAL,SI,True,08-05-2026 12:30:29,2026-05-11 07:25:00,DESPACHO,1,NO,NO,764459
4190139185,325034,V835,NORMAL,SI,True,11-05-2026 17:17:53,2026-05-12 09:04:00,DESPACHO,1,NO,NO,423349
4190139184,350161,V835,NORMAL,SI,True,08-05-2026 12:14:31,2026-05-11 07:21:00,DESPACHO,1,NO,NO,490132
4190139178,595020,V108,NORMAL,SI,True,07-05-2026 17:42:01,2026-05-08 08:55:00,DESPACHO,1,NO,NO,379723
4190139177,659001,V580,NORMAL,SI,True,07-05-2026 17:42:43,2026-05-08 08:56:00,DESPACHO,1,NO,NO,380876
1168132,940036,V800,NORMAL,SI,True,14-07-2026 16:39:30,2026-07-14 16:39:30,DESPACHO,0,NO,NO,368793
4190140026,345099,V400,NORMAL,SI,True,14-07-2026 15:35:49,2026-07-14 15:35:49,DESPACHO,0,NO,NO,564227
4190140021,650381,V580,NORMAL,SI,True,14-07-2026 12:38:57,2026-07-14 15:20:00,DESPACHO,0,NO,NO,217497
4190140019,650347,V580,NORMAL,SI,True,14-07-2026 11:20:35,2026-07-14 11:49:00,DESPACHO,0,NO,NO,398235
1168123,750034,V750,NORMAL,SI,True,14-07-2026 17:13:00,2026-07-14 17:13:00,DESPACHO,0,NO,NO,4267016
1168119,981551,V612,NORMAL,SI,True,14-07-2026 14:28:26,2026-07-14 15:25:00,DESPACHO,0,NO,NO,190471
1168118,130045,V861,NORMAL,SI,True,14-07-2026 11:43:07,2026-07-14 11:52:00,DESPACHO,0,NO,NO,830249
1168116,650464,V612,NORMAL,SI,True,14-07-2026 9:10:34,2026-07-14 10:18:00,DESPACHO,0,NO,NO,673548
4190140016,345099,V400,NORMAL,SI,True,14-07-2026 11:40:27,2026-07-14 11:40:27,DESPACHO,0,NO,NO,505470
4190140020,650381,V580,NORMAL,SI,True,14-07-2026 0:00:00,2026-07-14 12:20:00,DESPACHO,0,NO,NO,509477
4190140007,100045,V861,NORMAL,SI,True,13-07-2026 14:30:30,2026-07-13 14:53:00,DESPACHO,0,NO,NO,1693894
1168084,981471,V612,NORMAL,SI,True,10-07-2026 9:54:08,2026-07-10 10:59:00,DESPACHO,0,NO,NO,166730
4190140000,600016,V108,NORMAL,SI,True,09-07-2026 11:48:48,2026-07-09 12:20:00,DESPACHO,0,NO,NO,183261
1168072,981551,V612,NORMAL,SI,True,10-07-2026 9:54:12,2026-07-10 11:00:00,DESPACHO,0,NO,NO,256139
4190139984,900009,V800,NORMAL,SI,True,13-07-2026 12:01:37,2026-07-13 13:08:00,DESPACHO,0,NO,NO,80723
4190139951,600016,V108,NORMAL,SI,True,07-07-2026 10:17:03,2026-07-07 10:49:00,DESPACHO,0,NO,NO,264297
1167355,750015,V750,NORMAL,SI,True,30-06-2026 0:00:00,2026-06-30 12:38:00,DESPACHO,0,NO,NO,552208
1167319,200224,V612,NORMAL,SI,True,25-06-2026 9:31:20,2026-06-25 14:57:00,DESPACHO,0,NO,NO,316784
4190139793,650347,V580,NORMAL,SI,True,24-06-2026 10:57:45,2026-06-24 12:37:00,DESPACHO,0,NO,NO,551964
4190139761,900199,V800,NORMAL,SI,True,22-06-2026 11:43:02,2026-06-22 16:35:00,DESPACHO,0,NO,NO,50822
4190139725,600016,V108,NORMAL,SI,True,17-06-2026 9:59:51,2026-06-17 15:59:00,DESPACHO,0,NO,NO,153753
1167203,650464,V612,NORMAL,SI,True,17-06-2026 11:22:08,2026-06-17 16:04:00,DESPACHO,0,NO,NO,536211
1167200,981611,V612,NORMAL,SI,True,17-06-2026 8:48:48,2026-06-17 12:09:00,DESPACHO,0,NO,NO,95340
1167183,150230,V585,NORMAL,SI,True,15-06-2026 14:00:30,2026-06-15 14:00:30,DESPACHO,0,NO,NO,14064
1167147,981611,V612,NORMAL,SI,True,15-06-2026 9:38:22,2026-06-15 12:09:00,DESPACHO,0,NO,NO,120582
4190139637,345099,V400,NORMAL,SI,True,11-06-2026 9:58:39,2026-06-11 15:01:00,DESPACHO,0,NO,NO,528988
1167125,981567,V612,NORMAL,SI,True,10-06-2026 12:25:13,2026-06-10 12:25:13,DESPACHO,0,NO,NO,51302
4190139633,750034,V750,NORMAL,SI,True,11-06-2026 8:53:29,2026-06-11 13:00:00,DESPACHO,0,NO,NO,3412884
4190139620,345099,V400,NORMAL,SI,True,09-06-2026 12:22:47,2026-06-09 15:27:00,DESPACHO,0,NO,NO,1180622
4190139613,650090,V580,NORMAL,SI,True,09-06-2026 11:56:08,2026-06-09 13:25:00,DESPACHO,0,NO,NO,563520
4190139581,600016,V108,NORMAL,SI,True,04-06-2026 0:00:00,2026-06-04 15:05:00,DESPACHO,0,NO,NO,891114
1167047,371031,V612,NORMAL,SI,True,04-06-2026 8:48:49,2026-06-04 15:54:00,DESPACHO,0,NO,NO,266975
4190139556,750034,V750,NORMAL,SI,True,04-06-2026 14:38:14,2026-06-04 14:50:00,DESPACHO,0,NO,NO,2669490
4190139554,200049,V834,NORMAL,SI,True,05-06-2026 9:34:34,2026-06-05 10:08:00,DESPACHO,0,NO,NO,420470
4190139435,940036,V800,NORMAL,SI,True,27-05-2026 0:00:00,2026-05-27 15:19:00,DESPACHO,0,NO,NO,3051054
1166639,981567,V612,NORMAL,SI,True,27-05-2026 12:04:44,2026-05-27 12:25:00,DESPACHO,0,NO,NO,138264
1166633,200118,V834,NORMAL,SI,True,27-05-2026 9:38:45,2026-05-27 15:30:00,DESPACHO,0,NO,NO,3201614
4190139423,150208,V817,NORMAL,SI,True,25-05-2026 12:17:49,2026-05-25 12:47:00,DESPACHO,0,NO,NO,2091420
4190139387,650347,V580,NORMAL,SI,True,20-05-2026 14:28:31,2026-05-20 15:28:00,DESPACHO,0,NO,NO,532235
4190139381,345099,V400,NORMAL,SI,True,20-05-2026 11:26:36,2026-05-20 11:47:00,DESPACHO,0,NO,NO,283536
1166582,650464,V612,NORMAL,SI,True,20-05-2026 10:56:43,2026-05-20 11:48:00,DESPACHO,0,NO,NO,97192
1166560,981476,V612,NORMAL,SI,True,18-05-2026 15:18:25,2026-05-18 16:51:00,DESPACHO,0,NO,NO,1375560
4190139346,600016,V108,NORMAL,SI,True,15-05-2026 10:19:35,2026-05-15 11:37:00,DESPACHO,0,NO,NO,227176
1166530,550145,V550,NORMAL,SI,True,15-05-2026 12:04:51,2026-05-15 12:50:00,DESPACHO,0,NO,NO,1419926
1166522,550239,V550,NORMAL,SI,True,15-05-2026 12:10:51,2026-05-15 12:46:00,DESPACHO,0,NO,NO,1221147
1166508,371031,V612,NORMAL,SI,True,15-05-2026 13:56:29,2026-05-15 11:59:00,DESPACHO,,NO,NO,132320
1166497,981476,V612,NORMAL,SI,True,13-05-2026 0:00:00,2026-05-13 15:22:00,DESPACHO,0,NO,NO,277162
1166482,981471,V612,NORMAL,SI,True,15-05-2026 8:45:33,2026-05-15 11:50:00,DESPACHO,0,NO,NO,356731
1166479,210154,V612,NORMAL,SI,True,11-05-2026 15:39:22,2026-05-11 15:46:00,DESPACHO,0,NO,NO,357338
4190139276,570078,V550,NORMAL,SI,True,14-05-2026 14:59:27,2026-05-14 15:35:00,DESPACHO,0,NO,NO,426972
1166434,981567,V612,NORMAL,SI,True,11-05-2026 10:59:19,2026-05-11 11:06:00,DESPACHO,0,NO,NO,586365
4190139246,650347,V580,NORMAL,SI,True,12-05-2026 10:53:24,2026-05-12 16:16:00,DESPACHO,0,NO,NO,1035428
4190139222,650381,V580,NORMAL,SI,True,12-05-2026 9:32:30,2026-05-12 10:57:00,DESPACHO,0,NO,NO,644324
4190139220,650381,V580,NORMAL,SI,True,12-05-2026 9:14:46,2026-05-12 10:54:00,DESPACHO,0,NO,NO,1106631
4190139206,750034,V750,NORMAL,SI,True,08-05-2026 12:35:49,2026-05-08 12:47:00,DESPACHO,0,NO,NO,3234351
4190139219,750015,V750,NORMAL,SI,True,08-05-2026 12:05:45,2026-05-08 12:36:00,DESPACHO,0,NO,NO,3002783
1168110,769000,V750,NORMAL,SI,True,13-07-2026 14:30:47,2026-07-13 14:55:00,DESPACHO,0,NO,NO,30117
1168121,750151,V750,NORMAL,SI,True,14-07-2026 11:51:41,2026-07-14 12:21:00,DESPACHO,0,NO,NO,1825012
1168095,500147,V550,NORMAL,SI,True,13-07-2026 8:31:49,2026-07-13 10:04:00,DESPACHO,0,NO,NO,335249
1168091,750005,V750,NORMAL,SI,True,13-07-2026 11:57:10,2026-07-13 13:05:00,DESPACHO,0,NO,NO,2541977
1168090,769000,V750,NORMAL,SI,True,13-07-2026 8:30:19,2026-07-13 10:05:00,DESPACHO,0,NO,NO,742693
4190139842,950050,V800,NORMAL,SI,True,24-06-2026 11:00:41,2026-06-24 16:18:00,DESPACHO,0,NO,NO,364679
1167308,555018,V550,NORMAL,SI,True,25-06-2026 12:52:54,2026-06-25 14:58:00,DESPACHO,0,NO,NO,682867
1167274,150213,V817,NORMAL,SI,True,24-06-2026 10:56:17,2026-06-24 14:12:00,DESPACHO,0,NO,NO,3843930
1167273,130100,V817,NORMAL,SI,True,24-06-2026 10:56:27,2026-06-24 13:02:00,DESPACHO,0,NO,NO,372574
1167272,580011,V108,NORMAL,SI,True,24-06-2026 10:56:38,2026-06-24 13:07:00,DESPACHO,0,NO,NO,796215
1167271,700055,V108,NORMAL,SI,True,24-06-2026 10:56:48,2026-06-24 13:01:00,DESPACHO,0,NO,NO,1214476
1167270,700038,V108,NORMAL,SI,True,24-06-2026 10:57:13,2026-06-24 12:39:00,DESPACHO,0,NO,NO,732792
1167245,535061,V550,NORMAL,SI,True,19-06-2026 8:59:21,2026-06-19 12:00:00,DESPACHO,0,NO,NO,734321
1167232,571001,V550,NORMAL,SI,True,18-06-2026 0:00:00,2026-06-18 16:00:00,DESPACHO,0,NO,NO,599594
1167176,540038,V550,NORMAL,SI,True,16-06-2026 10:08:39,2026-06-16 15:05:00,DESPACHO,0,NO,NO,1430098
1167119,571001,V550,NORMAL,SI,True,10-06-2026 11:22:04,2026-06-10 12:50:00,DESPACHO,0,NO,NO,415827
1167107,540132,V550,NORMAL,SI,True,10-06-2026 11:22:23,2026-06-10 13:30:00,DESPACHO,0,NO,NO,295226
1167096,556008,V550,NORMAL,SI,True,10-06-2026 11:20:55,2026-06-10 13:29:00,DESPACHO,0,NO,NO,1253340
4190139602,550246,V550,NORMAL,SI,True,10-06-2026 9:47:29,2026-06-10 13:10:00,DESPACHO,0,NO,NO,930011
1166704,315008,V835,NORMAL,SI,True,04-06-2026 9:50:13,2026-06-04 14:53:00,DESPACHO,0,NO,NO,152468
1166702,310030,V835,NORMAL,SI,True,04-06-2026 14:38:00,2026-06-04 14:51:00,DESPACHO,0,NO,NO,757496
1166662,470052,V650,NORMAL,SI,True,28-05-2026 12:08:43,2026-05-28 16:07:00,DESPACHO,0,NO,NO,2181751
1166625,644005,V108,NORMAL,SI,True,27-05-2026 9:47:52,2026-05-27 11:55:00,DESPACHO,0,NO,NO,634837
1166554,540064,V550,NORMAL,SI,True,20-05-2026 14:29:51,2026-05-20 14:59:00,DESPACHO,0,NO,NO,2152746
1166539,650305,V102,NORMAL,SI,True,20-05-2026 10:44:15,2026-05-20 11:48:00,DESPACHO,0,NO,NO,325635
1166529,571001,V550,NORMAL,SI,True,15-05-2026 0:00:00,2026-05-15 11:47:00,DESPACHO,0,NO,NO,257492
1166518,560018,V550,NORMAL,SI,True,15-05-2026 12:10:43,2026-05-15 12:47:00,DESPACHO,0,NO,NO,353797
1166505,140014,V817,NORMAL,SI,True,18-05-2026 12:23:20,2026-05-18 16:37:00,DESPACHO,0,NO,NO,567775
1166495,180108,V834,NORMAL,SI,True,14-05-2026 0:00:00,2026-05-14 12:01:00,DESPACHO,0,NO,NO,460698
1166494,570001,V550,NORMAL,SI,True,14-05-2026 10:57:58,2026-05-14 15:14:00,DESPACHO,0,NO,NO,216499
1166492,700165,V108,NORMAL,SI,True,14-05-2026 11:42:30,2026-05-14 12:41:00,DESPACHO,0,NO,NO,675931
4190139290,462022,V650,NORMAL,SI,True,15-05-2026 0:00:00,2026-05-15 11:46:00,DESPACHO,0,NO,NO,624414
4190139289,535061,V650,NORMAL,SI,True,14-05-2026 14:23:13,2026-05-14 14:35:00,DESPACHO,0,NO,NO,658160
1166460,900124,V800,NORMAL,SI,True,15-05-2026 10:48:00,2026-05-15 11:39:00,DESPACHO,0,NO,NO,359124
1166444,205014,V834,NORMAL,SI,True,12-05-2026 9:51:55,2026-05-12 11:01:00,DESPACHO,0,NO,NO,1135942
1166442,540048,V550,NORMAL,SI,True,12-05-2026 14:27:36,2026-05-12 14:49:00,DESPACHO,0,NO,NO,632468
1166432,210179,V834,NORMAL,SI,True,12-05-2026 14:33:35,2026-05-12 14:53:00,DESPACHO,0,NO,NO,272462
1166396,130034,V817,NORMAL,SI,True,07-05-2026 0:00:00,2026-05-07 14:31:00,DESPACHO,0,NO,NO,3028383
4190140024,650233,V580,NORMAL,SI,True,14-07-2026 17:10:57,2026-07-14 17:10:57,DESPACHO,0,NO,NO,901799
4190140014,590042,V610,NORMAL,SI,True,13-07-2026 14:30:44,2026-07-13 14:54:00,DESPACHO,0,NO,NO,1835014
4190140010,180108,V834,NORMAL,SI,True,13-07-2026 11:57:16,2026-07-13 13:04:00,DESPACHO,0,NO,NO,484919
4190140009,900221,V800,NORMAL,SI,True,13-07-2026 11:57:28,2026-07-13 13:02:00,DESPACHO,0,NO,NO,233176
4190140008,902008,V800,NORMAL,SI,True,13-07-2026 12:24:32,2026-07-13 14:16:00,DESPACHO,0,NO,NO,835900
4190140011,895020,V800,NORMAL,SI,True,14-07-2026 8:23:33,2026-07-14 10:12:00,DESPACHO,0,NO,NO,914016
4190140005,940026,V800,NORMAL,SI,True,13-07-2026 10:02:00,2026-07-13 10:35:00,DESPACHO,0,NO,NO,3083829
4190140002,880054,V800,NORMAL,SI,True,13-07-2026 0:00:00,2026-07-13 10:38:00,DESPACHO,0,NO,NO,385235
4190140001,505006,V550,NORMAL,SI,True,10-07-2026 9:53:57,2026-07-10 10:58:00,DESPACHO,0,NO,NO,126784
4190139998,610014,V580,NORMAL,SI,True,13-07-2026 0:00:00,2026-07-13 10:39:00,DESPACHO,0,NO,NO,235126
4190139994,250048,V834,NORMAL,SI,True,13-07-2026 10:01:51,2026-07-13 10:36:00,DESPACHO,0,NO,NO,236086
4190139993,644005,V108,NORMAL,SI,True,10-07-2026 7:59:40,2026-07-10 09:09:00,DESPACHO,0,NO,NO,437188
4190139989,793001,V800,NORMAL,SI,True,10-07-2026 7:57:13,2026-07-10 09:13:00,DESPACHO,0,NO,NO,750983
1168070,371052,V615,NORMAL,SI,True,13-07-2026 10:01:36,2026-07-13 14:29:00,DESPACHO,0,NO,NO,206026
4190139987,930018,V800,NORMAL,SI,True,10-07-2026 7:56:51,2026-07-10 09:14:00,DESPACHO,0,NO,NO,889276
4190139985,945031,V800,NORMAL,SI,True,10-07-2026 7:56:34,2026-07-10 11:52:00,DESPACHO,0,NO,NO,1791603
4190139981,680010,V108,NORMAL,SI,True,13-07-2026 10:01:41,2026-07-13 10:37:00,DESPACHO,0,NO,NO,84428
4190139980,250048,V834,NORMAL,SI,True,10-07-2026 7:56:09,2026-07-10 09:15:00,DESPACHO,0,NO,NO,1002205
4190139978,680010,V108,NORMAL,SI,True,10-07-2026 7:59:23,2026-07-10 11:53:00,DESPACHO,0,NO,NO,2862955
4190139976,900221,V800,NORMAL,SI,True,13-07-2026 8:33:54,2026-07-13 10:01:00,DESPACHO,0,NO,NO,4273964
4190139974,940007,V800,NORMAL,SI,True,13-07-2026 8:32:34,2026-07-13 10:03:00,DESPACHO,0,NO,NO,573686
4190139973,180082,V834,NORMAL,SI,True,13-07-2026 8:32:12,2026-07-13 10:04:00,DESPACHO,0,NO,NO,1741647
1168046,770025,V750,NORMAL,SI,True,13-07-2026 8:29:37,2026-07-13 10:09:00,DESPACHO,0,NO,NO,2727940
4190139970,700068,V108,NORMAL,SI,True,08-07-2026 7:49:05,2026-07-08 08:07:00,DESPACHO,0,NO,NO,960676
1168029,150293,V861,NORMAL,SI,True,13-07-2026 11:58:39,2026-07-13 13:01:00,DESPACHO,0,NO,NO,470528
1168028,150148,V861,NORMAL,SI,True,10-07-2026 10:16:08,2026-07-10 11:03:00,DESPACHO,0,NO,NO,1222125
4190139960,850131,V800,NORMAL,SI,True,10-07-2026 7:58:21,2026-07-10 09:10:00,DESPACHO,0,NO,NO,589355
4190139959,950050,V800,NORMAL,SI,True,08-07-2026 0:00:00,2026-07-08 14:25:00,DESPACHO,0,NO,NO,280859
4190139955,480110,V400,NORMAL,SI,True,06-07-2026 12:42:14,2026-07-06 14:26:00,DESPACHO,0,NO,NO,142991
4190139954,330032,V400,NORMAL,SI,True,08-07-2026 9:48:34,2026-07-08 13:09:00,DESPACHO,0,NO,NO,119709
4190139956,335108,V400,NORMAL,SI,True,08-07-2026 0:00:00,2026-07-08 14:26:00,DESPACHO,0,NO,NO,126452
1167327,700077,V108,NORMAL,SI,True,25-06-2026 12:37:37,2026-06-25 14:57:00,DESPACHO,0,NO,NO,1010026
1167325,150301,V817,NORMAL,SI,True,30-06-2026 12:10:38,2026-06-30 12:37:00,DESPACHO,0,NO,NO,454232
4190139847,745007,V750,NORMAL,SI,True,25-06-2026 12:35:51,2026-06-25 14:56:00,DESPACHO,0,NO,NO,578828
4190139841,650240,V580,NORMAL,SI,True,25-06-2026 12:53:06,2026-06-25 14:57:00,DESPACHO,0,NO,NO,531652
4190139836,280041,V835,NORMAL,SI,True,30-06-2026 12:10:55,2026-06-30 12:40:00,DESPACHO,0,NO,NO,3794019
4190139790,785005,V750,NORMAL,SI,True,24-06-2026 9:30:28,2026-06-24 11:10:00,DESPACHO,0,NO,NO,1755631
4190139782,100082,V861,NORMAL,SI,True,24-06-2026 10:57:37,2026-06-24 12:52:00,DESPACHO,0,NO,NO,523572
4190139781,100133,V861,NORMAL,SI,True,24-06-2026 10:54:22,2026-06-24 12:45:00,DESPACHO,0,NO,NO,782330
4190139780,100007,V861,NORMAL,SI,True,24-06-2026 10:54:45,2026-06-24 12:47:00,DESPACHO,0,NO,NO,1496965
4190139794,850055,V800,NORMAL,SI,True,24-06-2026 9:30:35,2026-06-24 11:13:00,DESPACHO,0,NO,NO,145285
4190139773,310030,V835,NORMAL,SI,True,24-06-2026 10:57:33,2026-06-24 12:54:00,DESPACHO,0,NO,NO,1354851
4190139774,480110,V400,NORMAL,SI,True,23-06-2026 8:32:22,2026-06-23 08:37:00,DESPACHO,0,NO,NO,516487
4190139770,900201,V800,NORMAL,SI,True,23-06-2026 9:53:50,2026-06-23 10:50:00,DESPACHO,0,NO,NO,262350
4190139766,130126,V817,NORMAL,SI,True,22-06-2026 9:42:05,2026-06-22 16:34:00,DESPACHO,0,NO,NO,1065713
4190139764,250048,V834,NORMAL,SI,True,23-06-2026 9:54:07,2026-06-23 10:51:00,DESPACHO,0,NO,NO,755586
4190139762,900221,V800,NORMAL,SI,True,22-06-2026 11:43:12,2026-06-22 16:33:00,DESPACHO,0,NO,NO,152466
4190139758,470003,V650,NORMAL,SI,True,23-06-2026 9:54:22,2026-06-23 10:52:00,DESPACHO,0,NO,NO,174556
4190139757,880004,V800,NORMAL,SI,True,25-06-2026 12:37:16,2026-06-25 14:58:00,DESPACHO,0,NO,NO,441768
4190139755,470003,V650,NORMAL,SI,True,23-06-2026 9:55:21,2026-06-23 10:52:00,DESPACHO,0,NO,NO,148304
4190139754,260035,V835,NORMAL,SI,True,23-06-2026 9:57:20,2026-06-23 10:54:00,DESPACHO,0,NO,NO,10409857
4190139744,953003,V800,NORMAL,SI,True,23-06-2026 11:14:53,2026-06-23 12:54:00,DESPACHO,0,NO,NO,866908
1167226,110045,V835,NORMAL,SI,True,24-06-2026 10:58:01,2026-06-24 12:57:00,DESPACHO,0,NO,NO,754610
4190139726,250041,V834,NORMAL,SI,True,17-06-2026 0:00:00,2026-06-17 16:09:00,DESPACHO,0,NO,NO,565180
4190139723,335068,V400,NORMAL,SI,True,17-06-2026 11:21:53,2026-06-17 16:01:00,DESPACHO,0,NO,NO,1465906
4190139721,793001,V800,NORMAL,SI,True,19-06-2026 9:01:00,2026-06-19 11:21:00,DESPACHO,0,NO,NO,361645
4190139715,480044,V400,NORMAL,SI,True,23-06-2026 11:03:38,2026-06-23 11:26:00,DESPACHO,0,NO,NO,754385
4190139714,700080,V108,NORMAL,SI,True,16-06-2026 14:30:12,2026-06-16 14:44:00,DESPACHO,0,NO,NO,360307
4190139711,130030,V817,NORMAL,SI,True,16-06-2026 11:40:30,2026-06-16 15:44:00,DESPACHO,0,NO,NO,262388
4190139704,150234,V817,NORMAL,SI,True,18-06-2026 11:03:58,2026-06-18 16:11:00,DESPACHO,0,NO,NO,527289
4190139702,650240,V580,NORMAL,SI,True,16-06-2026 12:29:33,2026-06-16 14:31:00,DESPACHO,0,NO,NO,1129670
4190139698,921011,V800,NORMAL,SI,True,16-06-2026 9:58:11,2026-06-16 15:13:00,DESPACHO,0,NO,NO,1272113
4190139710,652014,V580,NORMAL,SI,True,16-06-2026 12:56:25,2026-06-16 14:24:00,DESPACHO,0,NO,NO,377601
4190139694,910037,V800,NORMAL,SI,True,15-06-2026 12:44:14,2026-06-15 14:16:00,DESPACHO,0,NO,NO,894253
4190139693,600028,V108,NORMAL,SI,True,15-06-2026 12:15:36,2026-06-15 12:36:00,DESPACHO,0,NO,NO,270742
4190139692,900187,V800,NORMAL,SI,True,16-06-2026 0:00:00,2026-06-16 14:22:00,DESPACHO,0,NO,NO,275900
4190139690,600168,V108,NORMAL,SI,True,16-06-2026 10:07:56,2026-06-16 15:00:00,DESPACHO,0,NO,NO,273112
4190139686,350045,V400,NORMAL,SI,True,15-06-2026 11:39:51,2026-06-15 12:07:00,DESPACHO,0,NO,NO,296849
4190139683,600055,V108,NORMAL,SI,True,17-06-2026 9:59:25,2026-06-17 15:50:00,DESPACHO,0,NO,NO,396666
4190139687,550246,V550,NORMAL,SI,True,15-06-2026 13:48:12,2026-06-15 14:19:00,DESPACHO,0,NO,NO,241433
4190139677,925015,V800,NORMAL,SI,True,15-06-2026 12:51:12,2026-06-15 14:18:00,DESPACHO,0,NO,NO,1433168
4190139675,659001,V580,NORMAL,SI,True,15-06-2026 11:40:22,2026-06-15 12:03:00,DESPACHO,0,NO,NO,253099
1167148,371052,V615,NORMAL,SI,True,15-06-2026 11:40:08,2026-06-15 12:04:00,DESPACHO,0,NO,NO,412542
4190139655,750234,V750,NORMAL,SI,True,18-06-2026 0:00:00,2026-06-18 16:05:00,DESPACHO,0,NO,NO,998011
4190139653,100121,V861,NORMAL,SI,True,15-06-2026 10:15:35,2026-06-15 11:48:00,DESPACHO,0,NO,NO,682172
4190139646,700165,V108,NORMAL,SI,True,12-06-2026 10:17:51,2026-06-12 11:54:00,DESPACHO,0,NO,NO,256189
4190139680,768014,V750,NORMAL,SI,True,15-06-2026 11:40:23,2026-06-15 12:01:00,DESPACHO,0,NO,NO,2108900
4190139679,100031,V861,NORMAL,SI,True,15-06-2026 11:40:36,2026-06-15 12:02:00,DESPACHO,0,NO,NO,2171288
4190139634,100035,V861,NORMAL,SI,True,10-06-2026 12:26:02,2026-06-10 14:34:00,DESPACHO,0,NO,NO,499712
4190139630,650367,V580,NORMAL,SI,True,11-06-2026 0:00:00,2026-06-11 13:01:00,DESPACHO,0,NO,NO,4553520
4190139618,750234,V750,NORMAL,SI,True,15-06-2026 10:02:37,2026-06-15 11:50:00,DESPACHO,0,NO,NO,1459495
4190139612,250041,V834,NORMAL,SI,True,10-06-2026 11:21:34,2026-06-10 13:32:00,DESPACHO,0,NO,NO,3679894
4190139608,607000,V108,NORMAL,SI,True,10-06-2026 11:21:23,2026-06-10 13:43:00,DESPACHO,0,NO,NO,1107548
4190139606,650030,V580,NORMAL,SI,True,10-06-2026 11:21:11,2026-06-10 13:38:00,DESPACHO,0,NO,NO,422915
4190139604,700068,V108,NORMAL,SI,True,09-06-2026 12:22:45,2026-06-09 15:25:00,DESPACHO,0,NO,NO,942966
4190139600,150265,V817,NORMAL,SI,True,09-06-2026 9:25:25,2026-06-09 13:03:00,DESPACHO,0,NO,NO,256193
4190139599,600162,V108,NORMAL,SI,True,10-06-2026 11:21:06,2026-06-10 13:34:00,DESPACHO,0,NO,NO,255460
4190139597,205051,V834,NORMAL,SI,True,09-06-2026 11:13:43,2026-06-09 13:23:00,DESPACHO,0,NO,NO,1358615
4190139593,470028,V650,NORMAL,SI,True,05-06-2026 12:45:03,2026-06-05 12:59:00,DESPACHO,0,NO,NO,516773
4190139592,210161,V834,NORMAL,SI,True,08-06-2026 9:40:26,2026-06-08 16:13:00,DESPACHO,0,NO,NO,236630
4190139590,480042,V400,NORMAL,SI,True,05-06-2026 12:44:52,2026-06-05 13:01:00,DESPACHO,0,NO,NO,637480
4190139587,340013,V400,NORMAL,SI,True,08-06-2026 11:33:31,2026-06-08 16:16:00,DESPACHO,0,NO,NO,705722
4190139583,311001,V835,NORMAL,SI,True,10-06-2026 9:09:52,2026-06-10 13:00:00,DESPACHO,0,NO,NO,218175
4190139582,750005,V750,NORMAL,SI,True,08-06-2026 9:40:15,2026-06-08 16:02:00,DESPACHO,0,NO,NO,357319
4190139594,180108,V834,NORMAL,SI,True,05-06-2026 12:45:08,2026-06-05 12:59:00,DESPACHO,0,NO,NO,599250
4190139578,345416,V400,NORMAL,SI,True,05-06-2026 10:44:09,2026-06-05 11:19:00,DESPACHO,0,NO,NO,272338
4190139577,850166,V800,NORMAL,SI,True,05-06-2026 9:34:23,2026-06-05 10:05:00,DESPACHO,0,NO,NO,365996
4190139576,336024,V400,NORMAL,SI,True,09-06-2026 9:36:48,2026-06-09 13:08:00,DESPACHO,0,NO,NO,272537
4190139575,720018,V108,NORMAL,SI,True,05-06-2026 10:51:35,2026-06-05 11:20:00,DESPACHO,0,NO,NO,288616
4190139571,750186,V750,NORMAL,SI,True,05-06-2026 9:34:17,2026-06-05 10:04:00,DESPACHO,0,NO,NO,405411
4190139570,310068,V835,NORMAL,SI,True,05-06-2026 10:57:55,2026-06-05 11:20:00,DESPACHO,0,NO,NO,366294
4190139569,700068,V108,NORMAL,SI,True,05-06-2026 9:34:13,2026-06-05 12:14:00,DESPACHO,0,NO,NO,1176068
1167052,130100,V817,NORMAL,SI,True,05-06-2026 9:16:10,2026-06-05 12:16:00,DESPACHO,0,NO,NO,1336069
4190139566,610014,V580,NORMAL,SI,True,05-06-2026 9:21:36,2026-06-05 10:02:00,DESPACHO,0,NO,NO,243911
4190139561,325034,V835,NORMAL,SI,True,05-06-2026 0:00:00,2026-06-05 12:24:00,DESPACHO,0,NO,NO,462867
4190139558,895017,V800,NORMAL,SI,True,04-06-2026 14:37:33,2026-06-04 14:52:00,DESPACHO,0,NO,NO,625404
4190139557,950050,V800,NORMAL,SI,True,05-06-2026 9:55:32,2026-06-05 10:09:00,DESPACHO,0,NO,NO,458304
4190139565,345261,V400,NORMAL,SI,True,04-06-2026 13:47:55,2026-06-04 14:35:00,DESPACHO,0,NO,NO,262841
4190139555,150282,V817,NORMAL,SI,True,04-06-2026 14:37:13,2026-06-04 14:53:00,DESPACHO,0,NO,NO,291393
4190139544,150167,V817,NORMAL,SI,True,05-06-2026 12:48:13,2026-06-05 13:00:00,DESPACHO,0,NO,NO,890412
4190139543,150167,V817,NORMAL,SI,True,05-06-2026 12:47:10,2026-06-05 13:02:00,DESPACHO,0,NO,NO,676099
4190139532,200227,V834,NORMAL,SI,True,04-06-2026 14:38:40,2026-06-04 14:48:00,DESPACHO,0,NO,NO,758881
4190139463,600140,V108,NORMAL,SI,True,28-05-2026 12:08:47,2026-05-28 13:05:00,DESPACHO,0,NO,NO,2125188
4190139459,606001,V108,NORMAL,SI,True,28-05-2026 12:09:34,2026-05-28 16:08:00,DESPACHO,0,NO,NO,389336
4190139458,785005,V750,NORMAL,SI,True,28-05-2026 0:00:00,2026-05-28 12:56:00,DESPACHO,0,NO,NO,2165303
4190139454,257006,V835,NORMAL,SI,True,27-05-2026 11:03:46,2026-05-27 11:56:00,DESPACHO,0,NO,NO,708875
4190139452,720024,V108,NORMAL,SI,True,27-05-2026 10:46:54,2026-05-27 11:55:00,DESPACHO,0,NO,NO,497201
4190139440,600099,V108,NORMAL,SI,True,27-05-2026 12:06:40,2026-05-27 15:16:00,DESPACHO,0,NO,NO,278979
4190139436,480110,V400,NORMAL,SI,True,27-05-2026 12:06:34,2026-05-27 15:18:00,DESPACHO,0,NO,NO,693654
4190139428,300008,V835,NORMAL,SI,True,27-05-2026 9:31:27,2026-05-27 10:48:00,DESPACHO,0,NO,NO,412635
4190139427,480027,V400,NORMAL,SI,True,27-05-2026 9:26:43,2026-05-27 15:29:00,DESPACHO,0,NO,NO,287878
4190139425,130145,V817,NORMAL,SI,True,27-05-2026 9:42:16,2026-05-27 15:28:00,DESPACHO,0,NO,NO,739059
4190139422,150215,V817,NORMAL,SI,True,25-05-2026 11:47:55,2026-05-25 12:45:00,DESPACHO,0,NO,NO,221493
4190139411,500165,V650,NORMAL,SI,True,28-05-2026 12:39:11,2026-05-28 16:10:00,DESPACHO,0,NO,NO,101192
4190139402,644014,V108,NORMAL,SI,True,25-05-2026 10:29:40,2026-05-25 15:00:00,DESPACHO,0,NO,NO,343557
1166607,520050,V650,NORMAL,SI,True,25-05-2026 13:46:06,2026-05-25 14:12:00,DESPACHO,0,NO,NO,1041542
1166598,550060,V550,NORMAL,SI,True,20-05-2026 14:31:09,2026-05-20 15:38:00,DESPACHO,0,NO,NO,1348136
4190139386,650257,V580,NORMAL,SI,True,20-05-2026 14:31:20,2026-05-20 15:00:00,DESPACHO,0,NO,NO,970178
4190139385,110044,V861,NORMAL,SI,True,20-05-2026 14:33:27,2026-05-20 15:09:00,DESPACHO,0,NO,NO,1286811
4190139371,110044,V861,NORMAL,SI,True,20-05-2026 14:31:15,2026-05-20 15:01:00,DESPACHO,0,NO,NO,3568161
1166563,350150,V835,NORMAL,SI,True,19-05-2026 13:50:21,2026-05-19 16:21:00,DESPACHO,0,NO,NO,72733
1166574,210188,V834,NORMAL,SI,True,18-05-2026 15:51:36,2026-05-18 15:51:36,DESPACHO,0,NO,NO,252518
4190139354,750219,V750,NORMAL,SI,True,20-05-2026 10:31:50,2026-05-20 11:50:00,DESPACHO,0,NO,NO,1629415
4190139352,751008,V750,NORMAL,SI,True,20-05-2026 14:30:51,2026-05-20 15:02:00,DESPACHO,0,NO,NO,2037864
1166549,100060,V861,NORMAL,SI,True,18-05-2026 12:54:23,2026-05-18 16:35:00,DESPACHO,0,NO,NO,4378422
1166541,100066,V861,NORMAL,SI,True,20-05-2026 11:26:45,2026-05-20 11:45:00,DESPACHO,0,NO,NO,477891
4190139343,802023,V750,NORMAL,SI,True,18-05-2026 0:00:00,2026-05-18 10:09:00,DESPACHO,0,NO,NO,2537231
4190139342,750060,V750,NORMAL,SI,True,15-05-2026 0:00:00,2026-05-15 12:50:00,DESPACHO,0,NO,NO,304932
4190139338,340002,V400,NORMAL,SI,True,20-05-2026 14:30:16,2026-05-20 15:00:00,DESPACHO,0,NO,NO,973139
4190139332,130128,V817,NORMAL,SI,True,15-05-2026 0:00:00,2026-05-15 12:43:00,DESPACHO,0,NO,NO,1248675
4190139325,130145,V817,NORMAL,SI,True,15-05-2026 11:09:31,2026-05-15 11:46:00,DESPACHO,0,NO,NO,444858
4190139322,130145,V817,NORMAL,SI,True,15-05-2026 0:00:00,2026-05-15 11:39:00,DESPACHO,0,NO,NO,399148
4190139329,895017,V800,NORMAL,SI,True,15-05-2026 0:00:00,2026-05-15 12:44:00,DESPACHO,0,NO,NO,696554
4190139315,793003,V800,NORMAL,SI,True,15-05-2026 0:00:00,2026-05-15 12:47:00,DESPACHO,0,NO,NO,305290
4190139308,345382,V400,NORMAL,SI,True,14-05-2026 12:44:49,2026-05-14 14:24:00,DESPACHO,0,NO,NO,1633640
4190139306,650030,V580,NORMAL,SI,True,14-05-2026 0:00:00,2026-05-14 11:50:00,DESPACHO,0,NO,NO,1614103
4190139305,765001,V750,NORMAL,SI,True,14-05-2026 11:42:17,2026-05-14 12:42:00,DESPACHO,0,NO,NO,505650
4190139304,720018,V108,NORMAL,SI,True,14-05-2026 0:00:00,2026-05-14 12:49:00,DESPACHO,0,NO,NO,337025
4190139298,265016,V835,NORMAL,SI,True,13-05-2026 12:36:52,2026-05-13 12:55:00,DESPACHO,0,NO,NO,109485
4190139292,700142,V108,NORMAL,SI,True,14-05-2026 10:58:14,2026-05-14 15:11:00,DESPACHO,0,NO,NO,270834
4190139291,500334,V650,NORMAL,SI,True,15-05-2026 0:00:00,2026-05-15 11:44:00,DESPACHO,0,NO,NO,115036
4190139283,600140,V108,NORMAL,SI,True,14-05-2026 0:00:00,2026-05-14 15:27:00,DESPACHO,0,NO,NO,1820240
4190139282,940015,V800,NORMAL,SI,True,14-05-2026 0:00:00,2026-05-14 15:29:00,DESPACHO,0,NO,NO,600521
4190139279,555018,V550,NORMAL,SI,True,14-05-2026 15:00:54,2026-05-14 15:30:00,DESPACHO,0,NO,NO,1018495
4190139278,590042,V550,NORMAL,SI,True,14-05-2026 11:57:04,2026-05-14 12:44:00,DESPACHO,0,NO,NO,699702
4190139277,571001,V550,NORMAL,SI,True,13-05-2026 12:37:22,2026-05-13 12:57:00,DESPACHO,0,NO,NO,1358138
4190139275,480110,V400,NORMAL,SI,True,14-05-2026 11:28:33,2026-05-14 12:34:00,DESPACHO,0,NO,NO,1087832
4190139271,900232,V800,NORMAL,SI,True,14-05-2026 14:58:52,2026-05-14 15:34:00,DESPACHO,0,NO,NO,383582
4190139270,953001,V800,NORMAL,SI,True,14-05-2026 15:13:07,2026-05-14 15:33:00,DESPACHO,0,NO,NO,3202238
4190139264,350147,V835,NORMAL,SI,True,15-05-2026 12:10:56,2026-05-15 12:45:00,DESPACHO,0,NO,NO,115150
4190139263,110044,V861,NORMAL,SI,True,14-05-2026 12:28:47,2026-05-14 14:21:00,DESPACHO,0,NO,NO,401782
4190139262,265016,V835,NORMAL,SI,True,12-05-2026 11:49:37,2026-05-12 12:16:00,DESPACHO,0,NO,NO,489547
4190139261,630084,V580,NORMAL,SI,True,14-05-2026 14:58:10,2026-05-14 15:31:00,DESPACHO,0,NO,NO,985708
4190139260,350150,V835,NORMAL,SI,True,12-05-2026 14:46:46,2026-05-12 15:09:00,DESPACHO,0,NO,NO,203090
4190139259,750272,V750,NORMAL,SI,True,12-05-2026 0:00:00,2026-05-12 11:27:00,DESPACHO,0,NO,NO,478348
4190139257,700077,V108,NORMAL,SI,True,14-05-2026 11:57:20,2026-05-14 12:45:00,DESPACHO,0,NO,NO,333108
4190139253,110044,V861,NORMAL,SI,True,12-05-2026 14:46:43,2026-05-12 15:11:00,DESPACHO,0,NO,NO,458294
4190139252,930018,V800,NORMAL,SI,True,12-05-2026 0:00:00,2026-05-12 11:26:00,DESPACHO,0,NO,NO,256879
4190139251,530075,V650,NORMAL,SI,True,11-05-2026 17:29:08,2026-05-11 17:29:08,DESPACHO,0,NO,NO,407500
4190139249,850015,V800,NORMAL,SI,True,12-05-2026 10:53:31,2026-05-12 11:24:00,DESPACHO,0,NO,NO,490112
4190139247,730050,V750,NORMAL,SI,True,12-05-2026 14:46:35,2026-05-12 15:10:00,DESPACHO,0,NO,NO,998496
4190139244,352003,V835,NORMAL,SI,True,14-05-2026 12:29:08,2026-05-14 13:15:00,DESPACHO,0,NO,NO,29540
4190139243,345382,V400,NORMAL,SI,True,14-05-2026 11:43:33,2026-05-14 12:40:00,DESPACHO,0,NO,NO,446688
4190139242,550021,V550,NORMAL,SI,True,11-05-2026 0:00:00,2026-05-11 16:15:00,DESPACHO,0,NO,NO,1428668
4190139241,350045,V400,NORMAL,SI,True,12-05-2026 11:49:20,2026-05-12 12:17:00,DESPACHO,0,NO,NO,1431511
4190139238,766000,V750,NORMAL,SI,True,11-05-2026 13:57:24,2026-05-11 16:10:00,DESPACHO,0,NO,NO,803416
4190139237,350045,V400,NORMAL,SI,True,12-05-2026 14:33:59,2026-05-12 14:55:00,DESPACHO,0,NO,NO,2599242
4190139229,571001,V550,NORMAL,SI,True,14-05-2026 11:42:09,2026-05-14 12:43:00,DESPACHO,0,NO,NO,387773
4190139228,870014,V800,NORMAL,SI,True,12-05-2026 0:00:00,2026-05-12 11:27:00,DESPACHO,0,NO,NO,129482
4190139227,770025,V750,NORMAL,SI,True,12-05-2026 10:52:59,2026-05-12 11:23:00,DESPACHO,0,NO,NO,718295
4190139225,888005,V800,NORMAL,SI,True,08-05-2026 11:38:56,2026-05-08 11:51:00,DESPACHO,0,NO,NO,659206
4190139224,310068,V835,NORMAL,SI,True,11-05-2026 13:47:17,2026-05-11 16:12:00,DESPACHO,0,NO,NO,742436
4190139221,680017,V108,NORMAL,SI,True,13-05-2026 13:51:41,2026-05-13 16:43:00,DESPACHO,0,NO,NO,437011
4190139216,150282,V817,NORMAL,SI,True,12-05-2026 0:00:00,2026-05-12 10:53:00,DESPACHO,0,NO,NO,407497
4190139213,310062,V835,NORMAL,SI,True,12-05-2026 9:24:38,2026-05-12 10:56:00,DESPACHO,0,NO,NO,355103
4190139212,540041,V550,NORMAL,SI,True,11-05-2026 12:52:17,2026-05-11 16:08:00,DESPACHO,0,NO,NO,479534
4190139211,325004,V835,NORMAL,SI,True,11-05-2026 12:48:28,2026-05-11 13:01:00,DESPACHO,0,NO,NO,1002033
4190139209,311001,V835,NORMAL,SI,True,12-05-2026 13:44:16,2026-05-12 16:13:00,DESPACHO,0,NO,NO,197983
4190139208,462050,V650,NORMAL,SI,True,12-05-2026 9:20:20,2026-05-12 10:55:00,DESPACHO,0,NO,NO,898929
4190139188,150186,V817,NORMAL,SI,True,11-05-2026 12:29:32,2026-05-11 16:07:00,DESPACHO,0,NO,NO,924710
4190139187,750186,V750,NORMAL,SI,True,12-05-2026 12:17:28,2026-05-12 16:17:00,DESPACHO,0,NO,NO,520806
4190139182,325008,V835,NORMAL,SI,True,12-05-2026 10:32:40,2026-05-12 11:22:00,DESPACHO,0,NO,NO,428752
4190139181,550233,V550,NORMAL,SI,True,12-05-2026 14:27:56,2026-05-12 14:53:00,DESPACHO,0,NO,NO,306468
1166389,495063,V650,NORMAL,SI,True,05-05-2026 12:48:55,2026-05-05 14:43:00,DESPACHO,0,NO,NO,350778
4190139190,515025,V650,NORMAL,SI,True,12-05-2026 9:52:06,2026-05-12 10:59:00,DESPACHO,0,NO,NO,133434
4190139186,150315,V817,NORMAL,SI,True,12-05-2026 14:27:25,2026-05-12 14:48:00,DESPACHO,0,NO,NO,76353
4190139196,110044,V861,NORMAL,SI,True,12-05-2026 9:51:41,2026-05-12 11:02:00,DESPACHO,0,NO,NO,743758
4190140031,456023,V650,NORMAL,SI,True,,2020-09-24 22:47:00,DESPACHO,,NO,NO,1067672
4190140030,430743,V650,NORMAL,SI,True,,2020-09-24 22:47:00,DESPACHO,,NO,NO,405912
4190140029,455157,V650,NORMAL,SI,True,,2020-09-24 22:47:00,DESPACHO,,NO,NO,343168
4190140028,555012,V550,NORMAL,SI,True,,2020-09-24 22:47:00,DESPACHO,,NO,NO,323690
1168140,550145,V610,NORMAL,SI,True,,2020-09-24 22:47:00,DESPACHO,,NO,NO,5661237
1168139,411402,V612,NORMAL,SI,True,,2020-09-24 22:47:00,DESPACHO,,NO,NO,395640
1168138,400566,V615,NORMAL,SI,True,,2020-09-24 22:47:00,DESPACHO,,NO,NO,189142
1168137,650464,V612,NORMAL,SI,True,,2020-09-24 22:47:00,DESPACHO,,NO,NO,490520
1168136,400560,V612,NORMAL,SI,True,,2020-09-24 22:47:00,DESPACHO,,NO,NO,975810
1168131,538024,V550,NORMAL,SI,True,,2020-09-24 22:47:00,DESPACHO,,NO,NO,488260
1168124,550245,V550,NORMAL,SI,True,,2020-09-24 22:47:00,DESPACHO,,NO,NO,1187982
1168141,981505,V612,NORMAL,SI,True,,2020-09-24 22:47:00,DESPACHO,,NO,NO,121603
4190140025,555017,V550,NORMAL,SI,True,,2020-09-24 22:47:00,DESPACHO,,NO,NO,1577883
4190140022,110044,V861,NORMAL,SI,True,,2020-09-24 22:47:00,DESPACHO,,NO,NO,2345739
4190140018,190064,V834,NORMAL,SI,True,,2020-09-24 22:47:00,DESPACHO,,NO,NO,333782
1168115,802023,V750,NORMAL,SI,True,,2020-09-24 22:47:00,DESPACHO,,NO,NO,123601
1168105,981528,V612,NORMAL,SI,True,,2020-09-24 22:47:00,DESPACHO,,NO,NO,179577
1168104,981528,V612,NORMAL,SI,True,,2020-09-24 22:47:00,DESPACHO,,NO,NO,179577
4190140015,455018,V610,NORMAL,SI,True,,2020-09-24 22:47:00,DESPACHO,,NO,NO,554694
4190140013,200186,V834,NORMAL,SI,True,,2020-09-24 22:47:00,DESPACHO,,NO,NO,1454689
4190140012,190025,V834,NORMAL,SI,True,,2020-09-24 22:47:00,DESPACHO,,NO,NO,2198992
1168088,411402,V612,NORMAL,SI,True,,2020-09-24 22:47:00,DESPACHO,,NO,NO,402000
4190140004,650481,V580,NORMAL,SI,True,,2020-09-24 22:47:00,DESPACHO,,NO,NO,98486
4190140003,650481,V580,NORMAL,SI,True,,2020-09-24 22:47:00,DESPACHO,,NO,NO,1468648
4190139996,100013,V861,NORMAL,SI,True,,2020-09-24 22:47:00,DESPACHO,,NO,NO,3033004
4190139990,650406,V580,NORMAL,SI,True,,2020-09-24 22:47:00,DESPACHO,,NO,NO,1195320
4190139979,480041,V400,NORMAL,SI,True,,2020-09-24 22:47:00,DESPACHO,,NO,NO,999446
1168066,480041,V400,NORMAL,SI,True,,2020-09-24 22:47:00,DESPACHO,,NO,NO,1013983
1168045,371038,V612,NORMAL,SI,True,08-07-2026 16:37:43,2026-07-13 09:56:00,DESPACHO,3,NO,NO,45408
4190139971,410455,V650,NORMAL,SI,True,10-07-2026 13:37:58,2026-07-13 13:16:00,DESPACHO,1,NO,NO,785882
4190139969,430743,V650,NORMAL,SI,True,10-07-2026 11:51:49,2026-07-13 13:18:00,DESPACHO,1,NO,NO,388652
1168025,900005,V612,NORMAL,SI,True,,2020-09-24 22:47:00,DESPACHO,,NO,NO,374355
1168037,360019,V615,NORMAL,SI,True,,2020-09-24 22:47:00,DESPACHO,,NO,NO,56070
1168021,400560,V612,NORMAL,SI,True,08-07-2026 17:42:57,2026-07-14 12:44:00,DESPACHO,4,NO,NO,931416
4190139958,460137,V650,NORMAL,SI,True,13-07-2026 0:00:00,2026-07-13 13:23:00,DESPACHO,0,NO,NO,218097
4190139957,460137,V650,NORMAL,SI,True,10-07-2026 12:29:44,2026-07-13 13:22:00,DESPACHO,1,NO,NO,496903
1168018,410159,V585,NORMAL,SI,True,07-07-2026 15:25:04,2026-07-10 07:19:00,DESPACHO,3,NO,NO,2715888
4190139950,411459,V650,NORMAL,SI,True,,2020-09-24 22:47:00,DESPACHO,,NO,NO,28342
1168010,500145,V612,NORMAL,SI,True,,2020-09-24 22:47:00,DESPACHO,,NO,NO,61501
4190139952,650381,V580,NORMAL,SI,True,10-07-2026 12:06:37,2026-07-13 07:45:00,DESPACHO,1,NO,NO,458486
4190139942,440425,V610,NORMAL,SI,True,14-07-2026 14:30:31,2026-07-14 14:30:31,DESPACHO,0,NO,NO,857084
4190139916,650338,V580,NORMAL,SI,True,,2020-09-24 22:47:00,DESPACHO,,NO,NO,1140910
4190139914,650338,V580,NORMAL,SI,True,,2020-09-24 22:47:00,DESPACHO,,NO,NO,1140910
4190139912,650338,V580,NORMAL,SI,True,,2020-09-24 22:47:00,DESPACHO,,NO,NO,1140910
4190139910,650338,V580,NORMAL,SI,True,,2020-09-24 22:47:00,DESPACHO,,NO,NO,2281822
4190139919,650029,V580,NORMAL,SI,True,,2020-09-24 22:47:00,DESPACHO,,NO,NO,924188
4190139862,345064,V400,NORMAL,SI,True,13-07-2026 8:30:00,2026-07-13 10:08:00,DESPACHO,0,NO,NO,635710
1167347,420428,V615,NORMAL,SI,True,09-07-2026 13:45:12,2026-07-09 14:11:00,DESPACHO,0,NO,NO,130639
1167341,400560,V612,NORMAL,SI,True,30-06-2026 14:21:29,2026-07-06 10:45:00,DESPACHO,4,NO,NO,437034
4190139849,810035,V800,NORMAL,SI,True,,2020-09-24 22:47:00,DESPACHO,,NO,NO,1607638
1167313,500145,V612,NORMAL,SI,True,,2020-09-24 22:47:00,DESPACHO,,NO,NO,55723
4190139815,495039,V650,NORMAL,SI,True,,2020-09-24 22:47:00,DESPACHO,,NO,NO,131059
4190139812,430606,V650,NORMAL,SI,True,10-07-2026 7:57:43,2026-07-10 09:10:00,DESPACHO,0,NO,NO,206546
4190139802,465043,V650,NORMAL,SI,True,,2020-09-24 22:47:00,DESPACHO,,NO,NO,203311
4190139799,650702,V580,NORMAL,SI,True,,2020-09-24 22:47:00,DESPACHO,,NO,NO,1658138
1167283,981617,V612,NORMAL,SI,True,,2020-09-24 22:47:00,DESPACHO,,NO,NO,2063569
4190139759,920044,V800,NORMAL,SI,True,25-06-2026 12:37:21,2026-06-26 09:24:00,DESPACHO,1,NO,NO,259877
4190139747,750258,V750,NORMAL,SI,True,,2020-09-24 22:47:00,DESPACHO,,NO,NO,407653
4190139742,650481,V580,NORMAL,SI,True,,2020-09-24 22:47:00,DESPACHO,,NO,NO,1327083
4190139740,850015,V800,NORMAL,SI,True,,2020-09-24 22:47:00,DESPACHO,,NO,NO,257239
1167222,500159,V550,NORMAL,SI,True,25-06-2026 12:52:49,2026-06-26 09:26:00,DESPACHO,1,NO,NO,814617
4190139732,140030,V817,NORMAL,SI,True,,2020-09-24 22:47:00,DESPACHO,,NO,NO,538617
1167201,410159,V585,NORMAL,SI,True,18-06-2026 11:56:30,2026-06-23 14:48:00,DESPACHO,3,NO,NO,11385808
1167198,411484,V612,NORMAL,SI,True,16-06-2026 0:00:00,2026-07-06 11:36:00,DESPACHO,13,NO,NO,877672
4190139722,900199,V800,NORMAL,SI,True,26-06-2026 12:45:40,2026-06-30 14:34:00,DESPACHO,1,NO,NO,1258106
4190139713,940066,V800,NORMAL,SI,True,23-06-2026 14:04:35,2026-06-23 14:29:00,DESPACHO,0,NO,NO,804197
1167196,150230,V585,NORMAL,SI,True,06-07-2026 9:31:46,2026-07-06 09:31:46,DESPACHO,0,NO,NO,2844
4190139708,140014,V817,NORMAL,SI,True,25-06-2026 16:21:08,2026-06-26 09:17:00,DESPACHO,1,NO,NO,1068711
1167181,410159,V585,NORMAL,SI,True,16-06-2026 11:50:43,2026-06-23 14:48:00,DESPACHO,5,NO,NO,1042200
1167180,410159,V585,NORMAL,SI,True,16-06-2026 11:50:52,2026-06-23 14:48:00,DESPACHO,5,NO,NO,320240
4190139689,850025,V800,NORMAL,SI,True,23-06-2026 10:57:03,2026-06-23 11:28:00,DESPACHO,0,NO,NO,179961
1167159,981505,V612,NORMAL,SI,True,15-06-2026 9:38:15,2026-06-23 08:48:00,DESPACHO,6,NO,NO,178717
1167158,430881,V612,NORMAL,SI,True,16-06-2026 14:16:35,2026-06-30 14:33:00,DESPACHO,9,NO,NO,180604
4190139691,850025,V800,NORMAL,SI,True,23-06-2026 0:00:00,2026-06-23 14:31:00,DESPACHO,0,NO,NO,28554
1167150,400454,V615,NORMAL,SI,True,22-06-2026 9:56:55,2026-06-22 16:36:00,DESPACHO,0,NO,NO,155232
4190139678,650668,V580,NORMAL,SI,True,,2020-09-24 22:47:00,DESPACHO,,NO,NO,499704
1167140,420093,V615,NORMAL,SI,True,19-06-2026 11:15:19,2026-06-22 16:24:00,DESPACHO,1,NO,NO,215256
4190139665,460213,V650,NORMAL,SI,True,24-06-2026 17:22:22,2026-06-25 11:52:00,DESPACHO,1,NO,NO,223365
4190139663,460213,V650,NORMAL,SI,True,25-06-2026 16:20:57,2026-06-26 09:24:00,DESPACHO,1,NO,NO,296982
4190139662,460213,V650,NORMAL,SI,True,24-06-2026 17:22:16,2026-06-25 11:51:00,DESPACHO,1,NO,NO,82208
4190139659,460141,V650,NORMAL,SI,True,22-06-2026 14:03:41,2026-06-23 11:32:00,DESPACHO,1,NO,NO,86892
4190139641,130142,V817,NORMAL,SI,True,19-06-2026 13:52:54,2026-06-22 15:48:00,DESPACHO,1,NO,NO,382863
4190139639,280026,V835,NORMAL,SI,True,30-06-2026 0:00:00,2026-06-30 12:40:00,DESPACHO,0,NO,NO,458405
1167124,411302,V612,NORMAL,SI,True,22-06-2026 12:09:51,2026-06-22 16:34:00,DESPACHO,0,NO,NO,330915
1167123,981617,V612,NORMAL,SI,True,16-06-2026 9:28:03,2026-06-17 12:07:00,DESPACHO,1,NO,NO,161422
1167121,981560,V612,NORMAL,SI,True,16-06-2026 10:31:10,2026-06-18 12:41:00,DESPACHO,2,NO,NO,80664
4190139636,335108,V400,NORMAL,SI,True,18-06-2026 18:04:44,2026-06-19 12:16:00,DESPACHO,1,NO,NO,405097
4190139628,335073,V400,NORMAL,SI,True,,2020-09-24 22:47:00,DESPACHO,,NO,NO,113214
1167110,981200,V612,NORMAL,SI,True,26-06-2026 11:00:28,2026-06-26 11:00:28,DESPACHO,0,NO,NO,9450
4190139625,335071,V400,NORMAL,SI,True,18-06-2026 15:20:00,2026-06-19 10:58:00,DESPACHO,1,NO,NO,219371
4190139623,325009,V835,NORMAL,SI,True,18-06-2026 11:10:54,2026-06-18 15:54:00,DESPACHO,0,NO,NO,40678
4190139617,950059,V800,NORMAL,SI,True,,2020-09-24 22:47:00,DESPACHO,,NO,NO,816062
4190139626,850025,V800,NORMAL,SI,True,18-06-2026 0:00:00,2026-06-18 15:59:00,DESPACHO,0,NO,NO,211188
4190139607,902008,V800,NORMAL,SI,True,16-06-2026 10:07:50,2026-06-16 15:07:00,DESPACHO,0,NO,NO,1011746
1167093,500006,V550,NORMAL,SI,True,16-06-2026 13:46:09,2026-06-16 14:23:00,DESPACHO,0,NO,NO,128748
1167085,410586,V612,NORMAL,SI,True,12-06-2026 0:00:00,2026-06-15 08:55:00,DESPACHO,1,NO,NO,2427413
1167083,410054,V612,NORMAL,SI,True,,2020-09-24 22:47:00,DESPACHO,,NO,NO,291760
4190139610,793001,V800,NORMAL,SI,True,18-06-2026 0:00:00,2026-06-18 16:07:00,DESPACHO,0,NO,NO,252362
4190139596,650090,V580,NORMAL,SI,True,11-06-2026 10:28:13,2026-06-12 10:42:00,DESPACHO,1,NO,NO,1387067
1167069,534001,V550,NORMAL,SI,True,11-06-2026 0:00:00,2026-06-12 10:44:00,DESPACHO,1,NO,NO,240600
4190139591,650469,V580,NORMAL,SI,True,,2020-09-24 22:47:00,DESPACHO,,NO,NO,1163622
1167067,411410,V612,NORMAL,SI,True,05-06-2026 12:24:59,2026-06-15 07:10:00,DESPACHO,6,NO,NO,44308
4190139588,480041,V400,NORMAL,SI,True,18-06-2026 9:23:03,2026-06-18 15:50:00,DESPACHO,0,NO,NO,576368
1167059,411313,V614,NORMAL,SI,True,,2020-09-24 22:47:00,DESPACHO,,NO,NO,1474284
4190139586,900193,V800,NORMAL,SI,True,16-06-2026 15:31:59,2026-06-17 15:25:00,DESPACHO,1,NO,NO,591683
4190139580,210085,V834,NORMAL,SI,True,10-06-2026 17:43:48,2026-06-11 11:27:00,DESPACHO,1,NO,NO,1746301
4190139572,310024,V835,NORMAL,SI,True,26-06-2026 12:57:11,2026-06-30 14:33:00,DESPACHO,1,NO,NO,288117
1167034,981498,V612,NORMAL,SI,True,26-06-2026 11:00:29,2026-06-26 11:00:29,DESPACHO,0,NO,NO,184880
4190139562,325008,V835,NORMAL,SI,True,09-06-2026 16:45:57,2026-06-10 12:51:00,DESPACHO,1,NO,NO,292310
4190139559,750286,V750,NORMAL,SI,True,,2020-09-24 22:47:00,DESPACHO,,NO,NO,672382
1166993,981471,V612,NORMAL,SI,True,09-06-2026 10:41:36,2026-06-09 13:14:00,DESPACHO,0,NO,NO,97696
4190139553,750246,V750,NORMAL,SI,True,,2020-09-24 22:47:00,DESPACHO,,NO,NO,1403413
4190139538,650338,V580,NORMAL,SI,True,10-06-2026 15:37:19,2026-06-11 11:23:00,DESPACHO,1,NO,NO,5408191
4190139535,650338,V580,NORMAL,SI,True,09-06-2026 15:15:34,2026-06-10 15:37:00,DESPACHO,1,NO,NO,5045496
1166855,550126,V550,NORMAL,SI,True,09-06-2026 15:25:00,2026-06-24 09:44:00,DESPACHO,11,NO,NO,469499
1166843,540064,V550,NORMAL,SI,True,16-06-2026 0:00:00,2026-06-16 15:10:00,DESPACHO,0,NO,NO,1674241
4190139509,650240,V580,NORMAL,SI,True,05-06-2026 9:49:10,2026-06-05 11:59:00,DESPACHO,0,NO,NO,1014607
4190139504,200186,V834,NORMAL,SI,True,04-06-2026 16:20:24,2026-06-05 11:56:00,DESPACHO,1,NO,NO,2064180
1166697,420424,V102,NORMAL,SI,True,08-06-2026 0:00:00,2026-06-08 00:00:00,DESPACHO,0,NO,NO,32293
4190139497,540046,V550,NORMAL,SI,True,16-06-2026 14:59:36,2026-06-17 15:27:00,DESPACHO,1,NO,NO,374061
4190139478,650353,V580,NORMAL,SI,True,,2020-09-24 22:47:00,DESPACHO,,NO,NO,646554
4190139477,650353,V580,NORMAL,SI,True,,2020-09-24 22:47:00,DESPACHO,,NO,NO,224802
4190139475,650353,V580,NORMAL,SI,True,,2020-09-24 22:47:00,DESPACHO,,NO,NO,509473
4190139442,580004,V550,NORMAL,SI,True,10-06-2026 11:21:01,2026-06-10 13:36:00,DESPACHO,0,NO,NO,297763
4190139464,650669,V580,NORMAL,SI,True,08-06-2026 14:29:54,2026-06-09 12:50:00,DESPACHO,1,NO,NO,1019856
4190139439,310037,V835,NORMAL,SI,True,28-05-2026 10:15:20,2026-06-23 07:16:00,DESPACHO,18,SI,NO,6959864
1166641,411460,V612,NORMAL,SI,True,26-05-2026 0:00:00,2026-06-01 09:14:00,DESPACHO,4,NO,NO,369448
1166624,981535,V612,NORMAL,SI,True,26-06-2026 11:00:33,2026-06-26 11:00:33,DESPACHO,0,NO,NO,32230
4190139409,470071,V650,NORMAL,SI,True,28-05-2026 15:14:46,2026-05-29 11:57:00,DESPACHO,1,NO,NO,694912
1166603,532010,V650,NORMAL,SI,True,28-05-2026 17:30:11,2026-05-29 11:57:00,DESPACHO,1,NO,NO,963481
4190139384,750151,V750,NORMAL,SI,True,27-05-2026 0:00:00,2026-05-28 11:25:00,DESPACHO,1,NO,NO,6077609
4190139374,420496,V615,NORMAL,SI,True,26-05-2026 0:00:00,2026-05-27 15:15:00,DESPACHO,1,NO,NO,361780
4190139373,430493,V615,NORMAL,SI,True,26-05-2026 17:01:46,2026-05-27 08:26:00,DESPACHO,1,NO,NO,880842
4190139361,900009,V800,NORMAL,SI,True,20-05-2026 0:00:00,2026-05-27 12:38:00,DESPACHO,4,NO,NO,960795
4190139362,500147,V650,NORMAL,SI,True,26-05-2026 0:00:00,2026-05-27 08:32:00,DESPACHO,1,NO,NO,623505
4190139353,649003,V108,NORMAL,SI,True,25-05-2026 0:00:00,2026-05-26 13:11:00,DESPACHO,1,NO,NO,87742
1166540,210067,V834,NORMAL,SI,True,20-05-2026 16:51:26,2026-05-25 12:54:00,DESPACHO,2,NO,NO,3760874
4190139345,793001,V800,NORMAL,SI,True,26-05-2026 0:00:00,2026-05-27 15:27:00,DESPACHO,1,NO,NO,596984
4190139344,921012,V800,NORMAL,SI,True,25-05-2026 10:29:21,2026-05-25 14:56:00,DESPACHO,0,NO,NO,529434
4190139334,430472,V615,NORMAL,SI,True,20-05-2026 17:00:12,2026-05-25 12:41:00,DESPACHO,2,NO,NO,768079
1166524,900005,V612,NORMAL,SI,True,11-06-2026 8:53:31,2026-06-12 10:37:00,DESPACHO,1,NO,NO,264389
1166517,649003,V108,NORMAL,SI,True,25-05-2026 10:34:36,2026-05-25 15:02:00,DESPACHO,0,NO,NO,798204
4190139320,465043,V650,NORMAL,SI,True,19-05-2026 0:00:00,2026-05-20 15:15:00,DESPACHO,1,NO,NO,111591
4190139318,465043,V650,NORMAL,SI,True,19-05-2026 15:15:23,2026-05-20 15:15:00,DESPACHO,1,NO,NO,209236
4190139314,650240,V580,NORMAL,SI,True,04-06-2026 16:21:23,2026-06-05 11:59:00,DESPACHO,1,NO,NO,113325
4190139301,750018,V750,NORMAL,SI,True,25-05-2026 11:14:53,2026-05-25 14:54:00,DESPACHO,0,NO,NO,1204041
1166484,410188,V612,NORMAL,SI,True,15-05-2026 9:48:02,2026-05-18 09:49:00,DESPACHO,1,NO,NO,358627
4190139299,430451,V615,NORMAL,SI,True,15-05-2026 0:00:00,2026-05-18 09:49:00,DESPACHO,1,NO,NO,651168
1166477,410586,V612,NORMAL,SI,True,14-05-2026 17:01:53,2026-05-18 09:49:00,DESPACHO,2,NO,NO,568712
1166473,411136,V615,NORMAL,SI,True,14-05-2026 17:07:45,2026-05-15 09:33:00,DESPACHO,1,NO,NO,64200
1166472,420630,V615,NORMAL,SI,True,28-05-2026 0:00:00,2026-05-28 00:00:00,DESPACHO,0,NO,NO,706552
1166471,700036,V108,NORMAL,SI,True,22-05-2026 0:00:00,2026-05-25 07:25:00,DESPACHO,1,NO,NO,6461797
1166470,411140,V614,NORMAL,SI,True,14-05-2026 17:55:14,2026-05-15 08:35:00,DESPACHO,1,NO,NO,77255
4190139284,430933,V615,NORMAL,SI,True,14-05-2026 17:17:17,2026-05-15 12:06:00,DESPACHO,1,NO,NO,2687100
1166468,371044,V614,NORMAL,SI,True,19-05-2026 11:23:02,2026-05-19 16:09:00,DESPACHO,0,NO,NO,1600640
1166462,410775,V614,NORMAL,SI,True,13-05-2026 15:43:15,2026-05-26 14:31:00,DESPACHO,8,NO,NO,1351494
1166459,210186,V834,NORMAL,SI,True,19-05-2026 15:22:36,2026-05-20 15:22:00,DESPACHO,1,NO,NO,523426
1166458,430843,V614,NORMAL,SI,True,14-05-2026 17:14:13,2026-05-15 08:56:00,DESPACHO,1,NO,NO,1970110
1166456,250067,V834,NORMAL,SI,True,19-05-2026 13:50:29,2026-05-19 16:20:00,DESPACHO,0,NO,NO,345950
4190139268,650347,V580,NORMAL,SI,True,14-05-2026 14:58:36,2026-05-18 16:25:00,DESPACHO,2,NO,NO,1600475
1166452,981560,V612,NORMAL,SI,True,15-05-2026 9:47:56,2026-05-18 09:49:00,DESPACHO,1,NO,NO,30150
1166445,981505,V612,NORMAL,SI,True,14-05-2026 15:52:34,2026-05-15 11:25:00,DESPACHO,1,NO,NO,93626
1166438,595020,V108,NORMAL,SI,True,20-05-2026 17:31:05,2026-05-22 11:18:00,DESPACHO,1,NO,NO,871196
1166435,410033,V614,NORMAL,SI,True,14-05-2026 13:44:21,2026-05-14 14:27:00,DESPACHO,0,NO,NO,129752
4190139245,257021,V835,NORMAL,SI,True,14-05-2026 18:14:04,2026-05-15 08:35:00,DESPACHO,1,NO,NO,821685
4190139239,352003,V835,NORMAL,SI,True,14-05-2026 17:55:37,2026-05-15 08:37:00,DESPACHO,1,NO,NO,252018
4190139236,411371,V615,NORMAL,SI,True,14-05-2026 14:57:55,2026-05-14 15:36:00,DESPACHO,0,NO,NO,239270
4190139232,535062,V650,NORMAL,SI,True,14-05-2026 16:44:50,2026-05-15 08:45:00,DESPACHO,1,NO,NO,95769
4190139231,481023,V650,NORMAL,SI,True,14-05-2026 12:28:39,2026-05-14 14:22:00,DESPACHO,0,NO,NO,46331
4190139254,700068,V108,NORMAL,SI,True,14-05-2026 16:53:02,2026-05-15 08:49:00,DESPACHO,1,NO,NO,954284
4190139234,410455,V615,NORMAL,SI,True,13-05-2026 15:43:46,2026-05-14 08:05:00,DESPACHO,1,NO,NO,182850
1166423,400560,V612,NORMAL,SI,True,12-05-2026 14:36:17,2026-05-13 09:52:00,DESPACHO,1,NO,NO,1114799
4190139218,920025,V800,NORMAL,SI,True,20-05-2026 14:28:59,2026-05-25 07:21:00,DESPACHO,2,NO,NO,6628250
4190139217,680013,V108,NORMAL,SI,True,20-05-2026 17:11:49,2026-05-22 11:16:00,DESPACHO,1,NO,NO,436080
1166421,981498,V612,NORMAL,SI,True,28-05-2026 12:25:54,2026-05-28 12:25:54,DESPACHO,0,NO,NO,34214
1166420,150230,V585,NORMAL,SI,True,18-05-2026 0:00:00,2026-05-18 16:31:00,DESPACHO,0,NO,NO,3228771
1166418,750158,V585,NORMAL,SI,True,13-05-2026 14:56:14,2026-05-14 08:12:00,DESPACHO,1,NO,NO,4147162
1166417,400454,V614,NORMAL,SI,True,14-05-2026 17:56:03,2026-05-15 08:38:00,DESPACHO,1,NO,NO,290024
4190139214,310062,V835,NORMAL,SI,True,14-05-2026 12:28:26,2026-05-14 14:23:00,DESPACHO,0,NO,NO,22012
1166416,430881,V612,NORMAL,SI,True,14-05-2026 9:28:19,2026-05-15 12:06:00,DESPACHO,1,NO,NO,737851
1166415,900239,V612,NORMAL,SI,True,12-05-2026 14:36:25,2026-05-13 09:39:00,DESPACHO,1,NO,NO,262159
1166411,981505,V612,NORMAL,SI,True,14-05-2026 12:28:31,2026-05-14 14:23:00,DESPACHO,0,NO,NO,20146
1166409,411500,V610,NORMAL,SI,True,12-05-2026 14:46:30,2026-05-13 09:52:00,DESPACHO,1,NO,NO,302701
4190139204,470052,V610,NORMAL,SI,True,14-05-2026 12:01:45,2026-05-14 12:47:00,DESPACHO,0,NO,NO,662514
4190139215,650030,V580,NORMAL,SI,True,14-05-2026 10:58:43,2026-05-14 12:03:00,DESPACHO,0,NO,NO,246107
4190139200,430743,V615,NORMAL,SI,True,12-05-2026 12:00:00,2026-05-12 12:18:00,DESPACHO,0,NO,NO,292400
4190139199,455174,V615,NORMAL,SI,True,12-05-2026 9:52:01,2026-05-12 11:00:00,DESPACHO,0,NO,NO,143758
4190139198,440172,V615,NORMAL,SI,True,13-05-2026 13:51:37,2026-05-13 14:20:00,DESPACHO,0,NO,NO,321851
4190139194,600016,V108,NORMAL,SI,True,14-05-2026 12:26:09,2026-05-14 15:09:00,DESPACHO,0,NO,NO,243704
4190139193,481023,V650,NORMAL,SI,True,14-05-2026 11:57:51,2026-05-14 12:46:00,DESPACHO,0,NO,NO,222499
4190139192,481023,V650,NORMAL,SI,True,11-05-2026 17:26:33,2026-05-12 09:09:00,DESPACHO,1,NO,NO,103545
4190139189,460138,V615,NORMAL,SI,True,11-05-2026 16:49:54,2026-05-12 09:03:00,DESPACHO,1,NO,NO,216170
1166401,410586,V612,NORMAL,SI,True,12-05-2026 14:46:24,2026-05-13 09:52:00,DESPACHO,1,NO,NO,583485
1166398,400317,V614,NORMAL,SI,True,12-05-2026 16:48:52,2026-05-13 12:15:00,DESPACHO,1,NO,NO,187347
4190139183,460004,V615,NORMAL,SI,True,12-05-2026 0:00:00,2026-05-12 12:18:00,DESPACHO,0,NO,NO,229955
1166392,410159,V585,NORMAL,SI,True,07-05-2026 16:40:13,2026-05-13 08:04:00,DESPACHO,4,NO,NO,12517466
4190139180,590042,V550,NORMAL,SI,True,14-05-2026 13:44:11,2026-05-14 15:38:00,DESPACHO,0,NO,NO,208580
4190139197,110044,V861,NORMAL,SI,True,14-05-2026 12:29:14,2026-05-14 13:14:00,DESPACHO,0,NO,NO,31221
1166397,360018,V614,NORMAL,SI,True,12-05-2026 14:27:42,2026-05-12 14:50:00,DESPACHO,0,NO,NO,38981
1166394,981200,V612,NORMAL,SI,True,28-05-2026 12:25:56,2026-05-28 12:25:56,DESPACHO,0,NO,NO,390960
4190139179,925015,V800,NORMAL,SI,True,12-05-2026 13:44:14,2026-05-12 16:18:00,DESPACHO,0,NO,NO,752351
4190139176,150265,V817,NORMAL,SI,True,12-05-2026 10:30:31,2026-05-12 11:21:00,DESPACHO,0,NO,NO,246911
4190139174,700068,V108,NORMAL,SI,True,12-05-2026 14:27:50,2026-05-12 14:52:00,DESPACHO,0,NO,NO,677768
4190139165,940036,V800,NORMAL,SI,True,26-05-2026 17:00:50,2026-05-27 15:25:00,DESPACHO,1,NO,NO,422462
4190139173,440425,V610,NORMAL,SI,True,12-05-2026 12:17:19,2026-05-13 09:52:00,DESPACHO,1,NO,NO,649544
4190139164,650469,V580,NORMAL,SI,True,13-05-2026 13:52:19,2026-05-13 16:44:00,DESPACHO,0,NO,NO,1598893
4190139141,735014,V750,NORMAL,SI,True,14-05-2026 17:00:21,2026-05-15 08:50:00,DESPACHO,1,NO,NO,969765
4190139140,350124,V835,NORMAL,SI,True,14-05-2026 17:55:23,2026-05-15 08:36:00,DESPACHO,1,NO,NO,292094
4190139760,820008,V800,SALDO,SI,True,26-06-2026 12:58:31,2026-06-30 11:32:00,DESPACHO,1,NO,NO,828968
1168135,750239,V750,NORMAL,SI,False,,,DESPACHO,,NO,NO,1309739
1168134,411402,V612,NORMAL,SI,False,,,DESPACHO,,NO,NO,560424
4190140027,100133,V861,NORMAL,SI,False,,,DESPACHO,,NO,NO,338715
1168130,445209,V650,NORMAL,SI,False,,,DESPACHO,,NO,NO,2706824
4190140023,455151,V650,NORMAL,SI,False,,,DESPACHO,,NO,NO,285423
1168125,410159,V585,NORMAL,SI,False,,,DESPACHO,,NO,NO,1203960
4190140017,210187,V834,NORMAL,SI,False,,,DESPACHO,,NO,NO,266294
1168120,371038,V612,NORMAL,SI,False,,,DESPACHO,,NO,NO,116897
1168113,440172,V615,NORMAL,SI,False,,,DESPACHO,,NO,NO,110558
1168109,371038,V612,NORMAL,SI,False,,,DESPACHO,,NO,NO,302357
1168106,371038,V612,NORMAL,SI,False,,,DESPACHO,,NO,NO,67462
1168086,445209,V650,NORMAL,SI,False,,,DESPACHO,,NO,NO,1353412
1168064,420743,V610,NORMAL,SI,False,,,DESPACHO,,NO,NO,848880
1167574,750034,V750,FES,SI,False,,,MANIFIESTO,,NO,NO,3285138
4190139778,470052,V650,NORMAL,SI,False,,,DESPACHO,,NO,NO,1794632
4190139772,340007,V400,NORMAL,SI,False,,,DESPACHO,,NO,NO,284470
4190139739,280028,V835,NORMAL,SI,False,,,DESPACHO,,NO,NO,859978
1167169,410586,V612,NORMAL,SI,False,,,DESPACHO,,NO,NO,231622
4190139492,445107,V615,FES,SI,False,,,MANIFIESTO,,NO,NO,747268
4190139472,420492,V615,FES,SI,False,,,MANIFIESTO,,NO,NO,1025963
4190139470,750015,V750,NORMAL,SI,False,,,DESPACHO,,NO,NO,3386374
1167926,420450,V585,FES,SI,True,02-07-2026 8:20:35,2026-07-08 00:00:00,MANIFIESTO,4,NO,NO,818175
1167658,650222,V580,FES,SI,True,02-07-2026 9:59:33,2026-07-20 00:00:00,MANIFIESTO,11,NO,NO,98521774
1167646,800131,V800,FES,SI,True,01-07-2026 14:45:52,2026-07-13 00:00:00,MANIFIESTO,8,NO,NO,771421
1167645,800131,V800,FES,SI,True,01-07-2026 14:45:45,2026-07-13 00:00:00,MANIFIESTO,8,NO,NO,552161
1167627,650222,V580,FES,SI,True,02-07-2026 8:20:58,2026-07-22 00:00:00,MANIFIESTO,13,NO,NO,3420881
1167614,650222,V580,FES,SI,True,02-07-2026 8:20:50,2026-07-22 00:00:00,MANIFIESTO,13,NO,NO,11890005
4190139938,440433,V610,FES,SI,True,01-07-2026 10:50:36,2026-07-27 00:00:00,MANIFIESTO,17,SI,NO,8731243
1167581,440409,V585,FES,SI,True,10-07-2026 8:26:49,2026-07-10 00:00:00,MANIFIESTO,,NO,NO,854676
4190139903,410455,V650,FES,SI,True,30-06-2026 13:00:39,2026-07-07 00:00:00,MANIFIESTO,5,NO,NO,140903
4190139902,455211,V610,FES,SI,True,30-06-2026 13:45:10,2026-07-07 00:00:00,MANIFIESTO,5,NO,NO,6802980
1167483,600134,V580,FES,SI,True,02-07-2026 8:20:36,2026-07-07 00:00:00,MANIFIESTO,3,NO,NO,481086
1167482,660056,V580,FES,SI,True,02-07-2026 8:22:13,2026-07-07 00:00:00,MANIFIESTO,3,NO,NO,501552
1167481,650666,V580,FES,SI,True,02-07-2026 8:22:01,2026-07-07 00:00:00,MANIFIESTO,3,NO,NO,119124
4190139892,650338,V580,FES,SI,True,30-06-2026 14:25:58,2026-07-07 00:00:00,MANIFIESTO,5,NO,NO,2980190
4190139889,400247,V610,FES,SI,True,01-07-2026 14:40:15,2026-07-23 00:00:00,MANIFIESTO,15,NO,NO,3068252
4190139888,400247,V610,FES,SI,True,01-07-2026 14:43:19,2026-07-23 00:00:00,MANIFIESTO,15,NO,NO,6608816
1167478,750285,V580,FES,SI,True,02-07-2026 8:22:25,2026-07-07 00:00:00,MANIFIESTO,3,NO,NO,506667
1167479,650664,V580,FES,SI,True,02-07-2026 8:21:18,2026-07-07 00:00:00,MANIFIESTO,3,NO,NO,537365
4190139882,420743,V610,FES,SI,True,01-07-2026 14:59:33,2026-07-30 00:00:00,MANIFIESTO,20,SI,NO,29466054
4190139883,420743,V610,FES,SI,True,01-07-2026 14:41:03,2026-07-30 00:00:00,MANIFIESTO,20,SI,NO,3665592
4190139881,600016,V108,FES,SI,True,30-06-2026 9:43:38,2026-07-07 00:00:00,MANIFIESTO,5,NO,NO,261430
4190139878,720032,V108,FES,SI,True,26-06-2026 14:29:51,2026-07-13 00:00:00,MANIFIESTO,10,NO,NO,441872
1167380,981528,V612,FES,SI,True,26-06-2026 12:58:56,2026-07-07 00:00:00,MANIFIESTO,6,NO,NO,71831
1167379,981528,V612,FES,SI,True,26-06-2026 12:58:55,2026-07-07 00:00:00,MANIFIESTO,6,NO,NO,143662
1167373,430578,V612,FES,SI,True,30-06-2026 9:43:18,2026-07-23 00:00:00,MANIFIESTO,16,SI,NO,983960
4190139868,940036,V800,FES,SI,True,01-07-2026 16:56:15,2026-07-13 00:00:00,MANIFIESTO,8,NO,NO,2877519
1167360,410159,V585,FES,SI,True,07-07-2026 12:05:52,2026-07-07 00:00:00,MANIFIESTO,,NO,NO,12423612
4190139858,940036,V800,FES,SI,True,01-07-2026 16:56:13,2026-07-13 00:00:00,MANIFIESTO,8,NO,NO,916700
1167340,400560,V612,FES,SI,True,26-06-2026 12:57:46,2026-07-06 00:00:00,MANIFIESTO,5,NO,NO,8576552
1167324,200049,V834,FES,SI,True,26-06-2026 0:00:00,2026-07-10 00:00:00,MANIFIESTO,9,NO,NO,1645250
1167318,430676,V615,FES,SI,True,26-06-2026 0:00:00,2026-07-03 00:00:00,MANIFIESTO,4,NO,NO,821528
1167317,430676,V615,FES,SI,True,26-06-2026 0:00:00,2026-07-06 00:00:00,MANIFIESTO,5,NO,NO,477204
1167311,981560,V612,FES,SI,True,01-07-2026 12:11:42,2026-07-06 00:00:00,MANIFIESTO,3,NO,NO,248115
4190139804,940036,V800,FES,SI,True,01-07-2026 16:56:12,2026-07-09 00:00:00,MANIFIESTO,6,NO,NO,1617687
4190139801,940036,V800,FES,SI,True,01-07-2026 16:56:04,2026-07-08 00:00:00,MANIFIESTO,5,NO,NO,3008862
1167287,981560,V612,FES,SI,True,01-07-2026 12:11:41,2026-07-06 00:00:00,MANIFIESTO,3,NO,NO,191928
4190139788,100045,V861,FES,SI,True,01-07-2026 11:21:24,2026-07-09 00:00:00,MANIFIESTO,6,NO,NO,1208567
4190139745,650347,V580,FES,SI,True,30-06-2026 14:14:33,2026-07-02 00:00:00,MANIFIESTO,2,NO,NO,430999
4190139682,650347,V580,FES,SI,True,30-06-2026 14:14:33,2026-07-03 00:00:00,MANIFIESTO,3,NO,NO,1955217
1167106,970007,V906,FES,SI,True,26-06-2026 11:00:26,2026-06-26 00:00:00,MANIFIESTO,,NO,NO,135006
1167090,550145,V610,FES,SI,True,26-06-2026 10:58:42,2026-07-02 00:00:00,MANIFIESTO,3,NO,NO,579090
4190139574,650347,V580,FES,SI,True,30-06-2026 14:14:22,2026-07-03 00:00:00,MANIFIESTO,3,NO,NO,748852
1166838,411402,V612,FES,SI,True,01-06-2026 9:44:17,2026-06-05 00:00:00,MANIFIESTO,4,NO,NO,3476479
1166700,420743,V610,FES,SI,True,30-05-2026 9:18:48,2026-06-04 00:00:00,MANIFIESTO,4,NO,NO,7113340
4190139496,500320,V650,FES,SI,True,01-06-2026 12:22:29,2026-06-05 00:00:00,MANIFIESTO,4,NO,NO,36180
1166699,420743,V610,FES,SI,True,01-06-2026 9:02:31,2026-06-04 00:00:00,MANIFIESTO,3,NO,NO,5659192
1166696,410159,V585,FES + SALDO,SI,True,28-05-2026 16:53:23,2026-06-05 00:00:00,MANIFIESTO,6,NO,NO,49828876
1166660,550145,V550,FES,SI,True,26-06-2026 12:58:16,2026-07-03 00:00:00,MANIFIESTO,4,NO,NO,2636403
1166656,650464,V612,FES,SI,True,01-06-2026 9:02:43,2026-06-03 00:00:00,MANIFIESTO,2,NO,NO,1188512
1166377,440454,V615,FES,SI,True,04-05-2026 0:00:00,2026-05-12 00:00:00,MANIFIESTO,6,NO,NO,11720757
4190139166,455211,V610,FES,SI,True,04-05-2026 12:56:25,2026-05-11 00:00:00,MANIFIESTO,5,NO,NO,1476379
1166295,410586,V612,FES,SI,True,04-05-2026 11:04:33,2026-05-11 00:00:00,MANIFIESTO,5,NO,NO,171820
1166144,440474,V610,FES,SI,True,04-05-2026 11:04:39,2026-05-18 00:00:00,MANIFIESTO,10,NO,NO,24986591
1166070,440454,V615,FES,SI,True,02-05-2026 11:29:36,2026-05-14 00:00:00,MANIFIESTO,9,NO,NO,45103701
1166069,411402,V612,FES,SI,True,30-04-2026 15:36:04,2026-05-11 00:00:00,MANIFIESTO,6,NO,NO,128645
1166060,410586,V612,FES,SI,True,30-04-2026 10:44:17,2026-05-11 00:00:00,MANIFIESTO,6,NO,NO,155782
4190139156,550126,V550,FES,SI,True,02-05-2026 11:30:35,2026-05-11 00:00:00,MANIFIESTO,6,NO,NO,1501701
1166057,420743,V610,FES,SI,True,30-04-2026 20:36:55,2026-06-03 00:00:00,MANIFIESTO,22,SI,SI,24778068
4190139947,900113,V800,FES,SI,True,02-07-2026 9:45:57,2026-07-10 00:00:00,MANIFIESTO,6,NO,NO,262801
4190139944,411459,V650,FES,SI,True,01-07-2026 15:07:36,2026-07-13 00:00:00,MANIFIESTO,8,NO,NO,270198
4190139943,411459,V650,FES,SI,True,01-07-2026 15:07:34,2026-07-13 00:00:00,MANIFIESTO,8,NO,NO,237235
1167628,110198,V861,FES,SI,True,01-07-2026 0:00:00,2026-07-14 00:00:00,MANIFIESTO,9,NO,NO,6785153
4190139937,205051,V834,FES,SI,True,01-07-2026 8:59:03,2026-07-13 00:00:00,MANIFIESTO,8,NO,NO,1197625
4190139936,940054,V800,FES,SI,True,01-07-2026 8:59:52,2026-07-08 00:00:00,MANIFIESTO,5,NO,NO,428943
4190139935,940054,V800,FES,SI,True,01-07-2026 8:59:52,2026-07-09 00:00:00,MANIFIESTO,6,NO,NO,832560
4190139934,940054,V800,FES,SI,True,01-07-2026 8:59:46,2026-07-08 00:00:00,MANIFIESTO,5,NO,NO,626260
4190139932,100060,V861,FES,SI,True,01-07-2026 14:44:29,2026-07-10 00:00:00,MANIFIESTO,7,NO,NO,3413923
4190139931,940051,V800,FES,SI,True,01-07-2026 8:59:40,2026-07-09 00:00:00,MANIFIESTO,6,NO,NO,3188112
4190139930,100122,V861,FES,SI,True,01-07-2026 8:58:39,2026-07-10 00:00:00,MANIFIESTO,7,NO,NO,515809
4190139928,455151,V650,FES,SI,True,01-07-2026 8:59:27,2026-07-09 00:00:00,MANIFIESTO,6,NO,NO,425054
4190139927,940051,V800,FES,SI,True,01-07-2026 8:59:29,2026-07-09 00:00:00,MANIFIESTO,6,NO,NO,1252520
4190139926,455151,V650,FES,SI,True,30-06-2026 18:45:04,2026-07-13 00:00:00,MANIFIESTO,9,NO,NO,311455
4190139924,110063,V861,FES,SI,True,01-07-2026 8:58:42,2026-07-09 00:00:00,MANIFIESTO,6,NO,NO,1068441
4190139923,335023,V400,FES,SI,True,30-06-2026 18:45:00,2026-07-10 00:00:00,MANIFIESTO,8,NO,NO,780370
1167579,400319,V615,FES,SI,True,01-07-2026 9:49:11,2026-07-07 00:00:00,MANIFIESTO,4,NO,NO,399897
1167578,420263,V615,FES,SI,True,30-06-2026 18:16:02,2026-07-09 00:00:00,MANIFIESTO,7,NO,NO,252846
4190139920,560020,V550,FES,SI,True,02-07-2026 14:45:08,2026-07-10 00:00:00,MANIFIESTO,6,NO,NO,1270081
1167576,595011,V108,FES,SI,True,30-06-2026 18:45:32,2026-07-21 00:00:00,MANIFIESTO,14,NO,NO,15018994
1167575,150290,V817,FES,SI,True,30-06-2026 18:14:26,2026-07-13 00:00:00,MANIFIESTO,9,NO,NO,561647
1167573,400495,V615,FES,SI,True,01-07-2026 9:49:17,2026-07-08 00:00:00,MANIFIESTO,5,NO,NO,303529
1167571,410850,V102,FES,SI,True,30-06-2026 18:15:55,2026-07-07 00:00:00,MANIFIESTO,5,NO,NO,333991
4190139915,430852,V650,FES,SI,True,30-06-2026 18:16:25,2026-07-07 00:00:00,MANIFIESTO,5,NO,NO,334965
4190139908,350045,V400,FES,SI,True,30-06-2026 14:25:50,2026-07-08 00:00:00,MANIFIESTO,6,NO,NO,450583
4190139901,950056,V800,FES,SI,True,30-06-2026 13:01:53,2026-07-13 00:00:00,MANIFIESTO,9,NO,NO,2099475
4190139900,900221,V800,FES,SI,True,01-07-2026 9:49:54,2026-07-10 00:00:00,MANIFIESTO,7,NO,NO,3946386
4190139899,500165,V550,FES,SI,True,30-06-2026 12:29:12,2026-07-13 00:00:00,MANIFIESTO,9,NO,NO,294580
1167487,130126,V817,FES,SI,True,01-07-2026 14:44:34,2026-07-08 00:00:00,MANIFIESTO,5,NO,NO,631504
4190139898,445070,V650,FES,SI,True,30-06-2026 13:45:12,2026-07-13 00:00:00,MANIFIESTO,9,NO,NO,305030
4190139897,540064,V550,FES,SI,True,01-07-2026 14:45:29,2026-07-30 00:00:00,MANIFIESTO,20,SI,NO,3292437
1167486,130083,V817,FES,SI,True,30-06-2026 12:29:06,2026-07-13 00:00:00,MANIFIESTO,9,NO,NO,382993
4190139896,455174,V650,FES,SI,True,30-06-2026 11:00:12,2026-07-07 00:00:00,MANIFIESTO,5,NO,NO,180873
1167485,430932,V615,FES,SI,True,30-06-2026 0:00:00,2026-07-07 00:00:00,MANIFIESTO,5,NO,NO,53023
4190139893,200149,V834,FES,SI,True,01-07-2026 8:58:57,2026-07-14 00:00:00,MANIFIESTO,9,NO,NO,1144532
4190139925,411459,V650,FES,SI,True,01-07-2026 10:50:34,2026-07-07 00:00:00,MANIFIESTO,4,NO,NO,298693
4190139895,495028,V650,FES,SI,True,30-06-2026 14:14:19,2026-07-07 00:00:00,MANIFIESTO,5,NO,NO,278183
4190139918,460198,V650,FES,SI,True,30-06-2026 18:16:32,2026-07-10 00:00:00,MANIFIESTO,8,NO,NO,271275
4190139933,940054,V800,FES,SI,True,01-07-2026 8:59:46,2026-07-09 00:00:00,MANIFIESTO,6,NO,NO,1154579
4190139929,468007,V650,FES,SI,True,01-07-2026 8:59:27,2026-07-09 00:00:00,MANIFIESTO,6,NO,NO,325753
1167475,130034,V817,FES,SI,True,30-06-2026 13:45:14,2026-07-10 00:00:00,MANIFIESTO,8,NO,NO,2088795
4190139891,880054,V800,FES,SI,True,01-07-2026 12:11:40,2026-07-13 00:00:00,MANIFIESTO,8,NO,NO,211144
4190139887,695045,V108,FES,SI,True,30-06-2026 14:26:07,2026-07-07 00:00:00,MANIFIESTO,5,NO,NO,496600
4190139886,895020,V800,FES,SI,True,30-06-2026 9:43:22,2026-07-13 00:00:00,MANIFIESTO,9,NO,NO,246251
4190139885,920025,V800,FES,SI,True,30-06-2026 9:43:23,2026-07-07 00:00:00,MANIFIESTO,5,NO,NO,380966
1167471,400471,V615,FES,SI,True,30-06-2026 9:44:26,2026-07-08 00:00:00,MANIFIESTO,6,NO,NO,103709
4190139879,110044,V861,FES,SI,True,30-06-2026 9:44:24,2026-07-13 00:00:00,MANIFIESTO,9,NO,NO,1801655
4190139875,900221,V800,FES,SI,True,01-07-2026 9:49:32,2026-07-09 00:00:00,MANIFIESTO,6,NO,NO,1242396
1167470,430932,V615,FES,SI,True,30-06-2026 9:43:21,2026-07-07 00:00:00,MANIFIESTO,5,NO,NO,479001
1167469,400666,V615,FES,SI,True,30-06-2026 9:44:30,2026-07-13 00:00:00,MANIFIESTO,9,NO,NO,684627
4190139873,653013,V580,FES,SI,True,01-07-2026 9:49:21,2026-07-08 00:00:00,MANIFIESTO,5,NO,NO,1142114
4190139872,650240,V580,FES,SI,True,26-06-2026 12:58:27,2026-07-07 00:00:00,MANIFIESTO,6,NO,NO,215412
4190139870,880051,V800,FES,SI,True,26-06-2026 12:58:46,2026-07-06 00:00:00,MANIFIESTO,5,NO,NO,176350
4190139867,571001,V550,FES,SI,True,26-06-2026 12:58:18,2026-07-06 00:00:00,MANIFIESTO,5,NO,NO,2677468
4190139866,345382,V400,FES,SI,True,26-06-2026 12:57:44,2026-07-06 00:00:00,MANIFIESTO,5,NO,NO,2318014
4190139864,375050,V400,FES,SI,True,30-06-2026 10:59:58,2026-07-13 00:00:00,MANIFIESTO,9,NO,NO,1615115
1167359,700161,V108,FES,SI,True,01-07-2026 14:45:41,2026-07-09 00:00:00,MANIFIESTO,6,NO,NO,1162903
1167351,440181,V615,FES,SI,True,26-06-2026 12:58:04,2026-07-09 00:00:00,MANIFIESTO,8,NO,NO,17735
1167365,280023,V835,FES,SI,True,01-07-2026 8:59:20,2026-07-14 00:00:00,MANIFIESTO,9,NO,NO,9180229
4190139859,880051,V800,FES,SI,True,30-06-2026 12:29:13,2026-07-14 00:00:00,MANIFIESTO,10,NO,NO,491282
4190139857,411330,V800,FES,SI,True,26-06-2026 10:58:38,2026-07-06 00:00:00,MANIFIESTO,5,NO,NO,3210476
4190139856,190006,V834,FES,SI,True,30-06-2026 12:29:08,2026-07-10 00:00:00,MANIFIESTO,8,NO,NO,869744
4190139853,653013,V580,FES,SI,True,26-06-2026 10:59:01,2026-07-03 00:00:00,MANIFIESTO,4,NO,NO,2032365
4190139851,260025,V835,FES,SI,True,26-06-2026 12:57:24,2026-07-03 00:00:00,MANIFIESTO,4,NO,NO,1873035
1167337,430848,V615,FES,SI,True,30-06-2026 18:45:03,2026-07-03 00:00:00,MANIFIESTO,3,NO,NO,160729
4190139845,250048,V834,FES,SI,True,26-06-2026 10:57:49,2026-07-13 00:00:00,MANIFIESTO,10,NO,NO,533837
1167316,327013,V400,FES,SI,True,30-06-2026 12:29:10,2026-07-03 00:00:00,MANIFIESTO,3,NO,NO,191877
1167315,540064,V550,FES,SI,True,01-07-2026 14:59:58,2026-07-30 00:00:00,MANIFIESTO,20,SI,NO,8526368
1167314,540064,V550,FES,SI,True,01-07-2026 14:59:33,2026-07-06 00:00:00,MANIFIESTO,3,NO,NO,3518751
1167309,260035,V835,FES,SI,True,26-06-2026 12:57:32,2026-07-03 00:00:00,MANIFIESTO,4,NO,NO,1971634
4190139833,351028,V400,FES,SI,True,01-07-2026 14:44:43,2026-07-13 00:00:00,MANIFIESTO,8,NO,NO,484662
1167304,590042,V610,FES,SI,True,02-07-2026 9:46:54,2026-07-03 00:00:00,MANIFIESTO,1,NO,NO,643585
1167303,150316,V817,FES,SI,True,30-06-2026 18:14:40,2026-07-09 00:00:00,MANIFIESTO,7,NO,NO,1519162
4190139832,190001,V834,FES,SI,True,26-06-2026 10:57:48,2026-07-07 00:00:00,MANIFIESTO,6,NO,NO,1642270
4190139827,460268,V650,FES,SI,True,30-06-2026 18:45:16,2026-07-06 00:00:00,MANIFIESTO,4,NO,NO,237123
4190139825,210135,V834,FES,SI,True,30-06-2026 18:15:28,2026-07-13 00:00:00,MANIFIESTO,9,NO,NO,5060188
4190139823,496035,V650,FES,SI,True,30-06-2026 18:45:20,2026-07-06 00:00:00,MANIFIESTO,4,NO,NO,142547
4190139820,455351,V650,FES,SI,True,30-06-2026 18:45:14,2026-07-06 00:00:00,MANIFIESTO,4,NO,NO,151636
4190139819,471012,V650,FES,SI,True,30-06-2026 18:45:18,2026-07-06 00:00:00,MANIFIESTO,4,NO,NO,161308
4190139818,460270,V650,FES,SI,True,30-06-2026 13:45:08,2026-07-06 00:00:00,MANIFIESTO,4,NO,NO,177549
4190139811,411412,V650,FES,SI,True,30-06-2026 11:00:10,2026-07-08 00:00:00,MANIFIESTO,6,NO,NO,249968
4190139805,460508,V650,FES,SI,True,30-06-2026 14:14:11,2026-07-06 00:00:00,MANIFIESTO,4,NO,NO,231934
4190139803,460508,V650,FES,SI,True,30-06-2026 14:14:11,2026-07-10 00:00:00,MANIFIESTO,8,NO,NO,561864
1167295,655013,V580,FES,SI,True,26-06-2026 11:00:05,2026-07-02 00:00:00,MANIFIESTO,3,NO,NO,935220
1167294,655013,V580,FES,SI,True,26-06-2026 10:59:02,2026-07-06 00:00:00,MANIFIESTO,5,NO,NO,4548638
4190139798,340001,V400,FES,SI,True,26-06-2026 12:57:34,2026-07-03 00:00:00,MANIFIESTO,4,NO,NO,140689
4190139796,455073,V650,FES,SI,True,01-07-2026 9:49:18,2026-07-06 00:00:00,MANIFIESTO,3,NO,NO,2664589
4190139792,456020,V650,FES,SI,True,01-07-2026 9:49:20,2026-07-06 00:00:00,MANIFIESTO,3,NO,NO,284801
1167285,370088,V615,FES,SI,True,30-06-2026 18:15:30,2026-07-08 00:00:00,MANIFIESTO,6,NO,NO,380543
4190139786,440549,V650,FES,SI,True,01-07-2026 14:45:12,2026-07-06 00:00:00,MANIFIESTO,3,NO,NO,176386
4190139817,470028,V650,FES,SI,True,02-07-2026 11:50:29,2026-07-08 00:00:00,MANIFIESTO,4,NO,NO,153482
4190139795,335072,V400,FES,SI,True,,2026-07-13 00:00:00,MANIFIESTO,,NO,NO,399059
4190139787,790009,V750,FES,SI,True,01-07-2026 14:45:43,2026-07-13 00:00:00,MANIFIESTO,8,NO,NO,452258
4190139775,900234,V800,FES,SI,True,26-06-2026 14:09:32,2026-07-10 00:00:00,MANIFIESTO,9,NO,NO,744179
4190139771,340033,V400,FES,SI,True,01-07-2026 14:59:19,2026-07-13 00:00:00,MANIFIESTO,8,NO,NO,239461
1167260,530075,V550,FES,SI,True,02-07-2026 10:13:35,2026-07-10 00:00:00,MANIFIESTO,6,NO,NO,403510
1167256,550182,V550,FES,SI,True,01-07-2026 14:45:30,2026-07-10 00:00:00,MANIFIESTO,7,NO,NO,431217
1167250,462022,V650,FES,SI,True,30-06-2026 14:14:16,2026-07-08 00:00:00,MANIFIESTO,6,NO,NO,545792
4190139751,462022,V650,FES,SI,True,30-06-2026 14:14:19,2026-07-10 00:00:00,MANIFIESTO,8,NO,NO,273840
4190139750,495060,V650,FES,SI,True,30-06-2026 11:00:13,2026-07-08 00:00:00,MANIFIESTO,6,NO,NO,266498
1167243,455230,V650,FES,SI,True,30-06-2026 18:45:13,2026-07-10 00:00:00,MANIFIESTO,8,NO,NO,951147
1167242,455230,V650,FES,SI,True,30-06-2026 18:45:07,2026-07-09 00:00:00,MANIFIESTO,7,NO,NO,108276
4190139738,257006,V835,FES,SI,True,26-06-2026 10:57:54,2026-07-06 00:00:00,MANIFIESTO,5,NO,NO,1957281
4190139737,200186,V834,FES,SI,True,30-06-2026 12:29:09,2026-07-08 00:00:00,MANIFIESTO,6,NO,NO,1584139
4190139736,325097,V835,FES,SI,True,26-06-2026 10:57:55,2026-07-06 00:00:00,MANIFIESTO,5,NO,NO,278252
1167223,510013,V550,FES,SI,True,02-07-2026 14:45:07,2026-07-10 00:00:00,MANIFIESTO,6,NO,NO,1838938
4190139730,110044,V861,FES,SI,True,26-06-2026 10:53:24,2026-06-30 00:00:00,MANIFIESTO,1,NO,NO,1186098
4190139727,462022,V650,FES,SI,True,30-06-2026 18:16:36,2026-07-10 00:00:00,MANIFIESTO,8,NO,NO,2207333
1167171,420493,V615,FES,SI,True,30-06-2026 10:12:56,2026-07-07 00:00:00,MANIFIESTO,5,NO,NO,236880
4190139676,100205,V861,FES,SI,True,30-06-2026 9:42:57,2026-07-10 00:00:00,MANIFIESTO,8,NO,NO,335195
4190139673,350161,V835,FES,SI,True,01-07-2026 11:19:41,2026-07-09 00:00:00,MANIFIESTO,6,NO,NO,1009648
4190139661,460051,V650,FES,SI,True,01-07-2026 15:35:55,2026-07-10 00:00:00,MANIFIESTO,7,NO,NO,81925
4190139654,650668,V580,FES,SI,True,02-07-2026 0:00:00,2026-07-10 00:00:00,MANIFIESTO,6,NO,NO,302577
1167101,530031,V550,FES,SI,True,30-06-2026 14:25:53,2026-07-03 00:00:00,MANIFIESTO,3,NO,NO,353490
4190139616,110044,V861,FES,SI,True,26-06-2026 10:53:12,2026-06-30 00:00:00,MANIFIESTO,1,NO,NO,2708953
4190139615,110054,V861,FES,SI,True,26-06-2026 12:57:01,2026-07-02 00:00:00,MANIFIESTO,3,NO,NO,769459
4190139609,130053,V817,FES + SALDO,SI,True,26-06-2026 12:57:11,2026-07-03 00:00:00,MANIFIESTO,4,NO,NO,2187751
1167033,590042,V550,FES,SI,True,02-07-2026 9:46:52,2026-07-03 00:00:00,MANIFIESTO,1,NO,NO,664132
1166844,430929,V615,FES,SI,True,01-06-2026 10:55:10,2026-06-15 00:00:00,MANIFIESTO,10,NO,NO,16662603
4190139518,460111,V615,FES,SI,True,30-05-2026 9:18:59,2026-06-05 00:00:00,MANIFIESTO,5,NO,NO,238386
1166789,430946,V615,FES,SI,True,05-06-2026 9:05:54,2026-06-05 00:00:00,MANIFIESTO,,NO,NO,1863968
1166790,430667,V615,FES,SI,True,01-06-2026 12:17:08,2026-06-05 00:00:00,MANIFIESTO,4,NO,NO,2104792
4190139511,190006,V834,FES,SI,True,01-06-2026 0:00:00,2026-06-05 00:00:00,MANIFIESTO,4,NO,NO,901927
1166686,445124,V610,FES,SI,True,29-05-2026 9:30:26,2026-06-09 00:00:00,MANIFIESTO,7,NO,NO,3856400
1166684,430945,V615,FES,SI,True,01-06-2026 0:00:00,2026-06-04 00:00:00,MANIFIESTO,3,NO,NO,149814
4190139493,411496,V615,FES,SI,True,01-06-2026 13:54:58,2026-06-04 00:00:00,MANIFIESTO,3,NO,NO,297925
1166705,130107,V817,FES,SI,True,30-05-2026 9:18:41,2026-06-05 00:00:00,MANIFIESTO,5,NO,NO,174478
4190139483,902005,V800,FES,SI,True,26-06-2026 12:58:54,2026-07-06 00:00:00,MANIFIESTO,5,NO,NO,2429878
4190139465,770015,V750,FES,SI,True,28-05-2026 15:56:33,2026-06-05 00:00:00,MANIFIESTO,6,NO,NO,1098821
4190139460,110044,V861,FES,SI,True,01-06-2026 16:30:10,2026-06-03 00:00:00,MANIFIESTO,2,NO,NO,978012
1166655,190025,V834,FES,SI,True,28-05-2026 12:25:07,2026-06-03 00:00:00,MANIFIESTO,4,NO,NO,2008918
4190139432,950050,V800,FES,SI,True,01-06-2026 9:45:07,2026-06-03 00:00:00,MANIFIESTO,2,NO,NO,1557170
1166626,400526,V614,FES,SI,True,29-05-2026 9:36:10,2026-06-01 00:00:00,MANIFIESTO,1,NO,NO,180728
4190139414,535061,V650,FES,SI,True,29-05-2026 0:00:00,2026-06-01 00:00:00,MANIFIESTO,1,NO,NO,87404
4190139413,535061,V650,FES,SI,True,29-05-2026 11:11:45,2026-06-01 00:00:00,MANIFIESTO,1,NO,NO,211119
4190139403,610014,V580,FES,SI,True,01-06-2026 9:02:33,2026-06-03 00:00:00,MANIFIESTO,2,NO,NO,210367
1166600,532010,V650,FES,SI,True,28-05-2026 12:25:48,2026-06-01 00:00:00,MANIFIESTO,2,NO,NO,5831458
4190139382,420642,V615,FES,SI,True,01-06-2026 13:11:50,2026-06-05 00:00:00,MANIFIESTO,4,NO,NO,465510
1166585,420496,V615,FES,SI,True,28-05-2026 12:25:09,2026-06-02 00:00:00,MANIFIESTO,3,NO,NO,338533
1166565,540068,V550,FES,SI,True,01-06-2026 10:55:19,2026-06-04 00:00:00,MANIFIESTO,3,NO,NO,6001065
4190139347,100013,V861,FES,SI,True,01-06-2026 16:30:07,2026-06-04 00:00:00,MANIFIESTO,3,NO,NO,876355
4190139330,100090,V861,FES,SI,True,01-06-2026 12:22:07,2026-06-03 00:00:00,MANIFIESTO,2,NO,NO,1442476
4190139171,260035,V835,FES,SI,True,04-05-2026 13:05:34,2026-05-14 00:00:00,MANIFIESTO,8,NO,NO,156551
4190139163,345159,V400,FES,SI,True,02-05-2026 10:46:28,2026-05-11 00:00:00,MANIFIESTO,6,NO,NO,50504
4190139159,300032,V835,FES,SI,True,02-05-2026 11:29:07,2026-05-11 00:00:00,MANIFIESTO,6,NO,NO,102530
1166139,430620,V615,FES,SI,True,04-05-2026 9:29:52,2026-05-08 00:00:00,MANIFIESTO,4,NO,NO,1434552
1166137,411502,V614,FES,SI,True,02-05-2026 11:29:16,2026-05-08 00:00:00,MANIFIESTO,5,NO,NO,719284
4190139153,430451,V615,FES,SI,True,30-04-2026 15:36:05,2026-05-11 00:00:00,MANIFIESTO,6,NO,NO,60710
4190139146,590020,V550,FES,SI,True,30-04-2026 15:36:12,2026-05-18 00:00:00,MANIFIESTO,11,NO,NO,2914082
4190139142,750005,V750,FES,SI,True,02-05-2026 11:31:34,2026-05-11 00:00:00,MANIFIESTO,6,NO,NO,201195
1166067,430667,V615,FES,SI,True,30-04-2026 20:37:02,2026-05-08 00:00:00,MANIFIESTO,5,NO,NO,5649797
1167333,981505,V612,FES + SALDO,SI,True,26-06-2026 12:58:55,2026-07-01 00:00:00,MANIFIESTO,2,NO,NO,62862
4190139485,200149,V834,FES,SI,True,,2026-06-01 00:00:00,MANIFIESTO,,NO,NO,728311
4190139479,205002,V834,FES,SI,True,,2026-06-01 00:00:00,MANIFIESTO,,NO,NO,443477
4190139473,330032,V400,FES,SI,True,,2026-06-01 00:00:00,MANIFIESTO,,NO,NO,605714
1167975,981505,V612,FES,SI,True,02-07-2026 10:13:41,2026-07-07 00:00:00,MANIFIESTO,3,NO,NO,231227
1167661,430578,V612,FES,SI,True,02-07-2026 9:46:51,2026-07-07 00:00:00,MANIFIESTO,3,NO,NO,138237
1167655,410586,V612,FES,SI,True,01-07-2026 14:59:26,2026-07-06 00:00:00,MANIFIESTO,3,NO,NO,130989
1167606,430875,V612,FES,SI,True,01-07-2026 14:45:10,2026-07-02 00:00:00,MANIFIESTO,1,NO,NO,138118
1167925,430717,V612,FES,SI,True,03-07-2026 10:43:49,2026-07-06 00:00:00,MANIFIESTO,1,NO,NO,649833
1167567,981546,V612,FES,SI,True,30-06-2026 18:16:51,2026-07-01 00:00:00,MANIFIESTO,1,NO,NO,2936001
1167491,371038,V612,FES,SI,True,30-06-2026 18:15:33,2026-07-03 00:00:00,MANIFIESTO,3,NO,NO,830292
1167480,371038,V612,FES,SI,True,30-06-2026 9:43:24,2026-07-02 00:00:00,MANIFIESTO,2,NO,NO,1328429
1167346,650222,V580,FES,SI,True,26-06-2026 12:58:27,2026-07-02 00:00:00,MANIFIESTO,3,NO,NO,8825560
1167332,440474,V610,FES,SI,True,01-07-2026 15:26:21,2026-07-01 00:00:00,MANIFIESTO,,NO,NO,9983788
1166861,150266,V817,FES,SI,True,01-06-2026 17:17:59,2026-06-04 00:00:00,MANIFIESTO,3,NO,NO,178391
1166841,430929,V615,FES,SI,True,01-06-2026 13:11:50,2026-06-03 00:00:00,MANIFIESTO,2,NO,NO,4665992
1166828,440425,V610,FES,SI,True,30-05-2026 9:18:59,2026-06-04 00:00:00,MANIFIESTO,4,NO,NO,6739448
1166791,400214,V610,FES,SI,True,29-05-2026 9:36:06,2026-06-02 00:00:00,MANIFIESTO,2,NO,NO,1391049
1166701,110198,V861,FES,SI,True,01-06-2026 9:43:57,2026-06-04 00:00:00,MANIFIESTO,3,NO,NO,4992741
1166685,445124,V610,FES,SI,True,29-05-2026 9:30:25,2026-05-29 00:00:00,MANIFIESTO,,NO,NO,754968
1166680,460270,V615,FES,SI,True,28-05-2026 12:25:10,2026-06-01 00:00:00,MANIFIESTO,2,NO,NO,282122
1166306,445124,V610,FES,SI,True,04-05-2026 11:18:07,2026-05-04 00:00:00,MANIFIESTO,,NO,NO,3230820
1166304,420421,V610,FES,SI,True,04-05-2026 11:37:23,2026-05-04 00:00:00,MANIFIESTO,,NO,NO,23223347
1166303,371038,V612,FES,SI,True,04-05-2026 11:04:31,2026-05-06 00:00:00,MANIFIESTO,2,NO,NO,79572
1166302,371038,V612,FES,SI,True,04-05-2026 0:00:00,2026-05-05 00:00:00,MANIFIESTO,1,NO,NO,48762
1166301,371038,V612,FES,SI,True,04-05-2026 0:00:00,2026-05-05 00:00:00,MANIFIESTO,1,NO,NO,118394
1166296,371038,V612,FES,SI,True,04-05-2026 0:00:00,2026-05-05 00:00:00,MANIFIESTO,1,NO,NO,106899
1166146,720032,V108,FES,SI,True,04-05-2026 11:05:39,2026-05-08 00:00:00,MANIFIESTO,4,NO,NO,5679358
1166145,720032,V108,FES,SI,True,04-05-2026 0:00:00,2026-05-07 00:00:00,MANIFIESTO,3,NO,NO,3764359
1166140,430620,V615,FES,SI,True,04-05-2026 9:29:40,2026-05-06 00:00:00,MANIFIESTO,2,NO,NO,1446946
1166136,500320,V650,FES,SI,True,02-05-2026 11:29:51,2026-05-07 00:00:00,MANIFIESTO,4,NO,NO,2709845
1166135,500320,V650,FES,SI,True,02-05-2026 11:29:45,2026-05-07 00:00:00,MANIFIESTO,4,NO,NO,2791101
1166134,530324,V650,FES,SI,True,02-05-2026 11:30:01,2026-05-07 00:00:00,MANIFIESTO,4,NO,NO,2568609
1166076,595020,V108,FES,SI,True,02-05-2026 11:31:11,2026-05-08 00:00:00,MANIFIESTO,5,NO,NO,2296345
1166075,595020,V108,FES,SI,True,02-05-2026 11:31:01,2026-05-06 00:00:00,MANIFIESTO,3,NO,NO,7945860
1166073,540064,V550,FES,SI,True,02-05-2026 11:30:33,2026-05-08 00:00:00,MANIFIESTO,5,NO,NO,2080213
1166061,500128,V650,FES,SI,True,30-04-2026 0:00:00,2026-05-06 00:00:00,MANIFIESTO,3,NO,NO,248163
1166058,371038,V612,FES,SI,True,30-04-2026 10:44:41,2026-05-05 00:00:00,MANIFIESTO,2,NO,NO,87222
4190139949,590042,V610,FES,SI,True,02-07-2026 13:45:36,2026-07-03 00:00:00,MANIFIESTO,1,NO,NO,1228136
4190139948,700068,V108,FES,SI,True,02-07-2026 10:13:40,2026-07-08 00:00:00,MANIFIESTO,4,NO,NO,1064254
1167787,590042,V610,FES,SI,True,02-07-2026 9:59:20,2026-07-03 00:00:00,MANIFIESTO,1,NO,NO,288809
1167656,440083,V610,FES,SI,True,01-07-2026 15:35:52,2026-07-06 00:00:00,MANIFIESTO,3,NO,NO,48274
4190139945,700036,V108,FES,SI,True,01-07-2026 13:30:54,2026-07-01 00:00:00,MANIFIESTO,,NO,NO,279986
1167647,411430,V612,FES,SI,True,01-07-2026 14:44:56,2026-07-03 00:00:00,MANIFIESTO,2,NO,NO,296366
1167626,650665,V580,FES,SI,True,02-07-2026 8:22:01,2026-07-07 00:00:00,MANIFIESTO,3,NO,NO,634467
1167625,650664,V580,FES,SI,True,02-07-2026 8:21:35,2026-07-07 00:00:00,MANIFIESTO,3,NO,NO,1287620
1167623,750285,V580,FES,SI,True,02-07-2026 8:22:46,2026-07-07 00:00:00,MANIFIESTO,3,NO,NO,1751365
1167622,650663,V580,FES,SI,True,02-07-2026 8:21:16,2026-07-07 00:00:00,MANIFIESTO,3,NO,NO,864095
1167621,650666,V580,FES,SI,True,02-07-2026 8:22:11,2026-07-07 00:00:00,MANIFIESTO,3,NO,NO,1120761
1167620,660056,V580,FES,SI,True,02-07-2026 8:22:23,2026-07-07 00:00:00,MANIFIESTO,3,NO,NO,696109
1167619,600134,V580,FES,SI,True,02-07-2026 8:20:46,2026-07-07 00:00:00,MANIFIESTO,3,NO,NO,808843
4190139941,590042,V610,FES,SI,True,02-07-2026 9:57:32,2026-07-03 00:00:00,MANIFIESTO,1,NO,NO,278800
1167613,650665,V580,FES,SI,True,02-07-2026 8:21:38,2026-07-07 00:00:00,MANIFIESTO,3,NO,NO,1648207
1167609,650663,V580,FES,SI,True,02-07-2026 8:21:00,2026-07-07 00:00:00,MANIFIESTO,3,NO,NO,671724
1167608,650666,V580,FES,SI,True,02-07-2026 8:22:02,2026-07-07 00:00:00,MANIFIESTO,3,NO,NO,1348371
1167607,660056,V580,FES,SI,True,02-07-2026 8:22:15,2026-07-07 00:00:00,MANIFIESTO,3,NO,NO,1193011
4190139940,440433,V610,FES,SI,True,01-07-2026 10:50:38,2026-07-01 00:00:00,MANIFIESTO,,NO,NO,4531784
1167605,600134,V580,FES,SI,True,02-07-2026 8:20:39,2026-07-07 00:00:00,MANIFIESTO,3,NO,NO,813880
4190139939,440433,V610,FES,SI,True,01-07-2026 10:50:37,2026-07-01 00:00:00,MANIFIESTO,,NO,NO,5532807
1167611,650664,V580,FES,SI,True,02-07-2026 8:21:22,2026-07-07 00:00:00,MANIFIESTO,3,NO,NO,1517340
4190139946,653014,V580,FES,SI,True,02-07-2026 10:13:38,2026-07-08 00:00:00,MANIFIESTO,4,NO,NO,1152754
1167610,750285,V580,FES,SI,True,02-07-2026 8:22:35,2026-07-07 00:00:00,MANIFIESTO,3,NO,NO,1790070
1167582,150234,V817,FES,SI,True,01-07-2026 0:00:00,2026-07-07 00:00:00,MANIFIESTO,4,NO,NO,1179911
1167580,440474,V610,FES,SI,True,01-07-2026 15:29:18,2026-07-01 00:00:00,MANIFIESTO,,NO,NO,2299838
4190139922,440474,V610,FES,SI,True,02-07-2026 8:59:14,2026-07-02 00:00:00,MANIFIESTO,,NO,NO,2299838
4190139921,920038,V800,FES,SI,True,30-06-2026 18:16:41,2026-07-07 00:00:00,MANIFIESTO,5,NO,NO,293163
1167577,410444,V612,FES,SI,True,01-07-2026 12:11:39,2026-07-02 00:00:00,MANIFIESTO,1,NO,NO,237865
1167569,650663,V580,FES,SI,True,02-07-2026 9:59:35,2026-07-07 00:00:00,MANIFIESTO,3,NO,NO,149820
1167568,970007,V906,FES,SI,True,30-06-2026 18:16:44,2026-06-30 00:00:00,MANIFIESTO,,NO,NO,112086
4190139913,400147,V610,FES,SI,True,01-07-2026 15:34:06,2026-07-01 00:00:00,MANIFIESTO,,NO,NO,8318880
1167519,400560,V612,FES,SI,True,30-06-2026 18:15:37,2026-07-06 00:00:00,MANIFIESTO,4,NO,NO,138554
1167490,981560,V612,FES,SI,True,01-07-2026 12:11:42,2026-07-06 00:00:00,MANIFIESTO,3,NO,NO,402214
4190139911,400147,V610,FES,SI,True,01-07-2026 15:31:42,2026-07-01 00:00:00,MANIFIESTO,,NO,NO,2880618
1167489,400560,V612,FES,SI,True,30-06-2026 18:15:45,2026-07-06 00:00:00,MANIFIESTO,4,NO,NO,8570822
4190139907,650338,V580,FES,SI,True,30-06-2026 14:26:06,2026-07-07 00:00:00,MANIFIESTO,5,NO,NO,1535614
4190139906,650338,V580,FES,SI,True,30-06-2026 14:26:02,2026-07-07 00:00:00,MANIFIESTO,5,NO,NO,1535614
4190139905,650338,V580,FES,SI,True,30-06-2026 14:26:00,2026-07-07 00:00:00,MANIFIESTO,5,NO,NO,1535614
4190139904,440083,V610,FES,SI,True,30-06-2026 14:25:52,2026-07-01 00:00:00,MANIFIESTO,1,NO,NO,105666
4190139894,210136,V834,FES,SI,True,30-06-2026 10:12:54,2026-07-07 00:00:00,MANIFIESTO,5,NO,NO,291647
4190139917,400147,V610,FES,SI,True,01-07-2026 15:35:50,2026-07-01 00:00:00,MANIFIESTO,,NO,NO,8617380
4190139909,445124,V610,FES,SI,True,30-06-2026 18:16:27,2026-06-30 00:00:00,MANIFIESTO,,NO,NO,9268944
1167477,650222,V580,FES,SI,True,02-07-2026 8:20:49,2026-07-02 00:00:00,MANIFIESTO,,NO,NO,3200980
1167476,650222,V580,FES,SI,True,02-07-2026 8:20:48,2026-07-02 00:00:00,MANIFIESTO,,NO,NO,3200980
4190139890,455018,V610,FES,SI,True,30-06-2026 9:43:20,2026-07-03 00:00:00,MANIFIESTO,3,NO,NO,683969
4190139884,420743,V610,FES,SI,True,01-07-2026 14:42:15,2026-07-01 00:00:00,MANIFIESTO,,NO,NO,8399778
4190139880,700036,V108,FES,SI,True,30-06-2026 9:44:22,2026-07-02 00:00:00,MANIFIESTO,2,NO,NO,354167
4190139877,650029,V580,FES,SI,True,26-06-2026 12:58:25,2026-07-06 00:00:00,MANIFIESTO,5,NO,NO,536807
4190139876,600016,V108,FES,SI,True,26-06-2026 12:58:19,2026-07-06 00:00:00,MANIFIESTO,5,NO,NO,810816
4190139874,110044,V861,FES,SI,True,26-06-2026 12:56:52,2026-07-02 00:00:00,MANIFIESTO,3,NO,NO,284275
1167374,950054,V612,FES,SI,True,30-06-2026 18:45:34,2026-06-30 00:00:00,MANIFIESTO,,NO,NO,225061
1167372,100136,V861,FES,SI,True,26-06-2026 12:56:51,2026-07-02 00:00:00,MANIFIESTO,3,NO,NO,1450836
4190139871,205051,V834,FES,SI,True,26-06-2026 12:57:19,2026-07-02 00:00:00,MANIFIESTO,3,NO,NO,159296
4190139869,850109,V800,FES,SI,True,26-06-2026 12:58:43,2026-07-02 00:00:00,MANIFIESTO,3,NO,NO,2101552
1167369,410919,V615,FES,SI,True,26-06-2026 12:57:47,2026-07-01 00:00:00,MANIFIESTO,2,NO,NO,145676
1167368,695001,V108,FES,SI,True,26-06-2026 11:00:13,2026-07-03 00:00:00,MANIFIESTO,4,NO,NO,1003775
1167367,695001,V108,FES,SI,True,26-06-2026 11:00:12,2026-07-03 00:00:00,MANIFIESTO,4,NO,NO,1227944
1167364,420421,V610,FES,SI,True,30-06-2026 18:16:24,2026-06-30 00:00:00,MANIFIESTO,,NO,NO,23581902
4190139863,345099,V400,FES,SI,True,26-06-2026 10:57:56,2026-07-01 00:00:00,MANIFIESTO,2,NO,NO,1555796
4190139861,850055,V800,FES,SI,True,26-06-2026 11:00:26,2026-07-01 00:00:00,MANIFIESTO,2,NO,NO,68700
4190139860,110054,V861,FES,SI,True,26-06-2026 12:57:10,2026-07-02 00:00:00,MANIFIESTO,3,NO,NO,790973
4190139865,555018,V550,FES,SI,True,26-06-2026 12:58:16,2026-07-01 00:00:00,MANIFIESTO,2,NO,NO,295044
1167370,695001,V108,FES,SI,True,26-06-2026 12:58:29,2026-07-02 00:00:00,MANIFIESTO,3,NO,NO,271436
1167348,411496,V615,FES,SI,True,26-06-2026 12:58:00,2026-07-01 00:00:00,MANIFIESTO,2,NO,NO,70214
4190139854,793001,V800,FES,SI,True,26-06-2026 11:00:20,2026-07-01 00:00:00,MANIFIESTO,2,NO,NO,176377
4190139852,653017,V580,FES,SI,True,26-06-2026 12:58:28,2026-07-01 00:00:00,MANIFIESTO,2,NO,NO,516164
1167334,410158,V585,FES,SI,True,30-06-2026 10:59:58,2026-07-01 00:00:00,MANIFIESTO,1,NO,NO,24755127
1167335,411302,V612,FES,SI,True,26-06-2026 12:57:59,2026-07-01 00:00:00,MANIFIESTO,2,NO,NO,636324
1167323,200049,V834,FES,SI,True,26-06-2026 0:00:00,2026-06-30 00:00:00,MANIFIESTO,1,NO,NO,3361585
4190139848,745007,V750,FES,SI,True,26-06-2026 0:00:00,2026-06-30 00:00:00,MANIFIESTO,1,NO,NO,617829
4190139843,900009,V800,FES,SI,True,26-06-2026 12:58:47,2026-07-01 00:00:00,MANIFIESTO,2,NO,NO,766439
4190139837,810035,V800,FES,SI,True,26-06-2026 12:58:30,2026-07-01 00:00:00,MANIFIESTO,2,NO,NO,610436
4190139835,345159,V400,FES,SI,True,26-06-2026 12:57:35,2026-07-01 00:00:00,MANIFIESTO,2,NO,NO,422455
4190139552,650259,V580,FES,SI,True,01-06-2026 17:18:11,2026-06-03 00:00:00,MANIFIESTO,2,NO,NO,570411
1166992,430893,V612,FES,SI,True,01-06-2026 16:16:11,2026-06-04 00:00:00,MANIFIESTO,3,NO,NO,178963
4190139545,110044,V861,FES,SI,True,01-06-2026 15:36:18,2026-06-03 00:00:00,MANIFIESTO,2,NO,NO,1264694
4190139542,110302,V861,FES,SI,True,01-06-2026 17:17:52,2026-06-03 00:00:00,MANIFIESTO,2,NO,NO,1500894
4190139541,411390,V615,FES,SI,True,01-06-2026 13:11:35,2026-06-03 00:00:00,MANIFIESTO,2,NO,NO,313204
1166857,460257,V612,FES,SI,True,01-06-2026 13:11:58,2026-06-03 00:00:00,MANIFIESTO,2,NO,NO,70085
1166856,411402,V612,FES,SI,True,01-06-2026 13:11:43,2026-06-04 00:00:00,MANIFIESTO,3,NO,NO,1653905
4190139539,430561,V615,FES,SI,True,01-06-2026 12:22:23,2026-06-03 00:00:00,MANIFIESTO,2,NO,NO,1023257
4190139537,538024,V650,FES,SI,True,01-06-2026 13:55:07,2026-06-03 00:00:00,MANIFIESTO,2,NO,NO,392358
4190139536,110159,V861,FES,SI,True,01-06-2026 12:22:08,2026-06-04 00:00:00,MANIFIESTO,3,NO,NO,2388835
4190139534,130016,V817,FES,SI,True,01-06-2026 17:17:58,2026-06-04 00:00:00,MANIFIESTO,3,NO,NO,387854
1166852,411402,V612,FES,SI,True,01-06-2026 13:11:42,2026-06-04 00:00:00,MANIFIESTO,3,NO,NO,967100
4190139533,650068,V580,FES,SI,True,01-06-2026 17:18:07,2026-06-05 00:00:00,MANIFIESTO,4,NO,NO,7832748
1166849,410384,V614,FES,SI,True,01-06-2026 10:55:01,2026-06-03 00:00:00,MANIFIESTO,2,NO,NO,82400
1166848,410384,V614,FES,SI,True,01-06-2026 10:54:58,2026-06-03 00:00:00,MANIFIESTO,2,NO,NO,174423
1166847,411366,V614,FES,SI,True,01-06-2026 16:15:53,2026-06-03 00:00:00,MANIFIESTO,2,NO,NO,782911
1166846,370085,V614,FES,SI,True,01-06-2026 10:54:49,2026-06-04 00:00:00,MANIFIESTO,3,NO,NO,281432
1166845,370085,V614,FES,SI,True,01-06-2026 10:54:44,2026-06-04 00:00:00,MANIFIESTO,3,NO,NO,108963
4190139531,750228,V750,FES,SI,True,30-05-2026 9:20:08,2026-06-03 00:00:00,MANIFIESTO,3,NO,NO,2615092
4190139530,250048,V834,FES,SI,True,01-06-2026 0:00:00,2026-06-03 00:00:00,MANIFIESTO,2,NO,NO,1375365
4190139529,900190,V800,FES,SI,True,30-05-2026 9:20:14,2026-06-04 00:00:00,MANIFIESTO,4,NO,NO,132081
4190139528,600016,V108,FES,SI,True,30-05-2026 9:20:02,2026-06-02 00:00:00,MANIFIESTO,2,NO,NO,248197
4190139527,400424,V615,FES,SI,True,01-06-2026 10:54:57,2026-06-04 00:00:00,MANIFIESTO,3,NO,NO,252894
4190139526,430667,V615,FES,SI,True,01-06-2026 0:00:00,2026-06-03 00:00:00,MANIFIESTO,2,NO,NO,1150837
4190139525,765001,V750,FES,SI,True,30-05-2026 9:20:13,2026-06-03 00:00:00,MANIFIESTO,3,NO,NO,208713
4190139524,530031,V650,FES,SI,True,01-06-2026 9:44:39,2026-06-03 00:00:00,MANIFIESTO,2,NO,NO,821456
1166840,460257,V612,FES,SI,True,01-06-2026 9:44:18,2026-06-02 00:00:00,MANIFIESTO,1,NO,NO,450500
4190139522,430493,V615,FES,SI,True,30-05-2026 9:18:53,2026-06-03 00:00:00,MANIFIESTO,3,NO,NO,665308
4190139521,498018,V650,FES,SI,True,30-05-2026 9:19:00,2026-06-03 00:00:00,MANIFIESTO,3,NO,NO,684777
1166829,981604,V612,FES,SI,True,29-05-2026 11:15:18,2026-06-01 00:00:00,MANIFIESTO,1,NO,NO,97554
4190139520,500216,V650,FES,SI,True,01-06-2026 9:44:26,2026-06-05 00:00:00,MANIFIESTO,4,NO,NO,1187965
1166827,981531,V612,FES,SI,True,01-06-2026 12:22:30,2026-06-01 00:00:00,MANIFIESTO,,NO,NO,22449
4190139519,540085,V550,FES,SI,True,29-05-2026 0:00:00,2026-05-29 00:00:00,MANIFIESTO,0,NO,NO,537821
4190139517,175000,V834,FES,SI,True,29-05-2026 9:36:04,2026-06-01 00:00:00,MANIFIESTO,1,NO,NO,378352
1166788,430578,V612,FES,SI,True,29-05-2026 9:36:13,2026-06-01 00:00:00,MANIFIESTO,1,NO,NO,89730
1166787,411430,V612,FES,SI,True,29-05-2026 9:30:20,2026-06-01 00:00:00,MANIFIESTO,1,NO,NO,85053
4190139516,400319,V615,FES,SI,True,29-05-2026 9:36:08,2026-06-01 00:00:00,MANIFIESTO,1,NO,NO,297933
4190139515,780013,V750,FES,SI,True,29-05-2026 9:30:57,2026-05-29 00:00:00,MANIFIESTO,,NO,NO,1314162
4190139514,780013,V750,FES,SI,True,29-05-2026 9:30:46,2026-05-29 00:00:00,MANIFIESTO,,NO,NO,1314162
4190139513,780013,V750,FES,SI,True,29-05-2026 9:30:40,2026-06-02 00:00:00,MANIFIESTO,2,NO,NO,1314162
4190139523,500146,V650,FES,SI,True,30-05-2026 9:20:01,2026-06-03 00:00:00,MANIFIESTO,3,NO,NO,724374
1166839,420377,V615,FES,SI,True,30-05-2026 9:18:43,2026-06-04 00:00:00,MANIFIESTO,4,NO,NO,1440872
1166786,550245,V550,FES,SI,True,01-06-2026 9:45:00,2026-06-04 00:00:00,MANIFIESTO,3,NO,NO,1981641
1166785,411442,V614,FES,SI,True,29-05-2026 9:30:21,2026-06-02 00:00:00,MANIFIESTO,2,NO,NO,584903
4190139512,650030,V580,FES,SI,True,29-05-2026 9:30:33,2026-06-02 00:00:00,MANIFIESTO,2,NO,NO,983528
4190139510,880015,V800,FES,SI,True,29-05-2026 0:00:00,2026-06-02 00:00:00,MANIFIESTO,2,NO,NO,554275
4190139508,940026,V800,FES,SI,True,29-05-2026 9:31:00,2026-06-01 00:00:00,MANIFIESTO,1,NO,NO,1318231
4190139507,150241,V817,FES,SI,True,29-05-2026 9:30:11,2026-06-02 00:00:00,MANIFIESTO,2,NO,NO,846890
1166782,411430,V612,FES,SI,True,29-05-2026 9:36:11,2026-06-01 00:00:00,MANIFIESTO,1,NO,NO,577500
1166703,410586,V612,FES,SI,True,28-05-2026 16:53:39,2026-06-01 00:00:00,MANIFIESTO,2,NO,NO,330797
4190139506,445107,V615,FES,SI,True,28-05-2026 15:56:25,2026-05-29 00:00:00,MANIFIESTO,1,NO,NO,63565
4190139505,430865,V615,FES,SI,True,28-05-2026 15:56:19,2026-05-29 00:00:00,MANIFIESTO,1,NO,NO,381915
4190139503,300032,V835,FES,SI,True,28-05-2026 16:53:18,2026-06-01 00:00:00,MANIFIESTO,2,NO,NO,146056
4190139502,150276,V817,FES,SI,True,01-06-2026 9:44:09,2026-06-03 00:00:00,MANIFIESTO,2,NO,NO,1441625
4190139501,518014,V650,FES,SI,True,01-06-2026 10:55:13,2026-06-03 00:00:00,MANIFIESTO,2,NO,NO,365225
4190139500,500160,V650,FES,SI,True,28-05-2026 15:56:30,2026-05-28 00:00:00,MANIFIESTO,,NO,NO,218649
4190139499,500322,V650,FES,SI,True,01-06-2026 13:55:00,2026-06-04 00:00:00,MANIFIESTO,3,NO,NO,170238
4190139498,500322,V650,FES,SI,True,28-05-2026 12:26:01,2026-06-02 00:00:00,MANIFIESTO,3,NO,NO,930146
1166694,981505,V612,FES,SI,True,28-05-2026 15:56:46,2026-05-29 00:00:00,MANIFIESTO,1,NO,NO,190271
1166691,500320,V650,FES,SI,True,01-06-2026 12:22:25,2026-06-03 00:00:00,MANIFIESTO,2,NO,NO,77875
1166690,420450,V585,FES,SI,True,28-05-2026 12:25:08,2026-05-29 00:00:00,MANIFIESTO,1,NO,NO,2402016
4190139495,500320,V650,FES,SI,True,01-06-2026 12:22:26,2026-06-04 00:00:00,MANIFIESTO,3,NO,NO,434555
4190139494,695045,V108,FES,SI,True,28-05-2026 16:53:41,2026-06-02 00:00:00,MANIFIESTO,3,NO,NO,368005
1166688,411460,V612,FES,SI,True,28-05-2026 12:25:07,2026-06-01 00:00:00,MANIFIESTO,2,NO,NO,73196
1166687,410159,V585,FES,SI,True,28-05-2026 16:53:21,2026-06-02 00:00:00,MANIFIESTO,3,NO,NO,2861216
4190139490,440549,V615,FES,SI,True,01-06-2026 13:11:54,2026-06-03 00:00:00,MANIFIESTO,2,NO,NO,311803
1166682,550132,V550,FES,SI,True,28-05-2026 12:21:55,2026-05-29 00:00:00,MANIFIESTO,1,NO,NO,2161936
1166683,550153,V550,FES,SI,True,29-05-2026 11:17:58,2026-06-03 00:00:00,MANIFIESTO,3,NO,NO,1749919
1166689,460257,V612,FES,SI,True,29-05-2026 11:11:40,2026-06-01 00:00:00,MANIFIESTO,1,NO,NO,46916
1166698,495028,V650,FES,SI,True,01-06-2026 12:58:26,2026-06-02 00:00:00,MANIFIESTO,1,NO,NO,349817
1166783,650464,V612,FES,SI,True,30-05-2026 9:20:07,2026-06-03 00:00:00,MANIFIESTO,3,NO,NO,278266
1166784,411235,V615,FES,SI,True,29-05-2026 9:30:19,2026-06-02 00:00:00,MANIFIESTO,2,NO,NO,1037467
4190139491,430353,V615,FES,SI,True,28-05-2026 15:13:49,2026-05-29 00:00:00,MANIFIESTO,1,NO,NO,1289042
4190139488,190025,V834,FES,SI,True,28-05-2026 12:25:07,2026-05-29 00:00:00,MANIFIESTO,1,NO,NO,52676
4190139486,480110,V400,FES,SI,True,28-05-2026 12:25:16,2026-05-29 00:00:00,MANIFIESTO,1,NO,NO,53039
4190139481,660051,V580,FES,SI,True,28-05-2026 15:56:32,2026-05-28 00:00:00,MANIFIESTO,,NO,NO,1022959
4190139480,558000,V108,FES,SI,True,28-05-2026 12:25:49,2026-05-29 00:00:00,MANIFIESTO,1,NO,NO,266307
4190139471,200149,V834,FES,SI,True,28-05-2026 12:39:55,2026-05-28 00:00:00,MANIFIESTO,,NO,NO,141823
4190139467,445090,V610,FES,SI,True,28-05-2026 12:15:25,2026-05-28 00:00:00,MANIFIESTO,,NO,NO,2034034
1166668,981604,V612,FES,SI,True,28-05-2026 12:25:53,2026-05-28 00:00:00,MANIFIESTO,,NO,NO,200914
1166678,411484,V612,FES,SI,True,28-05-2026 12:25:08,2026-05-29 00:00:00,MANIFIESTO,1,NO,NO,321635
4190139457,709002,V108,FES,SI,True,28-05-2026 12:25:52,2026-06-02 00:00:00,MANIFIESTO,3,NO,NO,475068
4190139456,456020,V615,FES,SI,True,28-05-2026 15:56:27,2026-06-01 00:00:00,MANIFIESTO,2,NO,NO,424314
4190139455,850109,V800,FES,SI,True,28-05-2026 15:56:36,2026-05-28 00:00:00,MANIFIESTO,,NO,NO,2086804
4190139453,802025,V750,FES,SI,True,28-05-2026 15:56:34,2026-06-01 00:00:00,MANIFIESTO,2,NO,NO,1733866
4190139443,480036,V400,FES,SI,True,28-05-2026 12:25:15,2026-06-01 00:00:00,MANIFIESTO,2,NO,NO,810922
4190139451,257005,V835,FES,SI,True,28-05-2026 16:53:16,2026-06-01 00:00:00,MANIFIESTO,2,NO,NO,101365
4190139172,460007,V615,FES,SI,True,04-05-2026 13:54:37,2026-05-07 00:00:00,MANIFIESTO,3,NO,NO,399663
4190139170,550102,V550,FES,SI,True,04-05-2026 13:05:36,2026-05-08 00:00:00,MANIFIESTO,4,NO,NO,240862
4190139168,351028,V400,FES,SI,True,04-05-2026 12:56:23,2026-05-08 00:00:00,MANIFIESTO,4,NO,NO,437416
1166361,498018,V650,FES,SI,True,04-05-2026 12:49:43,2026-05-06 00:00:00,MANIFIESTO,2,NO,NO,844268
1166305,420450,V585,FES,SI,True,04-05-2026 10:41:42,2026-05-05 00:00:00,MANIFIESTO,1,NO,NO,3112419
1166316,411402,V612,FES,SI,True,04-05-2026 14:32:51,2026-05-06 00:00:00,MANIFIESTO,2,NO,NO,208653
4190139162,345250,V400,FES,SI,True,02-05-2026 10:46:31,2026-05-06 00:00:00,MANIFIESTO,3,NO,NO,361813
4190139161,345099,V400,FES,SI,True,02-05-2026 11:29:08,2026-05-07 00:00:00,MANIFIESTO,4,NO,NO,1243231
4190139160,800034,V800,FES,SI,True,02-05-2026 11:31:35,2026-05-06 00:00:00,MANIFIESTO,3,NO,NO,513899
1166141,981505,V612,FES,SI,True,04-05-2026 11:05:40,2026-05-05 00:00:00,MANIFIESTO,1,NO,NO,12794
1166138,420377,V615,FES,SI,True,02-05-2026 11:29:18,2026-05-06 00:00:00,MANIFIESTO,3,NO,NO,906737
4190139158,850109,V800,FES,SI,True,02-05-2026 11:31:46,2026-05-06 00:00:00,MANIFIESTO,3,NO,NO,503025
4190139157,430074,V610,FES,SI,True,02-05-2026 11:29:23,2026-05-05 00:00:00,MANIFIESTO,2,NO,NO,115713
4190139155,420377,V615,FES,SI,True,02-05-2026 11:29:21,2026-05-05 00:00:00,MANIFIESTO,2,NO,NO,1121748
4190139154,655012,V580,FES,SI,True,02-05-2026 11:31:23,2026-05-08 00:00:00,MANIFIESTO,5,NO,NO,1759401
1166074,970007,V906,FES,SI,True,02-05-2026 11:31:51,2026-05-04 00:00:00,MANIFIESTO,1,NO,NO,91440
1166072,650222,V580,FES,SI,True,30-04-2026 15:36:16,2026-05-06 00:00:00,MANIFIESTO,3,NO,NO,1061280
1166071,130016,V817,FES,SI,True,30-04-2026 20:36:45,2026-05-07 00:00:00,MANIFIESTO,4,NO,NO,3804463
4190139151,550239,V550,FES,SI,True,02-05-2026 11:30:40,2026-05-06 00:00:00,MANIFIESTO,3,NO,NO,1390038
4190139150,600140,V108,FES,SI,True,30-04-2026 15:04:40,2026-05-06 00:00:00,MANIFIESTO,3,NO,NO,703424
4190139149,750159,V750,FES,SI,True,30-04-2026 15:04:48,2026-04-30 00:00:00,MANIFIESTO,,NO,NO,1944935
4190139147,498025,V650,FES,SI,True,02-05-2026 11:29:41,2026-05-07 00:00:00,MANIFIESTO,4,NO,NO,5738514
4190139145,700162,V108,FES,SI,True,04-05-2026 11:04:40,2026-05-07 00:00:00,MANIFIESTO,3,NO,NO,125799
4190139144,900199,V800,FES,SI,True,02-05-2026 11:31:48,2026-05-08 00:00:00,MANIFIESTO,5,NO,NO,1092104
4190139143,925015,V800,FES,SI,True,30-04-2026 0:00:00,2026-05-07 00:00:00,MANIFIESTO,4,NO,NO,153846
4190139139,345159,V400,FES,SI,True,30-04-2026 0:00:00,2026-05-06 00:00:00,MANIFIESTO,3,NO,NO,195006
4190139137,730050,V750,FES,SI,True,30-04-2026 0:00:00,2026-05-08 00:00:00,MANIFIESTO,5,NO,NO,227570
4190139136,750005,V750,FES,SI,True,30-04-2026 15:36:41,2026-05-07 00:00:00,MANIFIESTO,4,NO,NO,2963372
1166066,430881,V612,FES,SI,True,30-04-2026 0:00:00,2026-05-04 00:00:00,MANIFIESTO,1,NO,NO,420268
1166062,411430,V612,FES,SI,True,30-04-2026 14:04:39,2026-05-06 00:00:00,MANIFIESTO,3,NO,NO,308034
1166059,411402,V612,FES,SI,True,30-04-2026 11:38:46,2026-05-06 00:00:00,MANIFIESTO,3,NO,NO,375249
4190139133,150165,V817,FES,SI,True,30-04-2026 14:03:54,2026-05-06 00:00:00,MANIFIESTO,3,NO,NO,336215
1166056,981505,V612,FES,SI,True,30-04-2026 0:00:00,2026-05-05 00:00:00,MANIFIESTO,2,NO,NO,236400
4190139132,500128,V650,FES,SI,True,30-04-2026 0:00:00,2026-05-05 00:00:00,MANIFIESTO,2,NO,NO,121599
4190139126,750034,V750,FES,SI,True,30-04-2026 0:00:00,2026-05-06 00:00:00,MANIFIESTO,3,NO,NO,4539225
4190139138,100114,V861,FES,SI,True,02-05-2026 11:28:58,2026-05-06 00:00:00,MANIFIESTO,3,NO,NO,1097890
4190139135,100121,V861,FES,SI,True,30-04-2026 0:00:00,2026-05-06 00:00:00,MANIFIESTO,3,NO,NO,299300
4190139134,499021,V650,FES,SI,True,30-04-2026 0:00:00,2026-05-06 00:00:00,MANIFIESTO,3,NO,NO,513941
4190139148,700162,V108,FES,SI,True,04-05-2026 0:00:00,2026-05-06 00:00:00,MANIFIESTO,2,NO,NO,246676
4190139152,530324,V650,FES,SI,True,02-05-2026 11:30:06,2026-05-07 00:00:00,MANIFIESTO,4,NO,NO,2679840
