Pedido,Lineas,Unidades
1161974,1,1
1156668,1,1
1149872,1,1
1152138,1,1
1147868,1,1
1164304,1,1
1153704,1,1
40034636,1,1
1149924,1,1
1154684,1,1
1154679,1,1
1147893,1,1
1148600,1,1
1149141,1,1
1156653,1,1
1162762,1,1
1159487,1,1
1148659,1,1
1155963,1,1
1155941,1,1
1147896,1,1
1157920,1,1
1149145,1,1
1150819,1,1
1155449,1,1
1149167,1,1
1159064,1,1
1164308,1,1
1147862,1,1
30033629,1,1
1153690,1,1
1153693,1,1
1148609,1,1
1147904,1,1
1166867,1,1
1147883,1,1
1148590,1,1
1157896,1,1
1162084,1,1
1148629,1,1
1150732,1,1
1156908,1,1
1164371,1,1
1148615,1,1
30031622,1,1
1153692,1,1
1164301,1,1
1155393,1,1
1162759,1,1
1154161,1,1
1112255,1,1
1165368,1,1
1147901,1,1
1157922,1,1
1156628,1,1
1167594,1,1
1164291,1,1
1152782,1,1
1162764,1,1
1150825,1,1
1148595,1,1
1153674,1,1
1149149,1,1
1150833,1,1
1155392,1,1
1153688,1,1
1168185,1,1
30030080,1,1
1153684,1,1
1162749,1,1
1150858,1,1
1155359,1,1
1157283,1,1
1156662,1,1
1149927,1,1
1152103,1,1
1150504,1,1
1149148,1,1
30031087,1,1
1159469,1,1
1156648,1,1
1146407,1,1
1155970,1,1
1157748,1,1
1155436,1,1
1158784,1,1
1160380,1,1
1156663,1,1
1155459,1,1
1154682,1,1
1156645,1,1
1161389,1,1
1168009,1,1
1159462,1,1
1150827,1,1
1167597,1,1
1153689,1,1
1155380,1,1
1162769,1,1
1154693,1,1
1162478,1,1
1148788,1,1
1157292,1,1
1166344,1,1
1153887,1,1
1166906,1,1
30030954,1,1
1154782,1,1
1153679,1,1
1154780,1,1
1165859,1,1
1165348,1,1
1165364,1,1
1152689,1,1
40035415,1,1
1148739,1,1
1162075,1,1
1156631,1,1
1158796,1,1
1157603,1,1
1167602,1,1
1149160,1,1
1162016,1,1
1154994,1,1
1155616,1,1
1148597,1,1
1162756,1,1
1152651,1,1
1166369,1,1
1157285,1,1
1150284,1,1
1155973,1,1
1162766,1,1
1149948,1,1
1152149,1,1
1148061,1,1
1150839,1,1
1157905,1,1
1165358,1,1
1148747,1,1
1158772,1,1
1165355,1,1
1157897,1,1
1155936,1,1
30029056,1,1
1147899,1,1
1167595,1,1
1149925,1,1
1149165,1,1
1149876,1,1
1164325,1,1
1157908,1,1
1159473,1,1
1158775,1,1
1155369,1,1
1149146,1,1
1153694,1,1
1147880,1,1
1164373,1,1
1155431,1,1
1147894,1,1
30029839,1,1
1167089,1,1
1165669,1,1
1168245,1,1
1161955,1,1
30029695,1,1
1147864,1,1
1148745,1,1
1153179,1,1
1162987,1,1
1155964,1,1
30031904,1,1
1155390,1,1
1148045,1,1
1153701,1,1
1150823,1,1
1157272,1,1
1152650,1,1
1167604,1,1
1160376,1,1
1152679,1,1
1155969,1,1
1158782,1,1
1159468,1,1
1158794,1,1
1158807,1,1
1152105,1,1
1150733,1,1
1149930,1,1
1150822,1,1
1167239,1,1
1153683,1,1
1153719,1,1
1166313,1,1
1150728,1,1
1157279,1,1
1167589,1,1
30030899,1,1
1148601,1,1
1153724,1,1
1167644,1,1
40039852,1,1
1162746,1,1
1150831,1,1
1149940,1,1
1160397,1,1
1156636,1,1
1155953,1,1
1152657,1,1
1160398,1,1
1101125,1,1
1166354,1,1
1158805,1,1
1162984,1,1
1150329,1,1
1164370,1,1
1147900,1,1
1160188,1,1
1162744,1,1
1158799,1,1
1167586,1,1
1166365,1,1
1156660,1,1
1162751,1,1
1162758,1,1
1166322,1,1
1157232,1,1
1152655,1,1
1166319,1,1
1152150,1,1
1166364,1,1
1158417,1,1
1148738,1,1
1150844,1,1
30030056,1,1
1155430,1,1
1149187,1,1
1152135,1,1
1155363,1,1
1149926,1,1
1165751,1,1
1157256,1,1
1166870,1,1
1165365,1,1
1166874,1,1
1152775,1,1
1160403,1,1
1167230,1,1
1164339,1,1
1152659,1,1
1155961,1,1
1157264,1,1
1152145,1,1
1153147,1,1
1159457,1,1
1149181,1,1
1164298,1,1
1165370,1,1
1159433,1,1
1160395,1,1
1148589,1,1
30030962,1,1
1153713,1,1
1166312,1,1
1155367,1,1
1157243,1,1
1166362,1,1
40035641,1,1
1154031,1,1
1150736,1,1
1151287,1,1
1148584,1,1
1155958,1,1
1166896,1,1
1159251,1,1
1152685,1,1
1166837,1,1
1152788,1,1
1164212,1,1
1166314,1,1
1155965,1,1
1154694,1,1
1155949,1,1
1162754,1,1
40034625,1,1
1156867,1,1
1166350,1,1
1152099,1,1
1155943,1,1
1157914,1,1
1155371,1,1
1150869,1,1
1152139,1,1
1148726,1,1
1161258,1,1
1166346,1,1
40034978,1,1
1152151,1,1
1152198,1,1
1166321,1,1
1167603,1,1
1152116,1,1
1147910,1,1
1165374,1,1
1160375,1,1
1155356,1,1
1154771,1,1
1160411,1,1
1149941,1,1
1155377,1,1
1158442,1,1
1150824,1,1
1148624,1,1
1149174,1,1
1158810,1,1
1149166,1,1
30029319,1,1
1153716,1,1
30032244,1,1
1156987,1,1
1154770,1,1
1159150,1,1
1148622,1,1
1164901,1,1
1155962,1,1
1166317,1,1
1152510,1,1
40036600,1,1
1164148,1,1
1152104,1,1
1150330,1,1
1152778,1,1
1152096,1,1
1158403,1,1
1153705,1,1
1153682,1,1
1152682,1,1
1147911,1,1
1154680,1,1
1147905,1,1
1162989,1,1
1152662,1,1
4190127379,1,1
1154159,1,1
1162767,1,1
1167633,1,1
1157293,1,1
1153675,1,1
1157221,1,1
1165864,1,1
1152661,1,1
1164358,1,1
1148746,1,1
1159466,1,1
1155376,1,1
1166352,1,1
1152118,1,1
1158803,1,1
1157915,1,1
30030956,1,1
1155375,1,1
1159249,1,1
1152690,1,1
1153699,1,1
1148740,1,1
1153148,1,1
1162240,1,1
1167641,1,1
1155956,1,1
30030910,1,1
1149186,1,1
1165349,1,1
1166876,1,1
1152131,1,1
1149947,1,1
1156277,1,1
1150331,1,1
1147914,1,1
1149877,1,1
1159415,1,1
1147865,1,1
1157295,1,1
1162982,1,1
1147869,1,1
40034926,1,1
1167631,1,1
1149938,1,1
1152128,1,1
1155520,1,1
1161983,1,1
1157924,1,1
1155365,1,1
1149913,1,1
1160379,1,1
1149155,1,1
1159483,1,1
1150731,1,1
1165238,1,1
1154772,1,1
1152691,1,1
1156640,1,1
1162986,1,1
1164336,1,1
1162755,1,1
30029705,1,1
1148627,1,1
1159479,1,1
1162474,1,1
4190123888,1,1
1148606,1,1
1166884,1,1
1154697,1,1
1164285,1,1
1160390,1,1
1148618,1,1
30029430,1,1
1157926,1,1
1147903,1,1
1148621,1,1
1152122,1,1
1166308,1,1
1149182,1,1
1167202,1,1
1155360,1,1
1162988,1,1
40037497,1,1
1149168,1,1
1150875,1,1
1152654,1,1
1157929,1,1
1155960,1,1
1161958,1,1
1154685,1,1
1158338,1,1
1154702,1,1
1159461,1,1
1161969,1,1
1162748,1,1
1147861,1,1
1149868,1,1
1161952,1,1
1158776,1,1
1154690,1,1
1160405,1,1
1155433,1,1
1155974,1,1
40038758,1,1
1166903,1,1
1160393,1,1
1160406,1,1
1156657,1,1
1164297,1,1
1155099,1,1
1157504,1,1
1167598,1,1
1162030,1,1
1156664,1,1
1152110,1,1
1147884,1,1
1149880,1,1
1157290,1,1
1167643,1,1
1157928,1,1
1156629,1,1
1148632,1,1
40036931,1,1
1148596,1,1
1149139,1,1
1155357,1,1
1150878,1,1
1158788,1,1
1152120,1,1
1161942,1,1
1147866,1,1
1162082,1,1
1166370,1,1
40037110,1,1
1159470,1,1
1156634,1,1
1152291,1,1
1152683,1,1
30029253,1,1
1152663,1,1
1157898,1,1
1167600,1,1
1147871,1,1
1160389,1,1
1155942,1,1
1157895,1,1
1149143,1,1
1164332,1,1
1153712,1,1
1147909,1,1
1166320,1,1
30029074,1,1
1147890,1,1
1156633,1,1
1157216,1,1
1160384,1,1
1159446,1,1
40034495,1,1
1157894,1,1
1165360,1,1
1149874,1,1
1166898,1,1
1149914,1,1
1166901,1,1
4190123649,1,1
1152784,1,1
1162752,1,1
1148623,1,1
1166348,1,1
1167599,1,1
1154699,1,1
1150725,1,1
1150872,1,1
1166889,1,1
1154688,1,1
1159481,1,1
1149117,1,1
1155354,1,1
1159477,1,1
1164480,1,1
1147889,1,1
1155366,1,1
1152681,1,1
1152132,1,1
1155968,1,1
30031284,1,1
1160378,1,1
1149323,1,1
30030955,1,1
40035175,1,1
1165359,1,1
1155959,1,1
1157910,1,1
1152216,1,1
1160109,1,1
1157904,1,1
1162012,1,1
1157655,1,1
1149140,1,1
1149928,1,1
1155987,1,1
1154781,1,1
1152779,1,1
1164288,1,1
1168252,1,1
1164117,1,1
1153717,1,1
1166892,1,1
1164363,1,1
1156641,1,1
1155391,1,1
1152137,1,1
1149942,1,1
1150737,1,1
1155100,1,1
40036539,1,1
1164322,1,1
1155385,1,1
1162057,1,1
1165361,1,1
1165375,1,1
1152687,1,1
1167593,1,1
1166883,1,1
40038721,1,1
1162763,1,1
1147863,1,1
1150821,1,1
1165351,1,1
1154676,1,1
1155617,1,1
1149919,1,1
1152648,1,1
1148631,1,1
1159474,1,1
1147898,1,1
1149169,1,1
1151186,1,1
1162004,1,1
1155368,1,1
1148626,1,1
1156659,1,1
1164368,1,1
1148264,1,1
1157288,1,1
1152094,1,1
1153725,1,1
1158808,1,1
1149142,1,1
1166358,1,1
30031323,1,1
1158264,1,1
1149921,1,1
1149879,1,1
1149161,1,1
1148174,1,1
1148594,1,1
1158774,1,1
30029791,1,1
1155930,1,1
1155982,1,1
30029076,1,1
1166654,1,1
1155940,1,1
1149878,1,1
1167585,1,1
1167638,1,1
1150836,1,1
1153708,1,1
1166343,1,1
1152121,1,1
1155948,1,1
30029565,1,1
30030957,1,1
1153695,1,1
1159463,1,1
1160402,1,1
1150333,1,1
1160414,1,1
1152119,1,1
1157893,1,1
1159482,1,1
1158777,1,1
1161945,1,1
40037121,1,1
1152130,1,1
1154162,1,1
1166628,1,1
1152686,1,1
30033468,1,1
150015,1,1
1161257,1,1
30032213,1,1
1161998,1,1
1152148,1,1
1157276,1,1
1166311,1,1
1164902,1,1
1156285,1,1
1157267,1,1
1148720,1,1
1151125,1,1
1148752,1,1
1148625,1,1
1164149,1,1
1166367,1,1
1155967,1,1
1149185,1,1
30030116,1,1
1152111,1,1
1152125,1,1
1147882,1,1
1155952,1,1
1157911,1,1
1159459,1,1
1158778,1,1
1148593,1,1
30030833,1,1
1162742,1,1
40034496,1,1
1153697,1,1
1154691,1,1
1161978,1,1
1156650,1,1
40035507,1,1
30033450,1,1
1150283,1,1
40037498,1,1
1157239,1,1
1160108,1,1
1164548,1,1
1153703,1,1
1167590,1,1
1155977,1,1
1150332,1,1
1157265,1,1
1153149,1,1
1149875,1,1
1160382,1,1
40036947,1,1
1165356,1,1
1152688,1,1
1149871,1,1
1156286,1,1
1156803,1,1
1150829,1,1
1148744,1,1
30031340,1,1
30032112,1,1
1157745,1,1
30031322,1,1
1167591,1,1
1153706,1,1
1153698,1,1
1148628,1,1
1167135,1,1
1157249,1,1
1158806,1,1
1164367,1,1
1149151,1,1
1150834,1,1
1152665,1,1
1147892,1,1
1159486,1,1
1159488,1,1
1153723,1,1
1159472,1,1
1164372,1,1
1150735,1,1
1165830,1,1
1148613,1,1
1166890,1,1
1149873,1,1
1166885,1,1
1157919,1,1
1155939,1,1
40037116,1,1
1157212,1,1
1154701,1,1
1162025,1,1
1155352,1,1
1160404,1,1
1149916,1,1
1162071,1,1
1156626,1,1
1160399,1,1
1157286,1,1
1164488,1,1
1155957,1,1
1166888,1,1
1150873,1,1
1160400,1,1
1162768,1,1
1153700,1,1
1156658,1,1
1166882,1,1
1165353,1,1
1154700,1,1
1155938,1,1
1149939,1,1
1157275,1,1
1155946,1,1
1166363,1,1
1165354,1,1
1155937,1,1
1168126,1,1
1153687,1,1
1147872,1,1
40039908,1,1
1167640,1,1
1150854,1,1
1155954,1,1
1157902,1,1
1155435,1,1
1159456,1,1
1155944,1,1
1155383,1,1
1155378,1,1
1164481,1,1
1155388,1,1
1158773,1,1
1149929,1,1
1153686,1,1
1161995,1,1
1157901,1,1
1150832,1,1
1159458,1,1
30029704,1,1
1157891,1,1
1152776,1,1
1151025,1,1
1167635,1,1
1150187,1,1
1162750,1,1
1149176,1,1
1157211,1,1
1165696,1,1
1148620,1,1
1152780,1,1
1153680,1,1
1166347,1,1
1164300,1,1
1166904,1,1
1155358,1,1
1158797,1,1
1158798,1,1
1152107,1,1
1149150,1,1
1148727,1,1
1147897,1,1
1157278,1,1
1154777,1,1
1155351,1,1
1167637,1,1
1162985,1,1
1162044,1,1
1157923,1,1
40037422,1,1
30030967,1,1
1160410,1,1
1164315,1,1
1157294,1,1
1154695,1,1
1166368,1,1
1156667,1,1
1162770,1,1
1165373,1,1
1162983,1,1
1158780,1,1
1157213,1,1
1166894,1,1
1157912,1,1
1163187,1,1
1152684,1,1
1152146,1,1
1156986,1,1
1162007,1,1
1164334,1,1
1153714,1,1
1152677,1,1
30033474,1,1
1158809,1,1
1152109,1,1
1164626,1,1
1157921,1,1
1159331,1,1
1147906,1,1
1166318,1,1
1167642,1,1
1147902,1,1
1152140,1,1
30031502,1,1
1167629,1,1
1154779,1,1
1165372,1,1
1158790,1,1
1156702,1,1
30030603,1,1
1148043,1,1
1150876,1,1
1148815,1,1
1160401,1,1
1154783,1,1
1150846,1,1
1149175,1,1
1154696,1,1
1154692,1,1
1152152,1,1
1158791,1,1
1153678,1,1
1155381,1,1
1164343,1,1
1155975,1,1
1164147,1,1
1150820,1,1
1158795,1,1
1157210,1,1
1152108,1,1
1152102,1,1
1161962,1,1
1166869,1,1
1153709,1,1
1148604,1,1
1166873,1,1
40037109,1,1
1152646,1,1
1152649,1,1
1167601,1,1
1157909,1,1
1154775,1,1
1152136,1,1
1156910,1,1
1162225,1,1
1153720,1,1
1156630,1,1
1158402,1,1
1153681,1,1
1157916,1,1
1153707,1,1
1166872,1,1
1157287,1,1
1166356,1,1
1153691,1,1
1155985,1,1
1162760,1,1
1153673,1,1
1166315,1,1
1152142,1,1
1150726,1,1
1166359,1,1
1160396,1,1
1148748,1,1
1149138,1,1
1152117,1,1
1157270,1,1
1157234,1,1
1147721,1,1
1166366,1,1
1165379,1,1
1156627,1,1
1153702,1,1
1162019,1,1
1150850,1,1
1162906,1,1
1152673,1,1
1159471,1,1
1152652,1,1
1164119,1,1
1166905,1,1
1150185,1,1
1164369,1,1
1155384,1,1
1150862,1,1
1162476,1,1
30030709,1,1
1154703,1,1
1149870,1,1
40037614,1,1
1149917,1,1
1150826,1,1
1157214,1,1
1152786,1,1
1147867,1,1
1149920,1,1
30030760,1,1
1152680,1,1
1166887,1,1
1156624,1,1
1147907,1,1
1152653,1,1
1149918,1,1
1166627,1,1
1160391,1,1
1159475,1,1
1156649,1,1
1149152,1,1
1157907,1,1
1155355,1,1
1164213,1,1
1150734,1,1
1162745,1,1
1150856,1,1
1158781,1,1
1148612,1,1
1148708,1,1
1165371,1,1
1157050,1,1
1167238,1,1
1155984,1,1
1155387,1,1
1149164,1,1
1155379,1,1
1152777,1,1
1157927,1,1
1167587,1,1
1162039,1,1
1166899,1,1
1159149,1,1
1149943,1,1
1149162,1,1
1159269,1,1
1166868,1,1
1153676,1,1
1152672,1,1
1154681,1,1
40037111,1,1
1152112,1,1
1149183,1,1
1166881,1,1
1158802,1,1
40036930,1,1
1154677,1,1
1152675,1,1
1148602,1,1
1155972,1,1
1161959,1,1
1150738,1,1
40037823,1,1
1156654,1,1
1152097,1,1
1164311,1,1
1158785,1,1
1160381,1,1
30030559,1,1
1150828,1,1
1157900,1,1
30033750,1,1
1156652,1,1
1152785,1,1
1166879,1,1
1159464,1,1
1148603,1,1
1162072,1,1
1149915,1,1
1157284,1,1
1153718,1,1
1148633,1,1
1155382,1,1
1156661,1,1
1165363,1,1
1156300,1,1
1166875,1,1
1156639,1,1
1156656,1,1
1156632,1,1
1166323,1,1
1147891,1,1
1166895,1,1
1166866,1,1
1158789,1,1
1153180,1,1
1162229,1,1
1152292,1,1
1164625,1,1
1161986,1,1
1167596,1,1
1159455,1,1
1161950,1,1
1156665,1,1
40038952,1,1
1153150,1,1
1156635,1,1
1150199,1,1
1160386,1,1
1166349,1,1
1155966,1,1
1155370,1,1
1158804,1,1
1159480,1,1
1149867,1,1
1162475,1,1
1154678,1,1
1160394,1,1
1152644,1,1
1167229,1,1
1158266,1,1
40034644,1,1
1160183,1,1
1165378,1,1
1167630,1,1
1154698,1,1
1167155,1,1
1164299,1,1
1149869,1,1
1165362,1,1
1149946,1,1
1153696,1,1
1148608,1,1
1165366,1,1
1150874,1,1
1167184,1,1
1152781,1,1
1167592,1,1
1157899,1,1
1166991,1,1
1155374,1,1
1162048,1,1
1152093,1,1
1166307,1,1
1154683,1,1
1152658,1,1
1159325,1,1
1165829,1,1
1149335,1,1
1161947,1,1
1164306,1,1
1158793,1,1
1165376,1,1
1164295,1,1
1148587,1,1
1164328,1,1
1152113,1,1
1157918,1,1
1157266,1,1
40035571,1,1
1159365,1,1
1159426,1,1
1166891,1,1
1152141,1,1
1164296,1,1
1162080,1,1
1149949,1,1
1149324,1,1
1150339,1,1
1160388,1,1
1157274,1,1
1150871,1,1
30029525,1,1
1156638,1,1
1156625,1,1
1155971,1,1
1152100,1,1
1147879,1,1
1168253,1,1
1152787,1,1
1164319,1,1
1152143,1,1
1166357,1,1
1149180,1,1
1164294,1,1
1148616,1,1
1150724,1,1
1155945,1,1
1157289,1,1
30029824,1,1
1166871,1,1
30029376,1,1
1155950,1,1
1162241,1,1
1166902,1,1
1160383,1,1
1159489,1,1
1154160,1,1
30031158,1,1
40035122,1,1
1156644,1,1
1162761,1,1
1155434,1,1
1160408,1,1
1157228,1,1
1149937,1,1
1155362,1,1
1149931,1,1
1150830,1,1
1147886,1,1
1166907,1,1
1155386,1,1
1148610,1,1
1160409,1,1
1165352,1,1
1152647,1,1
1147878,1,1
1147874,1,1
1167636,1,1
1149179,1,1
1154687,1,1
1149177,1,1
1161991,1,1
1148611,1,1
1148585,1,1
1148586,1,1
1155353,1,1
1164286,1,1
1157917,1,1
1165357,1,1
1154776,1,1
1157280,1,1
1148591,1,1
1157749,1,1
1158811,1,1
1155361,1,1
1156647,1,1
1164150,1,1
1162034,1,1
30030832,1,1
1156666,1,1
1162901,1,1
1160377,1,1
1154773,1,1
1166900,1,1
1149923,1,1
1152774,1,1
1159465,1,1
1162747,1,1
1149936,1,1
1162081,1,1
1148271,1,1
1158787,1,1
1159359,1,1
1150201,1,1
1162052,1,1
1165367,1,1
1166877,1,1
1150865,1,1
1152670,1,1
1159327,1,1
1148751,1,1
1164305,1,1
1147870,1,1
1155372,1,1
1149912,1,1
1157277,1,1
1165613,1,1
1156646,1,1
1148630,1,1
1156642,1,1
1166886,1,1
1152127,1,1
1147895,1,1
1159258,1,1
30033628,1,1
1165350,1,1
1151198,1,1
1162765,1,1
1162771,1,1
1157282,1,1
1152115,1,1
1149153,1,1
1166355,1,1
1156637,1,1
1155951,1,1
1157273,1,1
1148742,1,1
1149188,1,1
1148741,1,1
1152667,1,1
1153888,1,1
1152106,1,1
1155986,1,1
1162753,1,1
1162218,1,1
1148592,1,1
1151286,1,1
1162969,1,1
1162477,1,1
1162743,1,1
1149935,1,1
1157291,1,1
1148605,1,1
1164292,1,1
1157906,1,1
1162227,1,1
1153151,1,1
1164293,1,1
1162067,1,1
1156655,1,1
1147908,1,1
1149933,1,1
1160412,1,1
1167588,1,1
1154686,1,1
1147873,1,1
1149922,1,1
1148619,1,1
1157246,1,1
30032966,1,1
1153685,1,1
1155458,1,1
1148588,1,1
1155389,1,1
1157281,1,1
1157925,1,1
1149468,1,1
1155432,1,1
1157509,1,1
1152147,1,1
1150729,1,1
1162757,1,1
1149147,1,1
1149945,1,1
1167632,1,1
1157654,1,1
1149184,1,1
1165380,1,1
1158783,1,1
1160407,1,1
1158771,1,1
1164610,1,1
1157892,1,1
1153726,1,1
1154774,1,1
30028955,1,1
1157903,1,1
1157913,1,1
1159250,1,1
1153889,1,1
1147888,1,1
1166353,1,1
1156643,1,1
1152124,1,1
1152126,1,1
1158801,1,1
30030051,1,1
1160387,1,1
1147881,1,1
30029059,1,1
1152129,1,1
1153715,1,1
1165586,1,1
1150730,1,1
1154778,1,1
1149144,1,1
1149170,1,1
1159452,1,1
1149163,1,1
1155947,1,1
1159467,1,1
1158792,1,1
1158441,1,1
1153721,1,1
1166893,1,1
1152509,1,1
1157049,1,1
1155373,1,1
1164659,1,1
30029347,1,1
1156651,1,1
1155955,1,1
1150877,1,1
1159478,1,1
1166897,1,1
1165369,1,1
1157263,1,1
30031217,1,12
40034597,1,12
30032106,1,12
30032574,1,12
4190132868,1,12
30031354,1,12
4190132464,1,12
30031261,1,12
30033611,1,12
4190134633,1,12
30029703,1,12
30031704,1,12
30030237,1,12
30031220,1,12
40036121,1,12
30033817,1,12
30032169,1,12
30033440,1,12
30031210,1,12
1151283,1,12
40036832,1,12
40034633,1,12
30032535,1,12
30030772,1,12
30031932,1,12
4190131785,1,12
40034979,1,12
30030269,1,12
30029145,1,12
4190130057,1,12
30032276,1,12
4190122694,1,12
1153315,1,12
40034470,1,12
4190134487,1,12
1153998,1,12
4190121892,1,12
30030249,1,12
1168152,1,12
30030474,1,12
30029460,1,12
4190131361,1,12
40039737,1,12
30033210,1,12
4190132100,1,12
30031239,1,12
30031428,1,12
4190132424,1,12
30031866,1,12
30032679,1,12
4190131850,1,12
4190123858,1,12
4190133968,1,12
30030168,1,12
1101038,1,12
4190133960,1,12
30032015,1,12
30032268,1,12
30032099,1,12
40037501,1,12
4190132057,1,12
4190123934,1,12
30031377,1,12
30030946,1,12
40037215,1,12
40036096,1,12
4190133399,1,12
30031786,1,12
1149988,1,12
30032863,1,12
30030881,1,12
4190127183,1,12
30032102,1,12
30031795,1,12
4190134007,1,12
1145729,1,12
4190133462,1,12
30033807,1,12
4190133965,1,12
4190131152,1,12
4190124619,1,12
4190132712,1,12
40036057,1,12
30031367,1,12
30033432,1,12
30032472,1,12
30031520,1,12
40036131,1,12
30032101,1,12
1156221,1,12
4190123759,1,12
4190133253,1,12
4190124811,1,12
30031069,1,12
30029158,1,12
30032446,1,12
1154968,1,12
30033850,1,12
1108693,1,12
30032009,1,12
1146545,1,12
30033162,1,12
4190134173,1,12
40036940,1,12
30030611,1,12
1154656,1,12
4190129308,1,12
40037496,1,12
40037418,1,12
4190129539,1,12
4190131167,1,12
30032095,1,12
4190123956,1,12
40038725,1,12
30032171,1,12
40035459,1,12
30031035,1,12
30031287,1,12
4190124032,1,12
30029500,1,12
4190134990,1,12
30029765,1,12
30033486,1,12
4190132436,1,12
4190134183,1,12
1159320,1,12
30029863,1,12
40037127,1,12
30031114,1,12
4190131396,1,12
1145702,1,12
30033745,1,12
30033113,1,12
1151103,1,12
30030727,1,12
30031411,1,12
30029797,1,12
40040109,1,12
30033459,1,12
40036499,1,12
30030912,1,12
30032256,1,12
40036111,1,12
1154278,1,12
1098492,1,12
30032475,1,12
30029485,1,12
4190129206,1,12
1155481,1,12
30031957,1,12
4190133966,1,12
30033881,1,12
30032468,1,12
30029702,1,12
4190132351,1,12
30033765,1,12
1098404,1,12
30029038,1,12
30030604,1,12
4190131568,1,12
30032108,1,12
30030292,1,12
30031330,1,12
40036731,1,12
4190122081,1,12
30029700,1,12
30032445,1,12
30030297,1,12
30031854,1,12
40034594,1,12
30029984,1,12
40034643,1,12
1153449,1,12
30031631,1,12
4190135329,1,12
30030875,1,12
4190131693,1,12
30030372,1,12
40036822,1,12
1155078,1,12
4190130783,1,12
4190130264,1,12
1156876,1,12
30029378,1,12
40039870,1,12
30033448,1,12
4190122745,1,12
30032670,1,12
40036948,1,12
30031867,1,12
30033488,1,12
30031810,1,12
30029699,1,12
30031259,1,12
4190133496,1,12
30031926,1,12
30028916,1,12
30029239,1,12
30031821,1,12
30032117,1,12
4190132499,1,12
4190123931,1,12
30029412,1,12
30030319,1,12
1153190,1,12
4190135550,1,12
4190136008,1,12
30033784,1,12
30032211,1,12
4190133842,1,12
4190133087,1,12
30032666,1,12
4190131055,1,12
4190121868,1,12
30031668,1,12
30029248,1,12
30033463,1,12
1104808,1,12
30031818,1,12
30032122,1,12
4190124259,1,12
30029333,1,12
30032685,1,12
30032873,1,12
30033751,1,12
30029218,1,12
40034814,1,12
30029278,1,12
30031412,1,12
4190129963,1,12
1098312,1,12
30029864,1,12
30029464,1,12
40039953,1,12
40036051,1,12
4190134811,1,12
30029501,1,12
4190131374,1,12
1154942,1,12
30032088,1,12
30033072,1,12
30032842,1,12
40039871,1,12
4190135206,1,12
1152965,1,12
4190130796,1,12
30033140,1,12
30029357,1,12
30033810,1,12
4190131455,1,12
4190138924,1,12
30032222,1,12
40037216,1,12
40039867,1,12
4190134295,1,12
1163754,1,12
30029167,1,12
30028993,1,12
4190130207,1,12
30032116,1,12
4190131189,1,12
40036035,1,12
1166697,1,12
4190130589,1,12
1105837,1,12
1155713,1,12
4190130726,1,12
4190131498,1,12
4190128944,1,12
1155060,1,12
1156903,1,12
30031861,1,12
1159950,1,12
30031748,1,12
30031365,1,12
30031108,1,12
1163752,1,12
4190132973,1,12
40037417,1,12
4190124147,1,12
30033176,1,12
4190123451,1,12
4190131482,1,12
30033466,1,12
4190135580,1,12
4190132246,1,12
30032153,1,12
30031015,1,12
1158453,1,12
1159321,1,12
40039734,1,12
30033806,1,12
4190125686,1,12
4190132828,1,12
30029382,1,12
30030094,1,12
40035412,1,12
40039741,1,12
30030351,1,12
4190133112,1,12
30031325,1,12
30032271,1,12
30032511,1,12
40034983,1,12
30031841,1,12
4190135717,1,12
40037312,1,12
1153108,1,12
30030451,1,12
30028862,1,12
4190121989,1,12
1154202,1,12
30030689,1,12
30029606,1,12
1156771,1,12
40037415,1,12
30033089,1,12
4190130036,1,12
30029022,1,12
30033412,1,12
30030199,1,12
30032059,1,12
1152340,1,12
30033256,1,12
30032304,1,12
4190131675,1,12
4190131458,1,12
30030949,1,12
30029092,1,12
4190130343,1,12
30031424,1,12
30029858,1,12
4190131430,1,12
30031510,1,12
30032243,1,12
30031647,1,12
30031216,1,12
30033572,1,12
1159114,1,12
40037124,1,12
30032556,1,12
4190122452,1,12
30031900,1,12
30033265,1,12
4190122191,1,12
4190132072,1,12
30029238,1,12
1114759,1,12
40038731,1,12
40035633,1,12
1151420,1,12
30033269,1,12
30030102,1,12
1152935,1,12
40036944,1,12
40036829,1,12
4190124125,1,12
30033746,1,12
4190130613,1,12
1103776,1,12
4190133788,1,12
30029611,1,12
30029387,1,12
40038739,1,12
30033270,1,12
30033702,1,12
4190123413,1,12
40039954,1,12
30030299,1,12
30030745,1,12
30032577,1,12
30029865,1,12
30032584,1,12
4190132929,1,12
30031946,1,12
30033754,1,12
30033484,1,12
30030284,1,12
4190134417,1,12
30030449,1,12
30033803,1,12
30028992,1,12
30031209,1,12
30030672,1,12
30033489,1,12
30032109,1,12
30033766,1,12
30030383,1,12
1163638,1,12
30029499,1,12
30033207,1,12
30031225,1,12
30032698,1,12
30033786,1,12
4190122080,1,12
1158394,1,12
40037137,1,12
4190134856,1,12
4190123910,1,12
30029909,1,12
30031026,1,12
4190132014,1,12
4190130054,1,12
4190135431,1,12
4190132722,1,12
30032501,1,12
4190133513,1,12
30033173,1,12
4190123380,1,12
4190129799,1,12
30032110,1,12
40039305,1,12
30032528,1,12
4190133967,1,12
1154963,1,12
30031570,1,12
1156768,1,12
4190139984,1,12
40035119,1,12
30032892,1,12
4190135511,1,12
4190133961,1,12
30033848,1,12
30030985,1,12
1149303,1,12
30031271,1,12
30031361,1,12
4190122507,1,12
30033383,1,12
1152310,1,12
1164194,1,12
30033444,1,12
30033152,1,12
4190131488,1,12
30031705,1,12
30033483,1,12
40035778,1,12
30029908,1,12
30031328,1,12
30031607,1,12
30033761,1,12
4190131752,1,12
30029881,1,12
30029213,1,12
4190131237,1,12
4190123892,1,12
4190122150,1,12
30033124,1,12
40037506,1,12
40039856,1,12
30031198,1,12
30031321,1,12
4190122722,1,12
30031515,1,12
4190131345,1,12
30030391,1,12
40034918,1,12
30033439,1,12
30033193,1,12
30030935,1,12
4190134329,1,12
4190133864,1,12
30033710,1,12
40036827,1,12
30030728,1,12
1152246,1,12
4190130994,1,12
1161663,1,12
4190131411,1,12
30029444,1,12
4190132955,1,12
1151120,1,12
30032231,1,12
40036498,1,12
30030775,1,12
30033438,1,12
30032042,1,12
4190126335,1,12
30031727,1,12
4190121866,1,12
30029666,1,12
40038059,1,12
1156349,1,12
30031082,1,12
40037212,1,12
30033456,1,12
30031860,1,12
30029033,1,12
30029566,1,12
30028933,1,12
4190131957,1,12
4190129774,1,12
30032583,1,12
30030923,1,12
1158284,1,12
30033453,1,12
1157589,1,12
30029726,1,12
30031031,1,12
4190132521,1,12
30030101,1,12
30033814,1,12
4190129303,1,12
30032664,1,12
4190132714,1,12
30030900,1,12
30031823,1,12
30030657,1,12
4190121959,1,12
30031356,1,12
30030410,1,12
30031629,1,12
4190122702,1,12
4190133484,1,12
30032167,1,12
40036049,1,12
1148062,1,12
30031646,1,12
30033709,1,12
30031928,1,12
4190123873,1,12
40039292,1,12
4190122316,1,12
30029125,1,12
30031682,1,12
1154798,1,12
30032086,1,12
30030333,1,12
4190129910,1,12
4190124675,1,12
30029505,1,12
1151398,1,12
30032348,1,12
4190133547,1,12
30031096,1,12
30032495,1,12
4190132284,1,12
30033436,1,12
4190133221,1,12
40034502,1,12
40036823,1,12
4190123454,1,12
4190133810,1,12
30032618,1,12
30030894,1,12
4190122674,1,12
30031941,1,12
4190123598,1,12
40040111,1,12
1165657,1,12
4190124161,1,12
40037503,1,12
30033740,1,12
4190129481,1,12
4190131758,1,12
4190124970,1,12
1154937,1,12
4190134839,1,12
40034473,1,12
30032487,1,12
30032098,1,12
4190122228,1,12
30033573,1,12
30029455,1,12
1156957,1,12
30031116,1,12
40035423,1,12
40038735,1,12
4190130008,1,12
4190127422,1,12
30030320,1,12
4190129719,1,12
30029040,1,12
1158961,1,12
4190123516,1,12
30032236,1,12
4190130612,1,12
4190134378,1,12
30033782,1,12
4190123474,1,12
4190121929,1,12
1145742,1,12
1154996,1,12
30030998,1,12
30029259,1,12
30032876,1,12
30033143,1,12
30033883,1,12
4190129704,1,12
4190134074,1,12
30031956,1,12
30030869,1,12
4190132981,1,12
30029988,1,12
30031413,1,12
30029073,1,12
4190127315,1,12
30030774,1,12
4190130863,1,12
40036148,1,12
4190123458,1,12
30032837,1,12
4190133964,1,12
30029021,1,12
30031902,1,12
40038757,1,12
40034812,1,12
30030243,1,12
1157975,1,12
40039922,1,12
30030680,1,12
1146404,1,12
30030890,1,12
1160063,1,12
30033845,1,12
30030705,1,12
40036542,1,12
30033599,1,12
4190123681,1,12
40034624,1,12
30031410,1,12
4190134114,1,12
30033441,1,12
4190133596,1,12
30029613,1,12
30030987,1,12
4190131509,1,12
1159259,1,12
4190131734,1,12
30030754,1,12
4190130746,1,12
30029045,1,12
30029229,1,12
30031920,1,12
30031593,1,12
4190124255,1,12
30030714,1,12
30029446,1,12
30033796,1,12
30033139,1,12
30030191,1,12
30033739,1,12
30031850,1,12
30030472,1,12
40036505,1,12
30029225,1,12
30032192,1,12
30032534,1,12
40034769,1,12
40036044,1,12
30029288,1,12
30032913,1,12
30033125,1,12
40034415,1,12
1153318,1,12
4190126327,1,12
30029687,1,12
4190130714,1,12
30032578,1,12
30031099,1,12
40037502,1,12
30032010,1,12
40038330,1,12
30029077,1,12
4190129811,1,12
4190129505,1,12
30033462,1,12
40035640,1,12
30031381,1,12
30030895,1,12
30030675,1,12
4190123355,1,12
30033180,1,12
30033169,1,12
40034472,1,12
30028854,1,12
4190121923,1,12
4190134070,1,12
30031329,1,12
4190127923,1,12
40037596,1,12
40037208,1,12
30031068,1,12
30032633,1,12
4190132228,1,12
30032576,1,12
4190122681,1,24
30032090,1,24
1167380,1,24
30032490,1,24
1156117,1,24
4190129526,1,24
30032586,1,24
30031792,1,24
4190129577,1,24
4190132317,1,24
40037595,1,24
40038031,1,24
30028845,1,24
4190125157,1,24
30032014,1,24
1149039,1,24
4190129730,1,24
4190131878,1,24
4190132838,1,24
1099837,1,24
1168183,1,24
30029639,1,24
30031033,1,24
30032306,1,24
40039298,1,24
30029029,1,24
30031615,1,24
30032481,1,24
1111552,1,24
30033475,1,24
30029236,1,24
4190132180,1,24
30032051,1,24
30029601,1,24
40037597,1,24
4190129764,1,24
30031600,1,24
30031746,1,24
30031226,1,24
30029247,1,24
30030630,1,24
30032462,1,24
4190129716,1,24
30033516,1,24
4190122335,1,24
30031844,1,24
30032661,1,24
40038740,1,24
40039047,1,24
30033263,1,24
30033876,1,24
30031588,1,24
30032502,1,24
4190133875,1,24
4190134549,1,24
4190123775,1,24
1168080,1,24
30031843,1,24
4190130186,1,24
1163641,1,24
30030917,1,24
30031011,1,24
30028865,1,24
1163726,1,24
30030734,1,24
4190132335,1,24
4190130254,1,24
40039336,1,24
30033122,1,24
30031333,1,24
4190129856,1,24
4190129893,1,24
40039300,1,24
30032613,1,24
30031370,1,24
4190133456,1,24
30031839,1,24
1148783,1,24
30032070,1,24
30032439,1,24
30031643,1,24
30030889,1,24
30031603,1,24
4190131014,1,24
30031494,1,24
4190133583,1,24
4190127429,1,24
30029628,1,24
4190122278,1,24
4190123589,1,24
30031507,1,24
4190130998,1,24
30033249,1,24
30032677,1,24
30029777,1,24
4190123923,1,24
30031845,1,24
30032547,1,24
30028843,1,24
4190127299,1,24
4190130251,1,24
30033805,1,24
30032620,1,24
40036503,1,24
4190129593,1,24
4190134545,1,24
30032594,1,24
4190131211,1,24
30033241,1,24
4190129930,1,24
30030326,1,24
30029186,1,24
30029627,1,24
30031694,1,24
40038754,1,24
30031061,1,24
1164808,1,24
30029364,1,24
30029085,1,24
30029117,1,24
30028842,1,24
30033227,1,24
1108715,1,24
4190132199,1,24
1164724,1,24
40038028,1,24
30033446,1,24
30032599,1,24
30030236,1,24
30029144,1,24
30030568,1,24
1161379,1,24
4190133729,1,24
4190127476,1,24
30031812,1,24
30030804,1,24
40035784,1,24
30032545,1,24
30032154,1,24
4190132022,1,24
40036836,1,24
40037145,1,24
30031896,1,24
30029738,1,24
1154130,1,24
40039925,1,24
30030557,1,24
4190134896,1,24
1153005,1,24
40034771,1,24
1168164,1,24
1154094,1,24
30031270,1,24
30032205,1,24
1151285,1,24
30030741,1,24
30032549,1,24
30031371,1,24
40038949,1,24
1161281,1,24
4190134855,1,24
4190124134,1,24
4190139000,1,24
40038764,1,24
1156114,1,24
30030131,1,24
4190131045,1,24
40035424,1,24
1151205,1,24
4190129099,1,24
4190130691,1,24
4190129313,1,24
4190135577,1,24
30029356,1,24
40039851,1,24
30033069,1,24
30032665,1,24
4190129713,1,24
4190129762,1,24
4190130876,1,24
30030841,1,24
4190129838,1,24
30029860,1,24
4190129478,1,24
1160362,1,24
40038784,1,24
30032440,1,24
4190129607,1,24
1146202,1,24
30032460,1,24
30031618,1,24
4190130096,1,24
4190123817,1,24
1148288,1,24
30030756,1,24
30032671,1,24
30032669,1,24
1159063,1,24
1110565,1,24
1158949,1,24
1148027,1,24
1159842,1,24
30031587,1,24
4190135449,1,24
30029637,1,24
4190131433,1,24
4190131087,1,24
4190121885,1,24
1154203,1,24
30031635,1,24
30032513,1,24
1158400,1,24
30032843,1,24
4190125581,1,24
40039861,1,24
30032838,1,24
30033428,1,24
30032267,1,24
1161552,1,24
30033472,1,24
1168284,1,24
30033602,1,24
4190136143,1,24
30029528,1,24
30029046,1,24
40039720,1,24
1155835,1,24
4190130952,1,24
4190122349,1,24
30029299,1,24
1155650,1,24
4190130390,1,24
4190133769,1,24
30030309,1,24
40036043,1,24
4190131554,1,24
4190133618,1,24
4190136102,1,24
4190124339,1,24
1155542,1,24
30032457,1,24
4190131588,1,24
30033260,1,24
4190124053,1,24
1108952,1,24
1156370,1,24
30033482,1,24
30032220,1,24
30032136,1,24
30029405,1,24
30029587,1,24
30032652,1,24
1119362,1,24
4190134897,1,24
30033451,1,24
4190124049,1,24
30033471,1,24
30031840,1,24
40039919,1,24
4190131780,1,24
40035173,1,24
30033201,1,24
30031163,1,24
4190131658,1,24
1167485,1,24
30031511,1,24
4190129051,1,24
4190126708,1,24
1107525,1,24
30029148,1,24
1162328,1,24
30029369,1,24
4190129355,1,24
4190130618,1,24
30030467,1,24
30028991,1,24
40036129,1,24
30029867,1,24
30030384,1,24
30030952,1,24
30030287,1,24
4190123787,1,24
1163744,1,24
30032393,1,24
4190122192,1,24
1154927,1,24
4190124334,1,24
30031721,1,24
4190134018,1,24
4190124287,1,24
4190124005,1,24
4190123418,1,24
30029896,1,24
30031039,1,24
30029150,1,24
30032622,1,24
30029138,1,24
1164197,1,24
4190130290,1,24
30033452,1,24
4190131011,1,24
40034632,1,24
40039727,1,24
30031918,1,24
1167333,1,24
30032150,1,24
30029638,1,24
40036122,1,24
1151114,1,24
4190128997,1,24
30030864,1,24
30031345,1,24
30029492,1,24
30032571,1,24
40034468,1,24
30031897,1,24
4190124265,1,24
30031586,1,24
4190123834,1,24
30033744,1,24
30030882,1,24
30030920,1,24
30031599,1,24
30033250,1,24
30029123,1,24
30029889,1,24
4190135715,1,24
4190129991,1,24
1157475,1,24
30033435,1,24
30032246,1,24
30030279,1,24
1165575,1,24
30032550,1,24
30033485,1,24
30029066,1,24
4190130606,1,24
30032060,1,24
30032028,1,24
4190129888,1,24
1151389,1,24
30029037,1,24
1149515,1,24
4190130512,1,24
40036046,1,24
4190134798,1,24
30031063,1,24
4190129685,1,24
4190127333,1,24
30030762,1,24
30032464,1,24
4190123495,1,24
30031754,1,24
30033171,1,24
4190129731,1,24
30032128,1,24
30029418,1,24
30032612,1,24
4190138708,1,24
30031245,1,24
30032451,1,24
30030306,1,24
4190131729,1,24
30031750,1,24
30029724,1,24
4190130092,1,24
1163742,1,24
4190130929,1,24
30031715,1,24
30033640,1,24
40037078,1,24
30030271,1,24
30031344,1,24
4190124617,1,24
4190124433,1,24
40036833,1,24
4190132746,1,24
4190132328,1,24
1153172,1,24
30030167,1,24
4190130484,1,24
4190128744,1,24
30033185,1,24
30030378,1,24
30032062,1,24
40039274,1,24
30030245,1,24
30032118,1,24
4190123644,1,24
30029121,1,24
30029515,1,24
40037148,1,24
30031846,1,24
4190130914,1,24
1157073,1,24
1154234,1,24
30031508,1,24
30029871,1,24
4190127591,1,24
30030246,1,24
4190131416,1,24
4190124801,1,24
4190127550,1,24
4190133994,1,24
4190130734,1,24
1159223,1,24
1158889,1,24
30032189,1,24
1155079,1,24
30031636,1,24
40035474,1,24
30032120,1,24
40039732,1,24
40037594,1,24
1112148,1,24
30032629,1,24
30033465,1,24
30031260,1,24
30032135,1,24
40036069,1,24
30029166,1,24
30030294,1,24
4190128928,1,24
1157187,1,0
1153613,1,0
1149740,1,0
1138927,1,0
1153616,1,0
1157794,1,0
1156455,1,0
1152579,1,0
1108944,1,0
1109316,1,0
1113678,1,0
1142100,1,0
1153588,1,0
1127614,1,0
1150938,1,0
1150914,1,0
1153845,1,0
1151085,1,0
1152058,1,0
1142052,1,0
1158188,1,0
1116150,1,0
1145351,1,0
1150778,1,0
1110983,1,0
1145315,1,0
1151841,1,0
1142954,1,0
1143272,1,0
1153785,1,0
1112136,1,0
1149814,1,0
1142199,1,0
1151999,1,0
1152230,1,0
1157814,1,0
1145382,1,0
1149092,1,0
1151567,1,0
1138911,1,0
1140801,1,0
1118098,1,0
1150376,1,0
1154589,1,0
1159298,1,0
1127615,1,0
1144092,1,0
1145902,1,0
1138916,1,0
1151793,1,0
1117305,1,0
1141444,1,0
1155133,1,0
1139187,1,0
1118903,1,0
1155180,1,0
1144090,1,0
1152013,1,0
1149752,1,0
1149744,1,0
1146703,1,0
40036073,1,0
1159305,1,0
1158195,1,0
1138811,1,0
1118172,1,0
1156029,1,0
1140907,1,0
1142293,1,0
1138816,1,0
1112217,1,0
1155324,1,0
1156406,1,0
1145314,1,0
1127587,1,0
40035517,1,0
1123119,1,0
1153522,1,0
40036089,1,0
1127546,1,0
1151068,1,0
1150906,1,0
1150897,1,0
1157204,1,0
1152187,1,0
1142956,1,0
1156611,1,0
1148984,1,0
1159312,1,0
1118080,1,0
1153521,1,0
1127663,1,0
1158189,1,0
1142297,1,0
1153499,1,0
1153501,1,0
1115959,1,0
1138918,1,0
1139084,1,0
1145885,1,0
1127581,1,0
1150588,1,0
1150667,1,0
1138914,1,0
1158196,1,0
1153519,1,0
1151058,1,0
1138650,1,0
1145353,1,0
1153592,1,0
1153343,1,0
1157934,1,0
1153471,1,0
1150787,1,0
1152981,1,0
1150045,1,0
1153590,1,0
1114805,1,0
1142955,1,0
1116108,1,0
1113536,1,0
1143230,1,0
1118026,1,0
1154003,1,0
1151849,1,0
1153491,1,0
1153852,1,0
1116048,1,0
1114732,1,0
1151782,1,0
1153894,1,0
1159434,1,0
1137587,1,0
1116175,1,0
1152185,1,0
40035167,1,0
1135801,1,0
1150935,1,0
1150930,1,0
1139032,1,0
1142057,1,0
1153502,1,0
40038381,1,0
1141471,1,0
1113720,1,0
1152721,1,0
1156064,1,0
1154577,1,0
1153846,1,0
1142054,1,0
1153481,1,0
1158184,1,0
1108732,1,0
1150843,1,0
1135803,1,0
1146594,1,0
1153784,1,0
1153482,1,0
1147338,1,0
1149747,1,0
1159295,1,0
1158193,1,0
1142185,1,0
1113642,1,0
1153801,1,0
1151975,1,0
1156489,1,0
1114801,1,0
1150907,1,0
1150677,1,0
1149754,1,0
1152968,1,0
1157181,1,0
1156021,1,0
1158192,1,0
1150001,1,0
1141370,1,0
1150931,1,0
1142308,1,0
1144401,1,0
1155879,1,0
1140914,1,0
1139185,1,0
1152191,1,0
1118099,1,0
1153648,1,0
1153782,1,0
1140901,1,0
1113631,1,0
1141517,1,0
1158183,1,0
1140658,1,0
1152229,1,0
1149758,1,0
40036071,1,0
1153608,1,0
1153462,1,0
1150574,1,0
1159567,1,0
1135809,1,0
1150932,1,0
1139089,1,0
1152069,1,0
1148274,1,0
1151829,1,0
1154011,1,0
1139674,1,0
1156604,1,0
1146192,1,0
1150755,1,0
1158860,1,0
1158214,1,0
1149743,1,0
1151031,1,0
1138921,1,0
1152190,1,0
40034603,1,0
1149641,1,0
1151837,1,0
1159515,1,0
1140802,1,0
1143247,1,0
1151617,1,0
1152228,1,0
1149708,1,0
1150666,1,0
1149642,1,0
1114627,1,0
40036072,1,0
1156101,1,0
1145237,1,0
1156053,1,0
1159794,1,0
1109459,1,0
1137695,1,0
1153505,1,0
1116199,1,0
1157171,1,0
1159438,1,0
1155812,1,0
1145379,1,0
1159330,1,0
1135798,1,0
1150046,1,0
1137684,1,0
1137653,1,0
1153614,1,0
1151052,1,0
1153496,1,0
1143234,1,0
1152186,1,0
1139013,1,0
1142787,1,0
1151832,1,0
1145116,1,0
1149810,1,0
1158134,1,0
1114917,1,0
1114596,1,0
1153599,1,0
1127664,1,0
1144291,1,0
1150887,1,0
1135811,1,0
1119693,1,0
1142315,1,0
1150786,1,0
1140826,1,0
1150483,1,0
1153453,1,0
1150581,1,0
1118055,1,0
1142011,1,0
1156466,1,0
1146578,1,0
1150497,1,0
1147336,1,0
1152578,1,0
1154627,1,0
1138871,1,0
1152720,1,0
1153523,1,0
1153838,1,0
1158122,1,0
1152184,1,0
1153461,1,0
1158610,1,0
1157195,1,0
1148303,1,0
1154716,1,0
1140707,1,0
1152188,1,0
1135839,1,0
1153617,1,0
1153583,1,0
1127595,1,0
1159807,1,0
1158494,1,0
1109332,1,0
40038390,1,0
1149718,1,0
1159448,1,0
1158863,1,0
1114771,1,0
1150867,1,0
1138230,1,0
1139033,1,0
1153589,1,0
1151655,1,0
1120449,1,0
1153604,1,0
1114556,1,0
1116204,1,0
1152231,1,0
1151656,1,0
1151941,1,0
1138680,1,0
1113768,1,0
1159300,1,0
1158516,1,0
1116009,1,0
1150882,1,0
1158507,1,0
1146819,1,0
1153595,1,0
1157184,1,0
1138660,1,0
1157933,1,0
1142364,1,0
1158737,1,0
1139085,1,0
1153775,1,0
1153495,1,0
1153400,1,0
1152580,1,0
1151616,1,0
1145395,1,0
1116181,1,0
1149724,1,0
1149730,1,0
1157832,1,0
1118053,1,0
1150593,1,0
1149770,1,0
1142238,1,0
1153776,1,0
1108745,1,0
1137565,1,0
1159730,1,0
1151751,1,0
1153605,1,0
1156012,1,0
1149776,1,0
1157178,1,0
1141325,1,0
1152552,1,0
1158699,1,0
1158517,1,0
1158714,1,0
1140046,1,0
1127579,1,0
1148387,1,0
40034872,1,0
1139174,1,0
1153527,1,0
1150792,1,0
1143300,1,0
1153437,1,0
1127662,1,0
1156714,1,0
1151776,1,0
1137729,1,0
1149734,1,0
1142310,1,0
1159353,1,0
1138912,1,0
1151785,1,0
1140624,1,0
1153603,1,0
1135807,1,0
1150000,1,0
1142270,1,0
1158725,1,0
1119026,1,0
1159513,1,0
1151869,1,0
1150842,1,0
1151084,1,0
1150927,1,0
1138882,1,0
1153601,1,0
1141508,1,0
1113647,1,0
1141531,1,0
1151850,1,0
1140875,1,0
1117248,1,0
1151079,1,0
40035168,1,0
1146717,1,0
1157179,1,0
1138651,1,0
1145383,1,0
1152604,1,0
1149746,1,0
1158607,1,0
1142925,1,0
1151947,1,0
1117409,1,0
1150361,1,0
1158506,1,0
1139025,1,0
1138925,1,0
1153582,1,0
1149636,1,0
1158185,1,0
1158129,1,0
1153578,1,0
1153422,1,0
1116174,1,0
4190124547,1,6
30033447,1,6
30031044,1,6
40038036,1,6
30033742,1,6
30030230,1,6
30032163,1,6
30031359,1,6
40039739,1,6
30029622,1,6
40037039,1,6
30033846,1,6
30032596,1,6
30030093,1,6
30032093,1,6
4190131425,1,6
4190128837,1,6
1150111,1,6
40038723,1,6
4190133510,1,6
30031219,1,6
30030883,1,6
30031667,1,6
30031617,1,6
30032241,1,6
30030382,1,6
30032503,1,6
4190123552,1,6
30031304,1,6
4190127970,1,6
4190124551,1,6
1158285,1,6
40038055,1,6
30029183,1,6
4190123740,1,6
30030736,1,6
1117458,1,6
40034548,1,6
1158603,1,6
4190123988,1,6
30031352,1,6
30033061,1,6
1159084,1,6
4190133359,1,6
40035120,1,6
30029434,1,6
4190133243,1,6
30032859,1,6
30031290,1,6
30031614,1,6
30031628,1,6
30032858,1,6
30030914,1,6
4190124455,1,6
1159916,1,6
40038729,1,6
30030127,1,6
30031825,1,6
40034475,1,6
4190123874,1,6
30030392,1,6
1148839,1,6
4190123908,1,6
30031911,1,6
4190130210,1,6
30031234,1,6
30032079,1,6
30031422,1,6
4190123621,1,6
30031319,1,6
30031423,1,6
4190122360,1,6
40036729,1,6
30030730,1,6
30029862,1,6
1161397,1,6
30033800,1,6
4190131979,1,6
4190132912,1,6
30033052,1,6
1107268,1,6
30032675,1,6
30029292,1,6
4190133797,1,6
30031369,1,6
4190133014,1,6
30029720,1,6
30032470,1,6
30029489,1,6
30030194,1,6
40037134,1,6
30029458,1,6
40038954,1,6
40037049,1,6
30032889,1,6
30029838,1,6
30032103,1,6
30031927,1,6
30030700,1,6
30033238,1,6
40037214,1,6
30030932,1,6
4190133677,1,6
30033753,1,6
4190132916,1,6
4190123727,1,6
1157445,1,6
1151459,1,6
30032092,1,6
4190132869,1,6
4190136162,1,6
30032137,1,6
4190128991,1,6
4190123393,1,6
30030977,1,6
30031346,1,6
30030054,1,6
4190133108,1,6
4190134028,1,6
30032683,1,6
30030310,1,6
30030731,1,6
4190131770,1,6
30031741,1,6
4190130681,1,6
4190130342,1,6
4190122272,1,6
4190134939,1,6
30033077,1,6
30030420,1,6
4190132771,1,6
4190134159,1,6
1161198,1,6
40040110,1,6
30031827,1,6
4190133408,1,6
30031898,1,6
4190122302,1,6
4190123577,1,6
30031877,1,6
30031836,1,6
30031222,1,6
4190131981,1,6
40035431,1,6
40035105,1,6
4190131419,1,6
4190122435,1,6
30031430,1,6
4190131171,1,6
30033607,1,6
1154463,1,6
30031933,1,6
40034465,1,6
30029667,1,6
40037494,1,6
4190129735,1,6
4190126349,1,6
40039879,1,6
4190132369,1,6
40034770,1,6
40034592,1,6
30031855,1,6
40039932,1,6
4190133727,1,6
30031440,1,6
4190124056,1,6
4190132198,1,6
40036147,1,6
30032658,1,6
30033064,1,6
30030575,1,6
30030765,1,6
30032864,1,6
1156899,1,6
30033426,1,6
40036771,1,6
4190134212,1,6
30030368,1,6
4190123547,1,6
30031921,1,6
40036119,1,6
4190126476,1,6
30031958,1,6
4190133982,1,6
4190134053,1,6
4190129752,1,6
1113756,1,6
30033844,1,6
30032591,1,6
4190121976,1,6
4190131454,1,6
30031376,1,6
30033847,1,6
4190126221,1,6
40036128,1,6
30032678,1,6
30028975,1,6
4190131668,1,6
30032100,1,6
4190125117,1,6
30031436,1,6
30029009,1,6
30030068,1,6
4190130266,1,6
30031658,1,6
30032639,1,6
30029023,1,6
4190122374,1,6
30031650,1,6
30029227,1,6
30029560,1,6
30030788,1,6
30031781,1,6
4190122082,1,6
4190134858,1,6
30030262,1,6
4190130738,1,6
30030161,1,6
30032155,1,6
1100218,1,6
30031109,1,6
40035645,1,6
30031579,1,6
30030691,1,6
30032165,1,6
30029355,1,6
30031828,1,6
1149395,1,6
30033701,1,6
4190133211,1,6
4190132379,1,6
4190132630,1,6
30031852,1,6
1146446,1,6
4190132496,1,6
30033801,1,6
30030729,1,6
30030873,1,6
4190126318,1,6
1112842,1,6
4190123339,1,6
30029813,1,6
30029452,1,6
40035256,1,6
1154353,1,6
30030678,1,6
4190132393,1,6
4190130069,1,6
4190134199,1,6
30030477,1,6
30032634,1,6
30033736,1,6
4190122331,1,6
4190130199,1,6
4190123877,1,6
1098345,1,6
30030332,1,6
4190132143,1,6
30033608,1,6
30032893,1,6
30031341,1,6
30031076,1,6
30031421,1,6
30031379,1,6
4190135306,1,6
30029467,1,6
4190132053,1,6
40037500,1,6
4190123429,1,6
30033843,1,6
1159147,1,6
30030928,1,6
30028922,1,6
4190127357,1,6
4190132454,1,6
30033789,1,6
4190135704,1,6
30032712,1,6
4190123549,1,6
4190131404,1,6
30029811,1,6
30031654,1,6
30032532,1,6
40036818,1,6
30032877,1,6
30030929,1,6
30029216,1,6
1152507,1,6
4190133274,1,6
4190122299,1,6
4190131494,1,6
30030674,1,6
40036842,1,6
4190133628,1,6
30032546,1,6
4190123601,1,6
4190122725,1,6
40035572,1,6
4190123550,1,6
4190122742,1,6
4190130140,1,6
30030799,1,6
30032565,1,6
30033413,1,6
30031783,1,6
30029057,1,6
40039854,1,6
4190124008,1,6
4190133150,1,6
30031681,1,6
40034772,1,6
30031501,1,6
4190130065,1,6
30030994,1,6
30031857,1,6
30031023,1,6
30032681,1,6
30029187,1,6
30031804,1,6
40039502,1,6
30029938,1,6
4190133902,1,6
4190123370,1,6
30030871,1,6
30032598,1,6
4190134907,1,6
30033110,1,6
4190123443,1,6
4190131927,1,6
1147128,1,6
1161791,1,6
30033882,1,6
30032673,1,6
1154460,1,6
30032156,1,10
30032508,1,10
30031295,1,10
30031695,1,10
4190135525,1,10
40035562,1,10
40035101,1,10
40037827,1,10
4190123886,1,10
40036508,1,10
30030766,1,10
30030857,1,10
40037590,1,10
30030840,1,10
40035465,1,10
30032861,1,10
4190134181,1,10
40034946,1,10
40034370,1,10
30031277,1,10
1155222,1,10
30031552,1,10
30029857,1,10
30030476,1,10
30029767,1,10
1155929,1,10
4190123513,1,10
1157850,1,10
30030308,1,10
40036740,1,10
40039923,1,10
30028872,1,10
30032113,1,10
30029414,1,10
4190132069,1,10
30033728,1,10
30029204,1,10
1161279,1,10
4190130035,1,10
30031697,1,10
4190126556,1,10
40036123,1,10
30031215,1,10
4190134934,1,10
30033518,1,10
1160040,1,10
30031009,1,10
1099876,1,10
40036936,1,10
40036047,1,10
30033880,1,10
1108656,1,10
40036839,1,10
40035881,1,10
30031265,1,10
30032225,1,10
4190124941,1,10
1155924,1,10
4190135397,1,10
4190130823,1,10
30030483,1,10
1110546,1,10
30031959,1,10
1156278,1,10
30031244,1,10
30032063,1,10
4190122429,1,10
30033111,1,10
30030738,1,10
30032218,1,10
4190124558,1,10
4190124140,1,10
4190131796,1,10
4190122336,1,10
4190134211,1,10
30033733,1,10
30033278,1,10
30031740,1,10
30031478,1,10
30029553,1,10
30030276,1,10
1157809,1,10
40036843,1,10
30033244,1,10
4190131295,1,10
1157634,1,10
30032216,1,10
30031514,1,10
4190123709,1,10
30032701,1,10
1167110,1,10
40038762,1,10
4190134600,1,10
4190129882,1,10
30030701,1,10
4190130194,1,10
1150176,1,10
30033594,1,10
4190126883,1,10
30029195,1,10
30033135,1,10
4190123929,1,10
30029325,1,10
30031465,1,10
30031037,1,10
30032461,1,10
30031901,1,10
30031931,1,10
40037828,1,10
4190133410,1,10
4190133789,1,10
4190122250,1,10
30033082,1,10
30033586,1,10
4190132165,1,10
30030322,1,10
30031716,1,10
1157639,1,10
4190133608,1,10
30031851,1,10
1160094,1,10
30029890,1,10
40036066,1,10
30032693,1,10
30032686,1,10
30032526,1,10
30030571,1,10
40036934,1,10
30029336,1,10
30029893,1,10
1157743,1,10
30030242,1,10
1116140,1,10
30032125,1,10
30031998,1,10
30031471,1,10
30029841,1,10
4190133325,1,10
30028976,1,10
4190123637,1,10
30030744,1,10
4190123793,1,10
30032054,1,10
30029277,1,10
40039651,1,10
4190122079,1,10
1157641,1,10
40037504,1,10
1109380,1,10
1157648,1,10
30030103,1,10
30029352,1,10
4190122274,1,10
30030800,1,10
40040108,1,10
4190122324,1,10
40038032,1,10
4190131242,1,10
4190131367,1,10
4190123584,1,10
30032887,1,10
30032672,1,10
30031596,1,10
4190131842,1,10
30033184,1,10
30031621,1,10
1161668,1,10
4190122731,1,10
4190134300,1,10
30032476,1,10
40037826,1,10
30033134,1,10
4190135147,1,10
30031264,1,10
30032967,1,10
30032238,1,10
30029604,1,10
30031691,1,10
30031753,1,10
30029424,1,10
1154839,1,10
1147716,1,10
4190134490,1,10
40038734,1,10
30031332,1,10
30032266,1,10
30030387,1,10
4190122737,1,10
30031221,1,10
4190130044,1,10
4190135597,1,10
4190138110,1,10
30033561,1,10
4190124422,1,10
1157254,1,10
30031263,1,10
30030470,1,10
40038130,1,10
30032261,1,10
30031665,1,10
1161658,1,10
1156740,1,10
30030206,1,10
30030155,1,10
30031580,1,10
30032131,1,10
40038763,1,10
30031469,1,10
40037210,1,10
1158312,1,10
30031100,1,10
40036844,1,10
4190124618,1,10
30031349,1,10
30028996,1,10
40035575,1,10
30032840,1,10
40038341,1,10
1150135,1,10
30033142,1,10
1158279,1,10
30033181,1,10
1116257,1,10
4190131470,1,10
40034803,1,10
1155577,1,10
30031481,1,10
30031899,1,10
4190122457,1,10
40039287,1,10
4190130588,1,10
30031240,1,10
30029279,1,10
4190125025,1,10
30031223,1,10
30032217,1,10
4190135413,1,10
1155032,1,10
40036492,1,10
1159002,1,10
4190130479,1,10
30029320,1,10
4190134494,1,10
30032557,1,10
4190122260,1,10
40039296,1,10
1148039,1,10
40034595,1,10
4190125023,1,10
4190122431,1,10
30032269,1,10
30033075,1,10
4190123378,1,10
4190134012,1,10
30033570,1,10
1166624,1,10
30029433,1,10
30030704,1,10
40038783,1,10
40038951,1,10
30031696,1,10
30033280,1,10
4190134557,1,10
30032509,1,10
30031149,1,10
30031831,1,10
4190132221,1,10
30031282,1,10
4190131112,1,10
30028890,1,10
40034972,1,10
30030140,1,10
30033108,1,10
4190133438,1,10
30030905,1,10
30030803,1,10
1165574,1,10
30029829,1,10
30033106,1,10
30033138,1,10
1165732,1,10
4190133654,1,10
40038760,1,10
4190122341,1,10
4190124075,1,10
30031684,1,10
4190122458,1,10
30029257,1,10
30033274,1,10
30033232,1,10
4190134006,1,10
1155029,1,10
30028949,1,10
40037068,1,10
30029711,1,10
30031745,1,10
30030240,1,10
4190134536,1,10
4190132302,1,10
1154850,1,10
30033099,1,10
30030715,1,10
30031291,1,10
30030057,1,10
30031266,1,10
4190131547,1,20
40038043,1,20
4190126927,1,20
40037042,1,20
30029411,1,20
30029835,1,20
4190123758,1,20
4190132669,1,20
4190122750,1,20
30030173,1,20
1155018,1,20
1152447,1,20
40034407,1,20
4190129084,1,20
1165816,1,20
30029068,1,20
4190123713,1,20
4190123722,1,20
30033574,1,20
30029602,1,20
40039863,1,20
1157708,1,20
30032504,1,20
30031331,1,20
4190135615,1,20
4190132210,1,20
40039714,1,20
1159873,1,20
30032541,1,20
30032173,1,20
30032465,1,20
4190134825,1,20
4190134967,1,20
30032193,1,20
30033233,1,20
30029011,1,20
4190133292,1,20
4190135392,1,20
4190126621,1,20
30032605,1,20
4190135464,1,20
1158443,1,20
30032181,1,20
4190125333,1,20
30033177,1,20
30029760,1,20
40037138,1,20
4190123602,1,20
4190134911,1,20
4190133744,1,20
30031589,1,20
40034452,1,20
30028994,1,20
1157611,1,20
30029436,1,20
30032585,1,20
1162293,1,20
30031670,1,20
40038126,1,20
30031623,1,20
1151260,1,20
30031799,1,20
30030942,1,20
30030113,1,20
30030948,1,20
1114841,1,20
40038042,1,20
4190138760,1,20
30033208,1,20
1163636,1,20
4190132546,1,20
30029408,1,20
30030712,1,20
1152893,1,20
30030785,1,20
40035460,1,20
30029652,1,20
30031905,1,20
30033589,1,20
40034621,1,20
30030918,1,20
40036826,1,20
40037593,1,20
4190132533,1,20
30031553,1,20
30029681,1,20
4190129131,1,20
30033158,1,20
4190134466,1,20
4190122006,1,20
40037133,1,20
4190121934,1,20
4190133798,1,20
30030979,1,20
30033234,1,20
1159174,1,20
4190123508,1,20
1163951,1,20
1151102,1,20
30030903,1,20
30030070,1,20
4190135146,1,20
4190134560,1,20
1149373,1,20
1164830,1,20
1162278,1,20
1148850,1,20
30031207,1,20
30031214,1,20
1148114,1,20
4190125922,1,20
4190133772,1,20
1159055,1,20
30033189,1,20
30030537,1,20
40036933,1,20
1157862,1,20
4190134829,1,20
4190125136,1,20
30031728,1,20
1154834,1,20
40037051,1,20
30029231,1,20
30033595,1,20
30032682,1,20
4190122347,1,20
30031506,1,20
40038963,1,20
30031059,1,20
1155587,1,20
4190133107,1,20
30033079,1,20
4190133657,1,20
4190134257,1,20
4190129092,1,20
1149534,1,20
40038026,1,20
30032818,1,20
30029192,1,20
40039918,1,20
4190123657,1,20
30029422,1,20
40036928,1,20
30031029,1,20
1154822,1,20
30029428,1,20
30031671,1,20
4190129091,1,20
30032663,1,20
30031014,1,20
30031800,1,20
1158457,1,20
30032699,1,20
40039961,1,20
4190123785,1,20
30033204,1,20
40035108,1,20
30033711,1,20
30031693,1,20
30032483,1,20
30031689,1,20
30031056,1,20
1152334,1,20
30029876,1,20
30030268,1,20
1155923,1,20
40038365,1,20
30031052,1,20
4190133226,1,20
1154186,1,20
30031098,1,20
30031737,1,20
30031228,1,20
30032187,1,20
30031988,1,20
1164209,1,20
30029413,1,20
30029024,1,20
30032946,1,20
4190134340,1,20
1103603,1,20
1152282,1,20
4190130679,1,20
40036103,1,20
30032129,1,20
30032525,1,20
30029471,1,20
30029764,1,20
30030837,1,20
40038347,1,20
4190125964,1,20
4190134541,1,20
4190125186,1,20
4190121994,1,20
1166566,1,20
1157536,1,20
1160187,1,20
40037821,1,20
1161167,1,20
4190124627,1,20
30029432,1,20
30030312,1,20
1164880,1,20
30030874,1,20
1155457,1,20
30033088,1,20
4190123712,1,20
30030724,1,20
30032489,1,20
4190123556,1,20
40039876,1,20
4190134570,1,20
4190134175,1,20
1160182,1,20
30031043,1,20
30031522,1,20
30030044,1,20
1158263,1,20
30029805,1,20
1158130,1,20
30029684,1,20
30032646,1,20
4190132374,1,20
4190125014,1,20
4190122330,1,20
40034371,1,20
40037825,1,20
30030829,1,20
4190124180,1,20
4190124904,1,20
40034471,1,20
4190130379,1,20
40038035,1,20
30031499,1,20
30030290,1,20
30033271,1,20
40037143,1,20
4190130203,1,20
30028930,1,20
4190130368,1,20
4190131195,1,20
4190130003,1,60
30030924,1,60
30031880,1,60
30031752,1,60
30030442,1,60
40038033,1,60
40039715,1,60
4190130294,1,60
4190132023,1,60
1161773,1,60
30031417,1,60
4190132570,1,60
30029753,1,60
1156871,1,60
1159089,1,60
30032381,1,60
4190130040,1,60
30030104,1,60
1165685,1,60
1152372,1,60
1151214,1,60
30032224,1,60
30029483,1,60
30030463,1,60
30029100,1,60
30032152,1,60
1155648,1,60
1152445,1,60
4190130561,1,60
30033115,1,60
4190123820,1,60
1168290,1,60
40035420,1,60
1149408,1,60
4190133588,1,60
1165880,1,60
30032390,1,60
1167572,1,60
1161199,1,60
40034477,1,60
30030969,1,60
1148057,1,60
30031156,1,60
1151520,1,60
40035439,1,60
1161439,1,60
4190129302,1,60
40040107,1,60
30029683,1,60
40038857,1,60
40038789,1,60
30031547,1,60
1160005,1,60
4190132575,1,60
4190130785,1,60
1168137,1,60
30032223,1,60
4190132337,1,60
30030006,1,60
1155646,1,60
30029084,1,60
4190122687,1,60
30029649,1,60
30032228,1,60
4190124224,1,60
30029766,1,60
4190128924,1,60
30032091,1,60
30033437,1,60
30029741,1,60
4190138210,1,60
4190133267,1,60
4190131272,1,60
30033154,1,60
4190132968,1,60
4190131075,1,60
4190126521,1,60
30030931,1,60
40036502,1,60
4190131358,1,60
30032844,1,60
30032235,1,60
4190125398,1,60
1152999,1,60
30031443,1,60
1149516,1,60
1158251,1,60
4190125575,1,60
4190132962,1,60
40037805,1,60
30031018,1,60
1156920,1,60
4190123567,1,60
30033473,1,60
4190134148,1,60
30033643,1,60
4190129878,1,60
4190131661,1,60
1159984,1,60
4190130104,1,60
30029850,1,60
4190134642,1,60
1165632,1,60
40038753,1,60
1157398,1,60
40034474,1,60
4190126115,1,60
1158376,1,60
4190123562,1,60
40035430,1,60
30031597,1,60
1151177,1,60
30031706,1,60
4190122245,1,60
30031638,1,60
1165476,1,60
30029657,1,60
30032674,1,60
30030165,1,60
30029102,1,60
4190124036,1,60
30029466,1,60
4190135498,1,60
40035458,1,60
30031826,1,60
1148830,1,60
4190131655,1,60
30029706,1,60
1148158,1,60
30031986,1,60
30030416,1,60
1148749,1,60
30030721,1,60
1168192,1,60
1157590,1,60
4190132911,1,60
4190135463,1,60
1149332,1,60
30030531,1,60
4190123519,1,60
30033258,1,60
4190129872,1,60
1164656,1,60
30030418,1,60
1153219,1,60
4190133177,1,60
4190133212,1,60
4190131947,1,60
1158219,1,60
30030005,1,60
40038352,1,60
30032180,1,60
4190132194,1,60
1165653,1,60
1152400,1,60
30030626,1,60
1154572,1,60
30031272,1,60
1154939,1,60
4190130940,1,60
4190132170,1,60
30031653,1,60
1159315,1,60
30028923,1,60
4190131694,1,60
30031954,1,60
40035418,1,60
30031521,1,60
4190122197,1,60
40037414,1,60
40039738,1,60
30030146,1,60
1107346,1,60
1148665,1,60
1159136,1,60
30032123,1,60
30031717,1,60
1163721,1,60
4190122109,1,60
40037832,1,60
4190129743,1,60
30029052,1,60
1155428,1,60
40037811,1,60
30029212,1,60
4190129966,1,60
4190132047,1,60
30030628,1,60
40037047,1,60
30033458,1,60
4190129693,1,60
30029851,1,60
4190134865,1,60
30028929,1,60
30030109,1,60
30033887,1,60
40039929,1,60
1157487,1,60
40038738,1,60
1161382,1,60
30029493,1,60
1163714,1,60
30030460,1,60
4190126698,1,60
30029039,1,60
30031235,1,60
30031790,1,60
4190130253,1,60
4190128081,1,60
30030953,1,60
30029445,1,60
30031806,1,60
4190129732,1,60
1153279,1,60
1155665,1,60
4190132242,1,60
1159460,1,60
1155050,1,60
1168022,1,60
30033639,1,60
40038948,1,60
4190132274,1,60
30030135,1,60
30029750,1,60
40036493,1,60
30032420,1,60
40036510,1,60
1158012,1,60
30033146,1,60
4190131198,1,60
40037584,1,60
4190130165,1,60
30030072,1,60
1162215,1,60
30032570,1,60
30030431,1,60
1161210,1,60
30028867,1,36
1167371,1,36
30032337,1,36
30033229,1,36
1155111,1,36
1149849,1,36
40034464,1,36
30031083,1,36
4190129971,1,36
30032563,1,36
30031619,1,36
4190132174,1,36
1157533,1,36
30029740,1,36
30029670,1,36
1163689,1,36
1107577,1,36
30029911,1,36
30031363,1,36
4190125412,1,36
30031590,1,36
30032424,1,36
1157650,1,36
30030598,1,36
40039920,1,36
1150287,1,36
1149429,1,36
4190131728,1,36
4190131859,1,36
4190135116,1,36
30032684,1,36
30031651,1,36
1157588,1,36
30033767,1,36
30030768,1,36
1156157,1,36
30032536,1,36
30032927,1,36
4190130216,1,36
40036461,1,36
4190124529,1,36
4190130311,1,36
30032632,1,36
30029625,1,36
1156195,1,36
4190130059,1,36
4190125553,1,36
30029868,1,36
40036819,1,36
4190138351,1,36
30029013,1,36
30031903,1,36
30031743,1,36
30033890,1,36
4190131255,1,36
30031847,1,36
4190123921,1,36
4190133959,1,36
30031016,1,36
40038970,1,36
4190131725,1,36
1108829,1,36
30033464,1,36
4190129659,1,36
30030651,1,36
4190129108,1,36
30029171,1,36
30032743,1,36
1152949,1,36
30029454,1,36
30032000,1,36
4190133597,1,36
4190124073,1,36
1151400,1,36
4190132990,1,36
4190130026,1,36
4190122388,1,36
30031664,1,36
1146532,1,36
30033798,1,36
1165823,1,36
30030659,1,36
4190132291,1,36
30033889,1,36
4190131028,1,36
40035482,1,36
40038329,1,36
30030437,1,36
30030676,1,36
1156904,1,36
30029785,1,36
30030863,1,36
1163779,1,36
30029027,1,36
30032555,1,36
30030393,1,36
1148657,1,36
4190131532,1,36
30029036,1,36
4190131423,1,36
1161808,1,36
1167300,1,36
4190133556,1,36
4190135508,1,36
30032636,1,36
1153159,1,36
40039719,1,36
30029087,1,36
30032638,1,36
30032640,1,36
1103695,1,36
30031107,1,36
40035776,1,36
40038765,1,36
30031760,1,36
4190123580,1,36
40036146,1,36
30032198,1,36
30032903,1,36
40034409,1,36
30033596,1,36
1161391,1,36
30032885,1,36
1148092,1,36
30029603,1,36
4190131250,1,36
30029875,1,36
30033129,1,36
4190132191,1,36
4190126012,1,36
30029468,1,36
1158942,1,36
40035113,1,36
40036727,1,36
4190122463,1,36
30032029,1,36
1107229,1,36
30030599,1,36
1156965,1,36
30031662,1,36
1149851,1,36
4190131907,1,36
40038133,1,36
30029014,1,36
30032637,1,36
40037217,1,36
30033580,1,36
1152075,1,36
30030950,1,36
30032229,1,4
30029709,1,4
30030092,1,4
30033769,1,4
30031111,1,4
30029096,1,4
4190131646,1,4
30031562,1,4
30031680,1,4
30030739,1,4
30031999,1,4
4190122420,1,4
4190122391,1,4
1157715,1,4
4190123613,1,4
4190121955,1,4
30029242,1,4
30030052,1,4
40036830,1,4
30032527,1,4
30031090,1,4
40037140,1,4
40037018,1,4
30033175,1,4
30031154,1,4
30030408,1,4
30030726,1,4
40036127,1,4
1162432,1,4
30032648,1,4
40036170,1,4
30029159,1,4
40034600,1,4
30031374,1,4
40036507,1,4
30028951,1,4
30033477,1,4
1157633,1,4
30030267,1,4
40039872,1,4
30032653,1,4
4190130235,1,4
30033560,1,4
4190132154,1,4
40037309,1,4
1112188,1,4
30031807,1,4
4190130280,1,4
40038027,1,4
30030710,1,4
4190132067,1,4
4190136033,1,4
30031267,1,4
40036937,1,4
30029228,1,4
30029330,1,4
30030444,1,4
30029346,1,4
30029118,1,4
30030937,1,4
1166411,1,4
4190131782,1,4
30031538,1,4
30029353,1,4
4190122329,1,4
30031720,1,4
30029314,1,4
4190122019,1,4
1158066,1,4
40036932,1,4
30030834,1,4
40035479,1,4
30032186,1,4
40035835,1,4
40036774,1,4
30033253,1,4
30031276,1,4
1115972,1,4
4190123703,1,4
30032272,1,4
30030075,1,4
40037526,1,4
40035174,1,4
4190135434,1,4
30030373,1,4
40039644,1,4
40034911,1,4
4190122163,1,4
40036490,1,4
40036553,1,4
30030632,1,4
30029107,1,4
4190133333,1,4
4190131447,1,4
1158242,1,4
30032517,1,4
1108851,1,4
4190134884,1,4
30030369,1,4
30032008,1,4
30029050,1,4
30033816,1,4
40036458,1,4
30029782,1,4
30029521,1,4
4190131267,1,4
30031464,1,4
30031051,1,4
30030438,1,4
30032654,1,4
30032593,1,4
30030743,1,4
40038132,1,4
40037211,1,4
30031833,1,4
40036494,1,4
30032850,1,4
1114577,1,4
40038131,1,4
30030049,1,4
4190134224,1,4
30030480,1,4
30030283,1,4
4190131145,1,4
30031231,1,4
30029254,1,4
30030858,1,4
30030567,1,4
30029538,1,4
30031785,1,4
30031989,1,4
4190123403,1,4
30029202,1,4
30032510,1,4
40038767,1,4
30029180,1,4
30032473,1,4
4190131692,1,4
30030277,1,4
30033849,1,4
30032921,1,4
30030440,1,4
30032005,1,4
30031853,1,4
1168145,1,4
30033799,1,4
4190131763,1,4
30031649,1,8
30030995,1,8
40038331,1,8
40037588,1,8
30031858,1,8
1112165,1,8
30031816,1,8
30030045,1,8
30030288,1,8
30032085,1,8
30030877,1,8
30029983,1,8
30031782,1,8
30032696,1,8
30029981,1,8
40038052,1,8
30030389,1,8
30031293,1,8
30029160,1,8
30033170,1,8
30031601,1,8
40034804,1,8
30031569,1,8
30032616,1,8
30029168,1,8
30029986,1,8
30029980,1,8
4190130300,1,8
4190139791,1,8
30031648,1,8
30032590,1,8
30033787,1,8
4190132136,1,8
30031360,1,8
30031803,1,8
30029193,1,8
1158291,1,8
30029982,1,8
1114774,1,8
30032094,1,8
4190122422,1,8
30030176,1,8
30031574,1,8
30032077,1,8
4190123969,1,8
4190123780,1,8
30030733,1,8
30033248,1,8
30031278,1,8
30032656,1,8
30031164,1,8
30028853,1,8
1158255,1,8
30030098,1,8
30031592,1,8
1157632,1,8
30029987,1,8
1161427,1,8
30033220,1,8
30031626,1,8
4190134960,1,8
1157635,1,8
4190133233,1,8
1149260,1,8
30031870,1,8
4190133263,1,8
30030069,1,8
30031842,1,8
30030193,1,8
40037802,1,8
40037626,1,8
30031838,1,8
4190122202,1,8
30032702,1,8
40038044,1,8
30031692,1,8
30033804,1,8
30031206,1,8
4190123468,1,8
30030740,1,8
30031463,1,8
30033275,1,8
4190135836,1,8
30031110,1,8
4190135002,1,8
30031811,1,8
30029196,1,8
30033583,1,8
4190133503,1,8
30031489,1,8
30029423,1,8
4190131175,1,8
30031645,1,8
4190128923,1,8
40037213,1,8
30029164,1,8
4190123918,1,8
30032278,1,8
30031382,1,8
30031634,1,8
40034557,1,8
4190124175,1,8
1101156,1,8
4190133234,1,8
30029189,1,8
40035951,1,8
30031660,1,8
30029816,1,8
30031583,1,8
1157636,1,8
30029745,1,8
40035947,1,8
30031355,1,8
30032641,1,8
30032019,1,8
30033811,1,8
30031573,1,8
30029885,1,8
30031466,1,8
30032104,1,8
30031528,1,8
30031747,1,8
30030270,1,8
40036117,1,8
30032012,1,8
30031863,1,8
30032518,1,8
30031673,1,8
30031455,1,8
30033243,1,8
30032650,1,8
30031702,1,8
30029985,1,8
1165793,1,8
4190123494,1,8
4190134915,1,8
30032538,1,8
30029815,1,8
30033479,1,8
1151194,1,8
40038960,1,8
30032463,1,8
30029142,1,8
1150147,1,8
30032533,1,8
4190135003,1,8
4190127282,1,30
1158548,1,30
30029032,1,30
1164126,1,30
40035643,1,30
40039493,1,30
1108831,1,30
40037139,1,30
4190138086,1,30
40036530,1,30
4190131259,1,30
30030456,1,30
1159186,1,30
4190130243,1,30
40040026,1,30
1112924,1,30
4190127451,1,30
1161387,1,30
30033132,1,30
1155075,1,30
4190124998,1,30
4190125747,1,30
4190122023,1,30
4190130709,1,30
4190125360,1,30
1156247,1,30
30030100,1,30
30032018,1,30
4190133776,1,30
30029315,1,30
30030711,1,30
30029016,1,30
30032531,1,30
30030134,1,30
30031612,1,30
40035438,1,30
40038124,1,30
40035866,1,30
1161385,1,30
1154354,1,30
1154970,1,30
30029609,1,30
1158359,1,30
30030353,1,30
30029936,1,30
4190139113,1,30
1154941,1,30
4190135574,1,30
30030260,1,30
30029285,1,30
30033757,1,30
1167378,1,30
4190132296,1,30
30031817,1,30
30033107,1,30
40035121,1,30
40034596,1,30
4190136059,1,30
4190129210,1,30
30029856,1,30
4190132446,1,30
4190124173,1,30
4190124405,1,30
40039501,1,30
30033141,1,30
30031102,1,30
4190135847,1,30
4190126325,1,30
30029589,1,30
40036501,1,30
40036054,1,30
30031991,1,30
1165642,1,30
30031030,1,30
1156782,1,30
1148128,1,30
30030110,1,30
4190133169,1,30
30029176,1,30
1165861,1,30
4190133700,1,30
30031036,1,30
4190129392,1,30
30033121,1,30
1126956,1,30
40036112,1,30
30029286,1,30
4190130760,1,30
4190126738,1,30
30033763,1,30
30033430,1,30
40038741,1,30
30033469,1,30
40038045,1,30
40035402,1,30
30030090,1,30
40035870,1,30
30031735,1,30
30030178,1,30
30031279,1,30
40038333,1,30
30033308,1,30
4190135441,1,30
4190134052,1,30
1149423,1,30
4190129714,1,30
1156835,1,30
30029496,1,30
40035259,1,30
30033790,1,30
4190130660,1,30
4190132637,1,30
4190125229,1,30
30029480,1,30
30029751,1,30
30030275,1,30
4190131232,1,30
30030138,1,30
4190131708,1,30
1162285,1,30
4190123599,1,30
30029116,1,30
30033601,1,30
1151138,1,30
4190130191,1,30
4190125312,1,30
4190125930,1,30
1153031,1,30
4190133322,1,30
40038971,1,30
30032918,1,30
1168200,1,30
30030595,1,30
4190127664,1,30
30029429,1,30
40035262,1,30
30031712,1,30
1154958,1,30
1158414,1,30
1168141,1,30
1154966,1,30
4190124453,1,30
30031103,1,30
30029088,1,48
30031967,1,48
1163771,1,48
40039729,1,48
4190130019,1,48
30033478,1,48
4190138392,1,48
30029269,1,48
30029143,1,48
30032402,1,48
4190130591,1,48
4190129556,1,48
4190133970,1,48
1157408,1,48
4190121944,1,48
1147395,1,48
4190122578,1,48
30033349,1,48
40039980,1,48
4190125509,1,48
1163729,1,48
30031439,1,48
4190132290,1,48
4190130656,1,48
1160030,1,48
4190128862,1,48
30030913,1,48
40039500,1,48
1155119,1,48
30029802,1,48
40035407,1,48
4190130717,1,48
30033795,1,48
30033517,1,48
30032692,1,48
30032617,1,48
4190130441,1,48
30032087,1,48
4190134072,1,48
1148670,1,48
30031787,1,48
1156880,1,48
30032848,1,48
30031380,1,48
30033071,1,48
1109457,1,48
40035556,1,48
30032643,1,48
1155663,1,48
4190130339,1,48
30032455,1,48
30032874,1,48
30031657,1,48
1161415,1,48
30029091,1,48
4190129843,1,48
40035176,1,48
4190133681,1,48
1162268,1,48
30030565,1,48
1159148,1,48
1163739,1,48
4190130237,1,48
30028969,1,48
30031564,1,48
30030838,1,48
4190131350,1,48
30030073,1,48
30032480,1,48
30032499,1,48
30029526,1,48
30029689,1,48
4190127452,1,48
4190123870,1,48
4190124761,1,48
30029742,1,48
4190124020,1,48
4190132803,1,48
30031442,1,48
1163773,1,48
30031992,1,48
4190130012,1,48
4190123762,1,48
1164732,1,48
4190130028,1,48
30032406,1,48
4190127685,1,48
1163760,1,48
4190132621,1,48
30031990,1,48
1163735,1,48
40038127,1,48
30028866,1,48
1154181,1,48
4190126895,1,48
1167379,1,48
30033183,1,48
4190134995,1,48
30032105,1,48
30032396,1,48
1154670,1,48
4190132652,1,48
1158372,1,48
1150081,1,48
1163803,1,48
30030305,1,48
1162458,1,48
4190130212,1,48
30032839,1,48
1154912,1,48
4190124511,1,48
30031598,1,48
4190128953,1,48
1163860,1,48
30032449,1,48
4190129111,1,48
40039930,1,48
4190133316,1,48
1154905,1,48
30032214,1,48
30032111,1,48
4190133687,1,48
1155712,1,48
4190122358,1,48
4190130749,1,48
30030876,1,48
1151204,1,48
4190125941,1,40
4190125711,1,40
30031802,1,40
1147098,1,40
30031196,1,40
1160073,1,40
30029112,1,40
1167975,1,40
4190130884,1,40
1156184,1,40
40034766,1,40
30032373,1,40
30032551,1,40
1149492,1,40
30029012,1,40
30030189,1,40
30030683,1,40
4190124390,1,40
1157714,1,40
30029208,1,40
30029807,1,40
4190122740,1,40
40035468,1,40
40035558,1,40
30029188,1,40
30031055,1,40
30031477,1,40
4190134943,1,40
30029209,1,40
30031594,1,40
1104793,1,40
4190129989,1,40
30031296,1,40
30030089,1,40
30029481,1,40
40038050,1,40
30030812,1,40
30032219,1,40
30029623,1,40
1156918,1,40
1168079,1,40
30031157,1,40
4190124969,1,40
1149473,1,40
30031856,1,40
1167146,1,40
4190124690,1,40
1149390,1,40
40036504,1,40
30029119,1,40
4190123839,1,40
30030251,1,40
30032317,1,40
30032275,1,40
30029105,1,40
4190132160,1,40
1112780,1,40
4190121981,1,40
40035879,1,40
30029898,1,40
30031336,1,40
4190135404,1,40
40034773,1,40
30033812,1,40
1150005,1,40
30030764,1,40
30029772,1,40
1147455,1,40
1149430,1,40
30031862,1,40
4190127756,1,40
30032862,1,40
40037583,1,40
30030538,1,40
30031313,1,40
4190135410,1,40
40036052,1,40
4190127467,1,40
30029026,1,40
1151367,1,40
40036733,1,40
30032370,1,40
1162421,1,40
30032159,1,40
30032621,1,40
4190135254,1,40
4190122332,1,40
30029568,1,40
1159190,1,40
30029488,1,40
30029162,1,40
4190133794,1,40
1154904,1,40
1157647,1,40
1105763,1,40
4190129461,1,40
4190131325,1,40
30029010,1,40
4190129041,1,40
30031849,1,40
30030159,1,40
30030693,1,40
1157699,1,40
1167125,1,40
30033076,1,40
1154056,1,40
30031448,1,40
4190133665,1,40
30030471,1,40
4190134245,1,40
30033433,1,40
1159206,1,40
1159059,1,40
1154827,1,40
1161129,1,40
30033119,1,40
1157019,1,120
30029783,1,120
1163718,1,120
1163917,1,120
4190126056,1,120
1159819,1,120
1166440,1,120
4190138386,1,120
1154885,1,120
40035403,1,120
1151171,1,120
30032554,1,120
40036533,1,120
4190129734,1,120
30031813,1,120
30030316,1,120
30032515,1,120
30030376,1,120
4190124663,1,120
4190128586,1,120
30033150,1,120
1163717,1,120
4190135144,1,120
30029220,1,120
30032642,1,120
1150155,1,120
30030065,1,120
30030520,1,120
4190139335,1,120
1155112,1,120
1155756,1,120
1162256,1,120
1154215,1,120
30029861,1,120
4190128073,1,120
40039731,1,120
1149471,1,120
30029752,1,120
30030844,1,120
30031504,1,120
30031882,1,120
30029174,1,120
4190124460,1,120
4190128966,1,120
4190128310,1,120
30029812,1,120
30031551,1,120
1165962,1,120
30032539,1,120
30029486,1,120
30030095,1,120
1159959,1,120
30029470,1,120
30029280,1,120
30029536,1,120
1154164,1,120
30030186,1,120
1158377,1,120
1164578,1,120
4190131830,1,120
4190134139,1,120
30030843,1,120
30032262,1,120
4190127143,1,120
30030172,1,120
30030079,1,120
4190123765,1,120
30029465,1,120
1108668,1,120
1157651,1,120
30029663,1,120
1165615,1,120
1154096,1,120
4190131828,1,120
1162209,1,120
4190131686,1,120
30029317,1,120
4190128229,1,120
4190128535,1,120
4190131534,1,120
1157491,1,120
4190122412,1,120
30032371,1,120
4190130042,1,120
30030390,1,120
4190127002,1,120
1153324,1,120
40035480,1,120
4190132901,1,120
4190123795,1,120
30033569,1,120
30032368,1,120
30033221,1,120
30031004,1,120
4190122128,1,120
30033276,1,120
40039309,1,120
4190139874,1,120
30033178,1,120
30030379,1,120
4190135776,1,120
4190129573,1,120
30031556,1,120
1148110,1,120
40035260,1,120
4190126303,1,120
40036532,1,120
4190123987,1,120
4190132780,1,120
4190132224,1,120
30032529,1,120
4190129905,1,120
4190126023,1,120
1151561,1,120
40034809,1,120
30032580,1,100
4190125760,1,100
30032385,1,100
1165684,1,100
4190132826,1,100
30029156,1,100
30029567,1,100
1163863,1,100
4190132930,1,100
1155698,1,100
4190135346,1,100
30030971,1,100
30030933,1,100
4190125401,1,100
30033182,1,100
30030425,1,100
4190129819,1,100
1151145,1,100
1155503,1,100
1150064,1,100
1152797,1,100
4190129990,1,100
30032710,1,100
1162709,1,100
1163678,1,100
1150099,1,100
4190128158,1,100
1167335,1,100
4190123778,1,100
4190122076,1,100
1155082,1,100
4190124225,1,100
4190126597,1,100
30029211,1,100
4190132101,1,100
1163676,1,100
30029650,1,100
1152429,1,100
1155557,1,100
1150127,1,100
4190127454,1,100
1149483,1,100
1148757,1,100
1165566,1,100
30032033,1,100
1148073,1,100
30030066,1,100
4190124740,1,100
30029685,1,100
30029643,1,100
1164045,1,100
4190135328,1,100
1164104,1,100
30028870,1,100
4190130944,1,100
1155499,1,100
1104774,1,100
30032270,1,100
30029152,1,100
1155498,1,100
1163722,1,100
30029067,1,100
4190125109,1,100
30031997,1,100
1152403,1,100
40038909,1,100
1150163,1,100
30032359,1,100
4190128358,1,100
1159001,1,100
30033199,1,100
4190134302,1,100
30031065,1,100
4190130527,1,100
30032719,1,100
30031032,1,100
1149505,1,100
4190122371,1,100
30032032,1,100
30029351,1,100
4190125448,1,100
4190123672,1,100
4190124357,1,100
1161413,1,100
4190129166,1,100
4190139142,1,100
4190123895,1,100
40038129,1,100
1151293,1,100
30033738,1,100
30030823,1,100
30032358,1,100
4190132827,1,100
40034420,1,100
1165233,1,100
1154784,1,100
1164893,1,100
4190132706,1,100
40038787,1,100
1156877,1,100
30032242,1,144
30029456,1,144
30029255,1,144
30033086,1,144
40036040,1,144
30028850,1,144
4190126105,1,144
30029272,1,144
30032559,1,144
30030536,1,144
30031190,1,144
30031013,1,144
30029365,1,144
40037209,1,144
1163789,1,144
30029721,1,144
4190124021,1,144
30032433,1,144
30029263,1,144
40039718,1,144
30031085,1,144
40034915,1,144
40037808,1,144
4190129810,1,144
30029662,1,144
30029334,1,144
30031257,1,144
30031641,1,144
4190129708,1,144
30028844,1,144
1158248,1,144
1154920,1,144
40039877,1,144
30031435,1,144
30031320,1,144
30029477,1,144
1159095,1,144
4190132035,1,144
4190130832,1,144
4190133080,1,144
30030679,1,144
30030232,1,144
30033144,1,144
30030235,1,144
40035114,1,144
4190124927,1,144
4190125174,1,144
1163788,1,144
30030848,1,144
4190130642,1,144
40036038,1,144
30029584,1,144
30029234,1,144
40036730,1,144
40034976,1,144
4190133584,1,144
1164614,1,144
30032435,1,144
4190134908,1,144
1157393,1,144
40034920,1,144
1163786,1,144
40037495,1,144
1159888,1,144
4190124677,1,144
30031497,1,144
4190130109,1,144
30029094,1,144
4190125666,1,144
4190132667,1,144
30031256,1,144
40036820,1,144
4190126620,1,144
40035112,1,144
4190129015,1,144
40037423,1,144
4190129141,1,144
1148699,1,144
1158409,1,144
30030769,1,144
1163791,1,144
30031710,1,144
1158978,1,144
1167240,1,144
30029450,1,144
1165553,1,144
4190130258,1,144
40038733,1,144
30032430,1,144
40037424,1,144
1156263,1,144
40038724,1,144
30028937,1,144
30032432,1,144
30029722,1,144
30030286,1,5
30030278,1,5
1151179,1,5
4190131512,1,5
4190123976,1,5
30030872,1,5
30032567,1,5
30031527,1,5
4190132957,1,5
30033090,1,5
30031784,1,5
30030314,1,5
40037602,1,5
1162726,1,5
30029390,1,5
40039915,1,5
30033597,1,5
4190133678,1,5
30029778,1,5
40037820,1,5
30031912,1,5
30029321,1,5
40038029,1,5
30030247,1,5
30031713,1,5
1154451,1,5
4190122179,1,5
30033610,1,5
4190130860,1,5
40038766,1,5
1154995,1,5
1110562,1,5
30031625,1,5
30033797,1,5
30030878,1,5
1111571,1,5
30030887,1,5
40037045,1,5
30029719,1,5
30031563,1,5
4190132005,1,5
4190121941,1,5
40038054,1,5
1154445,1,5
4190133400,1,5
40038751,1,5
40034599,1,5
1159935,1,5
4190133157,1,5
40035638,1,5
30030801,1,5
4190131789,1,5
30029631,1,5
4190134462,1,5
30030475,1,5
4190126881,1,5
30032572,1,5
1159256,1,5
1115911,1,5
30031233,1,5
4190123966,1,5
1113770,1,5
30033074,1,5
4190129824,1,5
30033117,1,5
30030315,1,5
4190124438,1,5
4190133102,1,5
4190134826,1,5
30033515,1,5
4190135570,1,5
4190123678,1,5
40035473,1,5
30030026,1,5
30029141,1,5
4190131993,1,5
40036065,1,5
30030941,1,5
30033404,1,5
40037112,1,5
30029049,1,5
30028875,1,5
30032506,1,5
30033808,1,5
30030958,1,5
30033764,1,5
40036048,1,5
4190132991,1,5
4190132773,1,5
30032700,1,5
30030198,1,5
30032488,1,5
30029415,1,5
30032045,1,5
30032496,1,5
4190128842,1,18
30030386,1,18
30033443,1,18
30032004,1,18
40038728,1,18
4190133871,1,18
4190133174,1,18
30030365,1,18
40039849,1,18
1155469,1,18
40034863,1,18
4190127052,1,18
4190123736,1,18
4190122007,1,18
30032240,1,18
1155003,1,18
1151137,1,18
4190123411,1,18
30029897,1,18
4190122185,1,18
1160039,1,18
40034549,1,18
1108731,1,18
4190122201,1,18
4190131191,1,18
40037044,1,18
30032049,1,18
30030930,1,18
4190126992,1,18
30030374,1,18
40038339,1,18
4190131882,1,18
4190126535,1,18
4190134561,1,18
30030870,1,18
4190133819,1,18
30031505,1,18
4190123639,1,18
30032290,1,18
1152374,1,18
1146457,1,18
30029431,1,18
30030296,1,18
30030337,1,18
30030943,1,18
1154454,1,18
30029620,1,18
30032630,1,18
30030695,1,18
30029736,1,18
30030417,1,18
40036045,1,18
30032558,1,18
40034559,1,18
30030569,1,18
4190122003,1,18
30030466,1,18
30028967,1,18
30033755,1,18
4190122354,1,18
30030321,1,18
4190123397,1,18
1154443,1,18
30032097,1,18
4190138795,1,18
30031730,1,18
30032879,1,18
40037040,1,18
30031479,1,18
30033741,1,18
30028973,1,18
40035425,1,18
30033788,1,18
40039853,1,18
40035107,1,18
40037592,1,18
4190128945,1,18
30033688,1,18
30031549,1,18
4190131468,1,18
30031724,1,18
40039728,1,18
30030602,1,18
40036506,1,18
4190122183,1,18
4190134954,1,18
4190130014,1,18
40037589,1,18
30030238,1,18
40036034,1,18
30033427,1,18
4190129896,1,18
30031280,1,50
1152424,1,50
1150015,1,50
4190132682,1,50
4190126419,1,50
4190129076,1,50
40037141,1,50
1153102,1,50
30029114,1,50
30028978,1,50
40037142,1,50
1148163,1,50
4190125872,1,50
30028964,1,50
4190138841,1,50
30029830,1,50
30030544,1,50
4190132060,1,50
40037545,1,50
1155020,1,50
1159875,1,50
1148792,1,50
4190133895,1,50
4190133100,1,50
1155668,1,50
30030593,1,50
30030423,1,50
4190133623,1,50
4190125580,1,50
1159876,1,50
1147723,1,50
4190132558,1,50
30031057,1,50
30033809,1,50
30031965,1,50
30029737,1,50
4190122252,1,50
30030771,1,50
30030566,1,50
30029866,1,50
40036495,1,50
4190134398,1,50
1154026,1,50
30029559,1,50
30029504,1,50
4190135088,1,50
1154372,1,50
30030445,1,50
30030540,1,50
30030177,1,50
30031350,1,50
1160103,1,50
30031348,1,50
4190129024,1,50
40036053,1,50
1151555,1,50
30031159,1,50
4190135237,1,50
30029407,1,50
4190129942,1,50
1159976,1,50
4190130528,1,50
30031058,1,50
1154381,1,50
4190123932,1,50
4190130281,1,50
4190124373,1,50
1164776,1,50
4190126167,1,50
4190125075,1,50
40036821,1,50
1147681,1,50
30031238,1,50
1166412,1,50
4190133724,1,50
1161218,1,50
30031194,1,50
30029579,1,50
1159210,1,50
30029284,1,50
4190131368,1,50
1155395,1,50
30029818,1,15
4190125962,1,15
30031112,1,15
30029503,1,15
30030605,1,15
30029440,1,15
30031577,1,15
30031060,1,15
30030737,1,15
30032875,1,15
30031358,1,15
40037144,1,15
4190133862,1,15
30029403,1,15
30033802,1,15
4190134065,1,15
4190124582,1,15
4190126100,1,15
4190130826,1,15
30029249,1,15
30032126,1,15
40038961,1,15
30033734,1,15
1162261,1,15
4190121983,1,15
4190134498,1,15
30030274,1,15
30031943,1,15
30032182,1,15
30030698,1,15
30031883,1,15
40038057,1,15
1157889,1,15
30031187,1,15
30031848,1,15
30030658,1,15
1153243,1,15
30031186,1,15
30029287,1,15
30030613,1,15
1098327,1,15
1156693,1,15
30031749,1,15
40036130,1,15
4190129698,1,15
30030699,1,15
4190135399,1,15
30032911,1,15
30033568,1,15
4190123593,1,15
4190128979,1,15
40036058,1,15
30029051,1,15
40039725,1,15
30030248,1,15
4190133606,1,15
40035635,1,15
40036838,1,15
1166677,1,15
1164411,1,15
4190131424,1,15
30032162,1,15
30030377,1,15
1153139,1,15
40037818,1,15
4190135019,1,15
30030656,1,15
4190131867,1,15
30030169,1,15
1157437,1,15
30028950,1,15
4190129969,1,15
30032886,1,15
1167290,1,15
40036541,1,15
1153246,1,15
30031431,1,3
40037079,1,3
40039291,1,3
30029328,1,3
1167152,1,3
40037612,1,3
30031456,1,3
40037113,1,3
4190133388,1,3
30030842,1,3
30029318,1,3
40039492,1,3
1157625,1,3
40034909,1,3
1166643,1,3
30030959,1,3
1155553,1,3
40037076,1,3
1149420,1,3
30029506,1,3
30033791,1,3
30031460,1,3
30030831,1,3
30030612,1,3
30030798,1,3
30029173,1,3
30031468,1,3
30030450,1,3
40036497,1,3
30031473,1,3
30030696,1,3
30030028,1,3
40037073,1,3
1158943,1,3
30030606,1,3
30032871,1,3
40037487,1,3
30030796,1,3
30031459,1,3
40037508,1,3
1157629,1,3
30030385,1,3
30032544,1,3
30033112,1,3
4190130509,1,3
1157626,1,3
4190134035,1,3
40035559,1,3
1164167,1,3
30031461,1,3
1168233,1,3
30029327,1,3
30031458,1,3
30030076,1,3
30031327,1,3
1157627,1,3
30030940,1,3
30029244,1,3
30030673,1,3
30033060,1,3
30031457,1,3
1157630,1,3
4190123410,1,3
1157638,1,3
30031627,1,3
30031373,1,3
1157643,1,3
4190121999,1,3
30031351,1,3
4190124268,1,3
40036935,1,3
30031809,1,3
40037041,1,3
30031788,1,3
30032516,1,3
1157628,1,3
1165649,1,1920
30033401,1,1920
1152475,1,1920
30033346,1,1920
1165650,1,1920
30031133,1,1920
1150615,1,1920
30033398,1,1920
30031124,1,1920
1164112,1,1920
30032151,1,1920
30030208,1,1920
1161766,1,1920
1150618,1,1920
1152174,1,1920
1150616,1,1920
30030216,1,1920
1152477,1,1920
30033399,1,1920
1152469,1,1920
1152474,1,1920
1150620,1,1920
1150621,1,1920
4190135817,1,1920
30031135,1,1920
30033400,1,1920
30033329,1,1920
4190136166,1,1920
1161290,1,1920
30030220,1,1920
30030217,1,1920
1150624,1,1920
1152476,1,1920
4190136169,1,1920
1150619,1,1920
1150617,1,1920
30033402,1,1920
1152175,1,1920
1152471,1,1920
30030210,1,1920
1152473,1,1920
30031125,1,1920
30033389,1,1920
1152176,1,1920
4190136168,1,1920
30032011,1,1920
30033334,1,1920
30033347,1,1920
30031131,1,1920
30031139,1,1920
30030207,1,1920
30030221,1,1920
1152173,1,1920
30030215,1,1920
30030486,1,1920
1150627,1,1920
1164447,1,1920
1152470,1,1920
30033397,1,1920
30030219,1,1920
30030209,1,1920
30031137,1,1920
30030214,1,1920
1152244,1,1920
4190136167,1,1920
30033328,1,1920
30030218,1,1920
1152478,1,1920
40037132,1,300
1161264,1,300
4190130567,1,300
30032615,1,300
30033418,1,300
4190123783,1,300
30031042,1,300
4190128798,1,300
4190127640,1,300
1164505,1,300
1157478,1,300
4190129176,1,300
1156601,1,300
1156914,1,300
1161203,1,300
30029246,1,300
40039290,1,300
1154568,1,300
30031088,1,300
30031976,1,300
1148789,1,300
1159166,1,300
4190131585,1,300
1148019,1,300
30033431,1,300
1164668,1,300
1156225,1,300
1167122,1,300
1156848,1,300
1151528,1,300
1156865,1,300
30033496,1,300
1152277,1,300
30030123,1,300
30030543,1,300
1152795,1,300
1153053,1,300
1164602,1,300
30033322,1,300
4190128056,1,300
1153187,1,300
4190139263,1,300
4190139745,1,300
30029729,1,300
30033380,1,300
30030255,1,300
1150136,1,300
30029932,1,300
1154073,1,300
4190133036,1,300
30032226,1,300
4190129112,1,300
1152213,1,300
1147856,1,300
1156710,1,300
1149355,1,300
1156889,1,300
1162290,1,300
1157497,1,300
40035397,1,300
4190130490,1,300
4190133825,1,300
1153134,1,300
4190138597,1,300
40035634,1,300
30032537,1,2
40036491,1,2
4190131476,1,2
40038128,1,2
30030563,1,2
30030631,1,2
30032319,1,2
30029406,1,2
4190134160,1,2
40035258,1,2
30031414,1,2
30029191,1,2
30029243,1,2
40036824,1,2
30031080,1,2
40039875,1,2
30029514,1,2
30029482,1,2
40034910,1,2
1157637,1,2
1150285,1,2
30031996,1,2
30029543,1,2
30030797,1,2
30031565,1,2
30030773,1,2
30030561,1,2
30032234,1,2
30032056,1,2
30028941,1,2
30030859,1,2
40037177,1,2
30030469,1,2
40036601,1,2
1109292,1,2
40036554,1,2
30031830,1,2
30031736,1,2
1164543,1,2
30030560,1,2
40035404,1,2
30030205,1,2
30031739,1,2
30031294,1,2
30031610,1,2
40036063,1,2
30032477,1,2
30033815,1,2
4190123379,1,2
40039850,1,2
30031794,1,2
30031095,1,2
40036938,1,2
40037072,1,2
40034509,1,2
30031467,1,2
30030879,1,2
30032695,1,2
30030077,1,2
30029487,1,2
40038856,1,2
30032575,1,2
30029177,1,2
30031545,1,2
1149255,1,2
30029870,1,2
1150182,1,72
4190131722,1,72
1152451,1,72
30029042,1,72
30029047,1,72
40035873,1,72
4190129691,1,72
30032540,1,72
4190130915,1,72
30029664,1,72
1152506,1,72
40039717,1,72
30031878,1,72
30028864,1,72
1150103,1,72
30032196,1,72
4190124108,1,72
30030142,1,72
30031053,1,72
4190132505,1,72
30030187,1,72
30031024,1,72
30029124,1,72
30029658,1,72
1158946,1,72
4190139291,1,72
4190129167,1,72
4190135565,1,72
30030152,1,72
4190129709,1,72
30033743,1,72
4190130005,1,72
1154309,1,72
30031513,1,72
40037599,1,72
1158405,1,72
30030722,1,72
4190129892,1,72
1151238,1,72
30032523,1,72
4190124211,1,72
40036033,1,72
1159263,1,72
1116052,1,72
30033470,1,72
4190132653,1,72
30033218,1,72
30032514,1,72
30031591,1,72
30032177,1,72
4190130629,1,72
30031357,1,72
1160072,1,72
30030479,1,72
30031046,1,72
4190137865,1,72
1168165,1,72
4190130098,1,72
1150254,1,72
1162364,1,72
30032328,1,72
1154917,1,72
1151554,1,72
30029523,1,72
30033333,1,90000
1156238,1,66560
1155633,1,41676
1148682,1,40000
1152335,1,40000
1148701,1,25920
1153106,1,25000
30029181,1,24240
1157676,1,20670
4190135197,1,20000
1151763,1,17280
1161295,1,16788
1161296,1,16788
1149638,1,16000
1152314,1,15400
1155928,1,15000
1154035,1,14976
30033340,1,14976
4190127140,1,12696
1149381,1,12480
1149379,1,12480
1149380,1,12480
1153933,1,12192
1163495,1,12130
30030640,1,12000
1159877,1,11750
30031707,1,11750
4190131642,1,11520
1148681,1,10500
1161164,1,10390
4190127141,1,10080
4190127784,1,10008
1157587,1,10000
1159248,1,10000
1156279,1,10000
4190138398,1,9600
30029098,1,9504
30029233,1,9504
1148686,1,9216
30031143,1,9000
30029256,1,9000
30028981,1,8696
1160727,1,8111
1148684,1,8000
30030642,1,8000
1153208,1,8000
30028982,1,7984
1152168,1,7950
30033339,1,7680
1148680,1,7500
4190135227,1,7500
30032600,1,7296
30028979,1,7000
1148140,1,7000
30028980,1,6848
1167306,1,6555
1152896,1,6536
1149462,1,6150
4190127376,1,6120
1157421,1,6120
4190135128,1,6012
1151522,1,6000
4190125535,1,6000
1151254,1,6000
1147554,1,6000
30031292,1,6000
1151221,1,6000
1147184,1,6000
4190139299,1,6000
1164953,1,6000
1145689,1,5400
1159839,1,5400
1152638,1,5256
30028989,1,5172
30030149,1,5040
1162467,1,5004
1152169,1,5000
30031142,1,5000
30030404,1,5000
1164219,1,5000
30033332,1,5000
30030375,1,5000
1162402,1,5000
1153319,1,4830
30028985,1,4770
1158604,1,4735
30032260,1,4625
30030638,1,4608
30030355,1,4520
30030893,1,4500
1151226,1,4500
1151222,1,4488
1155830,1,4320
1152668,1,4320
30030618,1,4320
1152671,1,4320
1152666,1,4200
4190134747,1,4008
4190126610,1,4000
1150154,1,4000
1151223,1,4000
4190126609,1,4000
30030779,1,4000
4190125232,1,4000
30030641,1,3840
30031141,1,3840
30033294,1,3840
1152220,1,3840
1154407,1,3840
4190128683,1,3840
4190128961,1,3840
1164526,1,3840
30030493,1,3780
30028987,1,3630
30031974,1,3600
1150613,1,3600
1149003,1,3600
1149275,1,3600
1159184,1,3600
1151215,1,3600
30029237,1,3600
30031426,1,3552
1157071,1,3550
4190137967,1,3500
1151105,1,3465
1165676,1,3456
1166475,1,3456
1151147,1,3310
30031971,1,3300
1152765,1,3288
1154167,1,3240
1149427,1,3216
1155462,1,3165
1167356,1,3156
4190125133,1,3156
30031178,1,3000
30029634,1,3000
1163996,1,3000
4190130307,1,3000
1164164,1,3000
1152971,1,3000
1151175,1,3000
1163999,1,3000
30030163,1,3000
30031179,1,3000
4190132205,1,3000
1152271,1,3000
1151225,1,3000
4190132206,1,3000
30029095,1,3000
30030074,1,3000
30031180,1,3000
4190138070,1,2880
1150580,1,2880
1150609,1,2880
1150607,1,2880
1150586,1,2880
1152172,1,2880
30030643,1,2880
4190135875,1,2880
1152669,1,2880
1152316,1,2880
1150611,1,2880
4190135820,1,2880
1150603,1,2880
30030454,1,2880
4190134670,1,2800
1150544,1,2800
30030670,1,2790
1152225,1,2712
4190130013,1,2700
40039857,1,2700
30031208,1,2640
30030792,1,2637
1162303,1,2628
1163849,1,2500
1149541,1,2500
1152262,1,2500
30030153,1,2500
1155014,1,2500
4190133418,1,2500
1156673,1,2478
1150548,1,2400
4190125484,1,2400
1150573,1,2400
4190138620,1,2400
30031147,1,2400
30031148,1,2400
4190135241,1,2400
30031536,1,2400
30030664,1,2400
4190133313,1,2400
4190140151,1,2400
4190139067,1,2310
30032595,1,2304
1156774,1,2304
30030521,1,2292
1155464,1,2208
1152234,1,2200
30033388,1,2160
1154197,1,2160
4190134343,1,2160
30030778,1,2148
1168142,1,2100
1165718,1,2100
30030492,1,2100
4190135240,1,2100
1168067,1,2100
30030494,1,2100
1156130,1,2004
4190132689,1,2000
1150565,1,2000
1154797,1,2000
1150570,1,2000
30030156,1,2000
30029768,1,2000
30029558,1,2000
1150566,1,2000
1150563,1,2000
1150568,1,2000
1155833,1,2000
1163926,1,2000
40035466,1,2000
1163925,1,2000
30030647,1,2000
1156815,1,2000
4190126785,1,2000
30032031,1,2000
4190138563,1,2000
30029034,1,2000
1159485,1,2000
1163960,1,2000
30030637,1,2000
30028984,1,1992
1152245,1,1980
30029995,1,1965
4190125563,1,1950
30029633,1,1950
30030164,1,1950
1151197,1,1940
1152083,1,1914
1149844,1,1872
30029089,1,1872
1148004,1,1824
30030805,1,1800
30033345,1,1800
30033344,1,1800
30033391,1,1800
30033390,1,1800
1150324,1,1800
1166565,1,1800
4190139156,1,1800
30033393,1,1800
30033396,1,1800
4190132677,1,1800
30033392,1,1800
1150546,1,1800
30030665,1,1800
30033343,1,1800
1151252,1,1752
30030925,1,1728
30030854,1,1728
30029041,1,1728
30029265,1,1728
1156282,1,1728
30030776,1,1728
30029198,1,1710
30029474,1,1710
1166500,1,1704
1167329,1,1704
30030078,1,1700
30030662,1,1680
1149397,1,1670
30032917,1,1630
30031127,1,1630
4190133184,1,1620
4190125432,1,1608
40039054,1,1596
30031533,1,1590
30031136,1,1590
30032259,1,1584
1168222,1,1584
30029833,1,1570
1164593,1,1560
30033633,1,1548
1162430,1,1530
1155016,1,1500
1155655,1,1500
1149465,1,1500
30031211,1,1500
1163929,1,1500
1153283,1,1500
1151467,1,1500
4190126157,1,1500
4190126273,1,1500
1166072,1,1500
30029289,1,1500
30030849,1,1500
1156759,1,1464
30029210,1,1450
1153253,1,1440
30031145,1,1440
30031146,1,1440
30030619,1,1440
30033330,1,1440
30033348,1,1440
1162260,1,1440
30031144,1,1440
1148821,1,1440
30033326,1,1440
30029453,1,1440
1153796,1,1440
30033395,1,1440
30033331,1,1440
1155770,1,1440
1150071,1,1416
4190124906,1,1400
30031140,1,1400
30031987,1,1380
30030635,1,1356
30031212,1,1350
30030522,1,1344
30030524,1,1344
30030526,1,1344
30028934,1,1320
1167357,1,1320
30030129,1,1320
30030096,1,1320
1151134,1,1302
4190128881,1,1300
1152086,1,1300
1162410,1,1300
1151245,1,1300
4190131589,1,1300
30030226,1,1280
30030227,1,1280
30030225,1,1280
1153121,1,1280
30030229,1,1272
1165723,1,1260
1153199,1,1240
1167657,1,1240
30032493,1,1240
1163485,1,1240
1161428,1,1236
1156136,1,1224
1151469,1,1200
1159177,1,1200
1156241,1,1200
1151470,1,1200
1151479,1,1200
4190138072,1,1200
1158408,1,1200
1151468,1,1200
1151480,1,1200
1151474,1,1200
1152413,1,1200
1151526,1,1200
1151430,1,1200
1150562,1,1200
4190129965,1,1200
4190130695,1,1200
1151478,1,1200
1151472,1,1200
1150664,1,1200
1150560,1,1200
4190138071,1,1200
1151481,1,1200
1151482,1,1200
1151471,1,1200
30030669,1,1200
1153118,1,1200
1151475,1,1200
1168136,1,1200
1154807,1,1200
1151483,1,1200
1150555,1,1200
1151477,1,1200
1151473,1,1200
1150557,1,1200
1150558,1,1200
30030525,1,1196
1166664,1,1180
1148804,1,1176
1163957,1,1164
4190129835,1,1164
1148051,1,1164
30029015,1,1152
30033873,1,1152
30033874,1,1152
1156781,1,1152
1157672,1,1150
30030793,1,1140
1160370,1,1140
30029787,1,1110
30030030,1,1104
1165597,1,1104
1157403,1,1100
30029891,1,1100
1164512,1,1100
30028644,1,1092
30031119,1,1080
30030550,1,1080
30028936,1,1080
4190124856,1,1080
1159293,1,1080
30031117,1,1080
1152274,1,1060
1160162,1,1050
30031738,1,1050
30030481,1,1044
30032157,1,1040
1156786,1,1032
30029832,1,1030
30031134,1,1020
1161248,1,1014
30032201,1,1008
1166430,1,1008
1167035,1,1008
4190132253,1,1008
1168130,1,1008
1164645,1,1005
1168114,1,1000
1156720,1,1000
1159963,1,1000
4190137848,1,1000
1151484,1,1000
1151525,1,1000
1164971,1,1000
4190124903,1,1000
1153198,1,1000
1153015,1,1000
4190139941,1,1000
4190126932,1,1000
30031548,1,1000
40037812,1,1000
1159092,1,1000
1156996,1,1000
1154369,1,1000
1153038,1,1000
4190129342,1,1000
1150550,1,1000
1162459,1,996
4190132818,1,990
1155711,1,990
30031118,1,984
30029126,1,980
1156817,1,960
4190136175,1,960
30029581,1,960
30030213,1,960
4190136170,1,960
4190136176,1,960
1162197,1,960
4190136177,1,960
30030490,1,960
4190136173,1,960
30030414,1,960
1157721,1,960
30030487,1,960
30030222,1,960
4190136178,1,960
30033312,1,960
30029104,1,960
40039495,1,960
30030223,1,960
4190136179,1,960
1155595,1,960
30030211,1,960
40034757,1,960
30030212,1,960
30030350,1,960
30031132,1,960
30030610,1,960
30030224,1,960
40039048,1,960
4190136172,1,960
30032742,1,960
30030488,1,960
4190136171,1,960
1153326,1,960
30029873,1,950
30030781,1,950
1150717,1,940
30031005,1,910
4190122071,1,900
1148178,1,900
1162365,1,900
30030802,1,900
30030648,1,900
1151533,1,900
1155015,1,900
40036927,1,900
4190128684,1,900
30030649,1,900
4190132635,1,900
1156711,1,900
4190129637,1,900
4190135385,1,900
30029669,1,900
30028948,1,900
4190129957,1,900
40039916,1,900
30028983,1,888
4190132168,1,888
30030125,1,864
30031091,1,864
1158226,1,852
4190131922,1,850
30028880,1,840
30032343,1,828
30031966,1,810
1149002,1,810
1153212,1,810
1149991,1,800
1156363,1,800
4190128467,1,800
1164489,1,800
1164570,1,800
1164403,1,800
1151402,1,800
4190125603,1,800
30031972,1,770
30029435,1,768
30030367,1,768
4190130259,1,768
4190130284,1,768
4190138007,1,768
4190129165,1,768
40036289,1,768
1162311,1,768
1151118,1,768
30030185,1,768
1152272,1,760
30030359,1,756
4190132202,1,750
4190124921,1,750
4190135082,1,744
1154470,1,740
1157010,1,732
4190129429,1,720
1153056,1,720
1165763,1,720
40034806,1,720
1163956,1,720
4190121982,1,720
4190125943,1,720
1168064,1,720
30031174,1,720
1167062,1,720
30032277,1,720
1159030,1,720
1155118,1,720
4190125512,1,720
1155066,1,720
30031503,1,720
30029718,1,720
1156196,1,720
1157661,1,720
30030660,1,720
4190129437,1,720
30029313,1,720
30029200,1,720
1148825,1,708
1153448,1,700
1156741,1,700
1164752,1,700
30030813,1,700
30031122,1,696
30031342,1,690
4190128183,1,690
30030530,1,688
30029205,1,684
1155584,1,680
1153107,1,672
1156361,1,672
4190129239,1,672
30029291,1,660
1163479,1,651
1168212,1,648
1149425,1,648
30031537,1,648
1157150,1,640
30031968,1,640
4190126351,1,640
1149520,1,636
1166488,1,636
30031120,1,630
30031532,1,620
30030817,1,612
1163820,1,612
1150313,1,605
4190130584,1,600
30030663,1,600
1167048,1,600
1152367,1,600
1151532,1,600
30032419,1,600
1151534,1,600
4190125604,1,600
4190132220,1,600
30031115,1,600
4190125002,1,600
30029524,1,600
1168149,1,600
30029437,1,600
1148136,1,600
1163766,1,600
1158204,1,600
1161128,1,600
30033394,1,600
1159645,1,600
1151537,1,600
4190132735,1,600
1164948,1,600
1148658,1,600
1151255,1,600
1156800,1,600
30031372,1,600
4190138209,1,600
4190137864,1,600
30030601,1,600
4190130295,1,600
30030906,1,600
1155548,1,600
1149189,1,588
1156874,1,588
30029230,1,576
4190129276,1,576
1159871,1,576
30028932,1,576
1159193,1,576
4190130233,1,576
30029130,1,576
30029847,1,576
30032741,1,576
1160728,1,576
1148964,1,575
30029380,1,575
1150205,1,575
30030898,1,568
30030529,1,567
30032264,1,560
1145723,1,552
30030491,1,540
1151771,1,540
30029668,1,540
30030485,1,533
1157395,1,532
30031019,1,532
1153295,1,532
30029694,1,520
30032466,1,511
30029557,1,510
1167057,1,504
1156682,1,504
1149539,1,504
1159057,1,504
1154214,1,504
1156129,1,504
4190132536,1,504
1165583,1,504
1168086,1,504
1166678,1,504
1168087,1,504
1150145,1,500
1149304,1,500
1152218,1,500
4190128686,1,500
30029185,1,500
1167060,1,500
4190136016,1,500
40035398,1,500
4190126604,1,500
1165766,1,500
30029389,1,500
4190134812,1,500
30031297,1,500
30029308,1,500
40038041,1,500
1147860,1,500
4190132460,1,500
4190135809,1,500
1156155,1,500
4190127521,1,500
30030002,1,500
30032355,1,500
4190129609,1,500
30031798,1,500
30029692,1,500
40037603,1,500
1148113,1,500
30029894,1,500
40037425,1,500
1153310,1,500
30031509,1,500
40035871,1,500
30029350,1,500
40034480,1,500
1158573,1,500
1151131,1,500
1165815,1,500
4190134264,1,500
30031258,1,500
30029732,1,500
1152208,1,500
30030936,1,500
4190124205,1,500
40034987,1,500
1163672,1,500
1166782,1,500
1154889,1,500
1152496,1,500
4190125688,1,500
30028925,1,500
1149450,1,500
1164607,1,500
30032689,1,495
30030703,1,492
1116159,1,481
30031130,1,480
1159034,1,480
30031121,1,480
4190133164,1,480
4190128155,1,480
1163733,1,480
1151524,1,480
1156289,1,480
30029129,1,480
30031126,1,480
30030366,1,480
30032400,1,480
40036287,1,480
1156135,1,480
4190138950,1,480
1158317,1,480
30030111,1,480
4190137981,1,480
1158342,1,480
30030777,1,474
4190121945,1,468
1159265,1,468
4190128601,1,456
1151531,1,450
4190129807,1,450
1149327,1,450
30031274,1,450
1153126,1,444
30029262,1,440
30031535,1,440
30031123,1,440
1158247,1,435
30031252,1,435
40039868,1,432
40039858,1,432
4190135253,1,432
30033145,1,432
30029550,1,432
30029478,1,432
4190132874,1,432
1161277,1,432
4190129939,1,420
1150770,1,420
30030992,1,420
30031195,1,420
30030157,1,420
4190130420,1,420
1166840,1,420
30031982,1,408
30031731,1,408
30032139,1,408
30031892,1,405
1153162,1,405
4190123659,1,405
1150080,1,400
4190134782,1,400
1151529,1,400
1148115,1,400
1157707,1,400
1164517,1,400
1159033,1,400
4190129780,1,400
4190135795,1,400
1162498,1,400
4190131323,1,384
30031733,1,384
1151440,1,384
30031324,1,384
4190130833,1,384
1153275,1,384
4190132498,1,384
4190131200,1,384
40034974,1,384
30029998,1,384
4190138050,1,384
30029343,1,384
4190131623,1,384
4190130965,1,384
1159062,1,384
30030534,1,384
4190139560,1,384
40035865,1,384
40037486,1,384
30031797,1,384
40038040,1,384
4190129830,1,384
30032257,1,380
30032138,1,380
30029007,1,375
1154122,1,372
4190138155,1,360
4190130075,1,360
1152712,1,360
30031189,1,360
1148103,1,360
1150305,1,360
1146278,1,360
30029416,1,360
4190138074,1,360
1156818,1,360
30031406,1,360
1155653,1,360
4190139961,1,360
1165798,1,360
1156726,1,360
4190138073,1,360
1164589,1,360
4190124109,1,350
1153257,1,350
4190126646,1,342
1154471,1,332
1153145,1,332
30030195,1,332
30031726,1,330
30032376,1,320
1163694,1,320
30032478,1,320
1163719,1,320
1148710,1,320
30032372,1,320
1163700,1,320
1152407,1,320
30030412,1,320
1163696,1,320
30032374,1,320
30032369,1,320
1164606,1,312
1156925,1,312
1165617,1,312
1148150,1,312
1161278,1,312
30029090,1,310
1149041,1,296
1167117,1,290
1152392,1,290
1167215,1,290
30032202,1,290
1156296,1,288
40037131,1,288
4190130472,1,288
4190124657,1,288
1156713,1,288
30029235,1,288
40037605,1,288
30031486,1,288
4190134468,1,288
1149507,1,288
1149209,1,288
4190139391,1,288
1148930,1,288
4190130820,1,288
30032436,1,288
4190138543,1,288
1163792,1,288
1153307,1,288
30033287,1,288
30029221,1,288
1149404,1,288
40035242,1,288
4190126446,1,288
30031427,1,288
30029003,1,288
1150337,1,288
30031020,1,288
1156343,1,288
30029290,1,288
30030767,1,288
1163723,1,280
4190129388,1,280
1154803,1,280
30032387,1,280
30029370,1,280
1156255,1,280
1117230,1,280
1164988,1,276
1166594,1,276
1160053,1,276
4190131670,1,276
30032258,1,276
1148829,1,275
1167074,1,275
4190124991,1,275
30030281,1,272
1148042,1,270
30028863,1,270
4190125820,1,270
1158369,1,270
40037048,1,270
1148719,1,270
30030787,1,270
1148167,1,270
1149794,1,270
40036817,1,270
30030976,1,270
40035780,1,264
4190135479,1,264
40034869,1,264
30029270,1,264
30031734,1,264
30029578,1,264
1167192,1,264
30030915,1,264
30031688,1,260
1158800,1,260
30030945,1,256
30028999,1,256
30033245,1,256
4190129414,1,255
4190126771,1,255
1165471,1,252
1166407,1,252
30028808,1,252
1152466,1,252
1151414,1,252
1164127,1,252
1154289,1,250
1157671,1,250
4190132263,1,250
4190125659,1,250
4190125315,1,250
30030554,1,250
1156967,1,250
30031993,1,248
1149403,1,248
30030360,1,243
30029621,1,240
4190130328,1,240
4190126444,1,240
4190129586,1,240
1157024,1,240
30030888,1,240
1152958,1,240
30029518,1,240
1158887,1,240
1156357,1,240
4190129676,1,240
1154430,1,240
30033222,1,240
4190130641,1,240
4190134120,1,240
4190125607,1,240
30029008,1,240
30029646,1,240
4190134154,1,240
30030415,1,240
4190138971,1,240
4190128052,1,240
30032418,1,240
4190130100,1,240
40035830,1,240
30030007,1,240
30030620,1,240
4190135827,1,240
4190126606,1,240
30029747,1,240
30031708,1,240
30029645,1,240
30030253,1,240
1159226,1,240
30031544,1,240
30030926,1,240
40035437,1,240
1166534,1,240
30030821,1,240
30030085,1,240
4190130056,1,240
1168119,1,240
4190129644,1,240
30031066,1,240
30030303,1,240
4190125138,1,240
4190127775,1,240
1163763,1,240
4190129703,1,240
1168073,1,240
30033209,1,240
4190133859,1,240
4190134641,1,240
1156809,1,240
1150350,1,236
30031010,1,234
30031418,1,232
30028926,1,231
40034479,1,231
1164041,1,230
1154271,1,230
30030639,1,228
30031964,1,228
30032740,1,228
30031978,1,228
30033367,1,228
1168139,1,225
30030107,1,225
1147620,1,220
30032662,1,220
30029128,1,220
30032127,1,220
40036837,1,216
30029065,1,216
1157610,1,216
1153046,1,216
30032614,1,216
4190129065,1,216
30032263,1,216
40036055,1,216
30030742,1,216
30030179,1,216
30031984,1,216
4190133600,1,216
1155002,1,216
4190130481,1,216
1165674,1,216
30029099,1,216
1159188,1,215
30030852,1,210
30031534,1,210
4190134326,1,210
30030058,1,210
30031128,1,210
4190131061,1,210
30030289,1,204
4190125706,1,204
30030527,1,204
1161221,1,204
1159840,1,204
30029232,1,204
1159036,1,204
1150121,1,204
1146035,1,200
30033286,1,200
30032356,1,200
4190130841,1,200
4190127772,1,200
4190131497,1,200
4190129806,1,200
1163701,1,200
1166389,1,200
1153023,1,200
1152396,1,200
4190122569,1,200
30030919,1,200
30030348,1,200
4190135386,1,200
4190131105,1,200
1166056,1,200
1159874,1,200
30030000,1,200
30029682,1,200
4190124841,1,200
1168116,1,200
4190125341,1,200
1149392,1,200
30032391,1,200
1152324,1,200
30031687,1,200
4190126987,1,200
1161225,1,200
30029781,1,200
30032375,1,200
1154954,1,200
1159098,1,200
4190128107,1,200
1149401,1,200
1153066,1,200
30030345,1,200
1163673,1,200
1166604,1,200
4190124394,1,200
4190126955,1,200
1166503,1,200
1158260,1,200
30029693,1,200
30031268,1,200
40035820,1,200
1154900,1,200
4190127244,1,200
4190125184,1,200
30029691,1,200
1157458,1,200
1107287,1,200
30029644,1,200
1165665,1,200
4190131304,1,200
1151527,1,200
4190131441,1,200
30030982,1,200
4190128713,1,200
1163724,1,200
1151407,1,200
1152715,1,198
1156837,1,195
40034481,1,192
1158361,1,192
1153166,1,192
4190124198,1,192
30030755,1,192
1101076,1,192
1156253,1,192
30032209,1,192
30031362,1,192
30031488,1,192
30032520,1,192
40036831,1,192
30028917,1,192
30031609,1,192
40037604,1,192
30031980,1,192
30029819,1,190
1150178,1,182
40034975,1,180
30030513,1,180
30030506,1,180
30030495,1,180
4190132279,1,180
1166560,1,180
30030496,1,180
30031487,1,180
1156725,1,180
30030508,1,180
4190133762,1,180
30032422,1,180
1147672,1,180
30030228,1,180
30030519,1,180
40037606,1,180
4190132399,1,180
30029605,1,180
30032421,1,180
30029332,1,180
4190135111,1,180
30030514,1,180
4190132875,1,180
30030499,1,180
1146409,1,180
30030498,1,180
30030504,1,180
30030517,1,180
4190127854,1,180
30031893,1,180
30030031,1,180
30030515,1,180
30030500,1,180
4190125052,1,180
1156395,1,180
30032043,1,180
30030505,1,180
4190126780,1,180
1163772,1,180
30030509,1,180
1163769,1,180
30030356,1,180
1164858,1,180
1150165,1,180
30029360,1,180
30030502,1,180
30030518,1,180
30031973,1,180
30030516,1,180
1162305,1,180
30030503,1,180
30032841,1,180
30030507,1,180
30030501,1,180
30030497,1,180
1149333,1,180
30030511,1,180
30030512,1,180
30030510,1,180
30031364,1,177
30030108,1,175
1165827,1,174
30030141,1,172
30029410,1,170
1157885,1,168
4190131505,1,168
40035436,1,168
30030783,1,168
30033327,1,168
30030413,1,168
1158572,1,168
30029748,1,168
1099676,1,167
1151417,1,162
30029179,1,161
1159215,1,160
40035577,1,160
40039046,1,160
1155500,1,160
30029598,1,160
1154799,1,160
30029648,1,160
30030084,1,160
1152440,1,160
30031699,1,160
1148023,1,160
30032357,1,160
1163675,1,160
4190125376,1,160
4190129570,1,160
1156738,1,160
40038025,1,160
30030154,1,160
1148666,1,160
30029989,1,160
4190135234,1,160
1151136,1,156
1161784,1,156
30031311,1,156
1157420,1,156
1153070,1,156
30033425,1,156
1152718,1,156
30031353,1,150
30030106,1,150
30030396,1,150
1164033,1,150
30033223,1,150
1158292,1,150
40034971,1,150
1163809,1,150
30031312,1,150
4190126378,1,150
4190125019,1,150
30029311,1,150
4190128858,1,150
4190123463,1,150
30030997,1,150
30030892,1,150
4190125549,1,150
1148010,1,150
30031175,1,150
30029671,1,150
30031001,1,150
1154346,1,150
4190124235,1,150
30028971,1,150
1159994,1,150
1153240,1,150
4190129397,1,150
4190123738,1,150
1148842,1,150
1157602,1,150
30030614,1,150
40039294,1,150
1159818,1,150
1164889,1,150
30030690,1,150
30029899,1,150
30029241,1,147
1148669,1,140
30029064,1,140
4190135526,1,140
30029368,1,140
30030067,1,140
4190132102,1,140
1150138,1,140
30029887,1,140
30032030,1,140
30031150,1,140
1164675,1,140
30029680,1,140
30030143,1,140
1168076,1,136
30031129,1,136
30031531,1,136
1148151,1,133
30031086,1,132
1154925,1,132
1146762,1,132
4190130257,1,132
30031432,1,132
4190130163,1,132
30030426,1,130
30031977,1,130
30031969,1,130
30029710,1,130
1157495,1,127
30029035,1,126
4190139687,1,126
30031151,1,126
1167302,1,126
40037146,1,125
30030996,1,125
30031064,1,125
30030300,1,125
1157494,1,123
1156125,1,119
30029780,1,113
1150195,1,110
1160098,1,108
30030702,1,108
40039713,1,108
30030302,1,108
4190130969,1,108
30031407,1,108
30032190,1,108
1164554,1,108
40036041,1,108
4190124592,1,108
1155694,1,108
4190125620,1,108
1164907,1,108
1149384,1,108
30030166,1,108
30031094,1,108
30030809,1,108
30031516,1,108
1147474,1,108
30030233,1,108
40038950,1,108
40036060,1,108
1155716,1,108
30030419,1,108
30029735,1,108
30032856,1,108
4190124926,1,108
30030980,1,108
1153955,1,108
30033049,1,108
1109369,1,108
1155538,1,105
1151406,1,105
4190137977,1,105
30029197,1,105
1158981,1,105
4190129106,1,105
1153174,1,104
1152202,1,104
1157419,1,102
4190123352,1,102
1154951,1,102
4190134653,1,102
1158385,1,102
1163731,1,96
30029872,1,96
30030239,1,96
1162337,1,96
40035115,1,96
30030564,1,96
1153109,1,96
30030180,1,96
4190135321,1,96
30030272,1,96
4190134582,1,96
30032482,1,96
30030846,1,96
30033519,1,96
30029618,1,96
1163915,1,96
1147917,1,96
40036056,1,96
1166637,1,96
1161289,1,96
30031184,1,96
30029679,1,96
30031729,1,96
30033073,1,96
30030596,1,96
30030988,1,96
30029672,1,96
30032619,1,96
30029675,1,96
30031808,1,96
1162320,1,96
1107589,1,96
1162316,1,96
30032479,1,96
30032398,1,96
4190124712,1,96
4190130545,1,96
30029825,1,96
1157075,1,96
4190135454,1,96
30030330,1,96
4190130614,1,96
4190129261,1,96
40038947,1,96
30032484,1,96
1167656,1,96
30029476,1,96
4190135614,1,96
4190132766,1,96
1155522,1,96
30033603,1,93
30031917,1,92
4190130921,1,92
1153271,1,90
1148024,1,90
4190129705,1,90
30030794,1,90
30031079,1,90
4190129729,1,90
30030293,1,90
1164123,1,90
1149299,1,90
40037206,1,90
4190122443,1,90
1151388,1,90
1163716,1,90
4190132727,1,90
30032363,1,90
30031685,1,90
30033735,1,90
4190132461,1,90
30031879,1,89
30029111,1,86
30029427,1,84
1156791,1,84
1147534,1,84
30029366,1,84
4190136078,1,84
30029383,1,84
4190131094,1,84
1161196,1,84
4190129802,1,84
30033762,1,84
1153020,1,84
1158962,1,84
30033454,1,84
30030847,1,84
40035779,1,84
4190130956,1,84
1148086,1,84
30032089,1,84
4190125871,1,80
1158217,1,80
30032378,1,80
30028848,1,80
4190133485,1,80
4190139488,1,80
1152248,1,80
30029201,1,80
30033768,1,80
1167180,1,80
1156355,1,80
4190139310,1,80
1156814,1,80
30032179,1,80
1152960,1,80
30033704,1,80
40034627,1,80
40034807,1,80
1164874,1,80
1156813,1,80
4190127161,1,80
1163720,1,80
1157467,1,80
30031232,1,80
40038720,1,80
30030027,1,80
30031895,1,80
30029079,1,80
30031575,1,80
40038364,1,80
30029110,1,80
30029155,1,80
4190132941,1,80
30032251,1,80
1153003,1,80
4190132416,1,80
4190135009,1,80
30029651,1,80
1154933,1,80
4190122380,1,80
30029713,1,80
1160036,1,80
1157747,1,78
30029135,1,78
1154820,1,76
1152762,1,75
30030133,1,75
4190134087,1,75
1164965,1,75
1162469,1,75
30029140,1,75
30029855,1,75
1164964,1,75
40039301,1,75
1154339,1,75
30033424,1,75
1157658,1,75
30032013,1,75
30031558,1,75
4190129418,1,75
30031283,1,75
30031299,1,75
30029900,1,75
30030808,1,75
40038161,1,75
4190135000,1,75
40034768,1,75
4190133474,1,70
30033605,1,70
30032901,1,70
1148149,1,70
30029153,1,70
1148790,1,70
1151115,1,68
30033821,1,66
30029612,1,64
30031566,1,64
40035777,1,64
30030328,1,64
30030735,1,64
40036077,1,64
30030344,1,63
1154929,1,63
1161561,1,62
30032058,1,62
30033455,1,57
1159883,1,56
30031067,1,56
30031940,1,56
4190127363,1,56
1156752,1,55
1158963,1,55
30030784,1,54
1150067,1,54
30029194,1,54
4190125104,1,54
40034805,1,54
1156775,1,54
1156968,1,54
4190129576,1,54
30029513,1,54
30031994,1,52
30032604,1,46
30032115,1,45
30029801,1,45
40035557,1,45
40038737,1,45
1153242,1,45
1153234,1,45
30032346,1,45
30032552,1,45
4190121871,1,45
1162375,1,45
30032230,1,45
1163648,1,45
40035405,1,45
4190134529,1,45
1160000,1,45
30030147,1,45
1155658,1,45
30030597,1,45
30028946,1,43
4190127132,1,42
1163737,1,42
1163968,1,42
30029739,1,42
30032404,1,42
4190132599,1,35
40038908,1,33
1164511,1,33
30032709,1,33
4190138467,1,32
30032912,1,32
1109449,1,32
30029690,1,32
1167076,1,32
30031632,1,32
40036050,1,32
30030190,1,32
1155113,1,32
4190122269,1,32
40040028,1,32
1161438,1,32
30033756,1,32
4190121942,1,32
30029624,1,32
4190134089,1,32
30029339,1,32
4190127522,1,32
30033063,1,32
30032845,1,32
30029134,1,32
1157507,1,32
4190127729,1,32
30032868,1,29
30033794,1,28
1152332,1,28
30029788,1,28
40038047,1,27
30031714,1,27
40038030,1,27
1149461,1,27
30031832,1,27
1152333,1,26
1162501,1,26
30029790,1,26
30033288,1,25
40038056,1,25
4190133853,1,25
4190131803,1,25
30032883,1,25
30033641,1,25
30033514,1,25
30029281,1,25
30029203,1,25
1166827,1,25
30032602,1,25
30033565,1,25
30032910,1,25
30031945,1,25
1150302,1,25
30029323,1,25
30029554,1,25
1162448,1,25
1158954,1,25
30029190,1,25
4190130777,1,25
30031942,1,25
30031894,1,25
4190122004,1,25
1162504,1,25
40036062,1,25
30029261,1,25
30032920,1,25
30031375,1,25
30029250,1,25
30030553,1,25
1153178,1,25
40037819,1,25
30033403,1,25
1157473,1,25
30030204,1,25
4190136013,1,25
30030256,1,25
4190133078,1,25
40039723,1,25
30031616,1,25
1157146,1,22
30031444,1,22
40035878,1,22
30030158,1,22
40034875,1,21
30029267,1,21
1152640,1,21
1152639,1,21
30031868,1,17
30031793,1,17
1150351,1,17
40036732,1,16
30029688,1,16
30029852,1,16
30031822,1,16
4190134436,1,16
40035102,1,16
30030115,1,16
30033078,1,16
4190136010,1,16
40035822,1,16
40035177,1,16
30030097,1,16
30032001,1,16
4190135884,1,16
4190130049,1,16
30030160,1,16
4190133511,1,16
30029758,1,16
40035100,1,16
30032184,1,16
30029834,1,16
30029527,1,16
30030682,1,16
40035880,1,16
1157617,1,16
4190124039,1,16
30033869,1,16
1114588,1,16
1165742,1,16
4190132203,1,16
1157642,1,16
30029814,1,16
30030750,1,16
30029301,1,16
1154183,1,16
4190130184,1,16
1149399,1,16
30028962,1,16
4190131977,1,16
30031678,1,16
30030338,1,16
1149419,1,16
40037114,1,14
30031472,1,14
30031339,1,14
40037492,1,14
30030960,1,14
40035515,1,13
30030713,1,13
1152641,1,13
1099717,1,13
30032199,1,11
40038328,1,11
30032872,1,11
30031805,1,11
1157644,1,11
30033467,1,11
30031474,1,11
4190131813,1,9
30033564,1,9
30031690,1,9
30031028,1,9
30032132,1,9
4190132081,1,9
40037050,1,9
30030577,1,9
30032191,1,9
30031871,1,9
40037151,1,9
4190132718,1,9
30030978,1,9
30032562,1,7
40034593,1,7
30029132,1,7
30029344,1,7
30030029,1,7
1149253,1,7
4190126954,1,7
30031567,1,7
1150132,1,7
30032697,1,7
30029586,1,7
1153386,2,61400
1153548,2,52608
4190128922,2,46000
1164598,2,37260
1157529,2,36000
1148138,2,31440
1153224,2,30336
4190129030,2,22800
1153930,2,22656
30030644,2,18640
1152315,2,15800
1159986,2,14832
1161163,2,14400
1159242,2,14184
1149662,2,12666
4190124838,2,12216
1154030,2,12136
1161181,2,12000
1151429,2,12000
1151294,2,11940
1167346,2,10704
1159388,2,10600
1152313,2,10000
1159988,2,9752
1157306,2,9291
1153791,2,9261
1154801,2,8870
1151981,2,8367
1164114,2,8160
1159643,2,7629
30030624,2,7608
1155644,2,7608
4190128234,2,7608
1153024,2,7374
1159920,2,7256
1165873,2,7200
1148139,2,7000
1154447,2,6880
1148126,2,6450
4190126452,2,6400
1150143,2,6400
4190129548,2,6198
1153120,2,6042
1159274,2,5970
1164356,2,5959
1156683,2,5825
1149789,2,5683
1149301,2,5508
1165347,2,5376
1154392,2,5280
1156747,2,5070
1152502,2,5050
1152405,2,5050
1159204,2,5000
1163990,2,4880
1155437,2,4800
30030570,2,4800
1148822,2,4765
1148721,2,4752
4190138796,2,4660
1147733,2,4652
1152074,2,4560
1156948,2,4500
4190128908,2,4500
1157302,2,4356
1162352,2,4275
30030528,2,4040
1155012,2,4000
1156138,2,4000
1159246,2,4000
1158396,2,3956
30029786,2,3940
1157752,2,3896
30032034,2,3876
1155672,2,3840
1159979,2,3828
4190134910,2,3656
1167079,2,3648
1149905,2,3648
1153113,2,3500
1099913,2,3408
1159240,2,3390
1159245,2,3360
1148166,2,3360
1157580,2,3288
1148598,2,3233
1149989,2,3200
30029005,2,3180
30030782,2,3132
1152967,2,3120
1159266,2,3060
1151174,2,2940
30029582,2,2916
1164545,2,2880
30031343,2,2844
1166908,2,2842
1156154,2,2814
4190129635,2,2800
1150318,2,2788
1158269,2,2760
4190126350,2,2700
1166387,2,2697
1152289,2,2643
1166520,2,2640
4190127509,2,2640
1150547,2,2640
1155122,2,2604
1162354,2,2592
1148083,2,2550
30033285,2,2525
4190128386,2,2520
1150079,2,2508
30029831,2,2450
1157753,2,2424
1150532,2,2400
4190129017,2,2400
1150534,2,2400
4190135361,2,2400
1150552,2,2400
1163873,2,2300
30031173,2,2288
1148687,2,2216
4190129584,2,2200
1154982,2,2200
30028998,2,2178
4190127951,2,2160
1153112,2,2112
1158876,2,2096
1159322,2,2050
1149522,2,2048
1152078,2,2040
4190130683,2,2032
1156090,2,2017
1150612,2,2016
1151485,2,2000
4190129650,2,2000
1151486,2,2000
1153114,2,1956
1150628,2,1920
1150567,2,1900
4190133443,2,1824
4190129943,2,1820
1164111,2,1800
1148733,2,1800
30031183,2,1800
4190133714,2,1800
1154800,2,1731
1168236,2,1728
1155138,2,1722
4190130748,2,1720
1155669,2,1700
1167320,2,1656
1145724,2,1644
30032923,2,1620
4190125739,2,1608
1165618,2,1608
1161171,2,1600
30028935,2,1600
1151487,2,1600
4190129575,2,1600
1152995,2,1550
1150545,2,1536
4190130878,2,1536
1151236,2,1536
4190139845,2,1530
1150551,2,1530
4190125445,2,1504
4190130788,2,1440
4190138212,2,1440
1153384,2,1440
1148826,2,1428
4190134676,2,1400
4190128268,2,1400
4190128007,2,1400
1159837,2,1368
30031185,2,1360
4190130955,2,1344
1151259,2,1296
1153982,2,1284
30030266,2,1284
1151538,2,1280
4190129367,2,1272
4190127416,2,1272
30031725,2,1272
1154874,2,1260
1155829,2,1248
4190139253,2,1240
30030993,2,1224
1153886,2,1208
1148812,2,1208
4190125362,2,1200
30029219,2,1200
1152402,2,1200
1154427,2,1200
1148029,2,1200
4190129834,2,1152
30032817,2,1140
1164010,2,1140
1167321,2,1104
1164750,2,1104
1151540,2,1092
1143569,2,1084
30030088,2,1080
4190134099,2,1080
1151536,2,1080
1158246,2,1050
30031251,2,1050
30033167,2,1026
1151566,2,1020
4190124671,2,1020
4190124670,2,1020
30031188,2,1008
30030551,2,1008
1152360,2,1000
1148055,2,1000
30033371,2,999
1166143,2,996
1164046,2,990
1154436,2,964
4190129188,2,960
30029307,2,960
40035821,2,960
1151544,2,960
30030003,2,960
1166587,2,942
4190127200,2,906
30029827,2,906
1167181,2,900
1152268,2,900
30029484,2,900
40035118,2,900
40035178,2,896
4190127706,2,896
4190128454,2,888
1148807,2,888
4190128423,2,888
1159421,2,870
1156983,2,868
40037629,2,864
30031542,2,864
4190124230,2,840
1164666,2,840
1155685,2,840
30031017,2,836
30030922,2,828
30031981,2,825
1151076,2,822
4190130249,2,816
1164837,2,816
30031485,2,810
40037607,2,810
4190131006,2,804
1162400,2,804
4190130236,2,804
1164115,2,800
4190130908,2,796
4190131123,2,792
1149200,2,780
4190131439,2,778
30033205,2,774
4190138078,2,768
30032158,2,762
1159244,2,760
4190130917,2,756
1157463,2,744
30030539,2,744
1164036,2,720
30030162,2,720
4190133215,2,720
30030820,2,706
4190130045,2,700
1161172,2,685
30030827,2,684
1153155,2,680
30032206,2,680
30030973,2,680
1167130,2,680
1157568,2,660
4190139096,2,660
1159644,2,660
4190130778,2,660
1152261,2,656
1148044,2,650
4190130750,2,648
1162282,2,648
30033242,2,648
30030362,2,644
1168021,2,642
30033632,2,632
30033851,2,620
4190132021,2,620
4190131798,2,612
4190125479,2,612
1147919,2,610
1150082,2,606
1154411,2,605
1167787,2,600
4190135515,2,600
4190132680,2,600
1151542,2,600
1154464,2,600
4190126311,2,600
4190127133,2,600
1149300,2,600
1156860,2,592
30033284,2,588
30030331,2,576
30033792,2,576
30030151,2,576
30031193,2,570
1157696,2,569
1154909,2,568
1159115,2,564
1150246,2,562
30030231,2,560
30033231,2,560
40036110,2,560
1148847,2,560
4190123536,2,560
1166497,2,556
1165872,2,556
1149265,2,554
1168174,2,552
1159972,2,552
1145692,2,552
1167361,2,552
1150288,2,550
30030650,2,550
1161390,2,540
30030363,2,540
4190130478,2,540
4190130378,2,540
4190126744,2,540
30030810,2,540
4190129462,2,534
4190125306,2,528
4190129381,2,528
1164021,2,520
30032248,2,516
40038791,2,516
1154901,2,510
1153054,2,510
1153144,2,507
1150317,2,505
4190126690,2,504
4190128932,2,504
1156812,2,504
4190133384,2,502
4190129926,2,500
4190127083,2,500
30032924,2,496
4190125446,2,492
30033429,2,486
30031732,2,486
30031167,2,484
4190131767,2,482
1168210,2,480
1157667,2,480
4190139424,2,480
4190127684,2,480
30029451,2,476
1167165,2,470
40034622,2,470
30029071,2,470
4190124253,2,456
1150334,2,454
1153016,2,453
1151146,2,450
1147728,2,449
1167927,2,448
1167974,2,448
1151415,2,444
4190130313,2,444
1152714,2,440
4190128560,2,436
30029665,2,432
4190135524,2,432
4190128630,2,432
30029749,2,432
1166575,2,430
40037207,2,424
30031081,2,424
1155448,2,421
4190126758,2,420
4190124220,2,420
30031979,2,417
4190135680,2,416
1150168,2,416
4190132428,2,408
4190130725,2,408
30029349,2,408
1165788,2,408
1150144,2,408
1153222,2,404
1164599,2,400
4190139557,2,400
30031890,2,400
4190129389,2,400
1161224,2,400
4190138809,2,400
1153184,2,400
4190135007,2,400
30029154,2,393
1168157,2,392
4190129267,2,388
1149448,2,388
4190129630,2,384
1152717,2,378
1167124,2,375
4190127851,2,375
1155683,2,375
4190129501,2,375
4190129380,2,372
30032926,2,372
4190132988,2,372
1164897,2,372
1156707,2,370
1161324,2,370
1162496,2,368
4190131519,2,365
30029379,2,361
4190128940,2,360
1150198,2,360
40035179,2,360
40038946,2,360
30029530,2,360
40034482,2,360
4190122041,2,360
30028924,2,360
1159169,2,360
4190130099,2,360
4190129486,2,360
1155404,2,352
4190132644,2,352
4190124844,2,350
4190134827,2,350
30029636,2,348
1158374,2,348
1168078,2,348
30029820,2,344
1152063,2,340
1162419,2,336
1164531,2,336
1166647,2,336
1148120,2,332
1164847,2,330
1165592,2,328
30029020,2,324
1160001,2,324
1150349,2,320
30029002,2,320
4190126077,2,320
30030241,2,320
1168112,2,312
1164538,2,312
1157469,2,312
1164869,2,310
1159978,2,310
1151385,2,306
30029716,2,306
1157474,2,305
1165848,2,301
1154993,2,300
1113573,2,300
4190133736,2,300
1157582,2,300
1160066,2,300
4190130990,2,300
1166416,2,300
4190128995,2,300
4190127557,2,300
1149256,2,296
4190135969,2,295
1148706,2,294
4190130355,2,292
1155455,2,290
30032625,2,288
30029759,2,288
40035457,2,288
40038730,2,288
4190135313,2,288
4190138409,2,288
30032469,2,288
4190122101,2,288
30030860,2,285
1150243,2,284
30031582,2,283
1158387,2,280
1148767,2,280
4190127696,2,280
1148753,2,280
1157436,2,280
1157669,2,276
1151090,2,276
30030148,2,272
1167200,2,272
30030984,2,270
1153332,2,270
1098544,2,270
1157502,2,270
4190127588,2,268
1147705,2,268
4190127589,2,268
1157044,2,266
1156729,2,266
1155534,2,264
1164515,2,264
1157717,2,264
1159997,2,264
1150320,2,264
4190123329,2,264
1157740,2,264
4190139202,2,264
4190135402,2,264
4190132148,2,260
4190127124,2,260
4190127137,2,260
4190126953,2,260
1167047,2,258
4190130910,2,258
1158310,2,255
1164735,2,252
30032524,2,252
1159075,2,250
1156680,2,250
4190130124,2,250
1156306,2,250
1157738,2,250
1164792,2,250
4190134185,2,248
4190135805,2,246
1164594,2,246
1153258,2,243
4190124894,2,242
30032210,2,240
1162310,2,240
1155574,2,240
4190135419,2,240
1168057,2,240
4190133656,2,240
4190130492,2,240
4190134161,2,240
1162259,2,240
1156271,2,240
1157615,2,240
1163785,2,240
1149305,2,240
4190124336,2,240
30029583,2,234
4190131544,2,234
1164156,2,232
1159869,2,230
1151290,2,230
1153273,2,228
30033730,2,228
4190128729,2,228
1152195,2,226
1149366,2,225
30029316,2,225
30033748,2,224
1154312,2,224
1164494,2,222
4190124829,2,222
4190132164,2,222
40039921,2,220
4190133149,2,220
1163703,2,220
30032377,2,220
1148070,2,220
4190131760,2,218
1162252,2,216
4190129776,2,216
1148750,2,216
1147916,2,216
1159118,2,216
30029283,2,216
1155035,2,216
1159024,2,216
4190127323,2,212
1167108,2,212
1162483,2,212
30030986,2,212
1154892,2,210
1156449,2,210
1148095,2,210
4190122166,2,210
30030845,2,209
1150335,2,208
1107435,2,207
4190127751,2,206
1166689,2,204
4190128748,2,204
1148177,2,204
4190131523,2,204
4190125693,2,204
1158357,2,204
4190130442,2,204
1163567,2,204
4190122465,2,204
1161523,2,204
1154219,2,204
1158237,2,204
4190133785,2,204
30030934,2,204
1148735,2,204
4190139565,2,200
4190132254,2,200
40039933,2,200
1155664,2,200
4190138338,2,200
4190124281,2,200
30030197,2,200
4190131440,2,200
1164908,2,200
1151476,2,199
1161417,2,198
1163848,2,194
30031923,2,193
1158392,2,192
1155670,2,192
40035434,2,192
30029731,2,192
1160078,2,192
4190125275,2,192
30033324,2,192
1147570,2,192
4190127651,2,192
1151129,2,187
1158274,2,186
1156708,2,184
1154809,2,184
30032711,2,184
30029826,2,180
4190129364,2,180
4190139626,2,180
1155451,2,180
1154168,2,180
1156272,2,180
1147601,2,180
1156998,2,180
30031576,2,180
1154396,2,180
4190129519,2,180
4190125193,2,180
4190127650,2,180
1165643,2,180
4190132688,2,180
30030184,2,180
30030139,2,180
1153314,2,180
4190133719,2,180
40035569,2,180
40037817,2,180
1158287,2,180
30030891,2,180
30031916,2,175
4190132185,2,174
4190129178,2,174
1155439,2,172
1166617,2,172
30031568,2,170
40035181,2,170
4190125866,2,170
4190137887,2,170
1146371,2,169
4190126118,2,168
1159270,2,168
30029617,2,168
1157515,2,168
4190134293,2,168
1166511,2,168
1151193,2,168
1156249,2,168
1156995,2,168
4190129915,2,168
30029715,2,166
1161165,2,165
40038786,2,164
30032068,2,164
4190138553,2,164
40034414,2,162
30028847,2,162
1158307,2,162
4190125282,2,162
1159014,2,160
4190131181,2,160
4190126456,2,160
1164581,2,160
4190128722,2,160
1165692,2,160
1159303,2,158
1167183,2,156
40035819,2,156
30029999,2,156
4190129417,2,156
30029214,2,156
1109458,2,156
1164407,2,156
1148737,2,156
4190129139,2,156
1163574,2,154
4190123673,2,152
1166141,2,150
4190137845,2,150
1163761,2,150
4190131657,2,150
4190122353,2,150
1167661,2,150
1157712,2,150
1161226,2,150
1158329,2,150
1158379,2,150
30030313,2,149
30029161,2,148
4190130395,2,148
4190130335,2,148
1146345,2,145
4190130017,2,145
4190135446,2,144
1156158,2,144
4190129801,2,144
1163781,2,144
4190134904,2,144
30030836,2,144
30029640,2,144
1150235,2,144
1152359,2,144
30032417,2,144
30029686,2,144
4190123510,2,144
30032425,2,144
1164455,2,144
4190130558,2,144
1160024,2,144
30029367,2,144
1147650,2,144
1168072,2,144
1149485,2,144
1152796,2,144
30029614,2,140
1165549,2,140
1167034,2,140
30030835,2,140
30032124,2,140
1163818,2,140
4190132878,2,138
4190130922,2,138
1159257,2,136
30030990,2,136
4190134913,2,135
1160035,2,132
1163787,2,132
4190131570,2,132
1159010,2,132
1164731,2,132
30031630,2,132
1163790,2,132
30032530,2,130
4190125114,2,130
30029608,2,130
4190131288,2,130
1164048,2,128
30029097,2,126
40034765,2,126
1162208,2,125
1168093,2,124
1160102,2,124
1153169,2,124
30032704,2,124
1164725,2,124
1153167,2,120
1155544,2,120
1153203,2,120
4190126594,2,120
1152189,2,120
30032160,2,120
4190139496,2,120
1153099,2,120
30032027,2,120
1157599,2,120
1158325,2,120
30029821,2,120
4190134496,2,120
4190127605,2,120
1156194,2,120
4190130521,2,120
30031368,2,120
1148799,2,120
4190139097,2,120
30032884,2,120
1152288,2,120
30030464,2,120
30031006,2,120
1156299,2,120
4190129358,2,120
1156845,2,120
1154065,2,120
30030839,2,120
1149421,2,120
1150017,2,120
1149359,2,120
4190138450,2,120
4190130967,2,120
30033236,2,120
4190128638,2,120
1109407,2,118
40037147,2,118
30031062,2,118
4190123518,2,116
4190131170,2,115
30031480,2,114
30030723,2,114
4190130314,2,114
1157510,2,113
40036728,2,112
30030677,2,112
30029419,2,112
4190132829,2,112
1158110,2,112
4190131141,2,112
4190128537,2,112
30031241,2,111
40037419,2,111
1164588,2,110
4190139159,2,110
1157974,2,110
1164496,2,110
30031335,2,110
4190135753,2,110
4190131163,2,110
1166705,2,110
4190125848,2,110
4190123537,2,110
40038964,2,110
1158345,2,110
4190129215,2,108
1154359,2,108
30032048,2,108
30032215,2,108
40035637,2,108
4190125602,2,108
30030421,2,108
30031203,2,108
30030371,2,108
4190127147,2,108
40038761,2,108
4190129544,2,108
1153289,2,108
30030594,2,108
4190135497,2,108
40038340,2,108
40036133,2,108
40037311,2,106
30033094,2,106
30031155,2,106
30033567,2,105
1159953,2,103
40039310,2,102
1163626,2,102
1156760,2,102
30031666,2,100
1156331,2,100
4190124739,2,100
4190133352,2,100
1158447,2,100
1161269,2,100
4190124207,2,100
1149434,2,100
1159219,2,100
1157946,2,100
1166445,2,100
4190133812,2,100
30033524,2,100
1159144,2,100
4190139297,2,100
1153215,2,100
1166675,2,100
4190131283,2,99
30033093,2,98
40039917,2,98
1155934,2,98
40039293,2,96
4190132821,2,96
4190132250,2,96
40035180,2,96
30033642,2,96
1159145,2,96
1160016,2,96
1164568,2,96
1148172,2,96
4190125487,2,96
1150130,2,96
1112911,2,96
40038752,2,96
30032569,2,96
4190131427,2,96
4190127235,2,96
1153132,2,95
30031633,2,95
4190129560,2,95
4190124321,2,93
30030257,2,92
40039053,2,92
30030259,2,92
30033085,2,92
30033080,2,92
30030258,2,92
30030342,2,92
40036061,2,91
30030203,2,91
1159937,2,90
4190125460,2,90
1151121,2,90
1154064,2,90
4190128894,2,90
4190133602,2,90
40036734,2,90
1168106,2,90
4190131397,2,90
30030684,2,90
1157488,2,88
1151258,2,88
30032024,2,88
1165342,2,88
30033335,2,86
30029610,2,86
1160185,2,86
1159993,2,86
1157555,2,85
1157613,2,85
4190133867,2,84
4190138352,2,84
4190132562,2,84
1154643,2,84
4190134416,2,84
1157048,2,84
40036118,2,84
4190135556,2,84
4190131076,2,84
4190138353,2,84
1148059,2,84
1163655,2,84
30029080,2,84
4190132646,2,84
40034628,2,84
4190132642,2,84
4190135523,2,84
1163480,2,84
4190131275,2,84
4190133969,2,84
30033254,2,84
30030388,2,84
30033164,2,84
1154165,2,82
30029619,2,82
4190124703,2,80
30030261,2,80
4190131577,2,80
40039722,2,80
4190138065,2,80
1159954,2,80
30029714,2,80
1146708,2,80
4190138608,2,80
4190129054,2,80
1164627,2,80
4190132822,2,80
1155452,2,80
30029101,2,80
1134017,2,80
1157733,2,80
4190130193,2,78
4190123426,2,78
1154050,2,78
1167084,2,76
30033609,2,76
4190129115,2,76
30031550,2,75
30031744,2,75
1157111,2,75
4190134324,2,75
1159178,2,75
40037814,2,75
1164773,2,75
1164712,2,75
1160371,2,75
4190139666,2,75
4190132443,2,75
1161265,2,74
4190130675,2,74
30031546,2,74
1162403,2,74
40037810,2,74
40035783,2,72
1108870,2,72
1158940,2,72
1154380,2,72
4190130506,2,72
4190134835,2,72
4190131964,2,72
30029642,2,72
1149289,2,72
1151413,2,72
4190134071,2,72
40036132,2,72
1152233,2,72
30031027,2,72
4190130859,2,72
1165571,2,72
40037152,2,72
1158321,2,72
4190139157,2,72
30031543,2,72
30033442,2,72
1157688,2,72
30033166,2,72
30029224,2,72
30029294,2,72
30032906,2,72
30032325,2,72
1149529,2,72
30030535,2,72
4190123565,2,72
30032853,2,72
30033068,2,72
1160004,2,72
4190123663,2,72
40034811,2,72
1157570,2,72
4190122352,2,72
1165722,2,72
30032500,2,72
30030370,2,72
1149330,2,72
4190124514,2,72
1156391,2,70
4190134526,2,70
1152399,2,70
1156941,2,70
40038336,2,70
30032047,2,70
30031742,2,68
1154269,2,68
1164510,2,68
1157406,2,68
1160173,2,68
4190132039,2,68
4190130325,2,66
1109452,2,66
30033230,2,66
4190129777,2,66
4190122102,2,66
4190126511,2,66
4190129005,2,66
4190129137,2,66
4190135537,2,66
4190135119,2,66
30030552,2,66
1155918,2,65
1108678,2,64
40035263,2,64
1167248,2,64
1148022,2,64
1159170,2,64
1156147,2,64
30031416,2,64
4190122697,2,63
30031837,2,62
4190131165,2,62
1168045,2,62
30030335,2,62
4190124917,2,61
40036113,2,60
40038049,2,60
4190123904,2,60
1156924,2,60
30030298,2,60
30033460,2,60
4190128360,2,60
4190128933,2,60
1154902,2,60
4190132356,2,60
4190134232,2,60
30033246,2,60
1157484,2,60
30032623,2,60
4190131357,2,60
1163819,2,60
30030354,2,60
1166525,2,60
1158448,2,60
4190132903,2,60
4190132699,2,60
1147692,2,60
4190131116,2,60
40034408,2,60
4190129128,2,60
30032655,2,60
1167045,2,60
40039736,2,60
4190130039,2,60
1110972,2,60
30029163,2,60
30029597,2,60
4190122678,2,60
1153035,2,60
30031801,2,60
4190122441,2,60
4190134585,2,60
30030759,2,59
4190134885,2,58
1157614,2,58
4190131319,2,58
30032564,2,58
1158257,2,58
4190121954,2,58
4190135888,2,58
4190129710,2,57
1156678,2,56
4190133216,2,56
40039303,2,56
4190130809,2,56
30029165,2,56
1154863,2,56
4190124372,2,55
30030105,2,55
30029469,2,55
40035823,2,55
4190134649,2,55
40034864,2,54
1154048,2,54
4190130703,2,54
1164723,2,54
4190135571,2,54
4190133699,2,54
4190124335,2,54
30029131,2,54
30031484,2,54
40037591,2,54
40035261,2,54
4190127715,2,54
4190134247,2,54
30033149,2,54
4190132314,2,54
4190129746,2,54
4190126570,2,53
30030939,2,52
4190131609,2,52
4190129182,2,52
1156199,2,52
1159109,2,52
4190130822,2,52
30032134,2,52
4190134679,2,52
30033785,2,52
1156898,2,52
1167082,2,51
40038962,2,51
30029420,2,50
30033566,2,50
1153059,2,50
4190123905,2,50
30030136,2,50
30032168,2,50
1150096,2,50
30033137,2,50
1158460,2,50
1098499,2,50
4190125862,2,50
30029886,2,50
4190131432,2,50
4190133131,2,50
30033070,2,50
1156200,2,50
1150014,2,49
30030282,2,49
30031915,2,48
40035422,2,48
1164833,2,48
4190133182,2,48
4190133063,2,48
30031595,2,48
4190135442,2,48
30029632,2,48
4190125351,2,48
40036076,2,48
4190130931,2,48
1110582,2,48
40036835,2,48
4190139434,2,48
30031495,2,48
1164697,2,48
30030763,2,48
30030318,2,48
1108681,2,48
1157072,2,48
4190133576,2,48
30031686,2,48
30028869,2,48
1152080,2,48
4190131113,2,48
4190125601,2,48
1157046,2,48
4190124091,2,48
4190129224,2,48
1165584,2,48
1160023,2,48
4190131699,2,48
40034419,2,48
40035639,2,48
4190122171,2,48
30032026,2,48
30029588,2,48
30032607,2,48
4190131023,2,48
4190129286,2,48
4190130500,2,48
30032880,2,48
30030325,2,48
1148634,2,48
1108879,2,48
4190129862,2,48
30032456,2,48
1156326,2,48
30030327,2,48
4190132469,2,48
4190130095,2,48
30031181,2,48
1160025,2,48
4190130228,2,48
30033606,2,48
4190127374,2,48
4190128976,2,48
30033187,2,48
1149311,2,47
40035257,2,46
40035099,2,46
1154935,2,46
1148007,2,46
1156988,2,46
1168056,2,46
4190132349,2,46
4190134383,2,46
4190124407,2,46
30033235,2,46
1159909,2,45
4190125223,2,45
40035636,2,44
1150009,2,44
4190133372,2,44
4190135443,2,44
30031834,2,44
4190129513,2,44
30032107,2,44
1161734,2,44
30031301,2,44
4190125108,2,44
1156461,2,44
30029653,2,44
4190131270,2,44
4190128150,2,44
40036068,2,43
30030324,2,43
30033168,2,42
30028977,2,42
4190133318,2,42
30033434,2,42
1155418,2,42
4190129516,2,42
1156315,2,42
30030280,2,42
4190130208,2,42
40034550,2,42
4190124239,2,42
4190130477,2,42
4190129671,2,42
4190129490,2,42
30031054,2,42
30033281,2,42
40034476,2,41
1165622,2,40
30033172,2,40
30032668,2,40
1152783,2,40
30030429,2,40
40039740,2,40
4190134411,2,40
30033251,2,40
30033188,2,40
4190133278,2,40
30032178,2,40
4190123470,2,40
30029934,2,40
4190123891,2,40
30033461,2,40
40039721,2,40
4190129021,2,40
1157645,2,40
4190134405,2,40
40036534,2,40
4190134354,2,40
30031500,2,40
1148072,2,40
40038788,2,40
30031475,2,40
30029836,2,40
1151397,2,40
4190133209,2,40
40035574,2,40
4190134051,2,40
4190131329,2,39
4190130678,2,39
4190130032,2,39
1156198,2,38
1162300,2,38
1162368,2,38
4190122052,2,38
1156897,2,38
30030897,2,38
4190133883,2,38
30030137,2,38
30030938,2,38
30029958,2,38
30033336,2,38
30029880,2,37
4190129912,2,37
4190129624,2,37
4190129800,2,37
1153078,2,37
30032882,2,37
30033160,2,37
30031249,2,36
4190122455,2,36
4190131628,2,36
4190130063,2,36
1157442,2,36
4190129700,2,36
40039962,2,36
1156978,2,36
4190124046,2,36
4190132858,2,36
1165579,2,36
4190122415,2,36
4190135183,2,36
4190129384,2,36
4190139323,2,36
4190135545,2,36
4190130091,2,36
4190123528,2,36
4190132173,2,36
4190131223,2,36
4190134500,2,36
4190130417,2,36
30033445,2,36
4190129829,2,36
30029659,2,36
4190140004,2,36
30032458,2,36
1164849,2,36
4190132433,2,36
4190131966,2,36
4190134879,2,36
1154819,2,36
30031106,2,36
40039295,2,36
4190131452,2,36
4190130222,2,36
30032452,2,36
4190131827,2,36
30033793,2,36
4190132601,2,36
40039733,2,36
4190132236,2,36
4190130329,2,36
30029972,2,36
30033712,2,36
30031447,2,36
30031366,2,36
1157477,2,35
4190134533,2,35
4190136113,2,35
1148112,2,35
4190133027,2,35
1166658,2,35
4190136137,2,34
30032635,2,34
4190135584,2,34
4190124799,2,34
4190134400,2,34
4190133171,2,34
4190131029,2,34
30031434,2,34
4190126513,2,34
4190131215,2,34
40036543,2,34
4190122451,2,34
4190131795,2,34
1109744,2,34
1159846,2,34
30033147,2,34
30030607,2,34
40039860,2,34
1113745,2,34
1167088,2,33
1154456,2,33
30032705,2,32
40038346,2,32
30033283,2,32
4190132017,2,32
4190130807,2,32
1156167,2,32
1151155,2,32
30033255,2,32
4190138935,2,32
30032453,2,32
30033247,2,32
1146482,2,32
1162411,2,32
30032114,2,32
4190134331,2,32
30029274,2,32
40039926,2,32
1159957,2,32
4190131354,2,32
4190123430,2,32
30033267,2,32
4190131056,2,32
30029854,2,32
30030291,2,32
4190130757,2,32
4190124079,2,32
1158328,2,32
4190130363,2,32
1157631,2,32
4190133633,2,32
4190130279,2,32
4190133479,2,32
1162454,2,32
1155496,2,32
4190130487,2,31
4190123742,2,31
4190129199,2,30
4190135699,2,30
40039735,2,30
4190132952,2,30
4190133800,2,30
30033457,2,30
1155282,2,30
1154328,2,30
4190125660,2,30
30031040,2,30
4190134308,2,30
40037135,2,30
40034469,2,30
4190134565,2,30
4190131228,2,30
30033091,2,30
1156207,2,30
4190135159,2,30
30033087,2,30
30030295,2,30
4190132892,2,30
4190139661,2,30
30032914,2,30
1156381,2,30
4190122700,2,30
4190134213,2,30
4190130925,2,30
1154089,2,30
4190133044,2,30
1155005,2,30
4190132488,2,30
1148779,2,30
4190123853,2,30
4190131839,2,30
4190130992,2,30
30033252,2,29
30030340,2,29
30031038,2,29
30031955,2,28
4190131802,2,28
1114648,2,28
30030748,2,28
30030317,2,28
4190131738,2,28
4190132736,2,28
30032909,2,28
40039716,2,28
1155065,2,28
4190138954,2,28
4190126095,2,28
4190134321,2,28
1157597,2,27
30032204,2,27
4190131889,2,27
4190133478,2,27
30031723,2,27
30033097,2,27
4190122112,2,27
40039333,2,27
4190130518,2,26
1154187,2,26
30029147,2,26
4190133364,2,26
4190133763,2,26
1112249,2,26
4190133549,2,26
30028889,2,26
4190131986,2,26
30032197,2,25
30033095,2,25
4190132150,2,25
40038327,2,25
30032237,2,25
30031789,2,25
1156698,2,25
40038736,2,25
4190131584,2,25
4190122366,2,25
30031876,2,25
4190130868,2,25
4190123607,2,25
1156942,2,23
1166421,2,23
40037601,2,22
30031613,2,22
30033240,2,22
30033600,2,22
30033192,2,22
4190123560,2,22
30033194,2,22
30033109,2,22
4190122233,2,22
40037822,2,22
30033174,2,22
30031519,2,22
30030091,2,22
30033083,2,22
4190122106,2,22
4190133277,2,22
30033116,2,22
4190132377,2,22
30033155,2,22
40039297,2,22
4190131597,2,22
4190124096,2,22
4190122050,2,22
1098517,2,22
4190135324,2,22
4190122086,2,22
4190133601,2,22
4190122240,2,22
4190133259,2,22
4190133806,2,22
1156345,2,22
1114640,2,22
4190123597,2,22
4190133607,2,22
30032016,2,21
30033700,2,21
30032561,2,21
4190123485,2,21
30032025,2,21
4190122016,2,21
4190133120,2,21
30028849,2,21
4190132076,2,21
4190123332,2,20
30033195,2,20
30032651,2,20
4190126866,2,20
40037219,2,20
4190134795,2,20
30029971,2,20
1107163,2,20
40036945,2,20
1166645,2,20
30030908,2,20
4190124103,2,20
4190130924,2,20
30029970,2,20
4190133509,2,20
30031084,2,20
30033277,2,20
4190131921,2,20
30031796,2,20
4190134024,2,20
4190130392,2,20
1117285,2,20
4190140111,2,20
4190131887,2,20
1149653,2,20
4190139691,2,20
1152338,2,20
4190135456,2,20
30031960,2,20
1152205,2,20
30029968,2,20
1117403,2,20
30029969,2,20
4190129334,2,20
4190134831,2,20
4190134593,2,20
30033752,2,19
1152458,2,19
4190130408,2,19
30029953,2,18
4190131219,2,18
30031441,2,18
30030432,2,18
1149273,2,18
30033783,2,18
40038727,2,18
30033114,2,18
30030909,2,18
4190129160,2,18
4190133021,2,18
4190131600,2,18
4190133565,2,18
1154439,2,18
4190122155,2,18
30033165,2,18
30032133,2,18
30031470,2,18
1147028,2,18
4190135495,2,18
4190133448,2,18
4190134851,2,18
40036459,2,18
4190133222,2,18
30032239,2,18
30032543,2,18
1160062,2,18
4190123985,2,18
4190127274,2,18
1165701,2,18
40036946,2,18
1157067,2,18
4190129920,2,18
4190131804,2,18
40038058,2,18
4190133445,2,18
4190131984,2,18
1114723,2,18
30030811,2,18
30031944,2,18
1161096,2,18
4190131260,2,18
4190133190,2,18
1157562,2,18
1108706,2,18
4190121883,2,18
1162224,2,18
4190131268,2,18
30030264,2,17
40037257,2,17
30031602,2,17
30031606,2,17
30033215,2,17
4190130764,2,17
30030357,2,17
1098451,2,17
4190134142,2,17
4190123697,2,17
4190131048,2,17
40036114,2,17
1156833,2,17
30032002,2,17
30031683,2,17
40038134,2,17
30031153,2,17
1154455,2,17
4190124035,2,17
4190133357,2,17
1165778,2,17
4190133376,2,17
1147029,2,16
1110607,2,16
4190122175,2,16
30029846,2,16
30029282,2,16
4190131552,2,16
30029975,2,16
30031248,2,16
30033219,2,16
40034865,2,16
30029977,2,16
30032703,2,16
40037829,2,16
4190134528,2,16
30031698,2,16
4190132423,2,16
4190135355,2,16
30033747,2,16
4190134925,2,16
30031523,2,16
4190124434,2,16
40034977,2,16
4190135538,2,16
4190124006,2,16
30032566,2,16
4190125975,2,16
4190125591,2,16
4190131156,2,16
4190131724,2,16
30031659,2,16
1154449,2,16
4190131373,2,16
30033449,2,16
4190123523,2,16
1158170,2,16
30030174,2,16
30029149,2,16
30033156,2,16
4190123670,2,16
30029377,2,16
4190125963,2,16
4190133385,2,16
30032694,2,16
4190134236,2,16
30029103,2,16
4190133323,2,15
4190123752,2,15
4190135516,2,15
4190129694,2,15
30030951,2,15
30032245,2,15
1100975,2,15
4190122732,2,15
4190122741,2,15
4190134859,2,15
40037046,2,15
30033279,2,15
4190131475,2,15
40038722,2,15
1112257,2,15
4190122284,2,14
30031378,2,14
4190132074,2,14
4190121949,2,14
4190133232,2,14
4190134379,2,14
4190130483,2,14
30029874,2,14
40037523,2,14
30030830,2,14
30032075,2,14
30031819,2,14
4190133192,2,14
30029884,2,14
40036929,2,14
40034630,2,13
30032507,2,13
1224523444,2,13
4190125485,2,13
30033159,2,13
30029082,2,13
4190133651,2,12
30031205,2,12
4190134192,2,12
4190133809,2,12
30030443,2,12
4190134999,2,12
40036496,2,12
4190134118,2,12
4190126242,2,12
4190121894,2,12
30030448,2,12
1155541,2,12
30033226,2,12
30029979,2,12
4190127935,2,12
30031869,2,12
40034642,2,12
40038051,2,12
4190130626,2,12
4190134860,2,12
1112868,2,12
4190123484,2,12
1156311,2,12
1168115,2,12
1151288,2,12
4190131239,2,12
4190133920,2,12
4190123600,2,12
30031269,2,12
4190133839,2,12
1161792,2,12
4190130033,2,12
30029072,2,12
4190132059,2,12
4190139950,2,12
4190123640,2,12
1158253,2,12
30030749,2,12
30030122,2,12
40036460,2,12
40034634,2,11
4190133306,2,11
30032644,2,11
30032017,2,11
30028953,2,11
4190134387,2,11
30028868,2,11
4190131036,2,11
4190130904,2,11
30030263,2,10
4190132390,2,10
30031672,2,10
1112865,2,10
4190134062,2,10
4190122751,2,10
4190133803,2,10
1154573,2,10
30033118,2,10
4190133767,2,10
1158068,2,10
4190130439,2,10
40037824,2,10
4190133332,2,9
30031476,2,9
1157646,2,9
4190129858,2,9
30030786,2,8
40036509,2,8
4190123655,2,8
1153042,2,8
30029425,2,8
30030573,2,8
1105790,2,8
40034372,2,8
30031237,2,8
1224416993,2,8
30029892,2,8
4190123840,2,7
30030880,2,7
1146784,2,7
1155086,2,7
40037107,2,7
40037077,2,7
30030381,2,7
30030927,2,7
4190134428,2,6
1167292,2,6
30029108,2,6
40036591,2,6
1112887,2,6
1117438,2,6
1159253,2,6
30030562,2,6
4190131386,2,6
30030965,2,5
1113702,2,5
40037119,2,5
40037421,2,5
30031286,2,5
30032188,2,5
1110982,2,4
30030961,2,4
30030964,2,4
4190130834,2,4
40037115,2,4
40037118,2,4
1164169,2,3
30030966,2,3
30028954,2,3
40034635,2,3
40037120,2,3
30033699,2,2
30031152,2,2
30032052,2,2
30032149,2,2
1164105,2,2
1152415,2,2
40037310,2,2
30032194,2,2
1154204,2,24
4190131915,2,24
1163776,2,24
4190134874,2,24
4190122338,2,24
30030273,2,24
4190123792,2,24
30032471,2,24
4190130776,2,24
40034416,2,24
4190131317,2,24
1159510,2,24
4190130857,2,24
30032069,2,24
30032212,2,24
30033239,2,24
30031025,2,24
4190132884,2,24
4190133676,2,24
30030250,2,24
30029978,2,24
1157640,2,24
1159817,2,24
4190133005,2,24
4190131021,2,24
4190122314,2,24
30030323,2,24
4190134019,2,24
40036943,2,24
4190135412,2,24
4190131309,2,24
4190132146,2,24
4190135372,2,24
30028857,2,24
1160107,2,24
1149967,2,24
4190129435,2,24
4190133175,2,24
30033081,2,24
30031433,2,24
4190138297,2,24
30031530,2,24
4190130659,2,24
4190123630,2,24
1148071,2,24
4190134372,2,24
40037628,2,24
4190133869,2,24
1158283,2,24
30029976,2,24
4190131391,2,24
1109336,2,24
4190138976,2,24
40038732,2,24
30031669,2,24
4190139840,2,24
40037136,2,24
4190129281,2,24
1167050,2,24
4190130356,2,24
4190134060,2,24
1149972,2,24
4190132384,2,24
4190122256,2,24
4190129742,2,24
4190122186,2,24
30032494,2,24
4190132737,2,24
4190131379,2,24
30032474,2,24
30029974,2,24
4190139994,2,24
1152390,2,24
1156700,2,24
40035869,2,24
4190131400,2,24
4190131149,2,24
4190130410,2,24
4190130592,2,24
1167073,2,24
30033131,2,24
40036067,2,24
4190122670,2,24
30030886,2,24
30030130,2,24
30033157,2,24
30029973,2,24
1159951,2,24
4190137973,2,24
1114827,2,24
1155651,2,24
4190132368,2,24
30031462,2,24
30032579,2,24
30033487,2,24
4190133297,2,24
30028974,2,24
4190131896,2,24
4190133303,2,24
30029276,2,24
4190124597,2,24
30031824,2,24
1157182,2,0
1149552,2,0
1118065,2,0
40036097,2,0
1114602,2,0
1151980,2,0
1150892,2,0
1153594,2,0
1156478,2,0
1142327,2,0
1151086,2,0
1137649,2,0
1150860,2,0
1142235,2,0
1127632,2,0
1151862,2,0
1151047,2,0
1139079,2,0
1114778,2,0
1151930,2,0
1149729,2,0
1114802,2,0
1152741,2,0
1142195,2,0
1149756,2,0
1138923,2,0
1142098,2,0
1153516,2,0
1153840,2,0
1152011,2,0
1142962,2,0
1158198,2,0
1138652,2,0
1127621,2,0
1116044,2,0
1157191,2,0
1153843,2,0
1112232,2,0
1116192,2,0
1157186,2,0
1150638,2,0
1138928,2,0
1115982,2,0
1156608,2,0
1153587,2,0
1142255,2,0
1116200,2,0
1156564,2,0
1156465,2,0
1113633,2,0
1143231,2,0
1127611,2,0
1114598,2,0
1152516,2,0
1138655,2,0
1138872,2,0
1150496,2,0
1127601,2,0
1146897,2,0
1157183,2,0
1138708,2,0
1138935,2,0
1149884,2,0
1152006,2,0
1150493,2,0
1142345,2,0
1157131,2,0
1153844,2,0
1150595,2,0
1150740,2,0
1150891,2,0
40034761,2,0
1154516,2,0
1127606,2,0
1144094,2,0
1150915,2,0
1115907,2,0
1113753,2,0
1151852,2,0
1156072,2,0
1159805,2,0
1151983,2,0
1118228,2,0
1151944,2,0
1152931,2,0
1157189,2,0
1135812,2,0
1150383,2,0
1145023,2,0
1142184,2,0
1158614,2,0
1151087,2,0
1150884,2,0
1153837,2,0
1154580,2,0
1153649,2,0
1149727,2,0
1151043,2,0
1156102,2,0
1151778,2,0
1150885,2,0
1151872,2,0
1151056,2,0
1109410,2,0
1150592,2,0
1153842,2,0
1116069,2,0
1150898,2,0
1153494,2,0
1150499,2,0
1151842,2,0
1151781,2,0
1158128,2,0
1138716,2,0
1152517,2,0
1152005,2,0
1156522,2,0
1142031,2,0
1148868,2,0
1154628,2,0
1149765,2,0
1117245,2,0
1159538,2,0
1157180,2,0
1127578,2,0
1156468,2,0
1159785,2,0
1151077,2,0
1146716,2,0
1153618,2,0
1156045,2,0
1142139,2,0
1156472,2,0
1151846,2,0
1152557,2,0
1140798,2,0
1140872,2,0
1156495,2,0
1113637,2,0
1150360,2,0
1151858,3,0
1114844,3,0
1150894,3,0
1153506,3,0
1151082,3,0
1157185,3,0
1156582,3,0
1153463,3,0
1153580,3,0
1149725,3,0
1150739,3,0
1153526,3,0
1151083,3,0
1158210,3,0
1151831,3,0
1152055,3,0
1150916,3,0
1152059,3,0
1152043,3,0
1142053,3,0
1152045,3,0
1150924,3,0
1152012,3,0
1157194,3,0
1114840,3,0
1153581,3,0
1116065,3,0
1152001,3,0
1153735,3,0
1116198,3,0
1149813,3,0
1152042,3,0
1114810,3,0
1150883,3,0
1156545,3,0
1127660,3,0
1116193,3,0
1152014,3,0
1151973,3,0
1114781,3,0
1149751,3,0
1157208,3,0
1157188,3,0
1114587,3,0
1135823,3,0
1116180,3,0
1139007,3,0
1156467,3,0
1150774,3,0
1152050,3,0
1150905,3,0
1155877,3,0
1114768,3,0
1142196,3,0
1150893,3,0
1151838,3,0
1153802,3,0
1150681,3,0
1149741,3,0
1142187,3,0
1153612,3,0
1152044,3,0
1150741,3,0
1135949,3,0
1153602,3,0
1117303,3,0
1150793,3,0
1157205,3,0
1152072,3,0
1150881,3,0
1153778,3,0
1150896,3,0
1157196,3,0
1153469,3,0
1151051,3,0
1116066,3,0
1149721,3,0
1153500,3,0
1118079,3,0
1159243,3,35250
30030668,3,31200
4190139431,3,30250
30031192,3,27180
4190125409,3,26310
4190129066,3,15012
4190127580,3,13600
1164110,3,12880
30032721,3,12480
1164146,3,12480
30030666,3,11400
1151432,3,10800
1165729,3,10800
30032522,3,10431
1156244,3,10000
4190130414,3,9500
1148725,3,9426
1152876,3,9358
1164592,3,9240
1147717,3,9000
1150727,3,8936
4190135821,3,8640
1155279,3,8260
1149637,3,8000
1147762,3,7946
4190136156,3,7680
1161820,3,7216
1165996,3,7200
1153068,3,6930
30030862,3,6600
1155826,3,5870
1152243,3,5760
30030806,3,5590
1157483,3,5484
1154787,3,5470
1107425,3,5280
1150316,3,5091
4190134426,3,5060
1166386,3,4936
1152395,3,4896
30030175,3,4752
1153230,3,4512
1150549,3,4320
4190125475,3,4300
1157014,3,4116
1155345,3,4096
1163704,3,3680
30032379,3,3680
1157018,3,3630
1150606,3,3552
30031191,3,3510
1168107,3,3492
1162823,3,3480
1153228,3,3326
1159820,3,3220
30033342,3,3216
1150629,3,3120
1156137,3,3060
30028986,3,2982
1153711,3,2961
30031881,3,2892
1153001,3,2864
30030347,3,2860
1158874,3,2760
1150309,3,2720
1156681,3,2644
4190129537,3,2640
1161102,3,2592
1168102,3,2592
1164070,3,2484
1150537,3,2424
1159996,3,2420
1151764,3,2400
4190133770,3,2352
1148770,3,2328
1154876,3,2304
30029396,3,2284
1167043,3,2236
1161124,3,2192
1163734,3,2160
1151539,3,2160
1157736,3,2112
4190130321,3,2088
1157013,3,2052
1150126,3,2036
4190130573,3,2010
1156243,3,2000
1158333,3,1986
4190126271,3,1980
4190135957,3,1944
1161192,3,1920
4190131702,3,1872
1151489,3,1800
1149453,3,1800
1151488,3,1800
1150539,3,1800
4190129874,3,1760
1150614,3,1746
4190130079,3,1740
1152157,3,1734
1164018,3,1725
1164017,3,1725
1157558,3,1664
1148037,3,1644
1165698,3,1620
1152253,3,1608
1148798,3,1600
4190130148,3,1596
1152511,3,1584
1158439,3,1572
4190135961,3,1560
4190135959,3,1548
4190135960,3,1548
1152307,3,1504
30030034,3,1488
30030405,3,1488
30030033,3,1488
30030032,3,1488
30032928,3,1483
40034988,3,1474
30029361,3,1474
4190129291,3,1462
1155412,3,1460
1164011,3,1455
30030814,3,1450
1155470,3,1446
30030364,3,1444
1152373,3,1440
30029773,3,1440
1150540,3,1440
1150564,3,1432
1151553,3,1416
1155531,3,1415
1153103,3,1404
4190127968,3,1392
1150553,3,1332
1159853,3,1326
1155076,3,1308
1155101,3,1308
4190131824,3,1276
1156393,3,1268
1149464,3,1250
1164779,3,1250
40038796,3,1244
30032072,3,1244
1168194,3,1240
4190125552,3,1224
1150541,3,1200
1151546,3,1200
1154950,3,1176
1164633,3,1176
1153792,3,1172
4190134927,3,1160
1167216,3,1160
1166371,3,1159
1158971,3,1150
1156792,3,1150
1164049,3,1140
4190129634,3,1140
1168125,3,1140
1150543,3,1140
1162723,3,1121
1168286,3,1112
1153116,3,1110
1154132,3,1096
4190124965,3,1080
4190131807,3,1080
1159891,3,1072
4190127172,3,1064
30031884,3,1064
1155021,3,1056
1162397,3,1052
30031177,3,1044
1156308,3,1032
4190135359,3,1016
1150556,3,1010
4190123351,3,1000
30032925,3,995
4190131872,3,984
1164685,3,984
4190132062,3,970
1162275,3,970
1162276,3,970
4190135371,3,960
4190127560,3,960
1148358,3,956
4190127892,3,938
1154051,3,924
4190138035,3,912
4190135151,3,912
1149116,3,908
1150542,3,900
1151437,3,900
1152204,3,900
1154806,3,900
30031160,3,888
40037308,3,888
1151541,3,860
1148078,3,860
4190135161,3,860
4190130663,3,852
40039045,3,828
1164859,3,828
4190131527,3,826
1162277,3,825
4190130516,3,820
1157697,3,805
4190123461,3,804
1164499,3,798
1163933,3,792
1163922,3,792
4190122139,3,780
1153309,3,775
4190128861,3,768
1156208,3,760
1164558,3,760
1155604,3,760
4190130462,3,756
30031962,3,756
1161145,3,756
4190130665,3,756
1158225,3,746
4190126455,3,744
4190133498,3,744
1149414,3,740
30028939,3,733
4190124606,3,732
4190129567,3,732
4190129610,3,720
1164071,3,720
4190124022,3,720
4190138852,3,720
1153227,3,706
1165658,3,703
1155447,3,696
30032200,3,684
40038790,3,684
1165731,3,680
4190131158,3,660
1164073,3,660
1152114,3,642
1152643,3,638
4190125433,3,636
1164178,3,630
1159992,3,625
30030907,3,624
1153188,3,624
40039497,3,622
30033310,3,622
4190135221,3,620
1150100,3,616
1156288,3,602
1151169,3,600
4190135958,3,600
1154421,3,600
1153885,3,600
4190138190,3,600
1162405,3,586
1146522,3,582
1154243,3,582
1161215,3,578
4190129739,3,576
1156193,3,576
1146535,3,571
1159897,3,570
1148121,3,564
1149528,3,560
30032121,3,550
1157543,3,550
30031640,3,550
40037807,3,550
1159917,3,546
4190128600,3,540
1156166,3,540
1164076,3,540
4190135581,3,536
4190134038,3,536
1154887,3,534
4190135956,3,528
1167186,3,516
4190137943,3,516
1152254,3,516
1149211,3,508
4190135953,3,508
1156744,3,506
1154948,3,500
4190135393,3,498
4190125076,3,494
4190127130,3,492
1154854,3,492
4190130535,3,486
40039044,3,480
1158931,3,468
30032023,3,468
1162480,3,468
4190135259,3,466
1163876,3,460
4190128719,3,460
4190138346,3,459
30030617,3,456
1148133,3,450
1164871,3,450
4190131948,3,444
1163712,3,440
30032388,3,440
1150325,3,435
4190130224,3,432
4190138730,3,432
4190131542,3,425
4190132092,3,420
30031420,3,420
1164475,3,416
4190135068,3,411
1166394,3,410
4190131453,3,409
4190139904,3,408
4190129547,3,408
30030970,3,408
1149262,3,408
1158422,3,400
4190135684,3,400
4190135963,3,396
4190135962,3,396
1153048,3,396
4190132501,3,396
4190125569,3,390
1156981,3,384
4190130839,3,384
30032382,3,380
1163707,3,380
1158459,3,380
4190126957,3,380
30033558,3,380
30032362,3,378
1163683,3,378
4190124595,3,375
1156765,3,374
1155506,3,372
30030549,3,372
1158324,3,372
1153168,3,368
30032429,3,360
4190125381,3,360
1167147,3,360
1155566,3,360
1158300,3,360
1164072,3,360
30030681,3,360
1157512,3,360
1163837,3,358
1154823,3,348
1162976,3,348
30032281,3,348
30031176,3,345
1155022,3,342
4190129961,3,342
30031008,3,340
4190132528,3,340
4190131546,3,340
1150131,3,339
4190125065,3,336
4190129443,3,336
4190135552,3,336
30030983,3,331
1157593,3,330
4190133003,3,330
4190125669,3,330
1152948,3,326
30030694,3,325
1159833,3,324
1152950,3,324
1154049,3,324
4190127697,3,320
4190130540,3,320
30030615,3,320
1150297,3,320
1152329,3,314
1156366,3,313
1164982,3,312
1160009,3,310
1156746,3,309
1162414,3,307
1165595,3,306
1150278,3,305
4190128931,3,300
1153278,3,300
1149315,3,300
1168113,3,300
30030791,3,300
4190137876,3,300
4190127324,3,300
1154930,3,300
1155709,3,300
30032282,3,298
1162977,3,298
1159199,3,296
4190129936,3,292
4190132310,3,290
1158958,3,288
4190136065,3,288
1159160,3,288
30032680,3,285
4190124278,3,284
1159961,3,284
1155008,3,282
4190134309,3,281
1156354,3,280
4190124719,3,280
1157430,3,277
1150133,3,276
30032519,3,276
4190129180,3,276
30029296,3,274
1162439,3,273
4190124572,3,272
1160029,3,270
4190124352,3,266
4190125586,3,264
1158364,3,262
4190135470,3,262
1168173,3,260
1148016,3,260
40037803,3,260
30031611,3,260
1153098,3,260
4190125825,3,260
4190135911,3,260
1168195,3,252
30030339,3,251
1155624,3,249
1151890,3,248
4190134684,3,248
4190125697,3,248
40035414,3,248
1168012,3,243
40039325,3,241
4190127407,3,240
4190135396,3,240
1161419,3,240
4190128914,3,240
1158234,3,240
1154286,3,240
1156220,3,240
1148122,3,240
4190134347,3,240
1162441,3,236
4190130449,3,234
4190134619,3,234
4190132172,3,230
1149402,3,230
1159020,3,228
1148649,3,228
1150075,3,228
4190132588,3,228
1148132,3,228
1161287,3,228
1162488,3,228
1112754,3,224
1161305,3,224
4190139807,3,222
1152988,3,222
4190139752,3,222
4190128013,3,220
1164152,3,220
4190131586,3,218
4190127114,3,216
4190125254,3,216
1157709,3,216
4190131133,3,216
1156293,3,216
4190126958,3,216
30031445,3,216
1161402,3,216
4190129687,3,216
1157945,3,215
1166639,3,213
4190134508,3,212
4190133723,3,212
1152237,3,208
4190129525,3,206
1155438,3,204
30029763,3,204
4190131355,3,204
1159932,3,204
4190124474,3,204
1149521,3,204
40035461,3,204
4190128741,3,200
4190124950,3,200
1161153,3,200
4190124809,3,200
4190126232,3,200
30032208,3,198
30032954,3,195
4190127325,3,192
30032434,3,192
4190135954,3,192
1164597,3,192
1158239,3,192
30032431,3,192
1149400,3,192
1159313,3,190
4190136772,3,190
1155477,3,189
1149451,3,187
1160027,3,184
1164246,3,184
1148717,3,181
4190129425,3,180
1159076,3,180
1162226,3,180
4190125667,3,180
1155083,3,180
4190130340,3,180
1164075,3,180
30029120,3,180
1159090,3,180
30032006,3,180
4190130143,3,180
1164074,3,180
4190129183,3,177
4190130351,3,176
1156123,3,174
4190127670,3,174
4190129699,3,174
1154824,3,174
1155690,3,170
40038939,3,168
1152251,3,168
4190129832,3,168
30032467,3,168
1155614,3,168
1154114,3,168
1156973,3,168
1153045,3,168
1163778,3,168
1156399,3,168
30031446,3,168
4190131293,3,168
4190130981,3,168
40034478,3,166
4190131033,3,166
30028918,3,166
4190130742,3,166
30031419,3,166
1148660,3,164
40035413,3,163
1159980,3,162
4190130644,3,162
4190129935,3,160
30029215,3,160
4190139898,3,160
4190129042,3,160
4190136163,3,158
1148647,3,156
4190134601,3,156
1152346,3,156
1148160,3,156
4190129639,3,156
1158371,3,155
1153204,3,152
1153728,3,150
1157513,3,150
1153011,3,150
30030265,3,150
1151112,3,148
1159868,3,147
40039862,3,146
1163821,3,144
30031718,3,144
30032631,3,144
4190123447,3,144
1156131,3,144
30029293,3,144
4190138114,3,144
4190124157,3,144
4190128455,3,142
4190131209,3,142
30033123,3,141
1159229,3,140
30031309,3,140
1148011,3,140
30029804,3,140
4190128584,3,138
4190135767,3,138
4190125358,3,136
1164129,3,136
4190127030,3,135
4190125294,3,134
30032855,3,132
30033198,3,132
30030541,3,132
4190132381,3,132
1165828,3,132
1163784,3,132
1159983,3,132
30031639,3,132
40039051,3,132
4190132750,3,132
40037804,3,132
4190130782,3,132
1160041,3,130
1151292,3,128
30033163,3,127
1154076,3,126
1163935,3,126
30030686,3,126
1152183,3,124
4190131467,3,124
4190125064,3,124
1164746,3,123
1159841,3,123
4190125039,3,122
4190133910,3,120
40035417,3,120
4190134802,3,120
4190129928,3,120
1157936,3,120
4190131520,3,120
4190138843,3,120
30033153,3,120
4190130292,3,120
4190130928,3,120
30033737,3,119
4190134150,3,118
1152993,3,118
1149405,3,116
4190130334,3,116
30030124,3,115
1148018,3,114
30029053,3,114
30029967,3,114
30028861,3,114
1157566,3,113
4190138362,3,112
4190133929,3,112
30032878,3,112
4190135418,3,112
1156389,3,110
1156390,3,110
1156392,3,110
1156388,3,110
4190131174,3,110
1156379,3,110
1149475,3,108
1150249,3,108
1159824,3,108
1166428,3,108
1115934,3,108
40035578,3,108
30029800,3,108
4190122571,3,108
1167093,3,108
1162468,3,108
4190131153,3,107
4190126251,3,106
4190132605,3,106
1151427,3,106
30032296,3,106
4190139486,3,105
1166451,3,105
4190124733,3,104
30033151,3,104
4190129941,3,104
4190133346,3,104
4190132795,3,104
30030343,3,102
4190136139,3,100
30029252,3,100
4190124420,3,100
1151152,3,100
4190131405,3,100
1153247,3,100
4190129707,3,99
1147567,3,98
1157269,3,97
4190135488,3,97
1154047,3,96
1154093,3,96
30029443,3,96
4190130004,3,96
4190124936,3,96
1154810,3,96
4190130181,3,96
4190134916,3,96
1164636,3,96
30030542,3,96
1156943,3,96
30032315,3,96
1156324,3,96
4190124749,3,96
1155586,3,95
4190131521,3,95
30031281,3,94
1154274,3,94
4190130125,3,93
4190128749,3,92
4190130798,3,92
1167577,3,90
4190132520,3,90
1148082,3,90
4190131572,3,90
30029615,3,88
4190133773,3,88
4190133907,3,88
30029017,3,88
30029954,3,88
40039952,3,88
1159952,3,88
4190129551,3,86
4190133151,3,86
30029324,3,86
4190126435,3,86
1159934,3,85
4190131590,3,84
4190135566,3,84
4190139414,3,84
1158558,3,84
4190135773,3,84
4190132673,3,84
4190131140,3,84
1156679,3,84
30033084,3,84
4190133046,3,84
1156739,3,84
1154292,3,83
4190130245,3,82
4190130333,3,82
4190137880,3,82
4190134241,3,82
1148837,3,80
1154179,3,80
4190133977,3,80
30029641,3,80
4190131256,3,80
4190132734,3,80
1156777,3,80
30030578,3,80
4190126772,3,80
1164670,3,80
30033202,3,80
1146513,3,80
30029961,3,78
4190131177,3,78
1153182,3,78
40038337,3,78
1153387,3,78
4190132870,3,78
4190133435,3,78
30032046,3,78
30029955,3,76
30029962,3,76
1161230,3,75
4190131943,3,75
4190131371,3,73
1157705,3,72
1168147,3,72
1166691,3,72
1157537,3,72
1154435,3,72
1158228,3,72
30033311,3,72
1162349,3,72
1156696,3,72
1154999,3,72
30028970,3,72
4190130304,3,72
40039496,3,72
30032723,3,72
1164175,3,72
4190138776,3,72
1159102,3,71
4190133746,3,70
4190134059,3,70
1166521,3,70
30029964,3,70
1165682,3,69
30033196,3,68
30029585,3,68
4190135366,3,68
4190133057,3,68
1107492,3,68
4190130946,3,68
4190131517,3,67
4190135725,3,66
4190121857,3,66
30031101,3,66
4190130298,3,66
4190130745,3,66
4190124784,3,66
4190129627,3,66
30032055,3,66
4190130262,3,66
4190131932,3,66
1158289,3,65
30033186,3,64
1162212,3,63
4190134156,3,63
1153183,3,63
4190126671,3,62
4190131393,3,62
4190129433,3,62
4190130737,3,62
4190134938,3,61
4190134384,3,61
4190127230,3,60
4190121887,3,60
40039494,3,60
30029018,3,60
1168177,3,60
4190134153,3,60
4190125428,3,60
30029151,3,60
4190126910,3,60
30033813,3,60
30032166,3,60
4190138884,3,60
4190134828,3,60
30033272,3,60
4190131853,3,60
4190130672,3,60
1154053,3,60
30033309,3,60
4190130428,3,60
30033130,3,58
30029799,3,58
4190134202,3,58
40035560,3,58
30033282,3,58
4190131328,3,58
30029960,3,58
30032659,3,58
1156697,3,57
4190130866,3,57
30029300,3,56
4190140051,3,56
4190127128,3,56
1166400,3,56
30029959,3,56
4190132116,3,56
4190130310,3,56
30033203,3,56
30031041,3,55
1156274,3,55
1153884,3,54
1146438,3,54
1166652,3,54
4190133603,3,54
4190130786,3,54
4190123527,3,54
30032587,3,54
30032050,3,54
4190125093,3,54
1156378,3,54
4190125532,3,54
4190131192,3,54
30032724,3,54
40038338,3,54
4190129250,3,53
1107644,3,52
1156140,3,52
4190135311,3,52
4190123573,3,52
4190126914,3,52
30029888,3,51
30031224,3,50
4190138844,3,50
1157532,3,50
4190123492,3,50
4190139258,3,49
4190133188,3,49
1146497,3,49
30032007,3,49
1157037,3,49
1165548,3,49
4190131541,3,49
30031347,3,48
4190132465,3,48
30032450,3,48
4190135787,3,48
4190124042,3,48
1157948,3,48
4190125916,3,48
4190133821,3,48
40037499,3,48
30031105,3,48
4190131340,3,48
40036500,3,48
4190130116,3,48
30030452,3,48
4190133625,3,48
4190135601,3,48
4190134067,3,48
1148853,3,48
1148769,3,48
40039724,3,48
30032722,3,48
4190132817,3,48
4190134506,3,48
30031213,3,48
30033217,3,48
30029963,3,48
1164012,3,48
4190131551,3,48
30029556,3,47
4190122328,3,46
4190123710,3,46
4190132615,3,46
30033264,3,46
1152846,3,46
4190122182,3,46
4190133771,3,46
30030171,3,45
4190133643,3,45
4190125498,3,45
40036059,3,45
4190133733,3,44
4190129391,3,44
40039859,3,44
30033148,3,44
30030406,3,44
30029946,3,44
4190130240,3,44
4190129933,3,42
1156975,3,42
4190133559,3,42
1148765,3,42
4190134503,3,42
1157988,3,42
4190129612,3,42
4190127585,3,42
4190125024,3,42
4190132211,3,42
4190132629,3,42
30032852,3,42
1157534,3,42
4190132008,3,40
30031572,3,40
30030112,3,40
4190133814,3,40
4190124228,3,40
1159922,3,39
30032919,3,39
4190134571,3,39
1154988,3,39
4190122438,3,38
30031961,3,38
4190134457,3,38
4190131031,3,38
30029859,3,37
4190134000,3,37
4190133416,3,37
40037625,3,37
4190133886,3,37
30031541,3,37
1156954,3,36
4190130296,3,36
30033100,3,36
4190130457,3,36
4190129615,3,36
4190123664,3,36
30029784,3,36
4190133483,3,36
1149971,3,36
4190129332,3,36
4190132453,3,36
1157404,3,36
4190132272,3,36
4190134084,3,36
4190133641,3,36
4190132366,3,36
1114834,3,36
30030732,3,36
4190130582,3,36
40039306,3,36
30032589,3,36
1160042,3,36
30033259,3,36
40035573,3,36
4190129153,3,36
40035481,3,36
1156118,3,36
1166567,3,36
4190133514,3,36
4190134201,3,36
4190123497,3,36
30031230,3,36
30031620,3,36
40036841,3,36
4190125993,3,36
4190122411,3,36
4190122403,3,36
30032454,3,36
4190130948,3,36
30033127,3,36
4190131881,3,36
30029837,3,36
4190132466,3,36
4190121952,3,36
30029879,3,36
4190131077,3,36
4190122418,3,36
30032080,3,36
4190122045,3,35
30030301,3,35
30029966,3,34
40034810,3,34
4190131566,3,34
30030244,3,34
30031637,3,34
4190132018,3,34
30029223,3,34
30028956,3,34
30029965,3,34
1148707,3,34
4190133585,3,34
4190135198,3,33
1157300,3,33
1155568,3,33
4190134275,3,33
40039304,3,33
40039927,3,33
4190132489,3,32
30031820,3,32
30028997,3,32
4190124273,3,32
30033216,3,32
4190134339,3,32
1162508,3,32
4190133181,3,32
4190132508,3,32
4190123732,3,32
30033120,3,32
4190126832,3,32
4190134266,3,32
40038046,3,32
4190132214,3,30
1157535,3,30
4190134937,3,30
30033212,3,30
30031644,3,30
4190133230,3,30
30033179,3,30
30031227,3,30
4190135555,3,30
4190131935,3,30
4190134868,3,30
30031859,3,30
1157466,3,30
1166470,3,30
4190129786,3,30
1156205,3,30
1157005,3,30
4190134318,3,30
4190132145,3,30
1149318,3,30
30030621,3,30
4190129020,3,30
30032902,3,30
30031097,3,30
30033161,3,30
1157665,3,30
1157577,3,29
1146441,3,29
4190129695,3,28
30031218,3,28
30029226,3,28
1166473,3,28
4190129738,3,28
4190134305,3,28
1164755,3,28
4190134151,3,28
40034813,3,28
4190131188,3,28
4190131894,3,28
4190130146,3,27
1164168,3,27
4190128788,3,27
4190128936,3,27
30033214,3,27
30033092,3,27
30029106,3,26
40037218,3,26
30033224,3,26
4190133244,3,26
1166676,3,26
30031078,3,26
30032164,3,26
30031306,3,26
4190132998,3,26
4190133844,3,26
1164166,3,26
4190126485,3,26
40037485,3,26
1149969,3,26
30032053,3,25
1112238,3,24
4190122025,3,24
4190134558,3,24
4190126014,3,24
4190134195,3,24
4190133667,3,24
1154864,3,24
4190123833,3,23
30032505,3,22
4190123619,3,22
30030751,3,22
40036834,3,22
30029326,3,22
4190121937,3,22
30033136,3,22
1154398,3,22
40035832,3,21
4190123761,3,21
30030944,3,21
4190131611,3,21
40037043,3,21
30030126,3,21
1149993,3,20
30032057,3,20
30029386,3,20
4190133282,3,20
4190135917,3,20
4190131925,3,19
4190123545,3,18
4190138793,3,18
1157720,3,18
4190123512,3,18
40039864,3,18
4190122108,3,18
1148014,3,18
4190134932,3,18
4190128737,3,18
30032170,3,18
4190123635,3,18
4190132084,3,18
40034410,3,18
4190134255,3,18
4190123574,3,18
4190122392,3,18
4190135179,3,18
4190122402,3,18
4190133009,3,17
4190134100,3,17
30029533,3,16
30029275,3,16
40037491,3,16
30031317,3,16
4190132282,3,16
1107658,3,16
1152369,3,15
30030725,3,14
30030963,3,14
40036828,3,14
4190131273,3,14
40037117,3,14
1159975,3,14
4190123614,3,13
40034629,3,13
30029081,3,13
30030145,3,12
30031585,3,12
4190134376,3,12
1151839,3,12
40036098,3,12
30030334,3,12
30029266,3,9
30031409,3,9
1114747,3,8
1107468,3,8
40037489,3,6
40037420,3,6
1108884,3,6
30031285,3,6
1114559,3,6
30031315,3,6
40036462,3,5
30030380,3,5
30030558,3,5
40037122,3,3
30032762,3,3
30032764,3,3
30030968,3,3
30032147,3,3
30029182,4,96000
30030758,4,66560
1148683,4,43000
1153935,4,40923
1156795,4,28300
1159319,4,25000
30030780,4,24300
4190128075,4,22600
1153090,4,22344
1149386,4,21000
4190134423,4,18900
1152170,4,15360
1164108,4,13440
1162289,4,13416
1156153,4,13014
1162494,4,12540
1151428,4,12420
1162740,4,12240
4190130401,4,12000
1162288,4,11855
30031983,4,11820
1148677,4,11440
4190130564,4,11100
4190135964,4,10896
1161284,4,10156
1163800,4,10046
1148722,4,9928
1159906,4,9490
30030117,4,9219
1158347,4,9180
30028931,4,9000
1154825,4,8660
1162973,4,7680
1148978,4,7672
1148087,4,7516
1165679,4,7500
1158232,4,6515
1154324,4,6447
1159007,4,6438
1160347,4,6336
1152347,4,5720
1164040,4,5480
4190127853,4,5288
1157723,4,5003
1154857,4,4934
1156989,4,4880
1156334,4,4845
1162418,4,4836
1167339,4,4786
1165776,4,4532
30029384,4,4488
1156742,4,4346
1162246,4,4296
1156810,4,4284
1154458,4,4264
1162270,4,4260
30030855,4,4224
1160372,4,4148
1155546,4,4116
1151127,4,4106
1166399,4,4044
4190125610,4,3880
1152295,4,3840
1156387,4,3574
4190129130,4,3480
1151545,4,3372
1154109,4,3180
1164551,4,3072
4190127279,4,2980
4190133817,4,2956
4190125805,4,2904
1153061,4,2712
1164068,4,2700
1150538,4,2680
1150119,4,2640
1150608,4,2640
4190131917,4,2640
4190129632,4,2472
1164044,4,2361
4190130752,4,2318
30031003,4,2304
1156307,4,2288
1163962,4,2240
1157741,4,2212
1151490,4,2200
30029030,4,2168
1148777,4,2150
1148090,4,2148
4190128774,4,2020
4190140107,4,1956
4190125003,4,1900
1151582,4,1848
4190124798,4,1830
30030861,4,1822
4190138447,4,1776
4190131961,4,1752
1155554,4,1746
1161236,4,1716
1148859,4,1684
1150535,4,1680
4190137934,4,1678
1161235,4,1608
1147918,4,1600
4190129269,4,1580
1149307,4,1560
1154025,4,1542
1155061,4,1516
1151491,4,1480
1156359,4,1448
1164861,4,1444
30031021,4,1444
4190125191,4,1440
4190133824,4,1440
4190127911,4,1436
4190129460,4,1424
1154883,4,1398
4190130503,4,1398
1161238,4,1392
1167141,4,1386
4190125940,4,1380
1165712,4,1350
1164069,4,1340
4190125894,4,1336
1153124,4,1336
1164826,4,1323
1156753,4,1320
4190124414,4,1316
4190124279,4,1316
30029146,4,1316
1154158,4,1288
4190127087,4,1282
4190132796,4,1270
4190138601,4,1245
4190124975,4,1230
4190132471,4,1228
4190132193,4,1224
1163826,4,1212
1149411,4,1200
4190127480,4,1188
1149001,4,1152
1149510,4,1112
4190134875,4,1100
1159981,4,1090
4190128432,4,1080
4190138141,4,1052
1151401,4,1048
1164504,4,1020
1152343,4,980
4190127337,4,965
1151493,4,960
4190129672,4,960
1151494,4,960
1151492,4,960
1150682,4,940
1166648,4,936
4190130434,4,920
1155841,4,920
1154113,4,914
1149784,4,912
4190129748,4,909
1156687,4,909
1148013,4,900
1162389,4,888
1158316,4,882
1155529,4,855
1157701,4,840
1156721,4,840
4190139503,4,836
1163987,4,828
1154082,4,818
1156329,4,816
40036070,4,816
30030150,4,816
4190133634,4,798
4190136105,4,792
1156302,4,786
4190127240,4,780
1158873,4,780
1156396,4,774
4190133342,4,774
1146382,4,759
4190131667,4,752
1157448,4,750
1163967,4,740
1163961,4,732
30031113,4,720
4190130598,4,720
4190131385,4,712
4190129255,4,708
4190125429,4,696
4190129809,4,692
1159231,4,680
30030816,4,678
1165593,4,673
4190139613,4,663
4190135951,4,658
4190135952,4,648
4190131821,4,648
1152223,4,644
4190131444,4,642
1156694,4,639
30031199,4,630
1162318,4,624
4190135264,4,620
1154376,4,618
1162493,4,612
4190130997,4,608
40039311,4,600
30030807,4,600
4190135955,4,598
1157700,4,595
1149325,4,594
1154239,4,588
4190131421,4,580
4190130375,4,576
1157680,4,570
4190137920,4,568
4190140048,4,566
1165561,4,564
30029006,4,556
1154816,4,540
1149394,4,540
1156369,4,538
1149285,4,536
1154422,4,534
1163715,4,520
1149259,4,520
30032392,4,520
1155582,4,516
1164983,4,514
4190128723,4,512
1165346,4,510
1149348,4,504
4190133260,4,494
1155123,4,492
4190130384,4,489
4190129272,4,488
4190125015,4,486
4190134971,4,480
1157400,4,480
4190134026,4,476
4190131289,4,476
1166479,4,471
30031661,4,468
30031496,4,464
4190128182,4,460
1153647,4,456
1155401,4,452
1158319,4,444
4190129631,4,440
1154190,4,434
4190130361,4,432
4190139617,4,432
1154565,4,432
4190131715,4,432
4190133276,4,432
1154385,4,428
30028856,4,426
4190124468,4,426
30031308,4,422
1157052,4,422
4190139461,4,421
1167280,4,420
1163782,4,420
4190126894,4,412
1110573,4,410
1151192,4,408
4190132670,4,408
4190132137,4,408
1155108,4,408
4190133366,4,408
1164720,4,405
4190138327,4,400
4190124276,4,400
1161133,4,400
1157600,4,396
4190130510,4,396
4190125767,4,393
1148805,4,392
4190124840,4,392
30032847,4,384
1152368,4,380
1155346,4,373
4190134532,4,370
4190127590,4,368
1163964,4,364
1159849,4,360
4190133079,4,360
1152290,4,356
4190129257,4,356
1150078,4,348
4190126530,4,344
1158991,4,344
1156888,4,336
1162390,4,336
4190131203,4,336
4190136072,4,334
40037598,4,333
30031512,4,333
4190132655,4,331
1162492,4,330
30033103,4,324
4190129258,4,320
4190124342,4,318
30029949,4,316
4190130713,4,314
30033104,4,313
1150554,4,312
4190124589,4,309
1152382,4,306
1162417,4,306
4190124325,4,306
1164812,4,304
30032891,4,302
4190128337,4,300
4190126445,4,300
1155090,4,300
4190130637,4,300
30030819,4,295
4190134276,4,294
30029950,4,294
4190134282,4,294
1164064,4,289
1166788,4,288
1156151,4,288
4190133195,4,286
4190130149,4,285
1153028,4,284
4190132163,4,280
4190132659,4,276
1163797,4,275
1162437,4,268
4190121865,4,264
1167310,4,264
1148855,4,264
4190127367,4,264
4190139043,4,261
30029945,4,260
4190138337,4,259
4190126497,4,252
4190130845,4,249
4190131026,4,246
4190136160,4,246
4190131398,4,246
4190135041,4,244
4190136112,4,243
4190136041,4,240
1154150,4,240
30031334,4,240
1154952,4,240
1167173,4,240
4190127426,4,240
1148823,4,240
1163783,4,240
4190130909,4,240
1156873,4,240
1152939,4,239
4190133324,4,238
1164247,4,236
30028988,4,236
1151297,4,236
1156878,4,234
1156900,4,232
1159294,4,232
1168182,4,232
4190126806,4,230
1166398,4,230
4190134993,4,228
1149309,4,228
4190135781,4,228
4190126256,4,224
4190129787,4,224
4190124993,4,224
1159971,4,222
4190132776,4,222
4190126353,4,220
1149271,4,220
1168288,4,219
4190130858,4,218
4190133878,4,216
4190129781,4,216
4190135871,4,216
4190130350,4,216
1156121,4,214
30029348,4,213
1150137,4,213
1152154,4,213
1151149,4,210
4190139064,4,210
1164966,4,210
1165343,4,208
4190139646,4,207
4190127688,4,206
1148858,4,204
4190128594,4,204
1158344,4,202
4190125523,4,201
1151220,4,200
4190135133,4,200
1154112,4,200
4190131000,4,200
4190140177,4,200
4190139377,4,200
4190130652,4,192
1159021,4,192
4190130309,4,192
1163738,4,192
1166546,4,188
1156275,4,188
1153290,4,186
4190135502,4,184
1159930,4,184
4190131110,4,183
4190131909,4,181
1152964,4,181
1159134,4,180
30029322,4,180
1154283,4,180
1154172,4,180
1153185,4,180
4190126983,4,180
1166515,4,175
4190124655,4,174
1164502,4,172
4190132683,4,172
1158249,4,171
1164620,4,170
1154343,4,170
4190131711,4,170
1155460,4,170
4190132815,4,168
30029956,4,168
1154298,4,168
1163780,4,164
4190123444,4,162
30032386,4,160
4190134022,4,160
1163711,4,160
30032022,4,159
4190123755,4,158
30029957,4,156
4190130494,4,156
30030341,4,156
4190134793,4,156
30029948,4,156
1164234,4,156
1168292,4,156
4190131193,4,156
4190130958,4,153
4190128543,4,150
1168265,4,150
4190126451,4,149
1164644,4,148
4190131535,4,148
4190125363,4,148
4190132504,4,147
4190130577,4,146
1158982,4,146
4190134809,4,144
1153146,4,144
1157750,4,144
4190130621,4,144
4190137881,4,144
30032428,4,144
4190126830,4,142
4190129613,4,142
4190129428,4,140
1157414,4,140
1152077,4,140
4190135026,4,140
1166426,4,140
1166069,4,138
1160051,4,138
4190134807,4,138
4190134146,4,136
1150102,4,136
1112268,4,136
4190126467,4,136
4190128726,4,136
4190130330,4,134
4190130854,4,133
1154808,4,132
4190135521,4,132
1157396,4,132
4190133466,4,132
4190134039,4,132
4190127692,4,132
1168175,4,130
4190124882,4,130
1159137,4,130
4190130899,4,128
30032176,4,128
4190130780,4,127
4190140117,4,127
30031166,4,126
4190131101,4,126
4190126108,4,126
4190127950,4,126
4190125704,4,123
4190138244,4,122
4190125044,4,120
4190125296,4,120
4190126637,4,120
30030071,4,120
1162490,4,120
4190129846,4,119
4190130043,4,118
1166574,4,118
30029877,4,117
40039299,4,116
4190128126,4,114
30029363,4,114
1157480,4,112
4190133197,4,108
40040102,4,108
1166608,4,108
4190131811,4,108
30033872,4,108
1154223,4,108
1155601,4,108
4190133138,4,108
1158244,4,108
1167111,4,106
4190130933,4,106
1166480,4,105
4190133545,4,104
4190135825,4,104
1167297,4,104
1155048,4,104
4190133382,4,104
4190129682,4,102
4190129572,4,102
4190139348,4,102
4190131474,4,100
1161229,4,100
4190135368,4,98
4190134090,4,98
4190134194,4,98
4190129863,4,97
4190132625,4,96
4190128784,4,96
4190130907,4,96
4190134167,4,96
4190127136,4,96
4190130934,4,96
4190125965,4,96
1159974,4,96
4190130935,4,96
1162499,4,96
4190133213,4,95
1167086,4,94
1154415,4,94
1155525,4,94
4190126608,4,93
1153071,4,92
4190123340,4,92
4190129448,4,91
4190133463,4,90
1158320,4,90
4190124684,4,90
4190129673,4,90
1159031,4,88
4190131226,4,88
1151366,4,87
1157031,4,87
4190124241,4,86
1156748,4,86
4190132472,4,86
1152438,4,85
30033211,4,85
4190135433,4,84
1159012,4,84
30030975,4,84
1162424,4,84
4190129274,4,84
1162422,4,84
1150282,4,84
4190125438,4,84
1162423,4,84
1166395,4,84
4190124116,4,84
1149310,4,81
1157687,4,80
4190135758,4,80
4190134330,4,80
30031197,4,80
40037416,4,80
1154796,4,79
4190134005,4,78
4190132571,4,78
30033213,4,78
4190130460,4,77
4190131759,4,76
4190128564,4,76
1149964,4,76
1167255,4,76
1159927,4,76
1157659,4,76
4190132663,4,75
4190132166,4,75
1153265,4,74
1156446,4,74
1157947,4,74
30031429,4,74
4190124519,4,74
4190132037,4,74
4190129498,4,73
4190133855,4,72
4190133745,4,72
4190124250,4,72
4190129540,4,72
4190131337,4,72
1159068,4,72
4190132741,4,72
30032423,4,72
4190131885,4,71
30029951,4,70
4190131603,4,70
4190139709,4,70
4190123566,4,70
4190135472,4,70
1156906,4,69
1153210,4,69
30030188,4,68
30032581,4,68
1167242,4,68
30029264,4,67
4190124959,4,67
1164214,4,66
4190129502,4,66
4190121906,4,66
4190129797,4,66
1164196,4,64
30029298,4,64
4190125443,4,64
4190131034,4,64
4190125628,4,64
1167153,4,64
4190134311,4,63
4190122301,4,63
1157443,4,63
4190134080,4,63
1167097,4,63
30029626,4,62
4190132013,4,62
1161247,4,60
4190125503,4,60
1158426,4,60
30033273,4,60
30029901,4,60
4190131776,4,60
4190127544,4,60
4190134015,4,59
1156956,4,59
4190134332,4,59
1161103,4,58
4190128925,4,58
4190124598,4,58
1156318,4,58
1164195,4,58
4190130813,4,57
4190130352,4,57
1153642,4,57
4190139670,4,56
30029172,4,56
4190133590,4,56
4190125876,4,56
4190131249,4,54
4190130031,4,54
4190130204,4,54
4190138933,4,54
4190131526,4,54
1156342,4,54
30033066,4,54
4190129373,4,54
4190122389,4,54
4190131920,4,54
4190129845,4,54
1154046,4,53
4190125188,4,53
4190134882,4,52
4190124048,4,52
4190132502,4,52
4190128972,4,52
40035644,4,51
40035570,4,51
30029840,4,51
30029937,4,51
1157525,4,51
4190130892,4,50
4190133160,4,50
4190132763,4,48
4190128927,4,48
4190134033,4,48
40035183,4,48
1162234,4,48
4190134546,4,48
4190127599,4,48
4190130511,4,48
4190136054,4,48
1164716,4,48
4190123642,4,48
30030616,4,48
4190134847,4,48
30029511,4,48
4190129018,4,48
4190139068,4,48
4190124846,4,48
4190138993,4,48
1152435,4,48
30033225,4,47
4190133706,4,46
4190127073,4,46
4190123636,4,46
30029555,4,46
1161414,4,46
30033268,4,46
4190134544,4,46
4190132280,4,46
4190126480,4,44
1154570,4,42
4190132647,4,42
4190134231,4,42
40034631,4,42
4190131969,4,42
30029083,4,42
4190122384,4,42
4190134128,4,42
1149523,4,42
4190132276,4,42
4190125861,4,42
4190123837,4,42
4190135423,4,42
1159087,4,42
4190135426,4,42
4190135074,4,42
1157578,4,41
4190133595,4,41
4190133896,4,41
1112234,4,40
1151201,4,40
4190132526,4,40
1161685,4,40
30031571,4,40
1165708,4,40
4190131216,4,40
1165832,4,40
4190131065,4,39
4190123525,4,39
4190122399,4,38
4190133650,4,38
4190126255,4,38
30032676,4,38
1156344,4,37
4190132492,4,36
4190131644,4,36
4190132422,4,36
30031578,4,36
1155621,4,36
1158298,4,36
4190127547,4,36
30031581,4,36
1157006,4,36
1116063,4,36
4190134152,4,36
1157960,4,36
1158955,4,36
30031104,4,35
1156730,4,35
1156736,4,35
1156731,4,35
1156733,4,35
4190124502,4,34
4190124501,4,34
30032498,4,34
4190134485,4,34
4190132842,4,34
4190125050,4,34
4190131599,4,33
30033200,4,33
4190133993,4,33
4190134164,4,32
4190134832,4,32
1155423,4,32
1154338,4,32
4190134246,4,32
4190135458,4,32
4190122407,4,30
1165831,4,30
1156732,4,30
1157461,4,30
1156735,4,30
4190123538,4,30
1156734,4,30
4190131604,4,30
4190122311,4,29
4190131254,4,28
1164088,4,28
1146492,4,26
1152166,4,26
4190136004,4,26
1105867,4,24
4190122405,4,24
4190126292,4,24
30032265,4,24
4190126438,4,24
1112829,4,24
4190138937,4,22
4190122340,4,22
1162221,4,21
30031677,4,21
1159882,4,21
40038726,4,20
4190129692,4,20
30031584,4,20
30032247,4,20
30030144,4,19
40035409,4,19
30032044,4,19
30029359,4,18
1157440,4,18
4190132078,4,17
1157485,4,16
30029109,4,16
40035416,4,15
30032860,4,13
40036457,4,13
30030439,4,13
40035408,4,10
1225060915,4,10
4190132480,4,8
40034623,4,8
30029075,4,8
1162717,4,8
1153000,4,4
40037627,4,4
30032624,4,4
1164098,4,4
30032221,4,4
30031722,4,4
1114631,4,4
40038034,4,4
30031529,4,4
1150910,4,0
1152041,4,0
1150002,4,0
1151072,4,0
1152039,4,0
1149707,4,0
1153591,4,0
1156566,4,0
1153779,4,0
1151073,4,0
1150780,4,0
1153967,4,0
1154497,4,0
1151814,4,0
1152040,4,0
1117471,4,0
1151986,4,0
1153834,4,0
1150921,4,0
1150920,4,0
1152000,4,0
1150926,4,0
1158187,4,0
1152854,4,0
1151929,4,0
1116043,4,0
1114607,4,0
1114809,4,0
1150909,4,0
1118058,4,0
1152071,4,0
1116058,4,0
1116190,4,0
1116060,4,0
1151936,4,0
1149553,4,0
1151974,4,0
1149728,4,0
1156405,4,0
1151004,4,0
1150791,4,0
1157799,4,0
1149204,5,120240
4190125681,5,57390
1149374,5,44216
4190128276,5,26880
4190127304,5,26209
1157546,5,26200
4190129897,5,24720
1148656,5,19224
30032448,5,19212
1163758,5,19212
1155822,5,18826
1157552,5,18730
1164705,5,18174
4190139917,5,17930
1166377,5,16680
1161232,5,16408
1151982,5,16224
30032401,5,14400
1151189,5,13645
1148760,5,13408
1155688,5,13071
1154120,5,12800
1152207,5,10620
1167362,5,9440
4190124416,5,8496
1156923,5,8364
1150300,5,8220
1159288,5,7680
1164092,5,6804
1161120,5,6742
1158276,5,6572
1156688,5,6240
1154069,5,6234
1156931,5,6164
1154068,5,5760
4190134393,5,5760
1167162,5,5676
4190128033,5,5290
1156862,5,5080
1152443,5,4912
1159080,5,4845
30031652,5,4599
30029004,5,4578
1160097,5,4500
1161516,5,4500
1164492,5,4400
4190135688,5,4180
30030856,5,4116
4190135578,5,4096
1153958,5,3840
4190138064,5,3280
1152692,5,3270
1148856,5,3270
1161273,5,3251
1151547,5,3172
1167581,5,3084
1156143,5,3080
4190126970,5,3024
1150599,5,2940
1150594,5,2928
1150584,5,2820
1161282,5,2666
1152481,5,2516
1150569,5,2472
1163811,5,2408
4190132054,5,2408
4190129316,5,2352
1155087,5,2322
4190129168,5,2280
1164005,5,2280
1157847,5,2220
1162231,5,2210
4190125576,5,2184
1154230,5,2160
1159275,5,2088
1161189,5,2080
4190129119,5,2040
1156938,5,2030
1154588,5,1940
1157462,5,1936
1150343,5,1920
4190125996,5,1896
4190131130,5,1884
4190131086,5,1873
4190138375,5,1872
1159924,5,1752
1165882,5,1672
4190129553,5,1656
30030853,5,1644
4190128896,5,1614
4190130774,5,1584
1152711,5,1574
1148635,5,1544
1163810,5,1515
1152942,5,1485
1163822,5,1461
1154973,5,1461
1151495,5,1460
4190124676,5,1428
1156811,5,1402
1149296,5,1396
30029475,5,1396
4190127217,5,1356
1165569,5,1332
1155593,5,1324
1149207,5,1320
1149263,5,1320
1150315,5,1313
4190139769,5,1260
1166484,5,1226
1153104,5,1224
4190138586,5,1200
4190134667,5,1192
4190133343,5,1189
4190125472,5,1140
4190138505,5,1134
1164477,5,1120
4190124341,5,1102
1163592,5,1100
1163690,5,1092
1163713,5,1060
4190131788,5,1060
30032389,5,1046
4190128754,5,1020
1154881,5,1020
1163680,5,1008
4190131263,5,1006
4190137908,5,997
1167205,5,984
1167298,5,984
1167217,5,984
1151416,5,976
4190127496,5,960
1161177,5,948
1154406,5,934
1154200,5,933
4190129768,5,912
1166649,5,909
4190124113,5,888
1166361,5,877
30030851,5,875
1154788,5,846
4190139863,5,840
4190130585,5,840
4190139167,5,828
4190129745,5,818
4190138156,5,816
4190124431,5,812
1161288,5,812
4190130961,5,812
4190127013,5,809
1164066,5,794
4190134854,5,792
1161511,5,780
4190127663,5,774
1154408,5,760
30032965,5,732
4190123327,5,720
4190139959,5,720
1163727,5,716
4190138067,5,708
1156336,5,700
1164067,5,698
4190126265,5,664
4190140073,5,656
1163549,5,652
1167281,5,642
1159085,5,636
1161141,5,636
1154088,5,624
1156911,5,621
30031045,5,621
1163565,5,612
1164063,5,608
4190131280,5,607
1163602,5,602
1163979,5,602
4190130158,5,600
1161206,5,600
4190128472,5,598
4190131020,5,596
1151234,5,582
1158224,5,581
4190134419,5,580
30032384,5,580
1163710,5,580
30032364,5,576
1163684,5,576
1160068,5,575
1149208,5,574
1159278,5,570
1156839,5,564
1165728,5,556
1152331,5,555
4190132459,5,540
30031000,5,540
30029678,5,533
1157609,5,532
30031289,5,528
4190135732,5,524
1153140,5,522
1165857,5,516
30029028,5,515
4190130716,5,500
4190131303,5,488
1164784,5,481
4190129472,5,480
4190132359,5,478
1163842,5,476
4190128089,5,476
4190124432,5,475
1148067,5,468
1166846,5,468
1149966,5,456
1152419,5,452
1160014,5,452
4190135775,5,450
1153030,5,446
1156821,5,444
1151418,5,444
4190131825,5,444
30030234,5,432
40036042,5,432
30032426,5,432
4190135843,5,420
4190124319,5,420
4190131761,5,420
1162506,5,411
1158363,5,408
4190130041,5,408
4190127461,5,406
4190136182,5,404
4190132184,5,400
1148075,5,399
4190138882,5,390
1167158,5,384
30032383,5,380
1163708,5,380
1152891,5,380
4190130657,5,376
30029817,5,376
4190129527,5,372
1148676,5,372
1160050,5,372
1164135,5,369
4190130112,5,360
1155453,5,360
1154134,5,355
30030099,5,354
40035824,5,354
4190124758,5,348
1148698,5,348
4190133885,5,348
4190138410,5,348
4190129491,5,339
4190138814,5,338
4190130936,5,336
30032405,5,336
30029025,5,334
4190125132,5,331
1148818,5,330
4190129561,5,330
4190130369,5,322
1155700,5,322
30029947,5,318
4190130123,5,318
1168084,5,315
4190128797,5,312
4190129231,5,310
4190126330,5,308
4190128492,5,305
1163625,5,304
1167284,5,300
40037833,5,300
4190139629,5,300
30031701,5,300
4190134656,5,300
1148808,5,298
1156602,5,295
1149293,5,294
1167369,5,294
4190139173,5,294
1149481,5,292
1164208,5,290
4190131619,5,288
4190135455,5,288
4190126623,5,282
1168038,5,282
1152441,5,280
1163807,5,276
4190134235,5,276
1155058,5,276
1167174,5,276
1168094,5,276
1157027,5,274
1167103,5,274
1154245,5,272
4190129248,5,272
4190125668,5,270
4190129245,5,268
4190138816,5,266
4190133220,5,259
1158992,5,258
1148780,5,258
1148069,5,255
1166490,5,255
4190130930,5,252
30032427,5,252
1156232,5,249
1161143,5,246
4190136154,5,245
1158367,5,244
1154437,5,240
1157076,5,240
4190131510,5,240
4190125199,5,240
1164686,5,240
4190128819,5,238
4190125350,5,236
1157479,5,236
1163728,5,234
1162242,5,234
4190130985,5,230
1161095,5,229
4190129432,5,228
4190127738,5,228
4190127329,5,228
1164857,5,227
4190129788,5,226
4190133219,5,225
4190131970,5,225
4190126048,5,220
4190123586,5,216
1164244,5,216
4190128595,5,216
1153248,5,216
1150063,5,208
30029770,5,204
4190131301,5,204
40035470,5,204
1155512,5,204
30030545,5,204
4190132132,5,200
1159493,5,200
1158997,5,198
4190125280,5,194
4190131217,5,192
4190132662,5,188
4190134794,5,188
4190129350,5,184
1153940,5,180
1155642,5,180
4190136006,5,180
30030622,5,180
4190124163,5,176
4190139554,5,176
4190124774,5,175
4190137944,5,168
40039049,5,168
4190127241,5,168
4190126759,5,168
4190130016,5,164
1165706,5,163
4190126003,5,162
1154821,5,161
4190132527,5,160
4190128884,5,160
1163845,5,159
1158999,5,158
4190130137,5,158
4190130422,5,158
1154264,5,156
1168109,5,156
4190127006,5,154
4190132016,5,154
4190129246,5,153
1158252,5,152
30029019,5,152
4190126872,5,152
4190129546,5,150
4190139619,5,150
4190133446,5,150
30033126,5,144
4190130767,5,144
1110579,5,144
40039307,5,144
1167254,5,142
30029078,5,140
40034626,5,140
4190129614,5,140
30030132,5,140
4190135801,5,138
4190134989,5,138
4190136100,5,138
4190126277,5,138
4190130600,5,138
1154221,5,138
4190130522,5,136
1168050,5,134
4190135188,5,134
4190132293,5,134
4190139314,5,132
4190139053,5,132
4190139689,5,131
4190130811,5,130
4190131172,5,128
1156340,5,128
4190129993,5,127
4190135616,5,126
4190131877,5,126
4190130345,5,124
4190132176,5,124
4190131278,5,123
1155640,5,120
1164733,5,120
4190130570,5,120
1166642,5,120
4190134078,5,120
4190130427,5,120
1152462,5,120
1155667,5,119
1154086,5,118
1154813,5,116
4190133179,5,116
1168261,5,114
4190124217,5,113
1160012,5,110
1150244,5,110
4190130901,5,110
4190139124,5,110
4190132720,5,110
40039312,5,108
1164713,5,108
4190138580,5,108
4190138847,5,108
1148849,5,108
4190128566,5,107
4190125849,5,106
4190134521,5,106
40039052,5,104
30032854,5,104
4190133505,5,104
4190131236,5,103
30030697,5,102
4190133884,5,102
4190127768,5,102
1157000,5,101
1160071,5,100
4190123395,5,100
1164544,5,99
4190123572,5,98
4190135073,5,97
1150169,5,96
1154090,5,96
4190122382,5,96
4190134844,5,96
4190135527,5,95
1159018,5,94
4190131665,5,94
1159026,5,94
4190139578,5,94
1166501,5,91
1168198,5,90
1149466,5,90
1149865,5,90
4190125317,5,90
4190133238,5,90
1160723,5,88
4190132996,5,88
4190138468,5,88
4190137863,5,88
4190127403,5,87
4190123828,5,86
1153876,5,86
4190132042,5,86
1163844,5,85
4190130864,5,84
4190126237,5,84
4190132739,5,82
1156273,5,82
30030285,5,81
4190131472,5,81
4190125155,5,80
4190130539,5,80
30033190,5,80
1159195,5,78
4190132685,5,77
4190131506,5,76
30029070,5,76
4190130021,5,76
1161139,5,76
1157413,5,76
4190132564,5,75
1157435,5,75
4190125967,5,74
4190133577,5,74
4190131206,5,73
1158444,5,72
1154985,5,72
1158327,5,72
4190131769,5,72
1162465,5,72
4190138944,5,72
30033098,5,72
4190132535,5,72
1225094200,5,71
1156705,5,70
30030884,5,70
40036941,5,70
4190126858,5,70
4190123581,5,69
4190132034,5,69
1154364,5,68
4190126747,5,66
4190130696,5,66
1156163,5,66
4190133235,5,64
4190122234,5,64
4190124807,5,63
1165468,5,63
4190128133,5,63
4190129098,5,62
4190124680,5,61
30029251,5,61
4190132261,5,61
4190131438,5,60
1163977,5,60
4190126113,5,60
1156246,5,60
4190131375,5,60
4190126392,5,60
4190126297,5,60
1149316,5,60
4190126226,5,60
1168262,5,60
4190133751,5,59
1157444,5,58
4190139451,5,58
4190135430,5,58
4190132631,5,58
1166397,5,58
4190130067,5,57
4190132705,5,57
4190130590,5,56
1158933,5,56
4190131290,5,55
4190125243,5,54
4190133612,5,53
4190131148,5,52
30030654,5,52
4190133052,5,52
4190134912,5,51
4190129200,5,51
4190138270,5,50
4190122107,5,50
4190139086,5,50
4190131768,5,49
4190135494,5,48
4190138298,5,48
4190126246,5,48
1166671,5,48
4190126526,5,48
30032867,5,48
4190134598,5,48
4190130861,5,47
4190128986,5,47
4190126422,5,46
4190133816,5,46
4190133217,5,45
1161753,5,44
4190127620,5,44
4190135925,5,44
4190122229,5,44
4190132896,5,44
4190134836,5,42
4190126080,5,42
1155575,5,42
30032649,5,42
4190126417,5,42
4190125999,5,40
4190124106,5,40
4190134849,5,38
4190134227,5,36
4190122394,5,34
1156776,5,33
4190132565,5,33
4190133804,5,32
30029295,5,31
30031557,5,30
1160359,5,30
1168020,5,30
1160358,5,30
1165745,5,30
1100138,5,30
4190127574,5,29
4190133457,5,28
4190124371,5,26
30031012,5,24
4190129190,5,23
30032647,5,20
40037490,5,14
40037493,5,14
30031316,5,14
30031318,5,14
1110979,5,12
40035411,5,12
30031314,5,11
40037488,5,11
40034767,5,7
30029115,5,7
30032491,5,5
1115995,5,4
1153600,5,0
1139713,5,0
1142037,5,0
1151995,5,0
1157193,5,0
1152054,5,0
1156013,5,0
1144093,5,0
1156475,5,0
1151080,5,0
1140540,5,0
1153611,5,0
1153841,5,0
1151939,5,0
1153787,5,0
1151840,5,0
1142307,5,0
1137647,5,0
1152052,5,0
1150669,5,0
1142050,5,0
1151938,5,0
1150908,5,0
1157190,5,0
1153609,5,0
1156415,5,0
1150923,5,0
1137648,5,0
1151078,5,0
1153650,5,0
1150912,5,0
1153804,5,0
1140622,5,0
1116183,5,0
1153789,5,0
1151932,5,0
1158194,5,0
1142014,5,0
1151783,5,0
1151002,5,0
1135950,5,0
1155056,6,78702
1150149,6,45600
1150128,6,45000
1163966,6,37478
1150129,6,34800
30029373,6,28004
4190139909,6,22968
1148696,6,20026
1148819,6,18320
1151762,6,15748
1163623,6,13584
4190128716,6,11520
1163706,6,10656
30032380,6,10656
1161687,6,10176
4190136086,6,8236
1168018,6,8064
4190127155,6,7809
1159919,6,7358
1158218,6,6879
1150173,6,6488
1150241,6,5452
1149511,6,5151
1166790,6,4928
1157704,6,4362
1150160,6,4028
1151551,6,3922
1156256,6,3826
1157063,6,3820
1165248,6,3720
1156174,6,3650
1151575,6,3602
1150561,6,3596
4190127153,6,3594
4190139154,6,3528
4190130781,6,3490
4190129465,6,3488
4190132782,6,3240
4190131339,6,3096
1150590,6,2940
30029381,6,2924
4190135691,6,2900
4190125006,6,2880
1167267,6,2790
30029001,6,2790
1164118,6,2786
1148674,6,2720
1161756,6,2702
1152989,6,2608
30030757,6,2604
1156237,6,2592
4190125437,6,2537
1160374,6,2410
30030850,6,2403
1167212,6,2400
1152501,6,2341
4190138191,6,2334
1150559,6,2260
4190135870,6,2242
1164090,6,2224
1151433,6,2168
1156789,6,2116
1160746,6,2106
4190131160,6,2100
4190129322,6,1944
1152642,6,1934
1152645,6,1744
4190138900,6,1716
1163817,6,1715
1156115,6,1683
1159941,6,1680
4190130950,6,1678
1152194,6,1666
4190135660,6,1632
1153014,6,1629
4190130676,6,1584
4190139924,6,1578
1153313,6,1484
4190130583,6,1484
1163622,6,1482
1163741,6,1478
4190133183,6,1448
4190125612,6,1440
1163688,6,1440
4190130173,6,1426
4190136144,6,1410
1155486,6,1404
1159958,6,1399
4190138624,6,1334
1163736,6,1308
1167287,6,1300
1158456,6,1274
1156290,6,1264
30032866,6,1242
1158162,6,1231
4190129946,6,1200
1154936,6,1166
1166783,6,1152
1163730,6,1140
4190138931,6,1110
4190128718,6,1092
1151496,6,1080
4190128725,6,1060
1159046,6,1056
1156846,6,1028
1161333,6,1022
1161334,6,1022
1161357,6,1022
1161368,6,1022
1161346,6,1022
1161349,6,1022
1161338,6,1022
1161340,6,1022
1161356,6,1022
1161336,6,1022
1161369,6,1022
1161373,6,1022
1161361,6,1022
1161313,6,1022
1161353,6,1022
1161342,6,1022
1161364,6,1022
1163681,6,1008
1151578,6,1008
4190127946,6,990
4190129025,6,972
4190135105,6,956
1155505,6,942
30030555,6,942
1165664,6,878
4190124516,6,876
1149291,6,860
4190128478,6,836
4190131139,6,834
1153096,6,817
1159323,6,808
4190134548,6,798
4190130963,6,784
4190130669,6,780
1159931,6,776
1151436,6,768
4190134375,6,762
4190124312,6,756
1167095,6,754
30033627,6,744
1164062,6,734
1149393,6,721
1163732,6,708
1156926,6,698
1152955,6,680
30031236,6,677
1149486,6,672
4190126227,6,672
1149782,6,672
4190139800,6,663
4190124865,6,663
1156699,6,647
4190127910,6,645
1152212,6,636
4190125164,6,624
4190132470,6,614
4190131042,6,606
4190128518,6,603
4190128469,6,603
4190128517,6,603
1164102,6,600
4190135040,6,598
30029803,6,594
1155608,6,586
40039050,6,576
4190135493,6,576
4190130697,6,572
1156280,6,571
4190134906,6,570
4190127793,6,569
1150150,6,556
4190124872,6,551
4190135292,6,550
1166616,6,549
1160090,6,548
1162294,6,530
1160101,6,530
1157674,6,528
1162804,6,520
1164913,6,510
1158271,6,504
1165824,6,504
4190131399,6,500
1157470,6,480
1156281,6,468
30029940,6,465
1154275,6,462
4190132503,6,458
1156991,6,456
4190127999,6,450
30028852,6,450
1164835,6,450
1159221,6,444
4190129447,6,441
4190124793,6,439
1156394,6,438
4190125836,6,436
1166000,6,436
4190138804,6,432
1157308,6,432
4190133872,6,426
1154061,6,408
4190128717,6,408
4190127895,6,402
1154402,6,400
4190124355,6,398
4190124444,6,396
4190130927,6,396
1156944,6,396
4190129360,6,394
1151394,6,390
1152181,6,390
4190140015,6,386
4190138579,6,382
4190139827,6,380
1150179,6,374
4190124826,6,374
1154240,6,372
4190133042,6,371
4190126893,6,364
1166572,6,362
1149449,6,362
1152258,6,360
4190138069,6,360
1155585,6,360
4190125148,6,360
1166482,6,359
1167055,6,358
4190128947,6,358
4190131353,6,352
1156960,6,350
30030885,6,344
40036942,6,344
1162235,6,340
4190123533,6,336
1159008,6,332
1152305,6,331
1149538,6,328
1154377,6,324
4190138000,6,324
4190126432,6,322
4190126697,6,320
1159892,6,318
4190129216,6,317
4190130932,6,312
1164790,6,310
4190131248,6,308
4190124391,6,306
4190124800,6,303
4190125344,6,301
4190138105,6,300
4190126333,6,298
1162735,6,296
1164007,6,292
1155063,6,288
4190130371,6,287
1148736,6,287
4190138728,6,282
1154945,6,280
4190139743,6,279
1162407,6,278
4190130498,6,276
1155519,6,276
30031719,6,272
4190131392,6,270
4190128619,6,266
4190130453,6,265
4190138005,6,264
4190134953,6,262
1164022,6,261
1166006,6,256
4190124722,6,254
4190131327,6,254
4190127520,6,250
4190131363,6,250
4190133636,6,248
4190126382,6,248
1158390,6,246
4190127117,6,244
1155004,6,240
1158995,6,238
4190129154,6,238
1156805,6,237
4190129663,6,235
1164618,6,234
4190126714,6,233
1166295,6,229
4190135424,6,228
4190135427,6,228
1154869,6,228
4190132133,6,226
4190124571,6,224
1154785,6,222
1154231,6,222
4190127221,6,218
4190127214,6,218
1158993,6,218
1150162,6,216
4190129103,6,215
1151159,6,214
30032459,6,212
1154307,6,210
4190126834,6,210
1148116,6,209
1165796,6,206
1151170,6,206
4190124162,6,202
4190130426,6,196
1156843,6,192
1166382,6,192
4190125544,6,192
4190133201,6,190
4190139786,6,190
4190131502,6,188
1149286,6,188
4190129204,6,186
4190126011,6,186
4190130225,6,184
30030441,6,180
1159499,6,180
4190133531,6,178
4190135451,6,176
1154216,6,176
1159127,6,176
30029335,6,172
1150123,6,172
1154154,6,172
4190133560,6,170
4190133529,6,170
1156245,6,167
4190135842,6,164
4190124828,6,164
4190124378,6,164
4190130902,6,163
1156339,6,162
4190139199,6,160
1155628,6,159
1165713,6,159
1156692,6,156
4190125234,6,156
4190133140,6,156
4190139106,6,156
4190131032,6,154
4190138229,6,153
4190139820,6,152
4190127878,6,152
1167296,6,150
1164245,6,148
4190130514,6,146
1161416,6,144
4190130486,6,142
30030394,6,142
4190131102,6,142
1165858,6,140
1158998,6,138
4190138303,6,138
4190138777,6,138
4190132777,6,138
1167051,6,137
4190130853,6,136
1153105,6,136
4190135780,6,134
1159496,6,134
4190126585,6,132
30030692,6,130
4190135367,6,130
4190131446,6,128
4190130141,6,128
4190139210,6,126
4190134613,6,126
4190124459,6,126
4190129654,6,124
4190125436,6,124
30033257,6,124
4190130569,6,122
4190139865,6,120
1151109,6,118
4190126937,6,116
4190132645,6,116
1162217,6,114
1150536,6,114
4190132709,6,114
1149499,6,113
4190126770,6,112
4190125543,6,112
1164862,6,112
4190140138,6,110
4190130445,6,110
4190135726,6,110
1164056,6,108
4190130712,6,108
1167121,6,108
4190135543,6,108
4190124893,6,106
1157520,6,106
1153867,6,106
1159019,6,106
4190134168,6,106
4190127973,6,103
4190131516,6,103
1153213,6,102
4190140082,6,102
4190126813,6,102
1159029,6,102
4190130241,6,101
1167118,6,100
4190134453,6,100
4190132802,6,98
1158956,6,98
1164759,6,98
4190132298,6,98
30029552,6,98
4190129445,6,96
4190133481,6,96
4190126841,6,96
4190130275,6,95
4190135931,6,94
30031814,6,94
1159495,6,92
4190139404,6,92
4190133007,6,92
4190126319,6,92
4190135549,6,92
4190124128,6,91
4190130603,6,91
30033133,6,90
4190133747,6,90
4190129423,6,89
4190129473,6,86
1159828,6,86
1162442,6,85
30031755,6,84
1161091,6,84
4190138246,6,84
4190135382,6,84
4190133820,6,84
4190127227,6,84
1160075,6,84
1154811,6,84
1160032,6,84
30031756,6,84
1155626,6,83
4190129177,6,83
4190125383,6,82
4190134126,6,82
4190128242,6,82
4190132483,6,82
4190123532,6,80
4190133293,6,80
4190132586,6,79
1157062,6,79
4190134594,6,79
4190132000,6,78
1163937,6,78
1158988,6,78
4190135339,6,78
4190138406,6,76
4190135810,6,74
4190129071,6,72
1163978,6,72
4190139337,6,72
4190134492,6,72
30031711,6,71
4190131150,6,71
4190132738,6,70
4190130226,6,70
1148827,6,68
4190132506,6,68
4190139033,6,68
1163919,6,68
4190124905,6,67
4190135457,6,66
1148583,6,66
1150008,6,66
4190127745,6,66
4190123488,6,66
4190129677,6,66
4190131443,6,66
4190131247,6,64
1152278,6,63
4190134391,6,63
4190129921,6,63
4190135462,6,62
4190126864,6,62
4190133185,6,62
1157547,6,60
4190131360,6,60
4190132019,6,60
4190134819,6,60
4190133020,6,60
4190122653,6,58
4190136136,6,56
4190131376,6,56
4190126845,6,54
1148607,6,54
4190134715,6,52
4190127611,6,50
4190127831,6,50
4190135772,6,50
4190126041,6,50
4190126133,6,48
4190131388,6,46
4190135107,6,44
4190125128,6,44
4190134333,6,43
4190127031,6,43
30032485,6,42
4190133261,6,42
4190134537,6,42
4190134263,6,42
4190135016,6,42
1107650,6,40
1161680,6,40
30030435,6,40
4190123717,6,39
4190134623,6,39
1154812,6,38
4190138791,6,36
40034601,6,31
4190130037,6,30
1148693,6,26
40039334,6,24
40035419,6,23
1226355428,6,23
40035410,6,22
30029048,6,18
40034598,6,18
1155405,6,14
30032195,6,6
1114601,6,4
1114808,6,4
1152073,6,0
1157830,6,0
1150919,6,0
1153593,6,0
1151003,6,0
1153584,6,0
1150837,6,0
1143372,6,0
1153966,6,0
1114600,6,0
1153586,6,0
1151005,6,0
1151945,6,0
1153577,6,0
1113754,6,0
1142313,6,0
1150917,6,0
1114629,6,0
1156474,6,0
1152070,6,0
1142309,6,0
1150672,6,0
1142332,6,0
1151791,6,0
1151985,6,0
1151789,6,0
30030457,7,78702
1153236,7,33894
1157883,7,28816
1164756,7,25200
1160726,7,24000
1151445,7,23040
4190129736,7,21680
1152357,7,21120
1154148,7,20335
1150180,7,20191
1152494,7,19341
1163795,7,19206
1152487,7,19041
1154306,7,17316
1155442,7,14542
4190135818,7,13440
1163994,7,12460
1163993,7,12460
4190135923,7,11484
4190124806,7,10465
1162219,7,9789
1164107,7,9624
4190139037,7,9504
4190134404,7,8910
1150796,7,8040
1157451,7,7696
4190124817,7,7166
30031970,7,6620
30033321,7,6450
1156922,7,6396
1166306,7,6324
1151552,7,6108
4190126892,7,5884
4190131402,7,5760
1152296,7,5600
4190139243,7,5300
1153281,7,5280
1153186,7,4848
1163976,7,4518
1147693,7,4092
4190130605,7,4038
1150720,7,3793
4190128367,7,3712
1148713,7,3496
4190139889,7,3380
1156312,7,3324
1150006,7,3272
1157490,7,3168
1154029,7,3162
1151156,7,3048
4190131356,7,3024
1166651,7,2996
4190132297,7,2940
1150610,7,2832
4190125110,7,2826
1164211,7,2690
1162456,7,2630
4190134214,7,2604
4190128968,7,2600
1154387,7,2460
1159969,7,2382
1165645,7,2376
1153122,7,2349
1167249,7,2288
4190133105,7,2232
1164690,7,2193
4190139788,7,2172
1162264,7,2166
1163692,7,2118
4190125077,7,2089
4190127285,7,2076
1154923,7,2052
4190134713,7,2039
1155283,7,2033
1154178,7,2010
4190138276,7,1986
1151124,7,1870
4190127387,7,1860
4190126795,7,1800
1162427,7,1746
1149212,7,1716
1151497,7,1700
4190127997,7,1644
1164188,7,1632
4190132573,7,1600
30032407,7,1598
30032394,7,1556
4190130078,7,1548
4190125387,7,1506
4190124808,7,1468
1168146,7,1418
4190132967,7,1360
1160034,7,1298
4190129662,7,1276
4190126073,7,1272
4190127500,7,1272
1162369,7,1259
1148841,7,1212
1167353,7,1196
4190133550,7,1176
4190130847,7,1174
4190135783,7,1145
1158268,7,1132
4190128618,7,1118
4190137989,7,1116
1148021,7,1110
1154438,7,1098
1152349,7,1080
4190129093,7,1059
4190124387,7,1052
4190137901,7,1024
1151328,7,1020
1151329,7,1020
1151327,7,1020
1151319,7,1020
1151323,7,1020
1151326,7,1020
1151324,7,1020
1151321,7,1020
1151320,7,1020
1151322,7,1020
1151325,7,1020
1166481,7,996
1159287,7,996
4190124930,7,988
4190128522,7,956
4190133320,7,952
1151357,7,946
1151358,7,946
1151359,7,946
1151354,7,946
1151355,7,946
1151356,7,946
1151353,7,946
1163850,7,924
4190128445,7,924
30030822,7,876
4190129012,7,872
30032035,7,866
1150347,7,860
1154786,7,860
1164579,7,816
4190130393,7,808
1162471,7,802
1166685,7,792
1148048,7,788
4190134377,7,772
4190131316,7,750
1154036,7,746
4190134693,7,740
30030039,7,736
1165704,7,734
4190135628,7,732
1164030,7,720
4190124114,7,720
1161335,7,705
1161374,7,705
1161337,7,705
1161332,7,705
1161371,7,705
1161344,7,705
1161329,7,705
1161358,7,705
1161341,7,705
1161355,7,705
1161339,7,705
1161352,7,705
1161360,7,705
1161365,7,705
1161362,7,705
1161331,7,705
1161367,7,705
1161348,7,705
4190132674,7,700
1167049,7,696
4190125181,7,696
4190125447,7,692
4190131134,7,688
4190138736,7,672
4190139198,7,654
1157043,7,638
4190130912,7,630
1155556,7,624
30028883,7,624
4190131489,7,623
1167072,7,620
1150208,7,619
4190139499,7,612
4190135477,7,612
1157725,7,600
1153013,7,600
4190139526,7,600
4190133682,7,596
4190127154,7,591
1163853,7,590
1154151,7,564
30030921,7,552
1156386,7,552
1150323,7,538
1164573,7,526
4190131068,7,518
4190138641,7,518
1164192,7,512
4190132539,7,504
1167046,7,503
1152467,7,503
30032395,7,486
4190136132,7,484
4190138651,7,480
4190139806,7,480
4190124271,7,476
4190124678,7,470
4190139842,7,468
4190131898,7,468
1159944,7,467
1154266,7,460
30032287,7,460
4190139466,7,456
4190139736,7,454
4190124780,7,452
1164715,7,444
4190125241,7,444
1157042,7,434
4190138673,7,429
1148026,7,424
4190136133,7,424
1165668,7,423
1149661,7,416
4190135859,7,404
1150066,7,385
4190128105,7,384
1163808,7,382
1167024,7,380
4190130779,7,380
1149337,7,380
4190126591,7,380
4190128969,7,376
4190133997,7,370
4190139759,7,366
4190132391,7,362
4190124730,7,362
4190124074,7,360
4190129566,7,360
4190132386,7,357
4190125071,7,356
4190125676,7,352
4190137916,7,349
4190131634,7,347
1155562,7,344
4190125477,7,344
1156970,7,340
4190124626,7,338
4190127412,7,338
1155691,7,336
1156219,7,336
4190128460,7,333
4190130126,7,328
4190124419,7,324
4190133109,7,321
4190134240,7,320
4190126368,7,318
4190125960,7,318
4190129911,7,316
1154642,7,314
4190124802,7,312
1159130,7,308
4190129170,7,307
4190125061,7,306
1166845,7,304
4190124132,7,304
4190124688,7,302
1156869,7,299
4190125615,7,292
1161300,7,289
4190124859,7,284
30030989,7,284
4190139818,7,282
4190133264,7,280
4190139802,7,280
4190139829,7,279
1163942,7,278
4190130242,7,277
30032410,7,276
1154654,7,276
4190134064,7,275
4190130719,7,274
1167169,7,274
1148662,7,273
4190124637,7,264
1163953,7,262
4190124746,7,262
4190132451,7,258
1152062,7,253
1160043,7,250
4190132515,7,247
1154135,7,244
4190127835,7,240
4190133269,7,236
1154066,7,234
4190124577,7,232
1154360,7,229
4190139110,7,229
1166857,7,228
1154340,7,228
1167197,7,228
4190131129,7,227
4190135481,7,226
4190139099,7,225
4190129118,7,221
4190126050,7,216
4190131823,7,216
1168196,7,216
4190135779,7,212
1159498,7,210
4190128721,7,210
4190129515,7,210
4190127624,7,208
4190133146,7,206
4190133349,7,205
4190139995,7,204
4190137941,7,204
1157482,7,200
4190135069,7,198
4190139823,7,195
1154976,7,193
4190126835,7,193
1154919,7,192
4190130424,7,190
4190138697,7,185
4190134248,7,184
4190127072,7,184
4190132383,7,183
4190131978,7,183
4190132144,7,180
4190133461,7,180
1159887,7,179
4190133627,7,178
1154291,7,178
30033067,7,172
4190133299,7,168
4190133451,7,168
1154769,7,168
4190127551,7,166
4190139186,7,165
4190133749,7,164
4190134335,7,164
4190130176,7,163
1157711,7,160
1157065,7,159
4190130102,7,156
1154123,7,154
4190139132,7,154
30031952,7,153
1162245,7,153
1167106,7,150
1154348,7,150
1158994,7,148
1166532,7,147
1165769,7,147
1166539,7,146
1155576,7,144
1162736,7,142
1154272,7,140
1167190,7,140
4190125410,7,139
4190129150,7,138
4190126827,7,138
4190131677,7,138
4190133170,7,137
4190129278,7,134
4190135610,7,132
4190138764,7,130
4190135623,7,130
4190135573,7,129
4190131492,7,126
4190134481,7,124
4190136031,7,124
1156875,7,123
4190130744,7,122
30029385,7,120
4190138437,7,120
1153306,7,118
4190122261,7,118
4190133115,7,117
4190129574,7,117
4190123333,7,116
4190126408,7,116
30031757,7,116
4190124107,7,115
4190128064,7,115
4190134088,7,114
4190131082,7,114
1161262,7,112
1167063,7,112
30031865,7,112
4190134170,7,112
1163637,7,110
30032303,7,110
1164479,7,109
1159028,7,108
1156213,7,108
4190124450,7,108
40034919,7,108
30029273,7,108
4190124843,7,108
4190126839,7,108
1160356,7,106
4190128793,7,106
1158222,7,106
1157652,7,106
4190127427,7,104
1151183,7,102
4190135381,7,102
4190133419,7,102
1164651,7,102
4190126736,7,102
1152898,7,101
4190130759,7,100
4190132793,7,100
4190134841,7,100
4190125274,7,100
4190129116,7,98
1154349,7,96
1156183,7,96
1156190,7,96
1166596,7,95
1159083,7,94
1114606,7,92
4190133984,7,90
4190134445,7,90
1150085,7,90
1157439,7,89
4190132692,7,88
4190134260,7,88
4190135008,7,88
4190132976,7,86
4190126851,7,85
1161678,7,85
30030974,7,84
1150146,7,84
4190128289,7,84
4190124861,7,84
1160006,7,84
4190131777,7,84
4190127151,7,84
1111544,7,82
4190132951,7,82
4190131876,7,82
1156132,7,80
4190130984,7,80
4190128336,7,80
1157560,7,80
4190125749,7,79
4190134091,7,78
4190126051,7,78
4190139413,7,77
4190132963,7,76
4190132666,7,76
1157496,7,76
4190132415,7,75
4190125835,7,74
1152209,7,74
4190134057,7,74
4190133062,7,74
4190134165,7,74
4190127568,7,74
4190134130,7,74
4190133147,7,74
4190135922,7,72
1154646,7,70
1166619,7,70
1153241,7,70
4190133158,7,70
4190127498,7,69
4190131740,7,68
4190125864,7,68
4190134138,7,68
4190133132,7,66
30028812,7,66
4190132130,7,66
4190125124,7,62
4190135478,7,62
4190126695,7,58
4190134427,7,56
30030403,7,54
4190132306,7,54
4190134323,7,54
1165550,7,54
4190134513,7,53
4190127046,7,52
4190134316,7,52
4190135352,7,51
4190135084,7,50
4190126122,7,50
1154038,7,44
1153298,7,44
4190124962,7,44
30032321,7,42
4190126680,7,42
4190139854,7,42
1226282128,7,39
1146804,7,37
4190130162,7,36
1165629,7,21
1116059,7,20
30029931,7,7
1163938,7,7
1161231,7,7
1164097,7,7
1152067,7,0
1114597,7,0
1151933,7,0
1114630,7,0
1114807,7,0
1159526,7,0
1151976,7,0
1158201,7,0
1152010,7,0
1151934,7,0
1151943,7,0
1152049,7,0
1152053,7,0
1148802,8,67200
1148145,8,27570
1157683,8,26960
1157298,8,26960
1159835,8,16606
1159865,8,15721
1152242,8,15360
4190137930,8,14748
4190130135,8,12908
1152660,8,11520
1168069,8,9746
1162500,8,9360
1152294,8,8640
30030795,8,8626
1155396,8,8626
1148731,8,8163
1163867,8,8106
1149346,8,8067
1154944,8,7668
1161138,8,7400
4190125616,8,6690
1153032,8,5438
1159072,8,5140
1164605,8,4980
1164703,8,4764
30032953,8,4764
4190138634,8,4740
4190139867,8,4590
1167477,8,4434
1167476,8,4434
1148661,8,4396
1154793,8,4334
30031885,8,4272
30030395,8,4232
4190127857,8,4014
1165995,8,3984
1149663,8,3720
1154361,8,3550
1164841,8,3514
1161211,8,3447
1165826,8,3266
1154276,8,3192
1149497,8,3180
30029331,8,3141
1150101,8,3141
1149254,8,3141
4190124734,8,3058
30032403,8,3048
1164193,8,3035
4190129377,8,2982
30032397,8,2880
4190134386,8,2798
30030972,8,2782
1151173,8,2756
4190126622,8,2754
4190137866,8,2728
4190134312,8,2640
1156603,8,2620
4190131854,8,2594
4190139920,8,2580
1154037,8,2436
4190129016,8,2420
1166683,8,2410
4190135627,8,2355
1152322,8,2346
1149987,8,2340
1156252,8,2295
4190128166,8,2188
4190139849,8,2168
1152326,8,2122
1161214,8,2070
1166351,8,2069
4190124628,8,2068
30032399,8,2064
4190130000,8,1980
1157622,8,1974
4190125613,8,1920
4190131381,8,1920
1153050,8,1854
30032931,8,1808
1156622,8,1714
4190135408,8,1704
1157540,8,1668
4190139739,8,1660
1161179,8,1608
1157735,8,1584
30032366,8,1572
4190129097,8,1518
30029127,8,1498
4190128636,8,1492
4190130580,8,1485
1159826,8,1437
1164061,8,1418
1151387,8,1416
1148816,8,1397
4190124648,8,1394
30032360,8,1380
4190131274,8,1302
1155476,8,1296
1164184,8,1290
4190124848,8,1286
4190130349,8,1278
30028860,8,1262
1148148,8,1254
30032361,8,1248
1153323,8,1230
1154467,8,1200
1154590,8,1200
4190128476,8,1186
4190130038,8,1174
1161173,8,1150
1164177,8,1140
1150795,8,1134
1162409,8,1132
4190139977,8,1116
4190127494,8,1096
4190128845,8,1080
4190127167,8,1074
1166586,8,1044
1155278,8,1018
1149342,8,1008
4190126741,8,996
1158366,8,987
4190127905,8,976
1154156,8,955
4190132696,8,948
4190133048,8,942
1153277,8,940
1155625,8,936
1156156,8,912
1151382,8,893
4190133113,8,877
1148655,8,868
1154018,8,816
1165237,8,792
1151191,8,792
4190125233,8,786
1164883,8,786
1160054,8,784
4190137854,8,780
1154195,8,780
1154334,8,768
1150094,8,768
1153301,8,768
1154180,8,762
1148123,8,760
1155407,8,738
1150191,8,738
30032003,8,726
4190130430,8,724
1153232,8,720
1164136,8,711
4190128919,8,700
4190137932,8,696
1154033,8,688
1168058,8,678
1154867,8,672
1155472,8,672
1152393,8,672
4190127762,8,665
40039983,8,664
1162737,8,660
4190124724,8,650
1148035,8,633
1167579,8,626
1157554,8,624
1166704,8,616
1150125,8,614
4190132493,8,610
1157571,8,601
1151296,8,600
4190140150,8,591
4190139589,8,588
1166424,8,588
1156894,8,576
4190130507,8,566
1161170,8,560
1165960,8,558
1157465,8,556
1164240,8,544
1166002,8,544
4190140104,8,538
1149294,8,536
1150722,8,528
4190127145,8,522
4190131307,8,522
1164077,8,515
4190135849,8,514
1155532,8,504
4190129256,8,492
4190124834,8,480
4190129940,8,480
4190124915,8,480
4190125899,8,478
1156915,8,477
1154350,8,476
4190129400,8,464
1148810,8,462
4190132613,8,458
4190126190,8,456
4190139792,8,448
4190139169,8,441
4190133526,8,438
4190128974,8,437
4190137907,8,436
4190127490,8,432
1164027,8,427
1163664,8,420
30032326,8,420
4190124803,8,420
1153175,8,415
4190133143,8,411
1154325,8,410
4190128377,8,410
4190128379,8,410
4190128378,8,410
4190128376,8,410
4190138152,8,408
4190126946,8,408
4190132923,8,406
4190131218,8,406
4190135589,8,402
4190129528,8,397
1148155,8,396
4190137905,8,396
4190135909,8,394
1158223,8,394
4190139681,8,393
4190136062,8,383
4190126631,8,380
4190125434,8,378
1165672,8,365
4190135830,8,364
4190139741,8,363
1165563,8,360
4190131064,8,351
4190139155,8,350
1148723,8,348
4190132364,8,343
4190124781,8,342
1162408,8,341
4190134511,8,339
4190124716,8,333
4190127016,8,323
4190129033,8,321
4190130272,8,321
4190132541,8,320
4190126494,8,320
4190138583,8,316
1158323,8,312
1164727,8,312
4190127964,8,310
4190134984,8,306
30032411,8,306
1163750,8,306
1156202,8,305
4190132749,8,300
1163747,8,300
4190134348,8,300
1155010,8,296
4190139870,8,292
1154906,8,288
4190131965,8,287
1168249,8,284
4190139566,8,281
40035471,8,278
30029769,8,278
4190131718,8,276
4190124277,8,276
4190133148,8,272
4190131351,8,272
4190129310,8,270
1154236,8,266
4190135731,8,264
4190134800,8,264
1151092,8,262
4190139189,8,261
4190134895,8,260
4190126825,8,260
4190132046,8,259
4190131097,8,258
4190134237,8,256
30032849,8,255
4190139824,8,253
4190138567,8,251
1164937,8,251
4190126508,8,250
4190131313,8,248
1156701,8,246
1163955,8,246
1167105,8,246
1148734,8,244
1149362,8,242
1164200,8,242
4190131968,8,240
4190132797,8,234
4190130650,8,234
1152356,8,232
1152309,8,232
30032857,8,230
4190126602,8,229
4190133722,8,228
4190129605,8,228
4190139817,8,228
1156371,8,228
4190132555,8,224
4190137859,8,223
1154866,8,221
4190129851,8,219
4190125640,8,217
1157522,8,216
4190128692,8,212
30031864,8,205
4190139953,8,204
4190126532,8,202
1156891,8,201
4190122425,8,196
4190126675,8,194
1163948,8,192
1168065,8,192
4190125842,8,192
4190131902,8,189
4190135286,8,188
4190127273,8,186
4190127506,8,184
1150170,8,184
4190130172,8,182
1150207,8,180
4190139403,8,180
1158987,8,180
4190127368,8,178
1155704,8,176
1159494,8,176
4190126114,8,172
4190129146,8,171
4190133591,8,168
4190134516,8,168
4190126788,8,168
1151163,8,168
4190134806,8,165
4190128221,8,164
4190133626,8,162
4190125067,8,162
30032922,8,161
1166582,8,161
4190129039,8,160
4190139477,8,160
4190129683,8,159
4190133347,8,159
4190129252,8,159
4190130674,8,159
4190134103,8,158
4190133578,8,156
4190130052,8,156
30028876,8,156
4190133258,8,155
1153223,8,154
4190124159,8,154
4190127157,8,152
1159960,8,152
4190132315,8,151
4190128846,8,148
1152693,8,148
4190135302,8,148
4190126504,8,148
1146530,8,145
30031303,8,144
4190140101,8,144
4190132733,8,144
4190128876,8,142
4190134808,8,142
4190124550,8,141
1157596,8,141
1168120,8,140
4190130687,8,139
4190128588,8,138
4190121943,8,137
4190138465,8,136
4190138784,8,136
4190135097,8,136
1159854,8,133
1158989,8,130
4190124126,8,128
1159867,8,126
30030652,8,124
1156952,8,122
4190138263,8,121
4190132801,8,120
1166580,8,119
4190138888,8,118
4190127465,8,116
4190134810,8,115
4190131950,8,114
1158258,8,114
1161127,8,114
4190127290,8,110
4190138154,8,110
4190130006,8,110
4190135376,8,110
4190139518,8,110
4190132401,8,109
4190133022,8,108
4190134218,8,106
1158984,8,106
4190122043,8,106
4190134001,8,105
4190134583,8,105
1159070,8,104
1159898,8,104
1155349,8,104
4190124358,8,104
4190139755,8,103
1154859,8,102
4190134371,8,102
4190131067,8,102
30031815,8,102
1166441,8,102
1149331,8,101
4190127700,8,99
1151244,8,96
4190126931,8,95
1164956,8,94
4190124145,8,94
1166583,8,94
4190132925,8,93
4190133598,8,91
4190130651,8,90
30030576,8,90
4190131382,8,90
4190137976,8,88
4190124704,8,86
4190134736,8,86
4190138711,8,86
1168240,8,84
1155545,8,84
4190131897,8,84
4190124201,8,82
4190136142,8,82
4190139120,8,82
4190136009,8,81
4190125643,8,80
1154655,8,78
4190130890,8,78
4190134709,8,76
4190124057,8,76
30031482,8,74
40037586,8,74
4190131735,8,72
4190135050,8,72
4190129335,8,71
1156964,8,70
1224288271,8,70
4190124090,8,70
1224906471,8,69
4190132947,8,68
4190133692,8,68
4190130559,8,68
1151154,8,66
1150240,8,66
4190124625,8,66
4190133476,8,65
4190131663,8,64
1225141533,8,64
4190134909,8,61
1151098,8,60
4190127162,8,60
4190125994,8,60
4190134605,8,58
4190138792,8,58
1224671761,8,57
4190126735,8,56
30031022,8,56
4190134505,8,56
1226079681,8,51
4190124660,8,47
1154285,8,46
4190124194,8,46
1226355427,8,42
4190130027,8,40
4190131092,8,30
1116067,8,15
1152414,8,8
1156473,8,0
1142344,8,0
1151928,8,0
1113641,8,0
1150888,8,0
1150779,8,0
1150913,8,0
1157206,8,0
1150895,8,0
1159568,8,0
1151937,8,0
1160385,10,56040
1149536,10,50960
4190129757,10,25250
1150181,10,25200
4190138635,10,22960
4190139913,10,21696
1166841,10,21032
1163975,10,19360
4190131662,10,15896
4190129866,10,14500
1150159,10,14114
4190127280,10,13425
1154586,10,13312
1150023,10,12842
1159241,10,11135
1157141,10,11090
1153063,10,10680
1160096,10,9090
1159923,10,8636
1162729,10,8610
1150158,10,8310
1164764,10,8176
1158407,10,7915
1163759,10,7884
30032416,10,7876
4190134365,10,6822
4190139538,10,6816
1159503,10,6628
1163857,10,5760
1167314,10,5434
30030053,10,5365
4190127390,10,5365
4190139922,10,5362
1167580,10,5362
1161515,10,5297
1168276,10,5059
4190127216,10,5040
1166687,10,4828
1153329,10,4756
4190124635,10,4576
1154229,10,4572
4190137970,10,4458
30032367,10,4398
4190132648,10,4184
1153077,10,4176
1157427,10,4152
4190131852,10,4150
4190139716,10,4085
1151130,10,3802
30029133,10,3695
1153093,10,3608
4190136128,10,3463
1154389,10,3232
4190127213,10,3132
1162342,10,3090
1162399,10,3060
1162203,10,3044
1166646,10,2972
4190134691,10,2790
4190136131,10,2784
1150213,10,2768
4190129601,10,2680
1162198,10,2616
4190129766,10,2583
4190139910,10,2580
4190128549,10,2564
1152453,10,2370
4190130611,10,2214
1156857,10,2214
4190129564,10,2201
4190136134,10,2164
4190136135,10,2068
1166634,10,1968
4190125572,10,1956
4190133310,10,1942
4190126964,10,1881
1154125,10,1830
1155504,10,1668
30030556,10,1668
1156853,10,1667
4190136130,10,1646
1161375,10,1632
1152299,10,1622
1167295,10,1617
1152306,10,1614
1155068,10,1568
4190139797,10,1568
4190126569,10,1566
1166548,10,1558
1167090,10,1476
1159956,10,1444
1164006,10,1440
4190124621,10,1440
4190130187,10,1434
4190135631,10,1398
4190139196,10,1387
4190124896,10,1342
1166702,10,1324
4190138254,10,1300
4190132303,10,1296
4190139912,10,1290
4190139916,10,1290
4190139914,10,1290
4190127984,10,1266
4190138522,10,1248
1153029,10,1188
1164047,10,1183
4190128727,10,1182
1165661,10,1164
4190138774,10,1156
4190134824,10,1155
4190126888,10,1144
4190126889,10,1144
4190135247,10,1130
1168220,10,1103
4190139892,10,1080
1153017,10,1068
1155612,10,1019
4190131016,10,1014
4190124805,10,968
4190130926,10,964
1161403,10,958
1159991,10,933
4190139719,10,926
4190130872,10,912
4190129459,10,876
4190138834,10,872
4190136181,10,864
1154413,10,864
30032408,10,858
1163743,10,858
4190135235,10,828
4190126890,10,804
1167109,10,804
1152998,10,784
1168289,10,780
4190131748,10,780
4190132020,10,744
1154143,10,732
1166636,10,720
4190131394,10,714
4190130792,10,710
1164019,10,700
1164086,10,700
4190134408,10,700
4190134779,10,700
1159945,10,675
4190131949,10,668
4190126721,10,652
4190132288,10,648
1156382,10,646
1161303,10,644
4190138339,10,644
4190133854,10,644
4190135375,10,638
4190124135,10,634
4190129506,10,610
1153194,10,604
4190125424,10,604
4190129312,10,592
4190128347,10,591
4190130090,10,577
4190126692,10,576
4190136124,10,574
40035421,10,560
4190139905,10,552
4190139906,10,552
4190139907,10,552
4190131039,10,531
4190129304,10,530
4190132649,10,530
1159925,10,529
4190139822,10,522
4190130223,10,520
4190138043,10,512
4190131683,10,500
1156856,10,490
1164809,10,484
4190126000,10,474
4190125893,10,472
4190124787,10,461
30031074,10,460
1157455,10,460
1164495,10,458
4190139495,10,456
4190138257,10,454
1149416,10,440
4190137997,10,440
4190125907,10,438
4190138652,10,434
4190136157,10,422
1160065,10,419
4190135058,10,418
30031451,10,416
4190134207,10,416
4190134206,10,416
4190134208,10,416
4190134209,10,416
1168241,10,416
30031454,10,416
30031453,10,416
30031452,10,416
4190130862,10,415
4190137911,10,412
1149319,10,411
4190127940,10,410
1156945,10,389
4190135786,10,384
4190126853,10,382
4190129296,10,372
4190129532,10,366
4190133882,10,366
4190128569,10,364
1164819,10,360
30030307,10,360
1164834,10,356
4190134117,10,352
1151300,10,352
4190124131,10,349
4190125870,10,348
1156215,10,348
4190139805,10,345
1156717,10,344
1168089,10,340
4190133367,10,339
4190132255,10,336
4190132839,10,336
4190127372,10,335
4190129226,10,335
4190132992,10,332
1161423,10,332
1156855,10,330
4190127135,10,328
4190124263,10,328
1147722,10,324
4190124867,10,324
4190131460,10,324
1154393,10,323
4190133610,10,323
4190130387,10,322
4190127015,10,322
1167083,10,319
4190132402,10,316
4190135103,10,314
4190139085,10,314
4190128800,10,312
4190126462,10,312
1161182,10,306
4190133996,10,300
4190133398,10,298
4190125539,10,296
1154260,10,296
4190135841,10,294
4190135377,10,292
4190128059,10,290
4190136145,10,288
1155657,10,284
1155581,10,277
4190130698,10,276
4190131253,10,274
1162280,10,273
4190130406,10,272
4190129026,10,270
4190131241,10,270
4190134554,10,264
4190131849,10,264
4190130070,10,262
4190129660,10,259
4190132162,10,259
4190124292,10,258
4190140122,10,258
4190132656,10,258
4190126173,10,256
4190139758,10,251
4190133881,10,251
1152962,10,250
4190131956,10,249
4190131654,10,246
4190131995,10,246
4190130015,10,246
4190130954,10,241
4190128795,10,241
4190126774,10,240
4190135177,10,240
4190125225,10,240
4190124483,10,238
4190126128,10,238
4190126810,10,238
4190127164,10,236
4190125665,10,235
1159048,10,234
4190126093,10,231
4190129554,10,231
4190138221,10,230
4190133116,10,230
4190132131,10,229
4190132985,10,227
1163941,10,222
4190126021,10,222
4190127330,10,222
1158990,10,220
4190138108,10,218
4190130274,10,216
4190128503,10,216
4190125632,10,215
4190126187,10,215
4190133442,10,213
4190125092,10,212
4190132249,10,212
4190138536,10,211
4190128912,10,211
1149364,10,210
1153163,10,208
4190126410,10,206
4190130918,10,205
4190130671,10,204
4190129396,10,202
4190125540,10,201
4190138106,10,201
4190138282,10,200
4190132234,10,200
1161256,10,198
1164846,10,198
4190124382,10,192
4190126407,10,190
4190134432,10,190
4190126248,10,187
4190124911,10,182
1156917,10,182
4190129925,10,182
1166432,10,181
4190126039,10,181
1162387,10,180
1153312,10,180
4190125924,10,180
4190135675,10,180
4190125589,10,177
1166074,10,174
4190129369,10,173
4190130835,10,173
1156201,10,172
4190138391,10,172
4190139998,10,170
4190129725,10,169
4190130852,10,168
1150880,10,168
4190124037,10,168
4190126613,10,164
1160021,10,162
1156301,10,160
4190129006,10,159
4190126803,10,159
4190125972,10,158
4190132895,10,154
4190131324,10,154
1167194,10,154
4190126860,10,153
4190128763,10,153
1166454,10,152
1158986,10,150
4190138898,10,148
1167289,10,148
1166829,10,146
4190135587,10,145
4190132476,10,143
4190133679,10,143
4190127351,10,143
4190126022,10,142
4190132938,10,141
1150088,10,141
30030685,10,139
1159027,10,134
1157058,10,132
4190129290,10,131
4190124938,10,131
1224523443,10,129
4190126757,10,128
4190134449,10,127
1165846,10,127
4190124275,10,126
1225851502,10,125
4190126559,10,124
4190132610,10,124
4190135331,10,122
4190126764,10,120
4190124465,10,120
1159870,10,120
1165834,10,118
4190128943,10,118
4190124117,10,118
4190135560,10,117
4190135769,10,116
4190130670,10,116
1164143,10,116
4190139943,10,114
1149356,10,112
4190125321,10,112
4190130903,10,112
1150167,10,112
30029438,10,112
4190131757,10,111
4190131005,10,110
4190131395,10,108
1158975,10,105
1165991,10,102
1161392,10,102
4190133026,10,102
1225060718,10,102
30031337,10,100
4190135450,10,100
4190135879,10,100
4190126787,10,98
4190133200,10,96
4190132626,10,96
4190138058,10,94
30031310,10,94
4190131111,10,94
4190134113,10,94
1158336,10,94
4190140085,10,93
1151390,10,92
1154371,10,91
4190132181,10,89
4190135754,10,87
4190134535,10,86
4190139891,10,86
4190134976,10,84
4190132891,10,83
4190133979,10,81
4190135778,10,80
4190131712,10,76
1156380,10,72
1167026,10,62
1160044,10,40
1156799,10,38
1162395,10,34
1151904,10,10
1153610,10,0
1142188,10,0
1143299,10,0
1142964,10,0
1151081,10,0
1150589,10,0
1152179,9,77148
4190129029,9,55680
4190129761,9,34175
1147729,9,31392
4190128279,9,25730
1160037,9,23268
1162739,9,22753
1160007,9,19350
1162972,9,17280
1152895,9,14400
1152894,9,14400
1151187,9,13920
1162497,9,13724
1168166,9,11940
1163843,9,9510
1153034,9,9170
4190139535,9,9002
1154943,9,7776
1167354,9,7576
1161311,9,7170
1150576,9,7168
4190129754,9,6550
1154279,9,6020
1148800,9,5972
30029086,9,5972
1153251,9,5769
1148063,9,5652
30031007,9,5380
4190130010,9,5176
1156852,9,5011
1157452,9,4986
30031071,9,4986
4190139911,9,4926
4190126965,9,4543
1153311,9,4320
1161099,9,4230
4190137849,9,4172
4190139796,9,4165
4190135797,9,4028
1164235,9,3780
1148117,9,3728
1148702,9,3466
1162383,9,3426
1166559,9,3404
1148857,9,3200
4190127896,9,3048
1148844,9,2976
4190139166,9,2966
1160028,9,2963
4190138021,9,2658
1152479,9,2640
4190130391,9,2560
30031985,9,2400
30030815,9,2358
4190131012,9,2208
1149272,9,2192
4190126188,9,2186
4190135539,9,2148
30032365,9,2100
4190139405,9,2040
4190131698,9,2032
4190130896,9,1928
30031201,9,1914
30031075,9,1914
4190130389,9,1914
1157456,9,1914
1157886,9,1913
4190133218,9,1876
1164900,9,1852
4190125094,9,1850
4190129079,9,1812
1157550,9,1778
4190124873,9,1767
4190128240,9,1740
1154045,9,1734
1167327,9,1722
4190130256,9,1659
1156120,9,1580
1152081,9,1534
1149495,9,1447
1152177,9,1404
1168216,9,1393
4190133049,9,1388
4190138018,9,1386
4190138435,9,1378
30031072,9,1362
1157453,9,1362
4190128521,9,1306
1154983,9,1304
1152394,9,1256
4190133032,9,1176
4190131704,9,1174
1152020,9,1152
30030336,9,1145
1156902,9,1144
1156796,9,1140
4190127440,9,1130
4190127479,9,1116
4190133432,9,1104
4190139919,9,1094
4190127272,9,1061
4190129958,9,1058
4190126431,9,1048
1150156,9,1024
1152433,9,1016
4190127122,9,982
1166524,9,970
1163805,9,964
4190132331,9,934
4190127812,9,932
4190129172,9,928
1165591,9,926
1151119,9,926
4190129349,9,918
30031077,9,911
4190132873,9,911
1159277,9,894
1166588,9,888
30030826,9,874
1159276,9,852
1159279,9,846
1159073,9,842
4190135141,9,835
1165636,9,819
4190125079,9,816
4190139290,9,814
1154302,9,795
4190129353,9,795
4190139770,9,788
1160031,9,788
30031561,9,782
4190125342,9,780
1148718,9,772
4190125599,9,760
4190132840,9,760
4190130743,9,742
30029310,9,736
1156690,9,732
1159154,9,731
4190135452,9,720
1154087,9,714
1157703,9,709
1154319,9,708
1160049,9,707
1164243,9,706
1155673,9,696
1157412,9,655
4190138818,9,624
4190126326,9,622
1155609,9,616
1158945,9,615
4190127883,9,592
4190135562,9,582
4190138404,9,576
4190139843,9,568
1156691,9,566
1156755,9,563
1155441,9,553
4190136122,9,552
4190139267,9,524
1155408,9,520
4190129218,9,520
4190130150,9,516
1164242,9,506
4190135314,9,505
4190124447,9,504
1166427,9,498
1159138,9,490
1148081,9,490
1157737,9,484
1156804,9,482
1164028,9,472
4190133336,9,466
4190136060,9,460
1154425,9,458
4190129844,9,456
4190126369,9,450
4190124947,9,448
4190138124,9,442
4190129439,9,433
4190134136,9,412
1167312,9,412
4190125952,9,410
4190126340,9,396
1160055,9,394
4190126464,9,392
4190124666,9,389
4190134281,9,382
4190124549,9,380
1166589,9,374
1159890,9,370
4190129496,9,364
4190124923,9,363
4190132723,9,361
1166431,9,361
4190127259,9,360
1164617,9,342
1164409,9,336
4190125656,9,334
1161092,9,332
4190135018,9,330
4190125192,9,326
1155550,9,324
4190130376,9,321
4190133053,9,320
4190134133,9,318
4190138222,9,316
4190130101,9,312
1157561,9,307
1157454,9,306
30031073,9,306
1156695,9,303
1149340,9,300
4190135793,9,298
30029297,9,297
1149422,9,294
4190138998,9,293
4190138319,9,292
1164109,9,290
1151229,9,282
4190125915,9,274
4190131650,9,272
4190130425,9,264
4190129426,9,262
1148999,9,258
4190129149,9,258
1156993,9,256
4190134579,9,254
1159128,9,248
4190126887,9,248
4190131003,9,246
4190135162,9,246
4190130431,9,244
4190127731,9,244
1154668,9,244
4190129109,9,242
4190127021,9,240
1150013,9,238
1154188,9,230
4190137844,9,226
1154717,9,226
1152123,9,226
1158380,9,226
1158969,9,226
4190131471,9,222
4190133891,9,222
4190128512,9,221
4190131700,9,220
4190130825,9,216
1168156,9,216
4190138787,9,215
1148679,9,212
4190139819,9,212
4190126683,9,210
4190133152,9,208
4190124753,9,207
1167237,9,206
4190135506,9,206
4190124234,9,200
4190128852,9,198
4190133525,9,198
4190132717,9,198
4190129598,9,196
30029372,9,193
4190138916,9,190
1152439,9,190
4190131201,9,188
4190134058,9,188
4190128481,9,188
1167032,9,186
4190130850,9,184
4190135796,9,184
4190131746,9,182
4190130647,9,178
4190134502,9,177
4190136027,9,176
1162372,9,176
4190133016,9,174
1154404,9,172
1153033,9,172
4190135468,9,172
1166384,9,171
4190131245,9,169
4190125013,9,168
4190130366,9,167
4190130837,9,166
1158259,9,164
4190134926,9,164
1166466,9,164
1151093,9,164
4190135170,9,162
30031908,9,161
4190127234,9,160
4190130733,9,160
1158458,9,157
1156980,9,156
4190130297,9,156
1167065,9,154
1151182,9,154
4190127463,9,152
4190134108,9,152
4190138555,9,151
4190132768,9,150
1164583,9,150
1156881,9,150
4190127053,9,146
4190131689,9,146
1167160,9,144
4190137953,9,144
1163829,9,144
4190135439,9,142
4190128671,9,140
4190128699,9,139
4190131466,9,139
4190126595,9,134
4190128833,9,132
1148697,9,132
4190132772,9,130
4190130889,9,130
4190124907,9,128
4190134217,9,128
4190124183,9,127
4190131164,9,126
1165853,9,125
4190133523,9,124
4190131227,9,122
4190130377,9,122
4190130552,9,122
4190133761,9,121
4190135186,9,120
1163838,9,120
1165748,9,119
1154237,9,118
4190131750,9,117
4190136058,9,114
4190133653,9,114
4190125206,9,113
4190131528,9,113
4190135591,9,113
4190128611,9,112
1165838,9,112
4190127960,9,110
4190122333,9,110
4190131754,9,110
1150251,9,110
1162491,9,109
4190139307,9,108
4190130819,9,108
1151237,9,108
4190139440,9,108
4190135299,9,108
4190130530,9,108
4190133972,9,105
4190133023,9,104
1224645589,9,103
4190128751,9,101
4190133011,9,100
4190132336,9,98
4190124213,9,98
1158985,9,97
1161395,9,95
4190130198,9,94
1154176,9,94
1162323,9,94
4190138794,9,94
30033563,9,93
1157036,9,92
1167066,9,90
4190125966,9,89
4190135848,9,87
4190139672,9,86
4190134574,9,86
1162296,9,84
30028846,9,84
4190134822,9,83
4190127115,9,82
4190135676,9,80
30031939,9,79
4190130721,9,75
40040029,9,74
1156797,9,72
1154262,9,70
4190125611,9,69
1224288272,9,69
4190124966,9,68
30029358,9,68
1154314,9,68
40036939,9,67
30030868,9,67
1156884,9,67
1225037961,9,65
4190126483,9,64
4190139662,9,64
4190134008,9,62
1165790,9,60
1155081,9,54
4190129362,9,53
4190131617,9,52
1151405,9,42
1224330546,9,25
30032492,9,9
1151786,9,0
1150918,9,0
1156546,9,0
1150835,9,0
1114831,9,0
1150889,9,0
1149375,12,158818
1165860,12,43200
1162970,12,42408
1148700,12,40170
1148814,12,39942
4190134261,12,38440
1161817,12,35012
1159289,12,27616
1154074,12,21168
1152249,12,17440
1164631,12,16410
1157678,12,13194
1153043,12,12480
4190139888,12,11158
4190132344,12,11036
4190136127,12,10480
1168150,12,9298
1108375,12,8679
1167294,12,8536
1164820,12,8349
1152308,12,8081
1150068,12,7801
1148161,12,7584
1161260,12,6756
1151550,12,6696
1151101,12,6232
1161767,12,6211
4190127286,12,5664
1162470,12,5568
1149171,12,5342
4190128487,12,4748
4190138019,12,4686
4190129127,12,4564
4190135846,12,4240
4190139883,12,4038
4190139790,12,3736
4190137922,12,3668
4190127345,12,3552
4190124748,12,3514
1152497,12,3448
4190139288,12,3224
1151150,12,2880
4190139545,12,2676
30029717,12,2472
4190128046,12,2426
1148076,12,2368
1163851,12,2302
4190127681,12,2268
4190134872,12,2209
4190128523,12,2103
1163749,12,2096
4190124562,12,2044
4190127683,12,2040
1165784,12,2000
4190128480,12,1920
1163646,12,1876
4190128475,12,1760
1159492,12,1654
4190124545,12,1645
1152076,12,1644
1154860,12,1600
30030625,12,1433
1155645,12,1433
4190128474,12,1431
1168051,12,1425
1152239,12,1404
1156258,12,1404
1152994,12,1368
4190135903,12,1192
1153087,12,1176
4190138390,12,1172
1156961,12,1172
4190134289,12,1134
30029421,12,1124
1151074,12,1124
1147726,12,1124
4190133405,12,1120
4190130947,12,1102
1159163,12,1093
1163745,12,1086
30032409,12,1086
1156242,12,1080
30031298,12,1056
4190130966,12,1029
4190126755,12,1016
1164955,12,1008
1157397,12,998
4190135748,12,956
1164501,12,946
4190138127,12,936
4190127858,12,932
1159967,12,931
30029069,12,924
4190129529,12,921
4190138062,12,906
4190127774,12,884
1152171,12,877
30029647,12,877
30031929,12,860
1156745,12,841
4190131679,12,828
4190138717,12,790
4190124845,12,781
4190126640,12,773
4190139543,12,763
1165807,12,744
1159946,12,738
30029933,12,728
40036064,12,712
30030202,12,712
4190126381,12,679
4190139757,12,676
4190125182,12,672
1166425,12,669
4190127219,12,666
1159224,12,651
4190129669,12,628
4190125040,12,622
4190131490,12,621
4190131417,12,620
4190133566,12,610
4190139069,12,606
1151362,12,600
1151363,12,600
1151261,12,600
1151272,12,600
1151262,12,600
1151280,12,600
1151277,12,600
1151360,12,600
1151269,12,600
1151271,12,600
1151276,12,600
1151273,12,600
1151270,12,600
1151274,12,600
1151275,12,600
1151278,12,600
1151279,12,600
1151361,12,600
1151268,12,600
4190128768,12,592
1151200,12,586
4190125579,12,553
4190132730,12,552
4190131674,12,546
4190139397,12,544
4190129209,12,532
1150473,12,528
4190133783,12,513
4190132304,12,502
1154330,12,500
4190135489,12,500
4190139816,12,494
4190136025,12,481
1151263,12,480
1151266,12,480
1151264,12,480
1151267,12,480
1151302,12,480
4190138636,12,480
1151265,12,480
1151303,12,480
4190130536,12,472
4190127058,12,471
4190133573,12,464
4190138138,12,456
1167573,12,448
1148101,12,448
4190133191,12,438
4190124094,12,433
4190135287,12,433
4190138290,12,432
4190125803,12,431
4190128607,12,431
4190139229,12,428
1168129,12,426
1164476,12,424
4190135640,12,424
1154290,12,422
4190139040,12,420
4190128623,12,420
4190124152,12,414
30032038,12,408
30032037,12,408
30032039,12,408
30032040,12,408
30030462,12,406
4190132958,12,405
1163862,12,399
1164777,12,395
1161306,12,387
4190139750,12,385
1148838,12,384
4190131202,12,382
1153058,12,378
4190133808,12,378
4190126252,12,374
1159097,12,373
4190136015,12,361
4190134838,12,360
4190132525,12,360
4190136055,12,359
1224706189,12,354
4190138272,12,350
4190138660,12,346
1159947,12,345
1163659,12,344
4190139469,12,340
4190131463,12,336
1167606,12,330
4190140079,12,328
1152085,12,326
4190124495,12,322
4190129003,12,321
1158881,12,316
1158882,12,316
4190135476,12,314
1154414,12,312
4190139812,12,312
4190132295,12,305
4190138662,12,301
4190135318,12,298
4190132697,12,296
1150342,12,292
4190131233,12,292
4190138999,12,284
1167253,12,284
4190124324,12,274
1157564,12,274
4190138910,12,273
1149178,12,266
1156348,12,264
1154409,12,264
1154182,12,263
1164539,12,258
1156754,12,257
4190134056,12,256
1224971247,12,254
4190134580,12,248
4190136110,12,247
4190139145,12,246
1156773,12,246
4190126298,12,246
4190139527,12,244
1168052,12,244
4190132333,12,238
1163989,12,235
1156141,12,234
4190130689,12,228
4190138123,12,227
1148711,12,226
1154212,12,226
4190125594,12,226
1150076,12,226
4190126947,12,225
1154814,12,222
1156352,12,222
1165863,12,222
4190133614,12,221
1163801,12,219
4190137950,12,219
4190126239,12,218
4190139406,12,212
4190139815,12,210
4190132883,12,206
4190129399,12,203
1148105,12,202
4190131081,12,200
4190131344,12,199
4190127385,12,199
4190127251,12,197
4190132196,12,195
4190133477,12,192
4190128118,12,192
4190131088,12,190
4190124137,12,188
1155398,12,185
1154305,12,184
1153320,12,183
1224825835,12,182
4190136030,12,182
1166403,12,181
4190124143,12,181
4190138313,12,180
1153127,12,180
4190125322,12,178
4190126915,12,172
1159122,12,172
4190127661,12,168
4190132887,12,166
4190125048,12,161
1166861,12,160
4190133133,12,159
4190126129,12,157
1161520,12,156
4190132548,12,156
4190133807,12,155
4190134472,12,153
1149314,12,152
4190124679,12,151
4190129366,12,151
1153052,12,150
30030254,12,148
4190126529,12,146
1155602,12,144
4190133139,12,144
4190132080,12,143
1149524,12,140
1166061,12,140
4190138729,12,140
1167139,12,140
4190134205,12,138
1156866,12,136
30032313,12,135
1163652,12,135
4190130765,12,135
4190133892,12,133
4190131459,12,132
4190130993,12,130
4190134577,12,129
1149201,12,128
4190133013,12,128
4190138466,12,128
1163709,12,126
30031273,12,126
30032345,12,126
4190135053,12,124
4190125035,12,124
1153007,12,124
30030436,12,120
1155054,12,120
1159861,12,118
1158884,12,118
1158885,12,118
1158883,12,118
4190124842,12,113
4190139721,12,109
4190133857,12,108
4190126217,12,108
4190131214,12,105
1158398,12,104
4190132497,12,104
4190133302,12,100
4190127529,12,98
4190133411,12,98
4190126519,12,96
4190128572,12,95
4190127156,12,92
1158605,12,91
4190131069,12,91
4190140160,12,90
4190134556,12,86
30029136,12,84
1148794,12,84
4190124346,12,77
4190132877,12,70
4190126844,12,52
1160977,12,28
1152957,12,12
1143298,12,0
1152192,11,119556
1164540,11,65076
1154802,11,51960
4190134730,11,32426
4190135017,11,28169
1150097,11,22653
1164525,11,20920
1163998,11,20424
1164537,11,17947
4190135816,11,13824
4190133096,11,12429
4190135819,11,12240
4190126702,11,11006
1152193,11,10914
1164534,11,10275
1164187,11,10275
1156976,11,10170
1152354,11,9184
1161119,11,9080
1160351,11,8300
1166850,11,8172
1152499,11,7920
4190135473,11,7728
1154344,11,7332
4190136043,11,7140
4190128057,11,6984
1151548,11,6716
4190124952,11,6480
4190136099,11,6352
4190136125,11,6058
1164596,11,5510
1151024,11,5178
1162299,11,4884
1150327,11,4836
1164555,11,4510
1149911,11,4162
4190131320,11,4074
4190127049,11,4062
4190132872,11,4012
4190130962,11,3954
1151224,11,3900
4190126660,11,3720
1160367,11,3490
1151023,11,2955
4190138400,11,2724
1148811,11,2704
4190132636,11,2400
4190140065,11,2260
1154131,11,2256
4190125086,11,2180
4190130111,11,2166
4190124413,11,2135
4190139997,11,2010
1154144,11,1983
1164029,11,1968
4190140132,11,1900
4190127845,11,1892
1161327,11,1872
1161343,11,1872
1161359,11,1872
1161351,11,1872
1161328,11,1872
1161345,11,1872
4190132201,11,1790
4190135351,11,1737
4190138068,11,1706
1164800,11,1602
1165849,11,1568
4190138588,11,1560
4190125030,11,1520
4190127682,11,1500
4190126528,11,1468
4190130127,11,1460
4190126979,11,1452
1157664,11,1446
4190129406,11,1444
1156947,11,1306
1157493,11,1284
1167304,11,1246
4190135658,11,1185
4190127332,11,1154
4190127263,11,1132
4190131484,11,1132
4190127652,11,1128
30029677,11,1115
4190138142,11,1100
1152273,11,1096
4190130106,11,1084
1156737,11,1060
1165235,11,1058
4190130440,11,1023
1156251,11,976
4190136044,11,910
4190134106,11,901
1153128,11,880
4190124887,11,870
1167355,11,848
4190125098,11,848
4190129995,11,848
4190132119,11,846
1164677,11,840
4190139764,11,810
4190126871,11,796
4190127174,11,784
1155406,11,762
4190131125,11,755
4190132358,11,743
1148644,11,740
1148692,11,740
4190129121,11,738
1166492,11,736
1157579,11,729
4190128004,11,725
4190133203,11,720
1158429,11,716
1157526,11,713
4190126603,11,700
4190134149,11,698
1164020,11,694
4190128163,11,685
4190139516,11,684
1166513,11,652
4190138453,11,644
30029809,11,642
4190126498,11,621
1148671,11,616
1161216,11,611
4190132760,11,609
4190126496,11,604
4190126362,11,596
1156992,11,596
1149269,11,585
1162284,11,582
1148672,11,580
1155064,11,563
4190124951,11,550
1154417,11,536
1149358,11,518
1167374,11,518
1148673,11,509
1154316,11,508
1154297,11,504
4190126655,11,492
4190129185,11,483
4190134701,11,480
4190132974,11,480
4190130615,11,477
4190128062,11,468
4190126868,11,468
4190139534,11,462
1162718,11,461
1154903,11,456
4190131435,11,454
1167288,11,452
4190129823,11,448
4190128724,11,448
4190128567,11,445
4190129617,11,437
4190135782,11,434
1153200,11,432
4190124515,11,430
4190124464,11,420
1154468,11,416
1154192,11,412
4190127788,11,408
4190132744,11,404
1154145,11,400
1167645,11,400
4190129411,11,400
1154267,11,400
4190128776,11,400
4190139240,11,394
4190127009,11,394
4190134105,11,393
4190137912,11,387
1165607,11,387
4190129978,11,384
1166410,11,382
4190126960,11,381
4190135602,11,368
4190125281,11,366
4190140060,11,362
4190132943,11,362
4190129454,11,362
1154268,11,360
4190125651,11,360
1159948,11,354
30030434,11,352
4190125451,11,348
4190131426,11,340
4190130034,11,336
4190132467,11,336
1168293,11,335
4190129189,11,332
4190139811,11,329
1162304,11,329
4190126901,11,328
4190134766,11,319
4190129793,11,315
1161404,11,313
4190134256,11,312
4190130183,11,310
4190138172,11,309
4190139252,11,307
4190130623,11,306
1156820,11,302
4190136039,11,296
4190133074,11,294
4190135929,11,288
4190124089,11,288
4190132440,11,285
4190138485,11,284
1166590,11,284
4190124115,11,284
4190127862,11,281
4190131511,11,276
1163986,11,273
4190126398,11,272
4190132262,11,268
4190139193,11,266
4190125465,11,266
4190125608,11,264
4190139350,11,261
4190131784,11,257
1164624,11,256
4190125045,11,256
1153019,11,254
1224852048,11,254
4190134592,11,252
4190135912,11,252
1164767,11,249
1155409,11,249
1159129,11,246
4190131975,11,245
4190139706,11,244
1157686,11,242
4190130323,11,241
4190129317,11,240
4190131606,11,240
4190135474,11,238
4190124700,11,234
4190127899,11,230
1154252,11,228
1151227,11,226
4190124710,11,225
4190134575,11,225
4190125222,11,222
1160019,11,220
1160180,11,220
4190131931,11,220
4190135869,11,220
4190128222,11,220
1159497,11,216
1154141,11,213
4190131709,11,211
4190125189,11,210
30029656,11,210
4190139890,11,209
4190128920,11,207
1151157,11,207
1166436,11,206
4190130383,11,203
4190135694,11,200
4190130147,11,199
4190131341,11,196
4190131121,11,194
1167470,11,191
4190139779,11,191
1164865,11,191
4190125020,11,188
1164671,11,188
4190125527,11,186
4190131749,11,185
4190127270,11,184
1153170,11,183
4190130220,11,182
4190127704,11,181
4190139317,11,181
4190132767,11,180
1153088,11,176
1224936486,11,174
4190128079,11,174
4190135509,11,171
4190124182,11,171
4190133793,11,170
4190133502,11,170
4190132698,11,170
4190125418,11,169
4190129315,11,168
1156126,11,165
4190140134,11,164
4190127759,11,164
4190124354,11,163
4190139638,11,163
4190125634,11,163
1162279,11,161
4190123641,11,157
1162186,11,156
1163927,11,156
4190133527,11,153
4190140114,11,152
4190132551,11,151
4190131142,11,149
1156227,11,147
4190137858,11,146
4190135010,11,146
1154207,11,145
4190131992,11,144
1155580,11,142
4190139133,11,140
4190133025,11,138
4190132455,11,138
1150310,11,135
4190131049,11,132
1148038,11,132
4190131514,11,132
1167481,11,126
4190133647,11,126
4190134271,11,124
4190126693,11,121
4190135335,11,119
4190133122,11,118
4190130467,11,118
4190129010,11,116
4190126645,11,116
4190139209,11,115
4190133024,11,114
4190140120,11,108
4190127466,11,108
4190131861,11,108
1165839,11,107
4190124607,11,105
4190128199,11,105
4190128650,11,104
4190123554,11,104
4190124202,11,102
4190134894,11,102
4190134034,11,98
1151111,11,98
4190126793,11,96
4190127450,11,96
4190135716,11,91
4190139895,11,90
1158230,11,86
4190127739,11,86
4190134924,11,82
30031450,11,81
1168036,11,78
1159205,11,78
4190127207,11,73
4190130920,11,69
1150011,11,66
1159843,11,64
1224872775,11,52
4190132914,11,47
30033531,11,11
1151792,11,8
1135822,11,0
1150922,11,0
1144096,11,0
1156477,11,0
1152485,14,333360
1152389,14,186120
1151767,14,141834
1149367,14,80075
4190139882,14,58266
1149368,14,56856
1156819,14,56692
4190127007,14,53604
1151498,14,26600
1148650,14,24546
1159208,14,17070
30031709,14,17030
30033727,14,16076
1150142,14,15269
1159490,14,15145
4190138713,14,14496
1159850,14,11562
1152214,14,10629
1151549,14,8912
1165734,14,8688
1151217,14,8503
1154420,14,7084
4190128440,14,6946
4190125230,14,6766
1154375,14,6732
1167489,14,6659
4190133006,14,6612
1154386,14,6480
1161765,14,5860
1148828,14,5858
4190139105,14,4880
4190138349,14,4722
1151153,14,4700
1152283,14,4473
4190129468,14,4341
1168172,14,4068
4190138122,14,3980
4190130797,14,3954
30032930,14,3708
4190138281,14,3696
1159116,14,3674
4190138829,14,3642
1151391,14,3396
1150117,14,3292
4190131781,14,3228
4190133575,14,3087
4190139016,14,2898
4190135533,14,2880
4190139277,14,2860
4190126818,14,2840
4190125710,14,2698
30032415,14,2658
1163757,14,2658
1154211,14,2354
1164770,14,2190
4190130398,14,2174
4190124155,14,2040
4190136123,14,1890
4190135029,14,1872
4190139946,14,1853
1164951,14,1843
1153083,14,1824
4190139705,14,1821
1158349,14,1804
4190127955,14,1762
30030708,14,1746
1156160,14,1746
4190135608,14,1700
4190124830,14,1628
30032414,14,1548
1163755,14,1548
1161347,14,1526
1161372,14,1526
1161350,14,1526
1161376,14,1526
1161354,14,1526
1161363,14,1526
1161330,14,1526
1161316,14,1526
1161370,14,1526
1161366,14,1526
4190136121,14,1482
4190128548,14,1446
4190133944,14,1434
1153336,14,1427
1149504,14,1344
4190124124,14,1336
1157505,14,1334
1159126,14,1326
4190136119,14,1318
4190129270,14,1290
4190129649,14,1262
4190135777,14,1261
4190125478,14,1239
1149533,14,1236
1151425,14,1206
4190128045,14,1187
4190125384,14,1172
4190127865,14,1166
4190126460,14,1160
4190139300,14,1152
4190127190,14,1132
4190140178,14,1020
4190133141,14,986
4190127671,14,970
4190128530,14,962
4190126882,14,956
1156784,14,933
4190134964,14,920
4190133344,14,910
4190137855,14,877
4190132408,14,839
4190138004,14,831
1148761,14,811
1148064,14,792
4190128340,14,784
1154442,14,784
1157009,14,783
4190136101,14,750
4190139447,14,747
4190139511,14,730
1156977,14,704
30030128,14,695
1153911,14,695
4190129756,14,695
4190125016,14,684
1155594,14,680
4190130083,14,653
4190131739,14,650
4190138029,14,642
4190133659,14,638
4190127317,14,637
4190138093,14,636
4190130639,14,618
4190128956,14,618
4190139295,14,618
4190128186,14,609
4190132478,14,600
4190132229,14,596
4190126466,14,584
1159096,14,578
4190128880,14,577
4190133712,14,576
4190134714,14,565
1151180,14,564
4190127922,14,560
4190124424,14,556
4190125251,14,550
4190135673,14,548
1150098,14,540
4190140080,14,534
4190130619,14,526
4190134817,14,512
1152956,14,505
4190133670,14,499
4190133646,14,494
4190134898,14,481
4190134272,14,477
4190124156,14,477
4190134584,14,475
4190132413,14,468
4190126238,14,464
4190139631,14,456
4190131982,14,455
1167199,14,439
4190129401,14,436
4190130751,14,435
4190134197,14,432
4190129329,14,429
4190138939,14,425
4190139372,14,422
30032142,14,419
4190127352,14,416
4190131071,14,412
4190132238,14,410
4190128816,14,409
1166509,14,401
1153322,14,384
4190131478,14,384
1159133,14,379
4190131479,14,376
4190135594,14,376
1155607,14,376
1153086,14,375
4190129409,14,372
4190131939,14,372
4190125780,14,370
1224760205,14,365
4190125771,14,363
4190133180,14,357
1160045,14,336
4190133571,14,336
4190130480,14,335
1159051,14,332
4190135327,14,331
4190133831,14,330
1153262,14,330
1151311,14,328
1151309,14,328
1151310,14,328
1151313,14,328
1151306,14,328
1151305,14,328
1151314,14,328
1151312,14,328
1151307,14,328
1151304,14,328
1151308,14,328
1153263,14,324
1152952,14,324
4190130443,14,324
1159131,14,319
4190131002,14,314
4190126275,14,314
4190130587,14,309
4190129796,14,307
4190132949,14,306
4190133916,14,306
4190129044,14,305
4190131765,14,303
4190129152,14,302
4190130766,14,300
4190127054,14,298
4190139925,14,297
4190131826,14,288
4190132360,14,288
1149173,14,288
4190126247,14,285
4190129271,14,285
4190136068,14,281
4190138492,14,280
1153260,14,279
4190124248,14,274
4190125116,14,273
4190131477,14,272
4190127912,14,272
1159125,14,271
4190126538,14,270
4190134141,14,268
4190130649,14,267
4190130692,14,260
4190134905,14,260
4190132182,14,256
4190130248,14,255
4190131311,14,253
4190136150,14,252
4190124480,14,252
4190127038,14,252
4190138551,14,250
4190128123,14,248
4190139185,14,248
30030584,14,245
1152418,14,241
4190124099,14,238
4190133637,14,237
1164708,14,236
1225001590,14,233
4190131022,14,230
1224790181,14,225
1226282127,14,224
4190133668,14,224
4190134599,14,219
1167330,14,218
4190125750,14,216
1158968,14,216
1154718,14,216
1165835,14,216
1164918,14,216
1158381,14,216
4190139207,14,216
1148795,14,214
30029044,14,214
30029137,14,214
1148100,14,214
4190133649,14,212
1154441,14,212
4190121980,14,211
4190130372,14,206
4190130571,14,204
4190134169,14,204
4190129279,14,198
4190125392,14,198
4190132995,14,198
4190139318,14,196
4190135343,14,195
4190131264,14,195
4190138403,14,194
4190125053,14,193
1150050,14,192
1158354,14,192
1150086,14,192
4190126045,14,192
4190129623,14,189
4190138374,14,186
4190137924,14,185
4190132105,14,180
4190139322,14,180
1153171,14,180
4190124653,14,175
4190126026,14,172
4190132479,14,172
4190124814,14,171
30032183,14,169
4190135824,14,168
1164190,14,168
4190131844,14,168
1164655,14,167
4190124121,14,160
4190133307,14,158
4190138463,14,156
4190131840,14,156
4190131415,14,155
1151143,14,154
1158370,14,150
4190132764,14,148
1151097,14,146
4190134032,14,145
1160022,14,144
4190139031,14,144
4190132618,14,136
4190127086,14,132
4190133422,14,132
4190132111,14,132
4190134277,14,130
4190127639,14,130
4190126654,14,129
4190126209,14,128
4190124858,14,128
1151116,14,120
4190132259,14,116
1154465,14,114
4190133255,14,92
1154424,14,64
40035406,14,39
4190125678,14,32
30029676,14,18
1152217,14,14
1150772,14,0
1150776,14,0
1152983,15,271210
1148685,15,55200
1148817,15,46684
1164052,15,43540
1165585,15,33238
1155036,15,28854
1152240,15,28800
1154128,15,24090
1166789,15,21680
1162380,15,20486
1153934,15,15114
4190139902,15,14348
4190128499,15,13487
1167168,15,12910
1168211,15,12156
1153130,15,11576
1166622,15,10444
1149284,15,10164
4190130496,15,10084
1158250,15,9982
1158570,15,9274
4190127872,15,8873
1163970,15,7848
4190133973,15,7650
4190127297,15,6882
4190132098,15,5828
1152996,15,5618
30032443,15,4968
1149487,15,4920
30029312,15,4920
4190140171,15,4736
4190135563,15,4711
4190125177,15,4650
4190127847,15,4626
4190129132,15,4386
1161239,15,4332
4190131820,15,4276
4190139125,15,4189
4190133695,15,4134
4190128689,15,4076
4190139065,15,3793
1163856,15,3786
1149791,15,3774
4190138562,15,3460
1166838,15,3334
4190133856,15,3120
30031951,15,3083
1162258,15,3083
4190132585,15,2844
4190134119,15,2736
4190124065,15,2641
1152460,15,2600
1156139,15,2584
4190136126,15,2558
1155728,15,2440
4190126710,15,2204
4190124600,15,2160
1151282,15,2140
4190128187,15,2120
1148119,15,2097
1165775,15,2040
4190130686,15,1928
4190134869,15,1849
1166635,15,1796
4190139873,15,1755
4190125662,15,1730
4190124706,15,1714
1167368,15,1671
4190126811,15,1564
4190130740,15,1453
1167234,15,1431
4190131229,15,1408
4190131987,15,1384
4190140173,15,1364
4190132865,15,1336
1154817,15,1322
4190139336,15,1294
4190131533,15,1287
4190127088,15,1236
1158413,15,1233
1158983,15,1194
1167491,15,1187
4190124974,15,1186
4190127655,15,1184
4190139688,15,1157
1158418,15,1124
4190128067,15,1081
1166448,15,1078
1158421,15,1071
1159889,15,1067
4190128025,15,1063
4190128024,15,1063
4190127921,15,1063
4190127920,15,1063
1152763,15,1060
4190138063,15,1046
1164410,15,1021
1164729,15,1017
30033370,15,1003
4190135613,15,996
4190133710,15,940
4190130197,15,926
4190130943,15,920
4190124908,15,914
1168218,15,870
4190126804,15,866
4190133517,15,856
4190126549,15,836
1151128,15,830
4190132542,15,806
4190128733,15,806
1164509,15,798
4190129420,15,792
4190128996,15,788
1164758,15,784
4190139575,15,784
1168074,15,760
4190127619,15,744
1158941,15,727
4190133312,15,724
4190139660,15,720
1167266,15,708
4190125714,15,703
4190133369,15,695
4190139576,15,680
4190134473,15,678
4190130690,15,670
1154256,15,656
1152247,15,651
30030747,15,647
4190129260,15,647
4190133031,15,633
4190134407,15,620
4190139632,15,614
1153010,15,612
1164903,15,582
1154333,15,582
4190135599,15,578
4190124469,15,576
1164896,15,572
4190127418,15,563
4190135504,15,554
4190135491,15,542
4190124484,15,536
4190133091,15,530
4190138118,15,525
4190135840,15,524
1168161,15,524
4190129114,15,517
4190135891,15,484
4190124399,15,480
1153547,15,472
1154244,15,470
4190132121,15,458
4190132660,15,450
4190138399,15,448
1166408,15,446
4190126482,15,446
1156341,15,444
4190127340,15,440
1166577,15,424
4190132932,15,409
4190129410,15,407
4190134478,15,406
1164709,15,404
1154127,15,399
4190130009,15,396
30031930,15,385
1166602,15,378
4190126163,15,372
4190130476,15,368
4190138168,15,363
4190125859,15,363
4190132239,15,360
4190124578,15,360
1168041,15,360
4190134193,15,360
4190124344,15,359
4190135507,15,358
4190132441,15,352
1148058,15,351
30029260,15,343
4190138198,15,342
4190124685,15,340
1164053,15,336
30031437,15,335
4190133237,15,335
4190131574,15,332
1152348,15,327
4190135513,15,325
1163748,15,324
4190133439,15,322
4190134135,15,319
1165638,15,314
4190135086,15,311
4190131745,15,306
4190126929,15,306
4190132547,15,299
1159123,15,294
1154124,15,294
4190126794,15,294
1154304,15,290
4190132278,15,286
4190132982,15,286
4190134434,15,283
4190126112,15,282
4190131025,15,282
4190124105,15,280
4190132330,15,280
4190124104,15,280
1164657,15,274
4190127949,15,272
4190127546,15,269
4190133743,15,266
4190138623,15,265
4190124338,15,261
4190130156,15,260
4190124770,15,257
4190132619,15,256
4190124478,15,255
4190135519,15,255
30029779,15,253
40035472,15,253
1166456,15,252
4190133732,15,252
30029441,15,251
4190124384,15,250
4190126033,15,249
4190125183,15,249
4190131916,15,245
4190124897,15,240
4190133642,15,237
4190131891,15,232
4190132452,15,228
4190135853,15,226
1154206,15,226
4190126726,15,224
1166489,15,222
4190130756,15,221
4190138334,15,220
4190128935,15,217
1164087,15,216
4190126153,15,216
4190125382,15,214
4190133154,15,213
1154310,15,209
4190138330,15,207
4190135087,15,207
4190138145,15,206
4190139294,15,203
4190124825,15,203
1154152,15,202
4190133279,15,202
4190128320,15,201
4190135090,15,201
1162287,15,197
4190134933,15,196
4190138490,15,196
4190126856,15,194
4190131199,15,194
4190124669,15,191
4190134025,15,190
4190124709,15,187
4190133717,15,186
4190138518,15,181
4190124317,15,180
4190133506,15,180
4190130763,15,180
4190126685,15,180
4190134327,15,172
4190127398,15,170
4190133988,15,170
4190126706,15,168
1154337,15,168
1167163,15,168
1165840,15,162
4190133754,15,161
1168213,15,160
4190133246,15,157
4190134602,15,156
4190130895,15,156
4190124102,15,154
4190134469,15,152
4190126191,15,150
1225188848,15,149
4190126691,15,148
4190133497,15,148
4190130596,15,141
4190126309,15,136
1155539,15,136
4190128390,15,135
4190140162,15,126
30030896,15,126
4190126732,15,126
4190127050,15,124
1154253,15,124
4190132762,15,122
4190135301,15,120
1226355426,15,117
4190125879,15,113
4190124979,15,108
4190135624,15,96
1226227020,15,82
4190127566,15,81
30032688,15,16
1150663,15,0
1150591,15,0
1151787,15,0
1164210,13,38694
1159324,13,20304
4190139884,13,16974
1162981,13,14436
30032286,13,14436
4190127268,13,13866
1148976,13,13414
1164060,13,7867
4190128553,13,6109
4190129234,13,6101
4190134096,13,5586
4190134636,13,5370
4190138873,13,5155
4190139801,13,4932
1154378,13,4820
1152761,13,4384
4190138664,13,4380
1161234,13,4358
4190132554,13,4039
4190138474,13,3930
1154280,13,3864
1149490,13,3728
1168111,13,3011
1151096,13,2392
1148653,13,2296
1148106,13,2263
1152945,13,2174
4190128992,13,2102
4190128728,13,2082
4190132450,13,1904
4190128520,13,1880
4190134483,13,1794
4190127288,13,1716
1160017,13,1634
4190134270,13,1618
4190127250,13,1572
1158360,13,1571
1162980,13,1566
30032285,13,1566
4190128519,13,1551
4190125513,13,1538
4190136120,13,1484
4190124409,13,1481
1150221,13,1450
4190124764,13,1416
1163943,13,1393
4190124129,13,1370
1162978,13,1328
30032283,13,1328
4190129655,13,1308
1153084,13,1295
4190138703,13,1278
4190131046,13,1221
4190126926,13,1220
1159968,13,1216
4190136066,13,1216
1152464,13,1208
4190128498,13,1204
1149298,13,1155
4190135063,13,1126
1152312,13,1104
4190128651,13,1040
4190138163,13,1032
4190131038,13,1026
4190128551,13,1012
30030407,13,1000
1153293,13,1000
4190129603,13,976
1155399,13,970
4190129145,13,966
4190129233,13,962
30032279,13,880
1162974,13,880
1163916,13,873
4190135611,13,868
1154341,13,860
4190132748,13,840
30032280,13,840
1162975,13,840
1164032,13,831
1162979,13,830
30032284,13,830
4190127669,13,826
1166510,13,805
1150010,13,788
4190133569,13,778
1167251,13,771
4190127477,13,722
1167282,13,713
4190127674,13,712
4190134234,13,709
4190135642,13,701
1165746,13,696
4190124586,13,690
4190126847,13,686
4190134346,13,686
1156316,13,679
1167236,13,653
4190124500,13,644
4190124508,13,644
4190132050,13,641
4190128138,13,636
1159214,13,633
4190124148,13,628
1166626,13,622
1155510,13,622
30030546,13,622
4190125444,13,617
30032041,13,612
4190126442,13,599
4190131407,13,591
1159928,13,590
1160100,13,588
4190136064,13,588
4190139083,13,573
4190124832,13,548
4190136024,13,540
1156204,13,539
4190133069,13,525
1162495,13,522
4190130576,13,511
1161408,13,498
4190139393,13,478
4190125208,13,476
4190124486,13,474
4190129680,13,471
4190138648,13,468
4190124393,13,465
4190134041,13,461
4190128298,13,460
4190134216,13,455
4190125305,13,450
4190126763,13,448
1165655,13,444
30029806,13,444
4190139783,13,444
1164640,13,435
1162308,13,424
4190139775,13,416
4190137878,13,416
4190134625,13,415
4190129487,13,405
1163644,13,401
4190127210,13,398
4190139493,13,396
4190132560,13,396
4190139442,13,389
4190138041,13,388
1156337,13,384
4190129938,13,383
1157695,13,373
4190139798,13,366
4190128392,13,361
4190138780,13,360
1167039,13,354
4190128035,13,352
1153136,13,349
4190126287,13,342
4190127643,13,342
4190129225,13,337
4190139834,13,337
4190134048,13,336
1155017,13,336
4190124014,13,331
4190133004,13,328
30030655,13,325
4190134955,13,322
4190138546,13,320
4190133784,13,317
4190134158,13,314
4190134075,13,314
4190127382,13,310
4190131305,13,305
4190130685,13,304
4190132888,13,303
1167246,13,298
4190135970,13,298
1164134,13,297
4190132810,13,297
1154924,13,294
1160026,13,292
4190139411,13,292
4190125236,13,291
1155117,13,286
4190124153,13,282
4190133756,13,280
1153261,13,276
1154326,13,273
4190135072,13,272
1165231,13,272
4190132577,13,270
4190128828,13,270
4190128877,13,270
4190132986,13,269
4190126700,13,264
4190136011,13,264
4190128875,13,264
4190131945,13,262
4190126578,13,258
4190131104,13,252
1150301,13,251
1164638,13,251
1161117,13,250
4190124301,13,249
4190131835,13,244
4190133406,13,244
30033529,13,243
1159132,13,242
1154566,13,242
4190124735,13,241
4190127666,13,239
4190124398,13,233
4190137994,13,232
4190125338,13,231
4190138680,13,230
1157702,13,229
4190128930,13,229
1156885,13,227
1224733795,13,227
4190126547,13,223
4190127184,13,216
4190127026,13,216
4190124937,13,216
1168246,13,213
1164797,13,211
4190130180,13,209
30031655,13,207
4190135102,13,206
4190138653,13,203
4190131999,13,202
1153264,13,197
4190125639,13,191
4190138098,13,190
4190124588,13,184
4190138296,13,183
4190132519,13,182
4190131155,13,182
4190128362,13,180
1166453,13,180
1153115,13,179
1148157,13,177
1156162,13,176
4190132392,13,175
4190134590,13,174
4190133076,13,173
1164898,13,171
1167569,13,162
4190132117,13,162
4190127634,13,161
4190129408,13,160
4190130403,13,160
1165551,13,159
30029043,13,158
1148085,13,158
1168059,13,157
4190139525,13,157
30031493,13,156
4190131918,13,150
4190133378,13,150
4190124110,13,148
4190124203,13,148
4190123961,13,147
4190127081,13,144
4190133207,13,140
4190138478,13,138
4190130724,13,138
4190133903,13,137
1168138,13,136
4190126437,13,130
1155702,13,130
4190131713,13,126
4190126009,13,126
1148159,13,124
1168227,13,117
30029170,13,116
4190130843,13,115
4190132614,13,112
4190132617,13,112
4190132616,13,112
4190123462,13,109
4190134845,13,107
1154308,13,102
4190127242,13,102
4190131513,13,97
4190134094,13,95
4190134712,13,91
1224416883,13,80
4190126663,13,66
1154667,13,64
1120443,13,0
1150911,13,0
1143249,13,0
1161689,16,47100
1151671,16,40260
4190129571,16,21892
1161750,16,17971
1149535,16,16694
1157233,16,16068
1161188,16,14856
1166392,16,14191
4190124546,16,11176
1164189,16,11140
4190129552,16,10756
4190128072,16,9540
1152766,16,7657
4190139371,16,7165
4190135070,16,6888
1164726,16,6362
4190128286,16,6351
30031889,16,6292
1154907,16,5684
1159268,16,5581
4190127276,16,5553
1164608,16,5438
4190125655,16,5432
4190127287,16,5044
4190139385,16,3456
1159291,16,3347
1149986,16,2908
4190140007,16,2762
4190139151,16,2719
1150303,16,2644
1160077,16,2632
4190139737,16,2574
4190135211,16,2424
1164528,16,2404
4190129458,16,2352
1162445,16,2115
1165564,16,2110
1159094,16,2076
1153081,16,2028
1151341,16,1960
1149252,16,1946
4190127531,16,1945
4190129253,16,1836
4190124356,16,1766
1159187,16,1744
4190131659,16,1648
1148809,16,1633
4190130055,16,1492
1150089,16,1484
1166449,16,1458
1167273,16,1403
4190127621,16,1378
4190139478,16,1370
4190133202,16,1350
4190129243,16,1276
1164879,16,1252
1165847,16,1228
4190127848,16,1211
1154432,16,1132
4190128645,16,1132
1148147,16,1124
1154351,16,1082
4190133156,16,1082
4190130154,16,1060
4190125328,16,1056
4190124326,16,1048
4190134182,16,1044
4190125072,16,994
4190129202,16,964
1154791,16,962
4190126583,16,938
1153067,16,928
4190138605,16,926
1156984,16,870
1154171,16,846
4190135921,16,840
4190134239,16,826
4190127615,16,824
4190125920,16,824
4190129887,16,818
4190126428,16,778
1150118,16,769
4190133335,16,752
4190139410,16,743
4190127247,16,742
1157441,16,732
1155515,16,732
1157618,16,732
1155514,16,732
1155516,16,732
1155517,16,732
4190124543,16,694
1154336,16,686
4190133992,16,664
4190125974,16,645
4190136020,16,641
4190129534,16,622
4190125925,16,618
1163699,16,611
4190139420,16,595
1167285,16,592
4190136029,16,581
1154169,16,574
4190133768,16,559
4190134189,16,553
4190127818,16,532
4190133056,16,530
1158368,16,528
4190135270,16,524
4190136023,16,524
4190131338,16,523
1152355,16,522
4190125912,16,520
1160110,16,515
4190129726,16,514
4190131855,16,510
4190130308,16,503
4190135330,16,501
4190124560,16,493
1158334,16,492
1164855,16,488
4190129338,16,485
4190139340,16,485
1167257,16,464
4190132353,16,457
1163947,16,455
4190129309,16,453
4190139006,16,452
1157524,16,449
4190132953,16,439
4190133327,16,434
4190138918,16,428
4190129675,16,422
4190134974,16,422
4190129427,16,419
1163945,16,413
4190129297,16,412
4190132363,16,404
4190139579,16,403
4190134957,16,403
1160020,16,398
1161220,16,397
4190126948,16,397
1152961,16,394
1148775,16,385
1150189,16,384
30029268,16,381
4190132233,16,380
4190140136,16,376
4190133380,16,373
4190126471,16,369
4190126390,16,368
4190133501,16,360
4190127188,16,359
4190135028,16,357
4190138395,16,355
4190135514,16,349
4190134439,16,344
4190134441,16,342
30031642,16,342
4190130551,16,336
4190126411,16,336
1154147,16,335
4190129535,16,329
4190133613,16,327
4190130631,16,320
4190133072,16,315
4190126724,16,313
1167128,16,310
4190128911,16,306
4190133225,16,304
4190138201,16,304
1153117,16,302
4190128403,16,299
1160008,16,292
4190126786,16,290
4190139991,16,287
4190127305,16,285
4190128570,16,284
4190132308,16,283
1156756,16,282
4190130244,16,281
4190124256,16,278
4190139683,16,277
4190134671,16,271
4190130856,16,271
4190131971,16,271
4190131265,16,270
4190138119,16,268
4190133528,16,266
1151100,16,266
4190126734,16,266
4190129416,16,264
4190133735,16,262
4190123776,16,262
4190134994,16,260
1153123,16,260
1160018,16,258
4190130519,16,252
4190128948,16,252
1166680,16,250
4190134499,16,248
4190133652,16,244
4190139078,16,244
1164530,16,243
1154246,16,240
4190131930,16,238
4190133847,16,238
4190128157,16,237
4190130179,16,235
4190134725,16,235
4190138524,16,235
4190138326,16,235
4190132395,16,232
4190128860,16,232
4190127561,16,229
1159124,16,226
4190133975,16,224
4190139480,16,221
4190132939,16,221
1224633915,16,220
1163946,16,220
1148289,16,216
4190132457,16,214
4190132327,16,212
4190138530,16,210
4190130288,16,207
4190130501,16,203
4190127914,16,201
30028874,16,200
1157066,16,194
4190138321,16,193
1166849,16,192
1167025,16,188
4190127569,16,187
1163847,16,186
4190127890,16,182
1159844,16,180
4190138945,16,179
4190127366,16,176
4190129293,16,176
4190127228,16,174
1159904,16,170
4190126289,16,170
4190131126,16,168
4190131555,16,168
1154077,16,168
4190128827,16,166
4190130285,16,164
4190129665,16,164
1157411,16,152
4190133564,16,147
1159247,16,144
1156168,16,144
4190131294,16,130
4190131671,16,128
1162302,16,126
1224287886,16,126
1156353,16,126
4190125830,16,124
4190132159,16,122
1166316,16,66
4190126877,16,46
1162274,16,16
1162233,16,16
1162286,16,16
1152068,16,0
30031888,27,32740
1152437,27,31842
1159895,27,30534
30031703,27,30534
30031250,27,30534
1158245,27,30534
1161267,27,25200
30031887,27,23173
4190129442,27,20591
1150723,27,19858
1152436,27,17654
1153237,27,17295
1164695,27,16247
1158571,27,13788
30031886,27,13536
4190128042,27,13504
30029529,27,12120
1151117,27,12120
30031047,27,11566
1164706,27,11031
4190131085,27,10730
1152498,27,9070
4190124918,27,8414
1156677,27,7903
30031049,27,7708
1164699,27,7598
1153238,27,7564
30032289,27,7364
1162248,27,6902
30031947,27,6902
30032447,27,6772
1162250,27,6729
30031949,27,6729
4190139126,27,6439
4190139127,27,6439
4190139129,27,6439
4190139128,27,6439
4190139131,27,6439
4190139130,27,6439
30032444,27,6362
1161819,27,6280
1156159,27,6153
30030707,27,6153
4190134708,27,6070
4190133609,27,5510
4190130190,27,5478
4190127633,27,5202
4190134970,27,4925
1153100,27,4693
4190129385,27,4666
4190139536,27,4624
30032438,27,3626
1152266,27,3425
4190128050,27,3332
1163802,27,3272
4190126031,27,2926
30031161,27,2831
30030825,27,2532
1150192,27,2390
30033323,27,2263
1162257,27,2202
30031950,27,2202
4190139715,27,2163
4190138559,27,1940
4190126642,27,1889
30031874,27,1867
1155497,27,1856
30030609,27,1832
4190129524,27,1803
1156189,27,1760
1164008,27,1757
4190134833,27,1678
1155589,27,1659
30032338,27,1602
30033521,27,1595
30032342,27,1558
30033313,27,1551
30032297,27,1523
4190131682,27,1506
1155988,27,1483
30031936,27,1483
30032294,27,1453
30031873,27,1396
30031935,27,1394
30032865,27,1391
4190135224,27,1350
4190125113,27,1343
4190128398,27,1299
1164816,27,1283
30032340,27,1269
4190138197,27,1255
30030623,27,1234
1155643,27,1234
1153092,27,1178
30030790,27,1172
4190124193,27,1151
4190128153,27,1094
4190126905,27,1082
4190130572,27,1078
4190133288,27,1075
30032322,27,1074
4190126534,27,1070
4190125441,27,1067
1152238,27,1064
4190128534,27,1059
30032316,27,1056
4190124552,27,1015
30032334,27,998
4190124430,27,969
30032307,27,962
30032305,27,942
30032314,27,938
30032353,27,926
4190125396,27,925
1161323,27,882
1112256,27,865
4190128951,27,840
4190129214,27,838
30032318,27,830
4190133396,27,819
4190124736,27,815
30032332,27,813
4190138513,27,812
30032341,27,811
30032335,27,790
30032301,27,770
1157434,27,752
30030400,27,718
1155935,27,712
4190125692,27,707
30032295,27,688
1163587,27,688
1164927,27,678
1163687,27,666
4190130971,27,666
30032336,27,666
4190131858,27,634
30031772,27,633
30032327,27,629
30031778,27,624
4190138709,27,624
30031953,27,609
1162247,27,609
4190130579,27,599
30032320,27,593
30032352,27,589
30031771,27,585
4190132404,27,583
4190127816,27,583
4190124743,27,580
30032308,27,578
4190130805,27,577
4190126516,27,565
30032309,27,558
4190133018,27,554
30030746,27,549
30032347,27,544
4190133492,27,542
4190125262,27,538
4190124229,27,531
30032333,27,521
30031767,27,512
4190125187,27,482
4190133099,27,477
1152219,27,475
4190124218,27,475
30030037,27,464
4190127057,27,462
4190131529,27,462
4190131449,27,460
1155705,27,456
30031774,27,451
1161422,27,444
4190133339,27,442
4190128292,27,441
4190132361,27,437
4190124824,27,437
30032329,27,433
30028873,27,431
30030038,27,424
30032351,27,421
30030398,27,420
4190125705,27,416
1163635,27,413
30032302,27,413
4190124428,27,407
4190132579,27,404
4190125219,27,401
4190138184,27,398
30031773,27,396
30029903,27,395
4190132904,27,391
1158277,27,389
4190127707,27,386
4190125630,27,385
4190127975,27,376
1159285,27,374
4190130655,27,369
4190126798,27,362
4190132965,27,359
30031768,27,358
1164714,27,356
30031770,27,354
30032349,27,350
4190132758,27,349
4190133621,27,348
4190134268,27,346
4190134514,27,345
4190128559,27,344
4190135764,27,343
4190133172,27,340
1163705,27,338
4190139282,27,338
30032344,27,338
4190135274,27,338
30032331,27,335
30031766,27,330
1151233,27,324
1090144,27,307
4190130497,27,306
30032323,27,305
4190138982,27,303
1168180,27,301
4190127675,27,284
1163663,27,275
30032324,27,275
30031779,27,260
30032350,27,256
4190135435,27,252
30032330,27,249
30031780,27,246
30031765,27,242
30031777,27,236
30031758,27,234
1148053,27,229
4190124011,27,225
1163649,27,224
30032311,27,224
30031338,27,210
30031492,27,205
30031759,27,204
30031491,27,203
4190135160,27,190
4190126950,27,189
4190127394,27,189
1159880,27,173
30031675,27,173
30031676,27,171
1159881,27,171
30031764,27,142
30031775,27,134
30031761,27,122
30031776,27,115
30031762,27,108
30031763,27,108
1162347,27,27
30032763,27,27
30032146,27,27
30032627,27,27
30032148,27,27
1149973,17,61090
1150219,17,52244
1152221,17,41044
4190136076,17,27655
1157694,17,26988
4190127838,17,22020
1150312,17,13750
1165994,17,13584
1167085,17,9945
1154335,17,8286
1159858,17,8206
1154070,17,7366
30031891,17,6684
1164241,17,6560
1161237,17,5850
1156623,17,5632
4190140022,17,5422
1148028,17,4639
4190131944,17,4422
4190129333,17,4280
4190133431,17,4204
4190124199,17,3748
4190135469,17,3451
1166839,17,3284
4190125954,17,3158
1159065,17,2784
4190135763,17,2660
1151336,17,2629
1151335,17,2629
1151330,17,2629
1151333,17,2629
1151332,17,2629
1151334,17,2629
1151331,17,2629
4190132329,17,2566
30032929,17,2481
4190134761,17,2417
4190132844,17,2390
1152269,17,2378
4190125654,17,2324
4190127134,17,2296
4190129569,17,2286
4190129087,17,2246
1165240,17,2220
1149344,17,2155
1149277,17,1966
1163753,17,1914
30032413,17,1914
4190125213,17,1898
4190124620,17,1812
1154191,17,1684
1155603,17,1669
4190128873,17,1608
1148846,17,1586
4190124320,17,1462
1161263,17,1236
4190127807,17,1224
1163836,17,1206
1154446,17,1196
4190132071,17,1164
30029771,17,1092
40035469,17,1092
4190132926,17,1004
4190133777,17,988
1159317,17,984
4190135461,17,976
4190128568,17,952
1152235,17,874
4190127601,17,854
4190129064,17,835
4190133329,17,830
4190125838,17,828
4190134123,17,768
1159074,17,767
1162238,17,764
1157511,17,760
30031089,17,760
4190129161,17,747
4190131710,17,746
1167250,17,744
4190132931,17,739
1151375,17,733
1163806,17,724
4190138547,17,724
4190133130,17,720
4190127678,17,720
4190127676,17,720
4190126150,17,711
4190127680,17,708
4190131908,17,696
4190126993,17,692
4190127018,17,686
1167218,17,669
4190131499,17,653
4190129038,17,638
1159512,17,620
4190128349,17,619
4190129489,17,604
4190129641,17,603
1163918,17,598
1157592,17,594
4190126379,17,584
4190131899,17,578
4190139720,17,574
4190126233,17,562
4190135746,17,540
4190125541,17,527
1148768,17,521
4190128027,17,520
4190129383,17,519
4190139122,17,516
4190139114,17,516
4190133205,17,516
1157209,17,514
4190139051,17,498
4190139052,17,498
1167189,17,496
4190128906,17,495
4190125106,17,484
4190139497,17,476
4190132725,17,468
4190125968,17,461
4190132686,17,461
4190130842,17,457
4190132724,17,456
4190131135,17,447
4190128247,17,446
4190128151,17,439
4190132343,17,436
4190126558,17,432
4190129765,17,430
4190132731,17,429
4190125090,17,422
4190128270,17,413
1147730,17,409
4190130444,17,404
30030866,17,401
4190139084,17,398
4190131240,17,396
4190140074,17,394
1164124,17,393
1155468,17,390
1154095,17,389
1162360,17,389
1224900041,17,388
1166455,17,387
4190138768,17,387
1154400,17,382
4190135065,17,378
4190130891,17,377
4190139402,17,376
4190138039,17,376
4190135342,17,368
4190127936,17,367
1164154,17,366
4190134842,17,365
4190134336,17,360
4190132475,17,359
4190126973,17,358
4190125391,17,337
1161407,17,337
4190131731,17,336
4190132425,17,335
1156727,17,331
1160178,17,330
1167037,17,329
1164895,17,328
4190124249,17,327
4190124100,17,326
4190133522,17,316
4190124852,17,315
4190131205,17,310
4190129511,17,307
4190131869,17,306
4190133775,17,306
4190128101,17,303
4190129602,17,299
4190133437,17,297
4190137885,17,295
4190133909,17,292
4190130456,17,292
4190132341,17,290
1154222,17,286
4190127253,17,282
4190135425,17,280
4190125729,17,270
4190131107,17,269
4190133314,17,266
1167316,17,264
4190139316,17,262
4190131865,17,256
4190139510,17,256
4190134421,17,256
4190125173,17,250
1161755,17,246
4190130949,17,240
30031490,17,234
4190139944,17,234
4190122265,17,233
4190139079,17,232
4190133430,17,231
4190126913,17,230
4190132320,17,230
1166668,17,226
1224330808,17,225
1149313,17,220
4190130263,17,220
4190140017,17,219
4190133499,17,218
1166568,17,216
4190124462,17,215
1167307,17,214
4190133034,17,214
1224552029,17,209
4190131147,17,206
4190131732,17,206
4190135416,17,206
4190131625,17,204
1166601,17,194
4190135480,17,193
4190131062,17,190
4190127397,17,189
4190134694,17,184
1224496498,17,176
4190133645,17,171
1164513,17,168
4190135466,17,164
1157950,17,162
1166553,17,159
4190135085,17,154
4190131753,17,151
4190129500,17,140
4190135272,17,139
1152203,17,138
1149203,17,137
4190126097,17,136
4190132742,17,130
4190134171,17,116
1150338,17,114
4190138943,17,114
4190124939,17,114
4190131429,17,112
1161681,17,36
30032582,17,17
1167115,17,17
1155825,21,78524
1164516,21,74280
1155832,21,56921
4190128070,21,46252
1148730,21,27947
1162283,21,24928
4190127275,21,24246
1162254,21,22542
4190135309,21,18928
1164237,21,16544
4190129785,21,11168
4190132204,21,9308
1148118,21,8237
4190128040,21,7857
4190135919,21,7532
4190126025,21,7092
1167340,21,6665
4190126037,21,6529
1155429,21,6386
4190124568,21,5736
4190134124,21,5595
1148107,21,5315
30030411,21,5102
4190131465,21,5058
4190139147,21,4918
4190129341,21,4834
4190138837,21,4611
4190125399,21,4592
4190131637,21,4490
4190124672,21,4280
4190138781,21,4240
4190127698,21,3472
4190128954,21,3346
4190128963,21,3306
4190133942,21,3131
4190129430,21,2884
4190131806,21,2863
4190128574,21,2696
4190134437,21,2500
30032293,21,2428
30031875,21,2373
4190126704,21,2366
1153012,21,2314
4190127071,21,2162
4190129979,21,2118
1156498,21,2033
4190129203,21,2016
4190129988,21,2001
4190127534,21,1912
1149779,21,1832
1149377,21,1826
4190132038,21,1826
1155052,21,1750
4190131343,21,1735
30029217,21,1728
1149382,21,1728
4190138125,21,1636
1156750,21,1612
4190127537,21,1484
4190124864,21,1468
1167479,21,1410
4190131173,21,1356
4190137853,21,1348
4190139301,21,1268
4190133739,21,1234
4190139144,21,1226
30031934,21,1182
4190134980,21,1182
4190128752,21,1175
4190124122,21,1146
1163746,21,1104
4190127933,21,1088
4190138177,21,1080
1163691,21,1080
4190124166,21,1068
1152377,21,1060
4190126384,21,1030
1149000,21,1002
1152345,21,1001
1164751,21,984
4190135811,21,968
1167373,21,966
4190129861,21,950
1153073,21,938
4190135603,21,849
4190128960,21,846
4190131751,21,825
4190133135,21,814
4190133414,21,806
4190133738,21,804
4190127798,21,722
4190135670,21,719
4190124914,21,711
1163642,21,705
1163640,21,686
4190125074,21,682
1159158,21,673
1163657,21,668
4190139521,21,662
4190132007,21,656
1164899,21,656
4190125728,21,649
4190138434,21,646
4190134184,21,642
1163654,21,642
1165744,21,641
4190133963,21,638
1167486,21,616
4190131244,21,611
4190134796,21,602
4190134435,21,600
1163631,21,582
4190132219,21,580
4190135554,21,571
30029712,21,560
30031924,21,558
1154395,21,551
4190138131,21,548
4190131742,21,545
4190138922,21,543
1154284,21,530
4190139918,21,514
1164739,21,507
4190127473,21,505
4190125742,21,501
4190126202,21,501
4190128767,21,488
4190124836,21,487
1149261,21,486
4190127786,21,483
4190124485,21,482
4190132429,21,478
4190124329,21,471
4190139983,21,464
4190124323,21,460
4190133580,21,460
1165870,21,448
4190138309,21,440
1160175,21,438
4190127508,21,438
1158436,21,437
1154226,21,430
1163651,21,428
1154116,21,427
4190124717,21,424
4190133939,21,422
4190125898,21,420
4190128448,21,419
4190137959,21,417
4190135207,21,415
4190132975,21,407
1163645,21,402
4190132389,21,401
4190131565,21,401
1158433,21,398
1154209,21,396
1164818,21,388
4190130502,21,386
4190129285,21,386
4190131888,21,382
4190135001,21,378
1168108,21,374
4190140133,21,366
4190139966,21,364
4190129001,21,364
4190132540,21,361
1167336,21,357
4190127592,21,357
4190132367,21,355
4190133294,21,352
4190124479,21,349
1159162,21,347
1162330,21,344
1165767,21,343
4190125171,21,342
1154347,21,340
4190131744,21,333
4190135844,21,325
4190131091,21,315
4190132572,21,314
4190133701,21,312
4190129712,21,312
4190135536,21,309
4190139541,21,308
4190132769,21,308
4190135174,21,306
4190131508,21,303
4190131491,21,293
4190132456,21,292
1154399,21,292
4190124270,21,287
1157938,21,285
4190132375,21,285
4190125235,21,284
1166684,21,270
4190124095,21,266
4190133709,21,258
1155445,21,258
4190131616,21,256
4190138379,21,252
4190131912,21,250
4190132787,21,250
1164658,21,246
4190130699,21,230
4190126070,21,222
4190133071,21,220
1167301,21,216
4190131457,21,209
4190134450,21,202
4190132899,21,185
4190126066,21,178
4190139327,21,170
4190124610,21,168
1158980,21,156
1226038353,21,154
4190133037,21,141
1224381966,21,137
4190131120,21,136
4190127567,21,132
4190139341,21,132
4190129611,21,129
4190132710,21,124
1225383656,21,49
30029723,21,21
1152155,21,21
1167263,19,66717
1162971,19,64308
4190134283,19,51705
1148664,19,33264
1161401,19,24610
1167332,19,24392
1156197,19,21346
4190134392,19,20010
30032948,19,16250
1154242,19,14710
1167360,19,14468
1149360,19,13637
1162511,19,12020
4190131115,19,10146
1165993,19,7620
4190125430,19,6966
4190125153,19,5764
1148104,19,5698
1152406,19,5055
4190138176,19,4984
1154121,19,4834
1166578,19,4488
4190134672,19,4016
1155057,19,4008
1157143,19,3909
4190134412,19,3824
1150632,19,3792
1165697,19,3483
1149295,19,3036
30032606,19,3024
1156128,19,2706
1159139,19,2546
4190127861,19,2522
4190127233,19,2286
4190127596,19,2068
1153957,19,2036
1153036,19,2021
4190131960,19,1914
4190131464,19,1870
4190138867,19,1790
4190130953,19,1776
4190130464,19,1760
4190132924,19,1692
4190139138,19,1641
4190132031,19,1630
1153082,19,1584
1166842,19,1528
30030627,19,1526
1155647,19,1526
30032130,19,1465
4190134948,19,1450
4190129642,19,1414
1163630,19,1376
1167478,19,1374
1167483,19,1344
1161429,19,1335
4190128844,19,1316
1163693,19,1191
4190128710,19,1185
1166530,19,1176
4190127989,19,1154
4190131095,19,1112
4190126807,19,1095
4190137961,19,1048
1164916,19,1032
4190133589,19,1026
4190124567,19,988
4190128005,19,958
1155098,19,909
4190129394,19,879
4190128610,19,865
1157410,19,864
4190125715,19,842
1155047,19,832
1156921,19,804
1159157,19,787
4190126540,19,787
4190135892,19,772
4190133250,19,758
4190125303,19,756
4190133275,19,752
4190135208,19,750
4190129212,19,728
1159151,19,705
4190140141,19,690
4190125027,19,689
1154567,19,680
4190138835,19,670
4190126135,19,657
4190124179,19,635
4190139563,19,633
1150122,19,630
4190127906,19,626
4190139338,19,613
1162222,19,588
4190139835,19,588
4190129205,19,587
1158302,19,586
4190129870,19,571
4190129138,19,570
1160179,19,561
4190138598,19,551
1165808,19,540
1156298,19,536
4190130894,19,531
4190129826,19,524
4190127159,19,511
4190126614,19,497
4190133542,19,496
4190124971,19,485
1158261,19,477
4190135635,19,473
30030653,19,472
30030789,19,468
4190133671,19,468
1152987,19,456
1163667,19,455
1157668,19,445
4190129563,19,444
4190134720,19,444
4190126087,19,439
4190137851,19,431
4190130945,19,427
30029734,19,424
4190126713,19,420
1167107,19,419
4190127406,19,413
4190129643,19,400
4190128980,19,393
4190135755,19,388
4190133088,19,386
4190126278,19,382
1160177,19,371
4190132592,19,370
4190134850,19,368
4190133375,19,367
4190134394,19,366
4190129019,19,365
4190126849,19,355
4190135200,19,354
1154250,19,352
4190134107,19,349
4190125425,19,348
4190133491,19,344
4190124875,19,344
4190126571,19,336
4190140127,19,331
4190128484,19,329
4190138508,19,329
4190124564,19,328
4190139003,19,326
4190131308,19,322
1157039,19,320
4190134961,19,319
4190124377,19,319
1156212,19,317
4190131210,19,316
4190138295,19,312
1165789,19,307
4190124216,19,302
4190130348,19,300
1163496,19,300
4190131132,19,294
1168063,19,293
1154263,19,291
4190127468,19,288
4190138928,19,284
4190125096,19,284
4190132157,19,280
4190132640,19,276
1151250,19,275
4190124668,19,274
4190138940,19,273
4190133704,19,272
4190128677,19,272
1156822,19,268
4190124984,19,268
1225163654,19,267
4190128078,19,266
4190131727,19,264
4190133985,19,260
4190131197,19,260
4190132675,19,257
4190124306,19,257
4190133908,19,255
1154218,19,255
4190133622,19,252
30029997,19,252
4190131365,19,247
4190139236,19,240
1164884,19,235
4190135944,19,234
1226174374,19,234
1159261,19,228
4190125506,19,218
4190129359,19,216
4190133748,19,213
4190128303,19,206
4190124659,19,202
4190132945,19,199
4190125992,19,197
4190129088,19,194
4190134631,19,192
1157426,19,190
4190134621,19,189
4190133703,19,188
4190133672,19,188
4190133444,19,180
4190132068,19,178
1166523,19,169
4190131838,19,150
4190126484,19,144
1162213,19,142
1167568,19,138
1161430,19,114
30032203,19,114
1225547908,19,53
1152066,19,19
1161514,19,19
30032628,19,19
1144095,19,0
1142329,19,0
1164165,20,40112
4190132195,20,35976
1155630,20,25124
1152944,20,20038
1154391,20,18420
1166699,20,13160
1149480,20,12116
30030409,20,9372
4190128074,20,7492
4190137998,20,6908
1148678,20,6576
4190136081,20,5740
1153292,20,5270
4190124880,20,5231
4190139112,20,4668
1164483,20,4414
4190127283,20,4381
4190125286,20,4166
4190129227,20,3928
4190133617,20,3325
1154282,20,3228
4190134176,20,3170
1154367,20,3064
1164222,20,2756
4190127535,20,2634
1154232,20,2560
4190128267,20,2456
30030304,20,2430
4190135711,20,2232
4190124154,20,2228
4190125763,20,2224
4190136005,20,2145
4190134314,20,1788
4190124632,20,1656
4190129769,20,1632
1155094,20,1502
1167482,20,1368
4190128214,20,1324
4190127617,20,1249
1156807,20,1228
1166659,20,1181
4190135632,20,1120
4190135734,20,1064
1157079,20,1037
4190132052,20,1026
4190138552,20,1002
4190132745,20,978
1150223,20,960
1151172,20,871
4190138610,20,854
1164180,20,852
1155038,20,852
1155041,20,852
1154416,20,848
1166856,20,842
4190128533,20,827
4190135400,20,826
1154974,20,807
1149479,20,798
30031919,20,791
4190138603,20,783
4190133433,20,767
4190138418,20,762
4190124847,20,747
4190124624,20,744
1155077,20,741
30032690,20,732
4190126648,20,722
1154564,20,722
4190133561,20,712
1151318,20,700
1151317,20,700
1152508,20,699
4190132495,20,696
4190127944,20,696
4190135674,20,684
4190125141,20,630
4190129157,20,630
4190138150,20,629
4190139019,20,620
4190128789,20,612
4190134780,20,611
4190130846,20,602
4190135383,20,597
4190126564,20,590
4190125822,20,588
4190132147,20,586
4190124308,20,585
4190138548,20,583
30031483,20,574
40037585,20,574
1159156,20,568
4190126754,20,558
1161270,20,554
4190126766,20,551
4190140161,20,530
4190127220,20,530
1154146,20,522
4190125122,20,519
4190126090,20,513
30031093,20,511
1163650,20,510
4190124583,20,504
1165730,20,500
4190134177,20,498
4190132380,20,495
4190139963,20,491
4190126796,20,480
4190139289,20,473
4190125984,20,470
4190132294,20,470
1154953,20,461
4190131013,20,460
4190134683,20,458
1163679,20,453
4190125255,20,450
4190138571,20,446
4190135438,20,438
4190128640,20,438
4190126065,20,434
4190128818,20,431
1160174,20,428
4190131037,20,420
1157506,20,418
4190133516,20,410
1158431,20,405
4190127532,20,400
1163859,20,399
4190140172,20,398
4190132721,20,392
4190139230,20,390
4190125224,20,386
1162315,20,385
4190133669,20,378
4190126615,20,376
4190129009,20,374
4190135483,20,373
1152953,20,372
4190132518,20,371
4190133427,20,371
4190128605,20,370
4190132403,20,369
4190135914,20,366
4190124111,20,357
4190132781,20,356
4190127763,20,356
4190129045,20,354
4190130989,20,348
4190126617,20,347
4190125680,20,344
1162386,20,340
4190128900,20,340
4190124269,20,337
1159989,20,336
4190130625,20,331
4190129110,20,330
1154254,20,330
4190129187,20,327
1155463,20,326
1156686,20,324
1163846,20,320
4190139704,20,319
4190126086,20,317
4190129236,20,314
4190128838,20,303
4190130358,20,300
4190131507,20,295
4190132091,20,294
1167575,20,290
4190133551,20,285
1164793,20,282
4190127129,20,282
4190124283,20,270
1224474912,20,269
4190125748,20,260
4190129438,20,258
4190138886,20,256
4190124266,20,256
4190126244,20,254
4190133317,20,251
4190133866,20,248
1162385,20,237
30031963,20,237
4190139181,20,235
4190130432,20,234
4190126715,20,232
4190124380,20,232
4190139663,20,228
4190130875,20,227
1157542,20,222
4190131231,20,222
4190130755,20,220
1156317,20,212
4190130438,20,210
4190126963,20,184
4190133539,20,184
4190134799,20,183
4190135710,20,182
4190127552,20,179
4190126634,20,165
1224610039,20,159
4190133424,20,158
4190129482,20,153
1148712,20,20
1150109,20,20
1155674,22,92314
30033320,22,32130
1152656,22,25424
1150091,22,21024
4190137913,22,18006
4190135415,22,17370
4190128071,22,15864
4190125010,22,15652
4190128382,22,12220
4190135308,22,10249
4190139763,22,10153
4190124940,22,9840
4190127761,22,9206
4190139241,22,8200
4190135721,22,6911
1147946,22,6483
4190135031,22,6099
1148654,22,6010
4190125573,22,5867
4190136088,22,5732
4190138416,22,5449
30031050,22,5272
4190127714,22,5080
1162473,22,4865
1151284,22,4407
4190133494,22,4188
1157498,22,4188
4190138656,22,4174
4190127913,22,4136
4190128016,22,4136
1155831,22,3556
1164763,22,3112
4190135325,22,3101
1157268,22,3029
1154405,22,2912
1162295,22,2836
1149467,22,2778
1164125,22,2745
30033341,22,2745
4190134388,22,2636
4190124458,22,2630
4190127656,22,2415
4190130455,22,2408
4190124860,22,2320
4190128544,22,2304
4190128314,22,2264
4190139879,22,2220
4190127168,22,2218
4190126934,22,2102
4190134893,22,2004
1164031,22,1865
4190132935,22,1800
1163798,22,1799
4190125829,22,1779
1163799,22,1778
4190138974,22,1721
4190127533,22,1604
1159227,22,1580
4190133686,22,1521
1148977,22,1493
4190124960,22,1460
1166477,22,1448
4190133295,22,1447
1153214,22,1378
1151349,22,1374
1151315,22,1374
1151338,22,1374
1151337,22,1374
1151343,22,1374
1151346,22,1374
1151350,22,1374
1151344,22,1374
1151351,22,1374
1151352,22,1374
1151347,22,1374
1151348,22,1374
1151345,22,1374
1154249,22,1368
4190131422,22,1277
4190131834,22,1262
1165711,22,1180
4190133629,22,1090
4190128017,22,1080
4190127322,22,1050
1154257,22,1040
4190132124,22,1014
4190128893,22,981
4190125462,22,936
30031938,22,934
1150092,22,929
4190130627,22,892
1163697,22,885
1159161,22,878
4190132987,22,876
1163685,22,842
1163670,22,829
1151160,22,818
4190134773,22,802
4190138120,22,798
4190135569,22,784
4190138858,22,750
1157545,22,744
1163660,22,726
1167087,22,726
1167490,22,699
1167308,22,672
4190128761,22,665
4190139544,22,661
4190128488,22,654
4190128063,22,628
4190125935,22,625
4190139490,22,622
4190135120,22,608
4190132287,22,607
4190126317,22,596
4190132809,22,580
4190130474,22,577
4190131904,22,566
4190127657,22,542
4190126078,22,537
4190129450,22,528
4190131601,22,528
4190127718,22,528
4190136129,22,517
4190134338,22,514
1168251,22,506
1164882,22,505
4190133050,22,498
4190135702,22,492
4190131183,22,488
4190139494,22,486
1154136,22,476
1165845,22,474
4190127085,22,472
4190124573,22,468
4190129120,22,466
4190128591,22,464
1157693,22,464
1156368,22,464
4190133254,22,460
4190139325,22,454
4190128258,22,439
30029808,22,439
4190130608,22,435
4190138616,22,431
4190132529,22,427
4190140039,22,426
4190138241,22,423
4190124623,22,418
4190135137,22,402
4190129994,22,392
1163666,22,386
4190130801,22,384
1158432,22,375
4190134920,22,359
4190126717,22,357
4190128990,22,356
1148791,22,336
4190134278,22,331
4190139401,22,328
1157935,22,319
4190126681,22,319
4190127310,22,318
4190135089,22,317
4190130874,22,314
4190133454,22,314
4190139062,22,307
4190124697,22,305
4190134652,22,304
1226163602,22,303
4190134717,22,291
4190130469,22,286
4190134262,22,284
4190133262,22,283
4190135535,22,278
4190133935,22,273
4190133030,22,268
4190130636,22,266
4190139887,22,266
1162281,22,264
1158818,22,264
4190134131,22,263
4190124493,22,260
4190132651,22,260
4190124804,22,253
4190126536,22,250
4190129741,22,247
4190135634,22,242
4190139561,22,239
4190129232,22,238
4190129803,22,237
1224358532,22,209
4190126089,22,208
1155631,22,205
1168148,22,202
1226015285,22,196
4190127571,22,164
4190127131,22,160
30032626,22,22
1149376,23,85159
1160415,23,42160
1157297,23,28262
1157682,23,26736
4190129647,23,23664
4190127278,23,23224
4190136183,23,18452
4190129475,23,17082
4190126628,23,16876
30030349,23,14346
1164004,23,10428
1164078,23,9996
4190127917,23,9546
4190128021,23,9546
4190139836,23,9464
4190125330,23,9030
4190126667,23,7812
4190127284,23,7740
4190135448,23,7062
1166686,23,6820
4190127916,23,6636
4190128020,23,6636
4190128022,23,6320
4190127918,23,6320
4190130529,23,6298
4190130505,23,6204
1167574,23,6149
4190129275,23,6059
1163924,23,5730
4190139416,23,5466
4190136085,23,5385
4190128019,23,5246
4190127915,23,5246
4190127919,23,5175
4190128023,23,5175
4190126038,23,5010
4190129036,23,4884
4190138476,23,4804
4190128018,23,4354
1150153,23,4335
4190134121,23,4280
4190134043,23,3439
1151228,23,3172
1151908,23,3148
4190132798,23,3101
4190127752,23,2912
4190138160,23,2784
4190139722,23,2776
1163628,23,2682
4190128820,23,2568
4190130001,23,2476
4190140013,23,2416
4190130374,23,2308
4190135659,23,2141
1147912,23,2122
1154401,23,2066
30029169,23,1966
4190134936,23,1871
4190130192,23,1818
1156704,23,1649
4190132187,23,1559
1157620,23,1554
4190138539,23,1492
30032441,23,1368
1153385,23,1323
4190126792,23,1313
4190125022,23,1304
4190131962,23,1295
1155627,23,1131
4190135880,23,1080
1166390,23,1041
4190128514,23,1020
4190130630,23,1012
4190133159,23,993
1167363,23,992
4190134699,23,941
1154251,23,940
4190140063,23,904
1155454,23,900
4190139568,23,893
1163656,23,876
30031937,23,858
4190139856,23,822
4190134068,23,819
1163669,23,817
4190125165,23,816
1162482,23,809
4190138880,23,801
4190126669,23,788
4190134823,23,776
4190139452,23,767
4190134073,23,739
1157880,23,732
4190125636,23,724
4190139509,23,702
1159264,23,695
30030911,23,690
4190132235,23,690
4190135092,23,688
4190139158,23,682
4190132761,23,678
4190132966,23,658
4190135744,23,638
4190124451,23,622
1154826,23,622
4190136155,23,596
4190124900,23,565
1163634,23,564
4190138596,23,562
4190132449,23,556
4190125143,23,544
4190132740,23,539
4190128190,23,539
4190133941,23,528
4190124916,23,527
4190127020,23,520
4190139135,23,518
30030999,23,504
4190125036,23,502
4190131736,23,498
4190134685,23,497
4190125349,23,491
4190138550,23,490
1154856,23,490
4190130667,23,482
1154193,23,482
1154323,23,475
1149500,23,464
4190124819,23,464
30029258,23,464
4190126682,23,462
4190132959,23,460
4190132871,23,458
1162329,23,456
4190137875,23,453
4190124645,23,448
4190133799,23,447
4190131284,23,441
4190133949,23,440
1156261,23,433
4190125991,23,428
4190130830,23,428
4190130419,23,427
4190127392,23,424
4190125210,23,420
4190132156,23,409
4190136115,23,404
1158313,23,399
4190128730,23,399
4190129891,23,396
4190128344,23,387
1164930,23,384
4190126198,23,378
4190126729,23,378
4190138428,23,375
4190130851,23,375
4190139102,23,374
4190124815,23,373
4190132516,23,367
4190124309,23,363
4190138817,23,350
4190129604,23,335
4190127353,23,324
4190133663,23,324
1164939,23,324
4190129298,23,324
4190128130,23,322
4190132693,23,319
1148652,23,318
4190134382,23,305
4190132979,23,305
4190135271,23,298
4190134520,23,291
4190133199,23,287
1166504,23,286
4190127365,23,286
4190129382,23,282
1148162,23,276
4190138426,23,270
4190134280,23,270
4190139101,23,269
4190125961,23,269
4190133206,23,262
1148012,23,259
4190133757,23,256
4190138661,23,252
4190127570,23,252
1226131566,23,230
4190133073,23,221
1155662,23,212
4190128295,23,206
4190124925,23,204
4190132135,23,197
30028921,23,196
4190126281,23,186
4190129453,23,182
1151780,23,0
1164116,18,132112
1162721,18,32791
4190127267,18,16352
4190135307,18,15120
1153025,18,14609
4190132811,18,13334
4190125319,18,12984
1160350,18,11780
1162333,18,11431
4190124849,18,8028
4190131277,18,7860
1157142,18,7398
4190132352,18,7168
1155634,18,6745
1150018,18,6580
1151188,18,5976
4190132334,18,5347
4190138577,18,5314
4190132876,18,5222
1154138,18,4876
4190134310,18,4485
4190128803,18,4080
1151161,18,3102
1151095,18,3080
4190133837,18,3022
4190139556,18,2988
30029417,18,2955
4190138342,18,2926
1152079,18,2811
4190128785,18,2448
30030981,18,2408
1157002,18,2408
4190133574,18,2336
4190127538,18,2139
4190128815,18,2040
4190127289,18,1922
4190130082,18,1850
4190135531,18,1794
4190138100,18,1700
4190128212,18,1664
1155661,18,1626
4190129175,18,1589
1165581,18,1577
1159943,18,1495
4190130482,18,1473
4190135718,18,1384
4190132468,18,1349
4190128660,18,1340
1148017,18,1320
4190127536,18,1318
4190129067,18,1292
1164252,18,1254
1157054,18,1180
30032442,18,1164
1154062,18,1143
4190126495,18,1052
4190130960,18,978
4190133447,18,956
1154388,18,944
1151162,18,917
1153080,18,909
1154227,18,890
4190130942,18,881
1159155,18,873
4190133204,18,866
1154345,18,864
4190127820,18,863
1154838,18,860
4190125545,18,844
4190124186,18,841
4190134009,18,800
4190133998,18,799
4190125698,18,788
30031288,18,781
1159942,18,770
4190133468,18,765
4190124839,18,761
4190135229,18,756
4190139450,18,747
4190138117,18,718
4190131719,18,712
4190124673,18,702
1156840,18,689
30031302,18,689
1162340,18,684
4190136141,18,665
4190134527,18,662
4190131810,18,656
4190132286,18,649
4190124497,18,605
4190130624,18,602
4190139627,18,594
4190127623,18,579
4190130617,18,564
1155102,18,551
1154173,18,537
4190127197,18,534
1162253,18,528
4190134319,18,526
4190131136,18,514
4190128394,18,511
4190127519,18,509
4190130543,18,502
1164174,18,496
4190132226,18,494
4190125454,18,486
4190126873,18,477
4190139165,18,473
4190126633,18,472
4190124898,18,464
1163923,18,462
4190138223,18,449
4190129249,18,432
1164840,18,408
1165871,18,394
4190139117,18,392
4190140099,18,391
4190138057,18,390
1164337,18,386
1164153,18,386
4190130399,18,385
4190134145,18,377
4190126580,18,370
4190124772,18,366
1156224,18,364
1156209,18,360
4190128420,18,354
4190133338,18,350
4190126121,18,348
4190129387,18,346
4190135708,18,345
4190135548,18,341
4190130283,18,335
4190124554,18,330
4190128794,18,320
4190139665,18,319
4190139592,18,316
4190135337,18,316
4190126797,18,314
4190126996,18,313
1159017,18,306
4190131480,18,303
1158435,18,302
4190126488,18,291
4190136070,18,288
1154368,18,286
4190131098,18,286
4190139303,18,274
4190134887,18,269
4190124945,18,268
1158434,18,266
1167156,18,264
4190124901,18,260
1160069,18,254
4190127029,18,254
1157405,18,252
4190127932,18,252
4190127123,18,250
4190125759,18,247
1154366,18,244
4190132169,18,244
1157713,18,240
4190132077,18,239
4190131843,18,236
4190124850,18,230
1161142,18,228
1224288881,18,226
4190131018,18,226
4190129289,18,223
1165752,18,216
1166848,18,216
1165855,18,212
4190126174,18,210
4190131764,18,210
4190127863,18,208
4190131845,18,205
4190124227,18,204
4190135249,18,194
4190132267,18,193
4190131937,18,188
4190132024,18,188
4190133482,18,184
4190125878,18,180
1151144,18,164
4190138962,18,154
1164967,18,153
4190135356,18,147
4190140108,18,144
4190131298,18,139
1155656,18,136
1149443,18,130
4190131359,18,116
4190133256,18,111
1225407776,18,59
1152417,18,18
1143981,18,0
1148965,26,52524
1164978,26,32210
1152397,26,30822
4190127042,26,20580
1156798,26,19145
30030902,26,19145
1153157,26,15769
4190125176,26,14936
1156217,26,14459
1152432,26,11691
30031048,26,10152
1149383,26,9974
4190134129,26,8806
1154296,26,7952
4190127138,26,7718
30032119,26,7715
1164669,26,6370
1165562,26,6362
4190126203,26,6005
4190139206,26,5590
1156841,26,5548
1157056,26,5276
4190126341,26,5164
30030629,26,5048
1155649,26,5048
4190129543,26,4510
1163793,26,4206
30032437,26,4206
4190126543,26,3380
4190136140,26,2902
4190127809,26,2890
1150314,26,2430
1159823,26,2356
30033314,26,2349
1152703,26,2322
4190125311,26,2182
4190128652,26,2167
30031922,26,2089
1162326,26,2014
4190125101,26,1956
30030548,26,1861
1155507,26,1861
30032412,26,1814
4190132993,26,1751
4190132070,26,1725
30032298,26,1661
4190138519,26,1634
4190140147,26,1586
1152267,26,1577
4190138541,26,1570
1163627,26,1511
4190136094,26,1488
30031872,26,1456
4190124542,26,1434
1163566,26,1429
4190131934,26,1408
30032339,26,1403
1165619,26,1253
30032292,26,1154
4190128632,26,1133
1151075,26,1118
4190125863,26,1116
30032300,26,1098
1163632,26,1098
4190138456,26,1090
1162249,26,1060
30031948,26,1060
4190135665,26,972
4190128397,26,946
4190131074,26,942
1149444,26,845
1154255,26,826
4190135568,26,813
4190124366,26,770
4190126765,26,764
4190127928,26,762
4190128869,26,751
4190135692,26,747
1154041,26,743
4190138305,26,737
4190131124,26,719
4190138300,26,702
4190135071,26,697
1155422,26,687
4190124544,26,683
4190124158,26,674
4190126064,26,660
4190128515,26,655
4190128330,26,650
30032299,26,642
4190136106,26,638
30030401,26,626
4190136146,26,620
4190133917,26,612
1167070,26,579
4190135039,26,576
1164936,26,571
1150202,26,558
4190134069,26,553
4190135645,26,544
30030399,26,540
4190135561,26,538
4190134669,26,537
1168239,26,535
30033749,26,533
30030397,26,531
1165869,26,516
4190138991,26,514
4190132707,26,510
4190133390,26,509
4190138044,26,503
4190124922,26,499
4190126668,26,485
1154373,26,471
4190138328,26,464
4190125713,26,453
1165651,26,451
4190139148,26,448
4190132679,26,448
4190133515,26,441
4190131557,26,440
4190126082,26,436
4190133801,26,430
4190139771,26,427
4190139184,26,424
4190138502,26,424
4190130800,26,424
4190131581,26,423
4190136114,26,418
4190139313,26,406
1153009,26,405
4190134031,26,402
4190133455,26,397
4190126347,26,388
4190125440,26,384
1090143,26,381
1165883,26,374
1159159,26,372
30032310,26,364
4190135236,26,363
4190140126,26,361
4190134900,26,360
1152992,26,360
4190133558,26,357
4190125554,26,355
30030402,26,354
4190138512,26,352
30031438,26,350
1167325,26,350
30031700,26,335
4190125537,26,326
4190131384,26,317
4190139713,26,312
4190125626,26,311
4190128416,26,310
4190130415,26,305
4190124755,26,305
1224445852,26,295
1156350,26,294
1163661,26,293
4190131044,26,291
4190131816,26,257
4190125388,26,244
1163674,26,243
4190124756,26,224
30031449,26,219
1155444,26,215
1154356,26,202
4190134617,26,196
4190127510,26,194
30028811,26,182
1156844,26,181
4190124385,26,147
1225756597,26,137
1162334,26,26
1162346,26,26
30032761,26,26
30029754,26,26
1162343,26,26
1162325,26,26
30032687,26,26
1162332,26,26
30029823,26,26
1144091,26,0
4190135641,24,117120
4190134399,24,82378
1164226,24,33792
1157518,24,33046
4190132843,24,32580
1165886,24,20920
1149247,24,18957
1156892,24,17629
1147947,24,9919
1149472,24,9908
4190127383,24,9256
1155347,24,8388
4190139284,24,7534
4190124164,24,5904
4190135020,24,5560
4190133616,24,5482
4190132175,24,5304
1148969,24,5204
4190124427,24,5000
4190126762,24,4811
1152480,24,4610
4190131631,24,4464
1159949,24,4253
1154247,24,4012
1156882,24,3559
4190126036,24,3528
4190126055,24,3488
1166682,24,3482
1164932,24,3347
1165473,24,3297
4190127996,24,2992
4190124869,24,2764
1164894,24,2734
4190139467,24,2732
1163740,24,2486
4190127995,24,2432
4190135838,24,2378
1166498,24,2132
30033731,24,2090
4190135541,24,1911
4190127384,24,1902
1163639,24,1851
1163629,24,1783
1155696,24,1781
1156858,24,1722
4190136090,24,1559
1163702,24,1294
1154133,24,1188
4190140036,24,1170
1150644,24,1122
4190125237,24,1120
1163643,24,1094
1159069,24,1087
1156934,24,1077
1154295,24,1038
4190124521,24,988
4190126161,24,948
4190126544,24,903
4190139696,24,896
4190135213,24,890
4190132086,24,889
30032354,24,878
4190131913,24,871
4190129440,24,864
4190135901,24,862
1157145,24,839
4190124602,24,836
4190133373,24,821
4190132676,24,812
1154201,24,810
1164081,24,804
1165736,24,804
1165806,24,800
1164926,24,773
4190138238,24,758
1163686,24,748
4190130246,24,738
4190134975,24,731
4190131194,24,720
4190133291,24,718
4190129221,24,714
4190125207,24,709
4190135048,24,702
4190127116,24,701
4190130828,24,698
4190135812,24,686
4190126254,24,658
4190134021,24,656
4190126143,24,654
4190124579,24,635
4190128437,24,629
1154363,24,626
1155424,24,622
4190128332,24,591
4190124494,24,582
4190124566,24,581
4190125857,24,567
1158437,24,563
4190128735,24,560
4190139692,24,550
4190124290,24,542
30031925,24,530
4190139304,24,522
4190140180,24,522
4190139305,24,518
4190139921,24,473
4190133926,24,470
4190125699,24,459
4190129398,24,450
4190128676,24,442
4190129456,24,434
4190130018,24,424
4190135943,24,424
4190135492,24,416
1163671,24,405
4190132094,24,402
4190129164,24,399
4190131481,24,391
4190128806,24,390
4190125347,24,382
1166059,24,381
4190131976,24,380
4190134914,24,371
1148785,24,369
4190129625,24,368
1157531,24,357
4190132755,24,353
4190124258,24,351
4190131613,24,348
4190132971,24,346
4190135279,24,339
4190129136,24,337
4190140002,24,336
4190140068,24,325
4190132438,24,323
4190132933,24,322
4190131352,24,304
4190124445,24,301
4190125463,24,296
4190127388,24,294
4190134596,24,289
4190126968,24,284
4190134902,24,283
4190124223,24,282
4190131676,24,275
4190133532,24,272
1157732,24,270
4190133570,24,269
4190130893,24,268
4190138631,24,265
4190135770,24,260
4190131587,24,258
4190131348,24,244
1163662,24,244
4190126499,24,228
4190139248,24,223
4190127303,24,212
4190124361,24,204
4190131786,24,201
4190132695,24,200
4190126304,24,192
1150322,24,186
4190124877,24,178
4190139315,24,170
4190132598,24,156
30032143,24,24
30032145,24,24
1162344,24,24
30032144,24,24
1162345,24,24
1144089,24,0
1162444,25,41670
1162373,25,40742
1162727,25,39359
1152196,25,37485
4190126588,25,27134
4190129046,25,17938
1159180,25,15132
4190135305,25,14375
4190137919,25,14016
4190136079,25,11651
1152468,25,9592
1164692,25,7781
4190129595,25,7064
4190136092,25,6818
1163633,25,6128
4190132158,25,5995
4190124812,25,5944
4190129344,25,5910
4190134385,25,5735
1163756,25,5372
4190132754,25,5244
4190134881,25,5145
1165341,25,5070
4190131633,25,4964
1156770,25,4726
1163751,25,4602
30033732,25,2978
1151444,25,2896
30032288,25,2718
4190126986,25,2584
4190131084,25,2372
4190124718,25,2313
4190133194,25,2277
30030547,25,2219
1155509,25,2219
30032291,25,1899
30029910,25,1713
1153044,25,1689
4190138504,25,1612
1156314,25,1428
4190131063,25,1422
4190124699,25,1417
4190128608,25,1402
1157033,25,1377
4190138273,25,1338
4190130937,25,1275
4190125596,25,1266
4190130077,25,1263
4190133045,25,1235
4190138582,25,1178
4190138481,25,1125
4190133296,25,1072
4190135897,25,1026
1156994,25,1020
1167033,25,1010
4190138385,25,1002
4190136151,25,926
1148728,25,888
1154235,25,850
30033523,25,846
4190129512,25,838
4190139429,25,837
4190128711,25,834
1165956,25,812
30030991,25,802
4190138528,25,777
4190128704,25,770
4190138500,25,764
4190133673,25,763
4190125461,25,717
4190125385,25,714
30032691,25,693
4190131766,25,687
4190124307,25,677
4190139027,25,674
1155426,25,671
4190139795,25,668
30032312,25,636
4190126908,25,624
4190138488,25,602
1164034,25,601
4190130448,25,591
4190129407,25,564
4190126840,25,562
4190125253,25,562
4190134010,25,561
4190134722,25,546
4190125500,25,525
4190130804,25,507
4190133417,25,498
1154423,25,478
4190135032,25,473
4190131347,25,472
1163682,25,463
4190139690,25,462
4190132301,25,460
4190133740,25,458
1164601,25,455
4190139457,25,450
4190130524,25,449
4190131493,25,447
4190124538,25,446
4190125244,25,437
1166569,25,434
4190129192,25,420
4190131413,25,420
4190134127,25,420
1155502,25,417
4190139249,25,416
4190139858,25,415
4190129831,25,405
4190125331,25,401
1167099,25,398
4190128277,25,398
1164910,25,386
4190128659,25,385
4190138722,25,381
1163665,25,372
4190133604,25,370
4190129674,25,369
4190125845,25,366
4190139182,25,361
4190128363,25,358
1163647,25,352
4190129805,25,350
1154196,25,349
4190139501,25,347
1163658,25,342
4190132500,25,341
1164231,25,340
4190133186,25,338
4190131787,25,336
4190133648,25,328
4190126582,25,318
4190138750,25,310
4190125600,25,306
1154213,25,305
4190134491,25,294
30031769,25,290
4190132627,25,279
1163677,25,278
1224577660,25,259
1155579,25,258
4190135315,25,251
1158967,25,248
4190128836,25,245
4190130628,25,232
4190126975,25,224
4190124649,25,188
4190125929,25,178
1159185,25,25
1144161,25,0
1152664,29,39610
4190135590,29,35910
1155620,29,32019
30031162,29,28092
4190128225,29,27330
4190125028,29,25604
1152984,29,25548
1148049,29,16661
4190127859,29,16470
1154329,29,15044
1164694,29,14524
30032706,29,14123
1148171,29,13119
1166700,29,12756
4190136082,29,11420
1162376,29,10811
1164700,29,10607
1164546,29,8913
1155567,29,8870
1165992,29,8496
4190129421,29,8471
4190132581,29,7927
4190130720,29,7884
4190130209,29,7406
1164653,29,6769
4190128981,29,6051
4190128988,29,5719
4190128989,29,5691
4190128987,29,5541
1152342,29,5045
4190130299,29,4722
4190130293,29,4656
4190139738,29,3344
1155037,29,3140
1158451,29,2904
1154163,29,2498
4190133716,29,2426
4190126626,29,2356
4190127860,29,2252
4190135633,29,2194
1164085,29,2084
1154303,29,1938
4190129701,29,1798
1151364,29,1757
4190134482,29,1741
4190124481,29,1631
4190128241,29,1612
1156749,29,1606
4190134651,29,1518
4190134016,29,1476
4190134876,29,1438
4190126684,29,1388
1156313,29,1340
4190130938,29,1330
4190132728,29,1325
4190131258,29,1307
4190128813,29,1236
4190139773,29,1231
4190124831,29,1220
4190134517,29,1170
4190124581,29,1116
4190129469,29,1102
4190126416,29,1058
4190124924,29,1020
1167487,29,1015
1160176,29,996
4190132927,29,992
4190131169,29,974
4190133356,29,972
4190131800,29,947
4190135389,29,940
4190138196,29,927
4190126132,29,918
4190128077,29,886
4190132632,29,852
1153004,29,835
1157656,29,833
1166656,29,816
1147877,29,802
1148715,29,802
1150065,29,802
1149317,29,802
1154569,29,797
1154971,29,797
4190132260,29,780
1159857,29,754
4190128343,29,747
4190139551,29,741
4190126903,29,739
4190139261,29,712
4190134813,29,704
4190138907,29,698
4190138801,29,687
4190130532,29,668
4190129244,29,667
4190139456,29,660
4190131420,29,659
4190138493,29,650
4190132864,29,644
4190134030,29,643
4190138544,29,637
4190139024,29,604
4190134501,29,594
1156751,29,580
4190138676,29,570
1154137,29,548
4190126042,29,548
4190130381,29,525
4190124890,29,508
4190138491,29,498
4190128453,29,488
4190128983,29,457
4190131696,29,453
4190133245,29,448
4190132853,29,445
4190135012,29,428
4190125386,29,426
4190139475,29,424
4190134573,29,422
4190133345,29,420
1164778,29,413
4190133127,29,404
4190124423,29,378
4190133178,29,372
4190132813,29,369
1164888,29,368
1159885,29,338
4190131004,29,338
1158335,29,304
4190139537,29,289
4190133870,29,273
4190128049,29,270
4190126315,29,250
4190131940,29,239
4190132790,29,236
4190140018,29,233
1225886336,29,187
1225481731,29,181
1225974156,29,172
1153193,28,155578
4190135471,28,59500
1162404,28,38550
4190126906,28,21364
1167201,28,17978
1152448,28,14505
4190125453,28,12330
1151766,28,11602
1158569,28,10897
4190137882,28,9789
4190136174,28,8299
4190128577,28,7292
4190134134,28,5170
4190139633,28,5088
4190133995,28,5047
1161526,28,4979
4190133943,28,4567
1165700,28,4298
1148077,28,4029
1151184,28,3917
1156788,28,3651
4190128609,28,3388
4190135038,28,3076
4190125151,28,2936
4190133029,28,2930
4190126627,28,2814
4190133144,28,2706
4190130094,28,2323
4190137945,28,2234
4190126192,28,2139
4190138614,28,2064
4190135889,28,1978
1164940,28,1949
4190127864,28,1936
1165877,28,1910
1165876,28,1840
4190127758,28,1801
1154384,28,1784
4190129028,28,1750
4190125042,28,1740
4190125904,28,1676
1158939,28,1557
1154287,28,1522
1165804,28,1444
1154689,28,1372
4190135529,28,1360
4190133795,28,1349
4190139864,28,1316
4190125724,28,1289
4190125727,28,1278
1156462,28,1212
4190133273,28,1098
1156360,28,1092
1167149,28,1091
1164853,28,1076
4190127432,28,1064
1164083,28,1059
4190132804,28,1048
4190132089,28,1029
1167609,28,1015
4190134132,28,1005
4190134251,28,989
4190130331,28,948
4190125592,28,903
4190139549,28,881
4190132566,28,848
4190129037,28,846
1156362,28,842
4190131431,28,838
4190128141,28,830
4190130991,28,809
4190129656,28,806
4190139703,28,792
4190138615,28,789
4190138350,28,769
4190139868,28,755
4190130360,28,752
4190125357,28,744
4190129499,28,735
4190130316,28,733
4190129514,28,730
4190129446,28,724
4190126492,28,722
1164860,28,721
4190133713,28,695
4190127076,28,694
4190133900,28,671
4190135312,28,670
4190132513,28,669
4190134627,28,661
1167092,28,635
1154265,28,572
4190129464,28,571
4190134553,28,566
1157431,28,557
4190135595,28,556
1164938,28,552
4190134512,28,542
4190133640,28,534
4190133075,28,524
4190125144,28,522
4190139564,28,520
1167319,28,513
4190138960,28,507
4190125078,28,507
4190134229,28,506
4190132382,28,475
4190134504,28,472
4190138423,28,463
4190133889,28,448
4190139772,28,440
1156951,28,420
4190138905,28,409
1158262,28,402
4190139552,28,394
4190134805,28,382
1149863,28,372
4190124526,28,371
4190133918,28,369
4190131815,28,368
4190129379,28,359
1157517,28,357
4190131626,28,351
4190135014,28,336
4190140061,28,330
4190140163,28,328
1152503,28,325
4190133863,28,315
1166442,28,303
1159201,28,302
4190132029,28,287
1165654,28,283
4190139833,28,258
1225374488,28,245
1164920,28,186
4190129048,28,138
1225237669,28,137
1149861,30,81650
1148772,30,61220
1159255,30,44550
1155250,30,35202
1154259,30,28480
1154394,30,24315
4190135360,30,16590
4190127844,30,12748
4190138032,30,12388
4190135740,30,11268
1154071,30,9676
4190133350,30,8224
4190124348,30,6803
4190136158,30,6702
1150012,30,6228
4190135500,30,6208
4190128494,30,5938
4190139731,30,5882
4190131378,30,4998
4190132848,30,4982
4190133554,30,4578
4190135459,30,3713
4190126028,30,3172
1157070,30,2940
1164904,30,2930
4190124569,30,2580
1152376,30,2520
4190133000,30,2367
4190125490,30,2298
4190139540,30,2268
1149496,30,2210
1164013,30,2178
1159198,30,1965
1152259,30,1936
1157601,30,1733
4190124683,30,1690
4190128915,30,1668
1165812,30,1652
4190129955,30,1572
4190138965,30,1510
4190127632,30,1474
1152375,30,1360
4190139023,30,1337
1154043,30,1322
4190127824,30,1290
4190125887,30,1208
4190124524,30,1189
1167605,30,1171
4190138116,30,1168
1152260,30,1155
4190139548,30,1128
4190132910,30,1092
1160082,30,1080
1152378,30,1080
1161154,30,1080
4190128946,30,1080
4190135501,30,1044
4190129681,30,1044
4190129689,30,982
1156327,30,974
4190124209,30,970
4190124768,30,956
4190131774,30,932
1167203,30,894
1165779,30,823
4190131846,30,790
4190135808,30,745
4190133946,30,704
4190134888,30,693
1155042,30,662
4190133362,30,650
4190131841,30,633
4190134853,30,623
4190125389,30,614
4190131078,30,601
1164929,30,597
4190130829,30,596
4190132984,30,588
4190127208,30,576
4190133341,30,562
1154426,30,555
4190126276,30,553
1154185,30,548
1166618,30,532
4190128882,30,521
4190127604,30,511
4190124252,30,509
4190134929,30,498
4190132657,30,492
4190131473,30,488
4190131832,30,484
4190138372,30,471
4190131362,30,464
4190132447,30,439
4190128708,30,428
4190138275,30,428
4190139760,30,419
4190133893,30,418
4190125147,30,417
4190139374,30,417
4190132115,30,416
4190132511,30,413
1156787,30,381
4190131783,30,360
4190129011,30,353
4190130913,30,351
4190129405,30,347
4190130684,30,315
4190133085,30,302
4190134820,30,300
4190130218,30,274
1157059,30,266
1225374766,30,236
1168268,30,234
1151907,30,30
1153069,30,30
1153795,32,73000
4190125584,32,30314
1162269,32,26600
4190138630,32,23349
4190138149,32,18764
1164218,32,7721
1159209,32,7147
4190130722,32,6617
4190138233,32,6530
4190124996,32,5619
1158430,32,5590
4190132584,32,4414
4190126264,32,4308
4190130553,32,3841
1164057,32,3760
4190128513,32,2786
4190127514,32,2410
1163812,32,2360
1164084,32,2312
1154322,32,1956
1154321,32,1956
1151412,32,1911
4190139973,32,1808
4190133639,32,1791
1156338,32,1733
4190128328,32,1731
4190126618,32,1631
4190130407,32,1617
1155427,32,1572
4190124775,32,1534
4190135643,32,1520
1166138,32,1490
1166606,32,1488
4190125156,32,1258
4190126018,32,1241
1150186,32,1239
4190139826,32,1210
4190124853,32,1158
4190133791,32,1087
4190129163,32,1021
4190127755,32,1013
1154362,32,1006
4190130189,32,961
4190134395,32,953
1164663,32,940
4190131299,32,937
4190127689,32,922
4190135276,32,909
4190130471,32,906
4190126220,32,901
4190126674,32,850
4190133948,32,828
4190136061,32,783
4190135143,32,769
1159535,32,766
1152410,32,761
4190126746,32,760
4190132700,32,758
4190126491,32,744
4190126821,32,727
4190138599,32,716
4190128104,32,706
4190133287,32,688
4190134966,32,685
4190134137,32,680
1155482,32,673
4190127306,32,658
4190131996,32,653
4190125172,32,642
4190133420,32,640
4190139588,32,630
4190128982,32,627
4190134700,32,610
4190139520,32,610
4190130711,32,608
4190138250,32,599
4190127653,32,590
4190125720,32,579
4190138503,32,570
1166391,32,548
4190124208,32,540
4190132010,32,534
1153094,32,534
4190138946,32,532
4190126186,32,528
4190132406,32,515
4190139382,32,491
4190129404,32,477
4190133675,32,447
4190139002,32,431
4190133684,32,426
4190132463,32,425
4190127660,32,410
1150346,32,395
4190124506,32,376
4190134415,32,344
4190135876,32,330
4190132362,32,317
4190140011,32,276
1154805,32,276
4190133315,32,272
4190126054,32,271
4190131456,32,224
1156940,32,169
1152500,33,40806
4190125012,33,28846
1165735,33,27924
4190124870,33,14126
1155578,33,13581
4190126429,33,12578
4190134981,33,8328
4190126199,33,7882
4190126799,33,6090
4190127644,33,5681
1154210,33,4444
4190138028,33,4337
4190126711,33,3746
1164080,33,3200
1166557,33,3115
1154804,33,2896
4190134891,33,2813
1158203,33,2784
4190128098,33,2648
4190127837,33,2407
4190125216,33,2392
1157556,33,2354
4190139596,33,2057
4190135666,33,2056
4190126976,33,1984
1165805,33,1854
4190126395,33,1818
4190133363,33,1740
4190132350,33,1602
4190132292,33,1594
4190134083,33,1466
1150236,33,1390
1165810,33,1360
4190132439,33,1254
4190133933,33,1222
4190137951,33,1202
4190124745,33,1081
4190127616,33,1074
1165851,33,1060
4190124410,33,1054
4190125354,33,1027
4190130470,33,1016
4190127827,33,1014
4190128929,33,997
4190137965,33,946
4190130715,33,935
1160772,33,928
4190129696,33,920
4190127318,33,914
1164160,33,861
4190135285,33,838
4190124855,33,817
4190135323,33,816
4190125896,33,815
4190135204,33,812
4190132015,33,801
1165760,33,792
4190128154,33,790
4190139362,33,788
4190132299,33,783
4190125528,33,776
4190135798,33,764
4190124359,33,744
30029733,33,742
4190125522,33,728
4190130312,33,693
4190133101,33,692
4190124910,33,675
4190132948,33,666
4190132532,33,659
4190138417,33,655
4190124608,33,655
4190130303,33,625
4190138464,33,616
1165959,33,616
1167075,33,614
4190132684,33,604
4190129126,33,603
4190124274,33,580
4190125514,33,574
4190130849,33,570
4190133737,33,564
4190132654,33,563
1165750,33,549
4190139227,33,528
4190138827,33,526
4190138821,33,522
4190135278,33,519
1164944,33,492
4190131868,33,492
4190130882,33,471
4190133043,33,465
4190139415,33,451
4190127969,33,438
1164870,33,396
1168206,33,394
1168131,33,382
4190125627,33,338
4190138606,33,328
4190132543,33,326
4190124561,33,316
4190130555,33,297
1154673,36,57792
4190136037,36,45924
1148714,36,43918
1151543,36,27353
1154318,36,22666
1167614,36,21316
4190127645,36,12552
4190140033,36,9603
4190124411,36,7464
4190125018,36,7104
4190133962,36,6786
4190130885,36,6182
1159183,36,4698
1155827,36,4696
1160181,36,4275
4190138802,36,4109
4190125080,36,3562
1164079,36,3550
1148834,36,3424
4190136087,36,3368
1164485,36,2510
4190125732,36,2447
4190127794,36,2156
4190129156,36,2087
4190124403,36,2056
4190129864,36,2002
4190128463,36,2001
4190133718,36,1940
4190124863,36,1919
4190139319,36,1863
4190128709,36,1853
4190125295,36,1819
1153928,36,1812
4190132049,36,1766
4190128012,36,1720
4190127953,36,1692
4190124854,36,1638
4190135837,36,1596
4190131051,36,1586
4190137906,36,1574
1150233,36,1501
1154225,36,1484
1154918,36,1479
4190135044,36,1461
4190135045,36,1461
4190129618,36,1439
4190126359,36,1362
1153101,36,1278
4190134586,36,1206
1165803,36,1144
4190124200,36,1130
1152206,36,1074
4190132002,36,1041
4190134624,36,1036
4190131538,36,982
4190139744,36,958
4190131567,36,957
1159228,36,937
4190133887,36,915
4190135054,36,906
1167582,36,876
4190131563,36,855
1157032,36,843
4190126739,36,825
4190138378,36,794
4190130221,36,774
4190124879,36,762
4190133537,36,754
4190133638,36,741
4190137879,36,737
4190127563,36,730
1164520,36,717
1167164,36,709
1168264,36,706
4190127765,36,694
4190139643,36,675
4190139642,36,675
4190130640,36,670
4190131866,36,666
4190135108,36,660
4190126449,36,640
4190132549,36,607
4190134962,36,606
4190135387,36,600
4190130705,36,591
1166698,36,590
4190128339,36,559
4190128547,36,521
1162230,36,504
4190133351,36,502
4190132563,36,492
4190132340,36,477
4190132339,36,477
4190131251,36,457
4190126296,36,436
4190127396,36,414
4190126286,36,408
1158973,36,333
1156907,36,324
4190126712,36,288
4190130730,36,166
1164096,36,36
4190139109,31,92167
1164702,31,15179
4190136077,31,15116
4190132841,31,14838
4190133452,31,12327
1153941,31,11839
4190127511,31,8267
4190125175,31,6404
4190129836,31,5960
4190130195,31,5512
4190126146,31,5416
1154989,31,5154
1163965,31,4649
4190128355,31,4364
4190135707,31,4061
4190126630,31,3577
4190127808,31,3526
4190125515,31,3453
4190134254,31,3415
1164850,31,3062
4190128644,31,2952
4190130790,31,2822
1150222,31,2267
4190131531,31,2156
4190126524,31,2140
4190128389,31,1952
4190130354,31,1883
4190133330,31,1744
1157083,31,1739
4190127175,31,1690
4190139980,31,1519
4190125029,31,1400
4190131128,31,1368
1155421,31,1347
4190133118,31,1314
4190135510,31,1218
1157559,31,1214
4190138165,31,1134
1152700,31,1091
1148052,31,1081
1154233,31,1060
4190128857,31,1008
4190132846,31,992
4190124609,31,891
4190133358,31,877
4190130602,31,858
4190135790,31,838
4190131262,31,827
4190125597,31,827
4190132129,31,800
4190138511,31,784
4190127232,31,775
4190129107,31,765
4190129451,31,761
1147859,31,740
4190132552,31,723
1157001,31,722
4190126891,31,714
4190134363,31,685
4190132064,31,653
4190135475,31,649
1154228,31,638
4190130326,31,637
4190133728,31,616
4190139712,31,605
1148688,31,604
4190133389,31,587
1165694,31,572
4190131624,31,546
4190124769,31,541
1157144,31,526
1157944,31,525
4190127077,31,525
1162462,31,525
4190139014,31,509
4190130977,31,504
4190130495,31,500
4190133067,31,486
4190129034,31,482
4190137903,31,477
1166527,31,452
4190127609,31,433
4190132792,31,414
4190130787,31,410
1156210,31,404
4190124118,31,404
4190133214,31,400
4190138554,31,396
4190132514,31,387
4190132088,31,380
1162202,31,347
4190139574,31,343
4190134603,31,334
4190134610,31,318
4190126874,31,290
4190135823,31,279
1159016,31,242
1167474,31,31
1152465,31,31
4190125722,35,129880
1161688,35,73396
1151442,35,35700
4190126537,35,23054
4190135023,35,21058
1155710,35,20392
4190124977,35,14868
1148175,35,12208
4190125633,35,8636
4190130260,35,7539
4190125998,35,7138
4190129518,35,6818
1159061,35,5882
1166644,35,5290
4190138587,35,4912
4190135338,35,4844
4190136971,35,4254
4190138320,35,4103
4190136093,35,3634
1160083,35,3626
4190126632,35,3572
4190128643,35,3031
4190132983,35,2970
4190138317,35,2640
1165809,35,2636
1165243,35,2595
4190128353,35,2426
1155420,35,2385
4190138402,35,2259
4190135059,35,2257
4190134564,35,2227
1157147,35,2208
4190126551,35,2127
4190135534,35,1765
4190134230,35,1588
4190138126,35,1473
4190130169,35,1400
4190130666,35,1286
4190138549,35,1231
4190137993,35,1220
4190129626,35,1189
4190132139,35,1099
4190139964,35,1000
4190138366,35,983
4190132001,35,982
4190138373,35,969
4190124456,35,917
4190124133,35,915
4190126324,35,862
1166434,35,836
4190124386,35,834
4190124827,35,785
4190125789,35,770
4190138178,35,768
4190132612,35,752
4190126391,35,749
4190125712,35,734
4190130595,35,722
4190139602,35,714
4190139426,35,703
1150226,35,697
1164943,35,664
4190139334,35,662
4190140090,35,661
1157051,35,641
4190135759,35,586
4190134665,35,582
4190134433,35,572
4190134821,35,564
4190133473,35,558
4190125795,35,549
4190132855,35,547
4190130435,35,531
4190136111,35,529
4190131409,35,526
4190140135,35,459
1156239,35,420
4190138318,35,398
4190139312,35,369
4190131495,35,325
4190131615,35,317
4190139070,35,317
1226079682,35,306
4190134607,35,252
4190139195,35,247
4190124533,35,218
1153218,34,38647
1161294,34,25414
4190125228,34,18089
1153221,34,15312
4190135320,34,14061
4190126550,34,11098
1168260,34,9583
4190127548,34,9450
4190130437,34,7733
1154419,34,7532
1149778,34,5922
4190131690,34,5174
1168123,34,4414
1164015,34,4310
1153051,34,4166
4190127577,34,3993
4190128824,34,2726
1162255,34,2492
4190126158,34,2310
4190139618,34,2271
4190127420,34,2124
4190138531,34,1963
4190127825,34,1934
1161409,34,1903
4190135612,34,1838
4190135644,34,1731
1150229,34,1616
4190128617,34,1501
1155425,34,1429
4190131592,34,1392
1156172,34,1345
4190139804,34,1307
4190128217,34,1299
4190128167,34,1164
4190131998,34,1164
4190127120,34,1110
4190125741,34,1084
4190134792,34,1060
1168285,34,918
4190129658,34,814
4190140152,34,768
4190133227,34,757
4190124658,34,752
1167345,34,697
4190134834,34,679
4190134497,34,670
1154288,34,661
4190129531,34,653
1167247,34,648
4190128603,34,646
1157521,34,640
1157595,34,632
4190135663,34,626
4190133849,34,604
4190131184,34,560
4190130386,34,558
1166852,34,547
4190133619,34,534
4190132775,34,529
4190133898,34,519
4190138984,34,518
4190133129,34,506
4190128626,34,492
4190125858,34,487
1156320,34,483
4190135369,34,465
1152159,34,460
4190125783,34,451
4190124895,34,446
4190126103,34,441
4190132687,34,436
1160364,34,434
4190133309,34,428
4190134661,34,427
1164957,34,427
4190134941,34,420
4190132275,34,416
4190134742,34,413
4190135542,34,384
4190135745,34,376
4190138925,34,350
4190135201,34,302
4190134935,34,193
1162401,34,34
1148762,40,221720
1150194,40,73673
4190135733,40,36314
1147921,40,28848
1147923,40,28844
1151446,40,26660
1154916,40,13614
4190132245,40,12916
1156384,40,10232
4190139104,40,10207
1152358,40,9290
4190134871,40,8461
4190138016,40,7518
4190136080,40,5598
4190135618,40,5273
1152362,40,5020
4190138056,40,4699
4190135243,40,4029
4190124892,40,3984
4190136089,40,3863
1164521,40,3140
1167613,40,2989
4190131673,40,2882
4190126629,40,2588
1150237,40,2400
4190133971,40,2194
4190128371,40,2165
1150210,40,2094
4190129688,40,1919
4190124747,40,1843
4190124750,40,1742
1164665,40,1740
4190127805,40,1678
1167608,40,1647
4190125736,40,1563
4190138034,40,1391
4190128399,40,1390
4190125787,40,1284
4190125773,40,1271
4190131389,40,1266
4190133683,40,1246
4190132326,40,1183
4190124902,40,1183
4190132345,40,1183
4190132113,40,1174
4190131833,40,1125
4190129129,40,1087
1153338,40,1072
4190133082,40,1007
4190125734,40,975
4190129173,40,950
1156376,40,917
4190138529,40,913
4190134763,40,882
4190125595,40,861
1155680,40,836
4190133153,40,804
4190126567,40,793
4190140098,40,721
4190125663,40,706
4190134362,40,697
4190129495,40,691
1158944,40,662
4190133365,40,641
4190131721,40,636
1152211,40,629
4190134680,40,559
4190134519,40,547
4190133453,40,508
4190132045,40,496
1164783,40,481
4190138509,40,476
4190131349,40,465
1148009,40,460
1156851,40,456
4190135444,40,433
1156294,40,410
4190127502,40,384
4190137935,40,375
1156268,40,322
1162433,40,40
1154273,37,84998
4190136153,37,69827
1148703,37,57298
4190129842,37,13080
4190124720,37,9884
4190128555,37,9620
1168167,37,5089
4190138751,37,4336
4190127804,37,4100
4190135667,37,4014
4190140113,37,3875
4190136083,37,3796
1156385,37,3436
1155828,37,3436
1154320,37,3352
4190132534,37,2942
4190135899,37,2712
4190126819,37,2674
4190130869,37,2584
4190136091,37,2548
4190136095,37,2528
4190138235,37,2500
4190130178,37,2320
4190130959,37,1870
1155681,37,1845
4190127381,37,1792
4190128058,37,1690
4190128426,37,1658
4190132825,37,1651
4190129652,37,1629
4190130620,37,1618
1152963,37,1565
4190126439,37,1514
4190133536,37,1490
4190124185,37,1450
1164519,37,1350
4190134771,37,1344
4190138147,37,1341
4190129670,37,1260
4190139644,37,1229
4190138497,37,1208
4190125882,37,1127
4190133680,37,951
4190127887,37,898
4190125502,37,882
4190127319,37,799
4190129558,37,785
4190137988,37,766
4190127415,37,756
1164131,37,756
4190124862,37,755
1167038,37,744
4190125816,37,726
4190138901,37,700
4190125957,37,698
1155092,37,656
1156127,37,644
1167104,37,643
4190133579,37,634
1154174,37,604
4190133530,37,591
1166505,37,571
4190132716,37,561
4190125770,37,557
4190135490,37,532
4190124303,37,516
4190134576,37,495
4190128244,37,472
4190128120,37,431
4190133605,37,408
4190124886,37,370
1168133,37,349
1159078,37,300
1225485493,37,280
4190139860,37,274
1225950450,37,263
4190132765,37,245
4190128235,37,169
1166057,41,87708
4190126434,41,84922
4190133927,41,80353
4190135362,41,19472
1147875,41,14355
4190130537,41,10008
1166701,41,8390
4190133912,41,6985
1163982,41,5177
4190139100,41,4952
1154383,41,4532
4190128030,41,3968
4190128366,41,3780
4190124871,41,3346
4190132808,41,3092
4190136075,41,2724
4190135648,41,2668
4190134768,41,2412
4190128028,41,2285
1167367,41,2176
4190134789,41,2014
1167607,41,2010
4190131973,41,1888
4190139611,41,1872
4190138432,41,1803
1164664,41,1728
4190134762,41,1661
1162306,41,1631
1150206,41,1611
1165738,41,1599
4190126611,41,1554
4190125102,41,1525
4190131862,41,1499
4190131208,41,1468
4190138622,41,1419
4190129365,41,1378
4190128201,41,1339
4190131605,41,1282
4190133658,41,1246
4190134101,41,1193
4190132257,41,1178
4190132732,41,1134
4190124835,41,1012
4190138324,41,988
4190124262,41,966
4190126426,41,959
4190124885,41,949
4190127822,41,943
4190124498,41,940
4190138639,41,916
4190125531,41,898
4190139409,41,898
1167626,41,874
4190134279,41,859
4190127295,41,824
4190124441,41,720
4190138134,41,678
4190135061,41,641
4190133489,41,630
4190131614,41,599
4190133707,41,597
4190130546,41,568
4190138211,41,554
1162205,41,553
4190128305,41,550
4190124557,41,511
1158341,41,504
4190138538,41,468
4190126520,41,450
1166579,41,428
4190138658,41,418
1225886073,41,382
4190132036,41,332
1225813868,41,290
1161686,39,53400
4190130161,39,53242
1164014,39,40941
4190129323,39,32806
1147876,39,27320
4190130234,39,16756
1154157,39,11614
4190129686,39,11272
4190126761,39,10903
4190128431,39,10105
4190128957,39,3944
4190138516,39,3003
4190134830,39,2959
4190135646,39,2958
4190134203,39,2727
4190135647,39,2566
4190135650,39,2513
1156962,39,2372
4190133407,39,2366
4190127828,39,2200
4190138496,39,1929
4190128311,39,1673
4190132522,39,1609
4190131168,39,1543
4190129549,39,1489
1167258,39,1160
1152484,39,1147
4190139373,39,1075
4190124613,39,1072
1150225,39,1072
4190125308,39,1025
4190139785,39,994
4190138568,39,880
1156879,39,845
1154139,39,839
4190127501,39,830
4190132915,39,824
4190132713,39,796
4190138055,39,794
4190129386,39,784
4190133460,39,723
4190139624,39,704
4190135109,39,683
4190130784,39,676
4190125897,39,658
4190129471,39,637
4190126046,39,616
4190124689,39,616
4190135388,39,605
4190132418,39,602
4190138978,39,598
1157012,39,598
1162443,39,595
4190127481,39,586
4190126850,39,584
4190135373,39,541
4190134456,39,538
4190128781,39,486
1155701,39,439
4190135625,39,435
1167646,39,434
4190132155,39,420
4190134978,39,382
4190132114,39,377
4190134867,39,327
4190126123,39,256
4190134471,39,237
1225435618,39,226
1152134,42,22458
4190126843,42,14026
4190139533,42,13571
4190126360,42,12598
4190127813,42,10161
4190136103,42,7858
1166418,42,6874
4190124822,42,6550
4190139152,42,5132
4190131914,42,3856
4190135669,42,3504
4190133987,42,2583
4190126336,42,2471
1167611,42,2465
1152064,42,2399
1150238,42,2278
4190132794,42,2159
4190125073,42,2132
4190131166,42,2062
4190139272,42,1976
1150215,42,1913
1164933,42,1860
4190129346,42,1800
4190130105,42,1755
4190127747,42,1732
4190124810,42,1722
1157433,42,1702
4190135365,42,1634
4190127607,42,1549
4190135649,42,1406
4190129868,42,1402
4190125809,42,1402
4190133508,42,1401
1162460,42,1347
4190130182,42,1318
1150224,42,1288
1166603,42,1276
4190132832,42,1222
4190136138,42,1193
4190134918,42,1154
4190138627,42,1135
4190137964,42,1102
4190138980,42,1069
4190130597,42,1028
4190130289,42,1027
4190128197,42,977
4190130802,42,963
4190139462,42,931
4190138537,42,904
4190124141,42,897
1157438,42,883
4190124751,42,775
1156676,42,735
4190134238,42,729
4190128080,42,666
4190135505,42,652
4190124302,42,629
4190124823,42,623
4190134861,42,583
4190124932,42,579
4190132863,42,545
4190138602,42,496
4190135626,42,471
4190135078,42,396
4190135263,42,352
4190126557,42,331
1161144,42,312
1157541,42,42
1159103,212,531066
1158373,184,373833
1153089,1331,335711
1157663,202,324805
1157710,133,322721
1158348,163,305210
1168294,95,289918
1157649,289,285148
1158305,207,272325
1149004,201,261675
1160363,163,258844
1159856,207,255041
1159851,71,248320
4190125679,222,232719
1152353,188,230878
1160052,50,229078
1148763,109,216530
1150200,187,215872
1156383,228,193297
1148143,123,187825
1149378,123,181184
4190134345,54,174284
1148144,38,169028
1148773,166,164572
1153125,3513,155157
1150220,198,154460
1159050,176,151262
1161532,600,150243
1158295,173,148524
1156460,102,146824
1149950,100,145868
1159484,135,145755
1164009,142,143097
1159142,225,140656
1155838,153,139326
1155919,71,134582
1148651,168,134153
1158886,427,132622
4190130565,214,128829
1159052,177,128687
1153091,120,125356
1164909,46,124199
4190133328,68,124060
1161266,114,123084
1152493,186,122582
1159509,178,122105
1159866,118,118140
1149385,140,116654
1148142,48,116520
1156203,138,116202
1158415,173,115347
1151248,147,113091
1167658,117,112913
1166070,74,110766
1157530,128,106826
1152442,4228,106327
1148141,99,104213
1160079,97,104150
1158880,68,103712
1149369,110,102014
1149312,163,101689
1158574,65,98390
1153220,3644,97689
1164159,120,97352
1151441,131,97231
1151523,2057,96128
1155104,50,94813
1151702,853,93512
4190133931,56,92174
1150232,153,90402
1149371,118,87768
4190135815,48,85296
1158265,2481,83623
1156185,73,82222
1156464,86,82080
1149498,2231,81616
1161538,452,81073
1161536,719,80044
1151419,80,79049
1161537,708,78844
1151521,1604,76356
1150095,123,75722
1166696,55,75718
4190134401,587,75054
1165888,85,74837
4190133925,163,74780
4190135013,91,74249
4190125638,44,73455
1161535,573,72395
1153037,2359,72387
1150218,66,71414
1167053,515,68983
4190134403,43,67524
1164500,105,67118
4190126820,145,67025
1156772,59,66933
4190134366,43,66857
4190134325,86,65664
1156356,122,65357
4190129102,100,64802
1164486,81,64620
1155837,75,63357
4190127992,51,62926
1158875,125,62296
1165999,46,61812
1154845,152,60802
1148137,1740,58903
1153231,99,58334
1162251,147,58205
1152412,2064,57861
1161533,553,57522
1152420,128,57165
1148291,61,56997
4190132240,74,56986
1151246,142,56819
1154317,51,56760
1166144,83,54307
1153018,1823,53969
1159110,82,52922
1162313,1272,52532
4190135517,137,52423
1151661,1852,51350
1157539,134,51146
4190138479,139,51052
1154170,44,50915
1159862,244,50652
1161534,504,50535
1159845,136,50162
1161531,403,50107
1165719,96,49748
4190134750,180,49180
1161530,280,48615
1162359,622,48340
1158427,311,48321
1149965,48,48137
1149446,51,47780
1157301,46,47640
1148832,1865,47617
1151369,238,47600
1164144,74,47563
4190138710,64,47414
1149338,1518,46688
1149664,105,46229
4190124760,119,45495
4190124956,194,44806
4190126967,301,44619
1167334,44,43533
1161106,90,43418
1161527,369,42351
1153447,1704,42248
1167364,82,41989
4190127014,101,41753
4190135155,222,41692
1165813,62,41548
4190128964,58,41250
1161208,59,41169
1160002,51,41140
4190127111,207,40989
1155403,50,40917
1162453,93,40797
4190138617,66,40518
1166304,43,40189
1154978,66,40143
1148614,50,39818
1151408,106,39552
1151403,98,39147
1163796,100,39094
1168006,1909,38936
1156990,79,38205
1159260,223,38175
1158602,101,38136
4190126345,190,37747
1154293,106,37450
4190127408,174,37446
1150721,117,37056
1160373,105,36486
1158877,140,36191
4190135499,194,35796
4190133368,157,35548
1156672,106,35446
1166003,198,35432
1165811,74,35338
1164595,47,35122
4190125378,45,35074
4190135322,50,34445
1164972,61,34392
1161310,744,34235
1167576,101,33572
4190134873,173,33497
4190127260,54,33360
4190131436,110,33160
4190135910,152,33081
1159267,146,32952
4190126925,168,32907
4190125421,73,32698
4190134414,51,32564
4190126386,75,32394
1159025,204,32339
4190136148,229,32279
1159290,105,32240
1154054,1549,31969
1162725,50,31947
4190135544,58,31836
1160104,305,31718
1157657,260,31694
1164000,920,31670
1159910,783,31622
1149639,57,31392
4190134985,174,31222
4190138725,68,31021
4190134292,45,30802
4190136053,127,30667
1159911,779,30309
1157884,108,29954
1150683,1183,29792
1159913,534,29731
1158233,109,29478
1160725,254,29442
1155530,94,29417
1167170,1104,29052
1163959,1342,29037
4190127044,293,29023
1163852,572,28938
4190131652,88,28788
4190134495,165,28712
1148006,74,28507
1167612,973,28476
1157882,113,28224
1154947,1116,28160
1157937,196,28027
4190135575,49,28008
1156801,48,27895
1154149,72,27843
1151247,145,27621
1159189,138,27597
4190127152,207,27405
1150157,1323,27288
1155563,1431,27249
4190135813,206,27221
1148705,62,27210
4190133914,98,27194
4190135593,145,27185
1155654,56,27160
4190134223,269,27062
1155689,96,26997
1159216,134,26953
1164091,52,26881
4190130881,234,26629
4190125043,178,26515
1168033,1095,26258
4190128041,78,25935
1159182,75,25822
1164765,62,25733
1151404,45,25625
4190134297,65,25615
4190131576,73,25601
1168013,1000,25577
4190134258,108,25488
1166681,1424,25442
4190135333,283,25332
1162457,71,25320
1160360,147,25234
1159093,244,25172
4190138470,52,25053
1153252,1018,24998
4190135317,155,24936
4190127039,190,24863
4190124151,58,24708
4190125031,148,24596
1149665,66,24264
1157572,1582,24245
4190127717,163,24196
1161394,363,24180
1159995,79,23924
1161380,1571,23900
1164563,1214,23755
1160038,100,23637
4190127971,165,23447
1150245,109,23266
1157003,548,23204
1149513,56,23168
4190125949,181,23001
1159491,68,22720
1161318,1751,22605
1155413,1367,22538
4190126902,49,22391
4190127748,162,22170
1156955,65,22027
1158330,1559,22003
4190134510,125,21981
4190127724,109,21971
1164912,86,21920
4190127648,278,21552
4190138628,236,21516
4190134291,52,21414
1158455,455,21397
1156890,1146,21342
1159119,239,21339
1157553,98,21264
4190135582,89,21184
1155045,836,21183
1157744,113,21172
4190126664,101,21156
1159914,403,21103
4190131666,109,21035
1150161,88,21015
4190127423,185,20876
1152856,951,20871
1149372,38,20720
4190125629,263,20667
1148845,69,20657
1157673,96,20609
1150289,195,20589
4190134765,140,20554
4190134748,148,20531
1159500,270,20520
1162741,198,20473
1158353,1335,20378
1150115,837,20356
1164238,1205,20341
1161283,322,20333
4190127339,289,20276
1161396,179,20171
1162220,62,20067
4190134946,194,20042
1159004,520,20000
4190135596,155,19877
1158934,934,19718
4190135768,125,19715
1148146,64,19659
1148813,115,19640
1161525,114,19624
4190125696,179,19560
4190126875,172,19559
4190131649,120,19486
4190129873,191,19449
1156188,1034,19383
4190127868,332,19302
1159262,1473,19290
4190135598,158,19087
1159476,49,19036
1155535,77,19004
1167488,756,18927
1154890,76,18862
1154052,348,18842
4190126137,165,18816
4190124837,38,18618
1166844,60,18560
1149514,84,18557
4190125847,256,18351
4190135564,144,18326
1155062,102,18207
1164016,38,17990
4190125439,44,17962
1153255,824,17944
1162272,1071,17812
1168263,50,17705
1160357,294,17523
4190125269,85,17500
4190124999,60,17435
4190125047,64,17427
4190126032,284,17413
1155718,48,17374
1155637,924,17300
4190126512,139,17276
1157692,806,17217
1152328,949,17150
1156218,88,17125
4190129000,140,17111
4190127301,76,16946
1156950,812,16932
1154083,1068,16893
1154142,886,16866
1158424,191,16759
1147920,762,16758
1151206,678,16673
1155043,994,16600
4190125355,88,16595
1149287,749,16540
4190132860,73,16346
1157677,691,16320
4190134049,103,16294
4190128557,150,16257
1167264,77,16093
1162378,686,16056
1159220,191,15995
1166623,711,15815
1164674,805,15759
1148758,815,15711
1159271,58,15681
4190135066,173,15646
4190129326,94,15611
1155600,66,15611
4190136084,169,15537
1155834,868,15417
1154981,47,15394
4190125367,63,15347
1166146,94,15327
1147945,782,15284
4190133391,43,15246
4190132867,63,15244
4190127594,137,15238
4190135122,219,15216
1163825,764,15203
4190133450,38,15195
4190124963,110,15126
4190129504,81,15061
4190134992,137,14975
1155397,943,14974
1148694,832,14953
4190131109,76,14948
4190134979,250,14874
4190133913,186,14830
1159146,330,14799
1156116,917,14798
4190124206,51,14772
4190126178,254,14762
4190136042,122,14626
1164672,898,14497
4190135022,81,14453
4190129666,124,14367
4190127722,95,14300
4190134816,229,14271
4190125533,65,14252
1156854,876,14232
4190138348,56,14044
1152892,112,14026
1155483,939,14020
1159966,221,13989
1162379,557,13920
1156767,758,13857
4190136098,123,13815
1159222,174,13794
4190139074,59,13784
4190134963,70,13726
1157679,710,13719
1157607,617,13696
4190134968,221,13685
1157008,746,13663
1161146,93,13629
1164789,837,13547
1154184,898,13518
4190126367,277,13473
4190135358,318,13469
4190125402,320,13430
4190127249,250,13422
4190126541,309,13370
4190132638,44,13334
4190135310,176,13320
4190134878,113,13287
1157307,84,13277
4190131687,99,13180
1159081,79,13162
1167381,856,13155
1162312,777,13087
4190125901,119,13080
4190126605,64,12986
1159501,257,12972
4190124475,53,12938
4190135695,212,12836
4190134818,109,12827
1164917,94,12820
4190135865,46,12809
1158425,90,12778
4190131246,76,12709
1148932,782,12667
4190126229,94,12646
4190125520,201,12635
1149456,602,12627
1162348,624,12614
1166828,43,12606
1156728,845,12572
1151386,84,12515
1157666,469,12492
4190127723,125,12471
4190126923,220,12459
4190125491,45,12418
4190129331,152,12370
1149363,652,12361
1155513,44,12346
1158450,688,12334
4190139108,77,12324
1148088,86,12311
4190134644,139,12234
4190127830,112,12228
1160348,116,12194
4190131621,137,12171
4190128970,48,12168
1164508,610,12164
1156250,776,12136
4190136035,82,12100
4190130986,55,12087
4190135765,159,12074
1156757,77,12048
1148176,60,11972
1157724,79,11966
1158235,608,11960
1161822,99,11959
4190125687,132,11909
1159836,49,11889
1149951,96,11868
4190135401,65,11826
1152222,604,11812
4190124986,139,11808
1156872,782,11802
4190126677,106,11799
4190126006,221,11775
1157450,64,11768
1157503,761,11711
1149455,664,11702
1156928,736,11689
1162420,611,11676
4190125032,121,11662
1148108,704,11619
4190129330,116,11617
4190127170,221,11539
1150114,600,11515
1149454,214,11499
1149540,75,11467
4190138885,148,11437
1149519,165,11429
1162452,88,11424
4190131024,49,11262
4190130229,115,11262
4190134350,153,11225
4190137962,73,11187
4190134431,188,11164
1162487,703,11149
4190129434,53,11120
4190128805,50,11052
1162719,166,11022
1149526,564,10976
1156192,730,10960
1154261,695,10927
1155419,47,10913
4190135233,193,10828
1148094,588,10798
4190135004,50,10788
1159385,56,10786
1165572,727,10778
4190138831,51,10772
1159111,45,10759
1164001,547,10726
1161406,489,10705
1164223,60,10697
1166550,673,10693
1167365,234,10690
1158270,71,10664
4190136147,104,10651
4190134313,255,10649
4190127654,163,10640
1157034,43,10638
1159013,272,10616
1154789,696,10580
1167627,67,10560
4190135557,204,10556
1165865,512,10540
4190138756,69,10504
4190127943,144,10500
1166543,594,10473
1154300,675,10467
4190128054,48,10404
4190127266,182,10388
4190133241,52,10372
1158311,684,10355
4190124379,72,10352
4190127875,219,10318
4190140059,80,10314
4190134418,46,10262
1153143,103,10260
4190138859,69,10259
1156305,494,10200
1149288,668,10170
1157726,546,10153
1164679,71,10115
1156893,73,10114
4190134306,118,10105
1160105,208,10074
1162466,274,10066
1154055,79,10047
4190136032,169,10029
1162451,67,10024
1148065,669,10019
4190125442,291,10007
1164469,619,9970
1166075,189,9965
4190126206,77,9946
1161105,88,9929
1165716,661,9924
4190135394,174,9888
4190139439,135,9879
4190133915,73,9868
1164023,573,9859
1157299,621,9858
1158454,873,9793
1154870,564,9785
1165630,564,9781
4190126116,185,9780
4190128934,118,9747
4190127985,104,9726
1156265,646,9726
4190133826,63,9716
1164922,135,9713
4190127055,60,9668
1154428,576,9647
1159504,294,9640
4190139754,182,9638
1155281,70,9609
4190127852,73,9608
1157662,448,9575
1157706,465,9567
1149732,97,9525
1152250,573,9518
1164233,99,9463
4190130911,72,9456
1164120,592,9454
1156231,206,9433
1161388,211,9424
4190135445,138,9386
1159939,612,9337
1157486,631,9332
1160365,163,9329
4190133764,139,9325
4190126144,127,9274
4190134298,156,9239
4190134931,147,9227
4190127541,134,9218
1159207,594,9213
1150242,56,9212
4190126257,58,9188
4190127231,100,9181
4190134791,88,9168
1161809,238,9158
4190126966,64,9140
4190126982,55,9134
1160454,248,9113
1159863,610,9106
1151190,96,9100
4190139218,165,9099
4190136184,91,9083
4190124470,64,9040
4190135600,153,9032
4190129956,66,9031
1156407,626,9018
1151295,72,9009
1159043,555,8997
4190135486,207,8988
1156997,561,8982
4190137999,82,8966
4190126857,111,8958
1148766,539,8947
4190134267,49,8946
1163868,525,8924
1149525,573,8911
1148695,526,8881
4190128762,67,8870
1167344,600,8840
1167628,59,8820
4190133240,47,8799
1157619,336,8776
1157418,477,8758
1155721,226,8756
1160615,752,8746
4190125884,125,8744
1164522,78,8728
4190127411,252,8728
1151431,508,8700
4190132569,86,8694
1161098,755,8688
1166005,65,8682
4190134402,121,8673
1159181,541,8663
1154205,61,8639
4190129865,46,8626
4190127516,172,8625
1155110,416,8608
4190134986,100,8602
4190134567,75,8600
4190135011,376,8557
4190135546,174,8542
1155714,205,8480
1164559,357,8456
4190126936,59,8432
4190124981,121,8432
1163824,366,8427
1157407,572,8418
1150211,168,8417
4190135864,183,8398
1155623,141,8384
4190135033,69,8382
1159101,565,8381
4190125356,154,8339
1155719,188,8331
1157684,548,8317
1156401,195,8283
1149742,66,8276
4190129633,97,8275
4190130322,91,8246
4190135814,344,8242
1159200,113,8238
1164928,112,8235
1154896,522,8215
1156374,522,8209
4190138629,99,8203
1163921,522,8202
4190125927,191,8194
1154975,511,8183
1149952,66,8176
1160355,256,8156
4190134046,48,8152
4190135047,77,8127
4190135913,102,8118
1166549,64,8098
4190138566,77,8080
4190133922,70,8077
4190126896,92,8050
4190135750,71,8032
1161107,72,8027
4190132665,65,8022
1155479,241,8014
1151094,486,7987
1161176,648,7986
1150024,697,7985
1166464,514,7979
1152695,86,7977
1149365,478,7964
4190125420,166,7959
1148759,545,7945
1151443,67,7940
4190131756,356,7931
4190126723,171,7913
1147725,539,7872
1168230,538,7868
4190125525,133,7864
4190133928,171,7849
1155632,60,7821
4190125293,68,7798
4190135326,152,7789
1157754,463,7780
1152697,80,7763
4190127004,122,7725
4190130556,69,7691
1149985,159,7681
4190135530,110,7577
4190126111,51,7575
4190135940,111,7561
4190131007,159,7546
4190124443,64,7543
4190127425,120,7527
4190135503,131,7484
4190126071,111,7480
4190126870,104,7469
4190137918,50,7458
1152144,54,7456
1154085,399,7427
1153165,72,7420
1167235,467,7410
4190132044,44,7384
1157573,424,7382
1153797,503,7367
4190135378,181,7363
4190135806,48,7355
4190127512,125,7342
1157040,487,7331
4190135281,231,7289
1152966,110,7246
1159648,511,7244
4190135025,111,7229
4190126196,130,7211
4190135619,190,7199
4190132477,58,7192
1155536,59,7186
4190125497,52,7180
4190128902,95,7170
4190135364,168,7166
4190126909,134,7158
1155715,205,7130
1148963,454,7127
1159104,307,7122
4190124786,171,7121
1154868,77,7108
1166600,112,7076
1151449,370,7071
4190127091,96,7058
4190131660,52,7054
1161109,84,7042
1161137,156,7042
1152350,549,7023
4190127972,131,6993
4190126725,117,6981
4190134178,54,6972
1156322,488,6961
4190135024,218,6960
4190135370,114,6958
1168140,148,6957
1148835,200,6931
1158275,277,6927
4190125397,71,6924
4190129395,92,6891
1164825,463,6871
1153793,361,6838
4190132414,95,6836
1157527,424,6835
4190129035,75,6825
4190126461,143,6824
1150152,333,6792
1164921,99,6779
4190126587,52,6756
4190134930,205,6738
1164673,354,6735
4190129299,88,6734
1152890,382,6726
4190138355,49,6718
1166067,43,6708
1161251,159,6700
4190129755,56,6700
4190126607,136,6697
4190134877,99,6684
1157446,428,6665
1164155,43,6665
1157594,446,6664
4190134781,152,6655
4190130332,71,6646
4190135380,144,6606
1166851,448,6597
4190136097,286,6588
4190127163,150,6585
4190130566,44,6542
1166471,55,6519
4190127998,104,6517
4190128032,47,6510
4190134696,184,6502
1167323,95,6464
4190135877,155,6463
4190132056,68,6460
1161244,129,6458
1157576,244,6458
1156216,206,6457
4190138239,57,6456
4190130159,58,6434
1148153,374,6427
1163983,87,6427
4190130732,76,6410
4190124783,67,6410
1159225,421,6409
4190130315,50,6376
1150172,354,6369
4190135709,100,6366
4190138866,79,6365
4190135604,132,6353
1162244,268,6353
1161112,45,6324
1168035,410,6299
4190124305,65,6294
1159985,140,6283
4190126784,59,6270
4190127614,114,6260
1152991,243,6250
4190126984,47,6224
1155720,190,6209
1147944,440,6197
4190134364,136,6188
4190126380,173,6186
1152391,78,6184
4190135246,182,6159
4190136096,123,6143
4190135697,58,6138
1151392,404,6136
1156223,206,6115
4190129339,68,6107
4190128388,111,6107
1152281,69,6099
1159011,430,6087
4190139072,178,6072
4190138484,98,6058
1157053,390,6054
1167040,404,6044
4190134420,91,6043
4190132270,44,6042
1164002,86,6036
4190135576,50,6018
1154177,275,6013
1166615,406,6005
4190130475,84,5993
4190126366,65,5984
1166071,144,5978
1162479,220,5960
1148180,203,5959
4190132678,160,5956
4190134284,107,5945
1155465,328,5930
4190126575,62,5925
1164934,112,5923
1167127,81,5923
1161113,44,5908
1164960,398,5907
1156233,206,5895
4190134196,107,5890
4190127082,88,5865
4190135714,114,5861
4190135348,126,5855
4190126635,51,5850
4190128516,74,5836
1156685,406,5835
4190127702,272,5825
1161110,89,5815
4190129697,63,5795
1159652,394,5793
1162363,329,5787
1160092,145,5781
4190128233,148,5781
4190124884,72,5765
4190128290,143,5761
1152482,122,5758
1157565,275,5745
1164239,227,5723
1165884,114,5719
1161243,395,5705
4190131706,146,5695
4190134353,169,5680
1162450,65,5678
1162449,65,5678
1159272,150,5677
1160392,232,5672
4190126389,86,5660
4190136034,212,5656
1164887,394,5655
1167191,375,5641
1157064,390,5641
1164886,339,5610
4190130888,134,5607
1157685,60,5606
1156230,206,5596
1166562,267,5593
1159005,238,5592
4190138523,83,5578
1159058,380,5578
1167080,269,5570
1150348,279,5563
4190136018,51,5563
4190125004,63,5550
4190139825,253,5535
1162413,226,5528
4190125150,72,5509
1152614,51,5504
1168199,360,5502
1155564,307,5493
4190124868,187,5492
4190128417,99,5491
4190127659,110,5482
4190128300,68,5480
4190126208,134,5473
4190138038,91,5469
1156974,338,5455
4190125008,60,5442
4190126104,78,5434
1148774,304,5425
1161399,43,5420
4190125658,58,5413
4190126420,169,5413
4190138082,71,5413
4190134190,180,5411
1168034,342,5409
1155414,329,5409
1159879,366,5402
1153325,178,5400
1164919,113,5397
1150308,318,5394
4190135422,80,5394
1150715,108,5393
1149998,331,5385
1159071,364,5382
4190124995,62,5370
4190134334,47,5358
1161810,46,5353
4190136107,52,5347
4190132837,83,5327
1156266,335,5322
1156304,400,5313
1157727,335,5309
4190127487,77,5303
1162481,108,5299
4190126356,111,5298
4190128910,91,5296
4190126598,90,5295
4190126165,107,5294
4190139046,119,5293
4190138846,144,5274
4190135898,70,5270
4190128175,123,5233
1155555,52,5226
1156758,145,5220
1165794,172,5213
1155693,282,5202
4190135384,195,5198
1166073,120,5181
4190134562,170,5179
1159252,358,5170
1152694,73,5170
4190129424,81,5166
4190124821,92,5164
1156802,325,5144
1152701,64,5140
4190127271,113,5136
4190135482,145,5118
1153072,44,5115
4190136040,98,5102
1150174,320,5098
1158953,323,5092
1157943,359,5083
1165648,372,5079
1149341,235,5059
4190138499,52,5048
4190127980,95,5046
4190133811,135,5045
1159965,85,5037
4190125986,114,5036
1156364,300,5029
1167305,351,5027
4190136164,146,4976
1156276,47,4963
1155629,89,4963
4190125292,92,4961
1156896,319,4952
4190138461,128,4951
4190136056,45,4950
4190127823,112,4949
1155717,197,4943
1152698,65,4934
4190135766,136,4917
1162322,88,4913
1159153,331,4912
1166076,68,4887
1158974,332,4885
4190139932,67,4884
1161298,84,4884
4190133888,75,4881
4190134243,164,4877
4190127025,114,4873
4190134972,70,4868
4190126802,128,4868
1166485,336,4862
4190139384,137,4860
4190129594,57,4857
1158449,368,4851
4190134413,149,4850
30030579,267,4847
1164140,120,4828
4190133290,102,4808
4190134037,101,4806
4190127225,118,4801
1161309,375,4795
1159899,338,4782
4190138507,47,4782
4190132847,153,4777
4190129273,93,4771
4190136036,102,4766
1167132,353,4761
4190125745,51,4758
4190135900,60,4753
4190135636,81,4719
1168254,342,4717
4190125619,152,4708
4190136045,54,4668
4190134635,57,4648
1155976,278,4642
4190124878,79,4641
4190124548,199,4641
4190126185,193,4639
1159141,319,4637
30030580,298,4637
4190125757,147,4634
4190128280,146,4632
1159977,321,4618
1148833,278,4605
4190128418,115,4603
4190135193,85,4598
4190135756,57,4583
1152456,267,4576
4190135465,145,4566
1168168,202,4562
1164613,48,4554
4190137884,46,4548
1152702,55,4547
4190126942,101,4547
1155487,286,4539
4190135440,80,4538
1167120,234,4524
4190139900,123,4522
1158654,328,4496
1149997,279,4495
4190135886,138,4481
1159079,276,4479
4190134367,186,4476
1156806,286,4469
1166478,247,4466
4190136067,192,4453
1148704,71,4446
4190126214,121,4443
4190124948,130,4439
4190127904,159,4431
4190124988,152,4422
4190128124,229,4422
1156779,104,4418
4190126912,54,4402
1160047,132,4401
4190124857,181,4395
1165646,184,4388
4190127945,128,4366
4190132412,84,4364
1158314,71,4363
1167275,340,4363
1165715,299,4352
4190127095,100,4341
1165340,57,4326
4190132207,242,4315
4190132770,100,4307
4190125009,178,4297
4190135547,146,4297
1151088,258,4296
1167077,296,4296
4190126081,46,4292
1160354,304,4292
4190128657,77,4288
4190127938,57,4284
1165726,201,4283
4190138604,103,4273
1159827,301,4272
1158296,283,4271
4190134409,78,4261
1152699,56,4245
4190124888,44,4237
1163804,62,4233
4190132708,76,4229
4190130563,161,4227
1151142,226,4222
1155708,181,4218
4190138482,69,4208
4190131941,71,4206
1161207,166,4206
4190136117,47,4202
1166396,62,4185
1152285,124,4184
4190128483,124,4184
4190128111,94,4179
1163813,166,4179
4190125905,119,4178
4190135030,149,4171
4190126548,139,4166
1159838,291,4152
4190130668,61,4151
4190138545,104,4149
4190128402,38,4133
4190126448,96,4132
4190128055,79,4131
4190124381,59,4130
1166633,56,4109
1155638,256,4107
1149428,130,4105
1155471,58,4105
1166581,282,4094
4190125661,118,4092
4190139767,134,4091
4190132701,75,4086
1151393,258,4078
1160088,291,4073
4190128188,87,4071
4190135807,84,4054
4190135828,57,4051
4190124467,84,4040
1164157,62,4038
1148109,286,4035
4190135421,38,4014
4190127559,98,4009
4190127436,76,4007
1150292,257,3990
1153160,238,3984
4190139897,90,3977
4190125752,84,3964
1162391,102,3950
4190134349,184,3944
4190133953,46,3944
4190131159,157,3920
1161161,272,3916
4190127027,136,3909
1157574,134,3901
1156870,121,3898
1156373,85,3889
4190128449,45,3889
4190124994,181,3880
1156402,236,3870
1167071,287,3864
4190139483,56,3856
4190135522,113,3854
4190132075,115,3845
4190126171,133,3831
1159860,175,3816
4190128065,61,3804
4190139435,63,3800
4190124138,51,3796
4190132862,43,3783
4190133661,45,3763
1161094,258,3762
1157728,52,3752
1151232,232,3751
4190132623,38,3746
4190134525,78,3743
4190126969,46,3742
1168234,185,3739
4190129998,81,3734
4190124698,95,3732
4190130523,102,3726
4190128317,185,3718
4190131620,144,3702
4190135403,64,3698
4190135164,92,3691
1155044,248,3687
4190127977,144,3686
1156684,221,3673
1168151,221,3671
4190126848,98,3640
4190124732,68,3637
4190138097,57,3635
4190132444,47,3634
1161683,195,3613
1156228,176,3613
1155461,209,3610
4190124899,45,3600
1151107,192,3598
4190130110,75,3592
1158215,248,3587
4190128375,109,3586
4190128387,127,3584
4190126750,173,3584
4190124584,95,3583
1166540,112,3579
1148152,262,3578
4190125297,44,3576
1166402,192,3562
1156816,112,3556
4190135572,83,3538
4190138274,69,3535
1152352,225,3533
4190130643,44,3532
4190125007,59,3527
4190140110,55,3519
1156718,171,3512
4190126790,47,3499
1151166,243,3498
4190128146,61,3491
4190129171,65,3491
1161818,74,3490
1164980,239,3488
1156234,171,3485
4190125011,114,3481
1166383,244,3476
1148786,211,3465
1165673,228,3452
1160057,251,3438
1152696,52,3438
4190126258,156,3433
4190127413,133,3433
4190135357,95,3429
1153040,197,3427
4190128322,97,3409
4190127488,112,3396
4190125415,51,3380
4190130145,59,3373
1167213,56,3368
1162339,62,3356
30030633,169,3350
1160061,176,3343
4190127934,50,3339
4190140057,95,3331
4190132726,105,3328
4190128843,50,3322
4190135918,47,3316
1164518,55,3310
1151450,212,3307
1156328,59,3299
4190130152,71,3296
1161130,255,3295
4190126388,179,3285
4190132824,113,3272
4190134581,64,3270
4190127631,91,3267
30030600,121,3266
1164786,185,3260
30030581,174,3257
1157472,162,3253
4190128621,45,3237
1154878,146,3228
1168030,269,3220
4190126586,69,3216
4190134055,56,3215
1158970,230,3211
4190127630,81,3208
4190125404,57,3208
1167475,48,3206
1155543,190,3205
4190131522,157,3200
4190128140,85,3199
4190128215,95,3199
4190130168,88,3189
4190130367,47,3187
4190128009,103,3185
1165792,133,3182
4190134410,70,3179
4190134543,63,3173
4190133936,69,3171
4190128532,109,3166
4190132906,172,3165
4190135131,167,3162
1152505,514,3157
1165614,219,3149
4190127545,96,3148
4190126314,59,3147
1156323,193,3144
4190138224,85,3135
4190128422,142,3130
4190138521,46,3129
1154946,168,3108
4190135135,97,3103
4190134228,152,3102
4190135218,155,3101
4190125266,61,3086
1148135,600,3081
4190132606,113,3078
1159964,217,3075
4190124296,48,3060
1160059,156,3050
4190130919,44,3046
4190131282,98,3040
4190139504,61,3040
4190127638,73,3039
4190138600,58,3034
4190128540,104,3032
4190128037,99,3024
4190126024,116,3020
4190134242,67,3005
4190126737,46,3004
1165381,203,3001
4190138942,58,3000
1166139,50,2992
1164959,145,2987
1160361,61,2985
4190128236,115,2983
1167610,44,2982
4190132371,84,2981
4190138345,81,2979
4190129284,129,2976
4190126323,53,2972
1167274,178,2968
4190130544,43,2966
4190125605,51,2965
1168128,140,2957
4190135609,65,2949
4190128256,52,2949
1167623,104,2948
4190138533,74,2944
1164698,63,2941
4190130653,56,2940
1155619,249,2929
4190129242,62,2927
4190134447,107,2918
1155611,111,2912
4190126665,58,2908
1147851,86,2902
1161159,150,2900
4190139146,45,2897
4190131801,80,2896
4190124446,94,2888
1159933,133,2887
4190139136,87,2885
1161275,210,2880
1159902,122,2877
1155549,96,2874
1166542,172,2874
4190138477,90,2871
4190124192,49,2870
1161111,46,2870
4190138955,59,2866
1158346,205,2860
4190131176,54,2859
1154299,170,2855
1160067,119,2847
4190140050,116,2840
4190128288,112,2837
1167041,185,2834
4190134111,95,2828
4190124686,47,2826
4190135398,109,2825
1161222,229,2824
4190130976,48,2823
4190127649,66,2821
1160081,120,2820
1161152,120,2820
1156146,183,2820
1225712882,83,2812
4190133095,97,2811
4190133830,114,2809
1162720,250,2806
1161821,68,2803
1156929,155,2799
4190132197,71,2798
4190132232,63,2786
1160015,189,2785
1155417,216,2783
4190138970,144,2783
1155501,216,2783
4190135662,62,2774
4190132095,89,2774
1166660,104,2772
1165836,155,2769
30030865,170,2764
1165560,141,2754
4190125834,95,2751
4190132494,90,2739
4190128318,68,2739
30033706,155,2736
1161528,38,2736
1164799,116,2731
4190133428,182,2706
1166439,69,2704
30032096,139,2702
4190138448,93,2702
1168162,218,2686
1161325,38,2686
1150087,151,2683
30030582,165,2676
4190128299,66,2667
4190128327,45,2666
1164946,141,2660
4190127254,76,2641
1168187,101,2623
1154977,165,2623
4190133370,57,2619
4190126424,60,2618
4190128804,106,2612
4190131364,150,2611
4190138525,97,2608
1158446,143,2606
1161276,187,2605
4190132247,74,2600
1154898,171,2597
4190124650,92,2596
1168225,43,2595
1159202,122,2595
4190131296,80,2590
4190128839,88,2589
4190125951,68,2580
1150234,43,2567
4190127750,69,2564
4190125324,84,2558
1163497,228,2554
1149488,126,2547
4190133990,82,2547
4190125762,46,2536
1157394,156,2535
4190126152,81,2528
1167303,77,2520
4190138397,43,2517
1166140,48,2506
1160089,196,2505
1168179,198,2498
30029371,142,2490
1162243,50,2488
4190128633,72,2481
4190133934,116,2480
4190135723,88,2475
4190129123,49,2474
4190135267,99,2474
1166380,125,2471
4190133568,59,2455
4190128413,87,2442
4190133377,52,2440
1155622,88,2439
4190124487,73,2433
4190131593,51,2430
1158452,129,2428
1155093,142,2428
1167220,149,2427
4190131515,109,2427
1163939,128,2421
4190130658,135,2421
1159832,160,2421
4190130664,135,2421
4190130365,107,2415
1155615,169,2408
4190131252,79,2408
1151231,160,2403
4190132664,70,2397
4190139025,153,2389
4190128297,58,2383
4190127277,63,2372
4190131222,103,2370
30030583,126,2368
4190134344,43,2363
4190128509,52,2361
4190135248,70,2354
1161114,38,2354
4190132231,50,2354
4190126053,83,2354
4190126225,48,2353
4190127110,114,2350
4190129467,46,2346
4190133845,60,2343
1154790,141,2341
4190124630,38,2340
4190135638,63,2340
4190136012,46,2335
4190132065,52,2333
1156689,38,2330
1165795,134,2326
4190127355,87,2326
4190140089,54,2324
1157028,50,2323
1154818,51,2322
4190127769,98,2322
4190128615,75,2315
4190125959,76,2315
4190124078,97,2314
4190135171,88,2311
4190134221,76,2310
4190135191,85,2310
4190133289,111,2309
4190139082,74,2308
4190129184,58,2305
4190128868,48,2303
4190132833,51,2301
1152311,97,2294
1162415,91,2293
1161169,90,2292
4190129507,72,2289
4190134092,52,2286
1164935,87,2284
4190133268,87,2282
1160058,177,2275
1151165,154,2272
4190125379,51,2271
1160106,65,2268
4190127229,62,2264
4190124541,50,2262
4190124990,52,2254
4190130413,62,2251
4190126490,48,2249
4190135145,99,2247
4190125939,82,2245
4190132593,80,2238
4190138462,83,2234
4190131716,46,2229
1089418,38,2226
1157140,74,2225
4190126884,54,2222
4190135284,79,2215
1166458,77,2206
4190124439,82,2205
4190138215,60,2188
4190124251,62,2186
1148599,121,2185
1148787,143,2182
1167112,137,2180
4190134524,47,2180
4190134983,104,2176
4190125326,48,2174
4190134315,75,2173
4190125873,73,2171
1168280,128,2165
1168160,189,2161
1164947,93,2158
4190127993,93,2145
4190139530,59,2142
4190129295,108,2142
4190124942,89,2137
4190133055,100,2137
1164945,70,2136
1168127,95,2128
1152327,136,2124
4190134374,74,2121
4190133298,161,2117
1149532,98,2115
1164762,43,2108
4190131332,70,2097
1150231,43,2090
1155839,115,2084
4190127846,55,2081
1147768,49,2074
4190135804,91,2074
4190135799,100,2068
4190128691,80,2067
4190139080,57,2065
4190128447,110,2063
4190132212,67,2055
1157081,49,2040
1165868,67,2032
1157567,132,2030
4190124797,69,2030
4190130002,38,2028
4190134542,80,2023
4190125730,56,2020
4190135293,85,2012
4190132378,38,2012
4190131640,67,2011
4190129023,88,2008
4190128977,87,2007
4190125267,43,2002
4190138854,173,2000
4190126531,85,1998
4190138204,112,1997
4190130824,85,1993
4190138520,80,1993
4190124934,55,1992
1157881,107,1978
4190124976,50,1974
4190129294,48,1972
4190133980,78,1963
4190138310,60,1962
4190132222,143,1961
4190135833,84,1960
4190140139,67,1960
1164842,140,1958
4190139223,71,1957
1157029,85,1954
1167621,95,1953
4190128011,57,1950
4190127453,47,1948
1164950,53,1948
4190139237,74,1947
4190128639,75,1940
1168060,102,1936
1155394,92,1930
4190126075,50,1928
1148840,119,1927
4190135904,79,1923
4190135532,60,1919
4190135176,76,1919
4190128926,49,1916
4190125300,90,1914
4190126920,73,1910
4190130581,61,1905
4190138203,93,1898
4190129702,55,1892
4190128693,47,1891
1166537,117,1886
4190138968,184,1885
4190137850,64,1882
4190128952,106,1879
4190131040,77,1876
1150716,120,1876
4190128984,93,1870
1161147,138,1865
4190126361,119,1862
1154469,53,1862
4190132223,67,1861
4190127428,111,1860
1150227,43,1858
4190139832,105,1858
4190129517,47,1852
4190126465,64,1848
4190132266,86,1845
4190136180,83,1844
4190124374,62,1837
4190135605,59,1835
4190138951,132,1835
4190138941,52,1829
1165771,53,1828
4190128753,59,1827
1150228,43,1825
1150214,38,1824
4190139502,99,1822
1167227,47,1821
1167372,74,1819
1150230,43,1818
4190140075,62,1811
4190138532,86,1811
4190139115,82,1809
1149388,46,1808
4190138401,38,1806
4190126916,56,1799
4190132061,81,1797
4190139869,63,1797
4190134204,76,1795
4190138389,70,1790
4190132523,81,1789
1163991,51,1788
4190134370,113,1787
4190124681,58,1785
4190128613,80,1784
4190132964,111,1781
4190132186,71,1777
4190137889,57,1774
1155280,83,1770
4190133524,70,1764
4190131737,76,1762
1165246,109,1757
4190132218,149,1755
4190124980,74,1739
4190138769,55,1738
4190130252,61,1737
4190133691,115,1736
4190133899,38,1736
1161115,48,1734
4190134880,47,1730
1167625,96,1728
4190125684,54,1727
4190128993,55,1719
4190125413,86,1717
4190128334,48,1715
4190124647,47,1711
4190127113,116,1708
4190131733,75,1707
1152297,86,1706
1158355,91,1701
4190138115,64,1701
4190127292,59,1696
1166786,145,1690
4190128755,49,1690
4190132410,123,1682
4190127963,111,1672
4190139542,46,1669
4190133242,71,1669
4190125906,50,1666
1164740,80,1665
4190132183,64,1663
4190132596,87,1662
4190132852,59,1662
4190132027,100,1662
4190131310,79,1659
4190128938,91,1653
4190132759,121,1650
4190139766,107,1645
4190130844,128,1644
4190134756,57,1642
4190128262,68,1641
4190129772,68,1637
4190131681,80,1635
4190138014,96,1631
4190132691,87,1630
4190137946,58,1628
4190130815,45,1627
4190139026,122,1623
4190138148,47,1618
4190135528,64,1613
1167622,76,1612
4190124833,54,1612
4190133563,76,1611
1165683,44,1610
4190127513,65,1605
4190128898,38,1604
4190130385,49,1603
1168135,64,1602
4190128429,54,1598
1148154,58,1597
4190125694,49,1596
4190136118,48,1592
4190125493,84,1591
4190124442,54,1587
1168118,38,1585
4190138526,46,1583
4190130768,69,1580
4190130609,77,1578
4190139609,61,1576
4190134942,56,1574
4190127142,71,1570
4190133829,49,1567
4190126219,48,1566
4190134191,38,1565
4190128066,48,1565
4190134862,43,1562
4190130327,61,1557
4190128760,47,1555
1162331,70,1554
4190128502,75,1552
1162455,148,1550
4190138506,51,1546
4190129357,44,1537
1156303,77,1536
4190132830,43,1533
4190138036,93,1529
4190126649,56,1527
4190138231,65,1524
4190125419,49,1522
4190128272,65,1520
4190130347,78,1519
4190132783,47,1517
4190126179,46,1516
1166462,50,1516
4190130450,65,1515
4190135620,52,1513
4190124119,107,1512
4190124187,48,1508
4190128593,66,1506
4190137923,47,1505
4190135252,82,1505
4190130701,44,1503
4190132788,74,1501
4190136116,59,1500
4190134969,64,1498
1164173,38,1497
4190139677,60,1496
4190124889,74,1496
4190133257,44,1493
4190128428,46,1490
1153138,54,1488
4190132972,44,1485
4190132048,72,1484
1166655,66,1479
4190139208,45,1477
1157575,109,1474
4190128264,57,1472
4190128654,46,1468
4190125218,43,1466
1166629,89,1465
1167620,63,1464
4190132856,67,1461
4190138585,46,1460
4190129319,53,1458
1157432,54,1457
4190128531,79,1456
4190134077,49,1456
4190134606,62,1453
1150307,83,1452
4190130975,97,1446
30033707,62,1445
1153158,61,1445
1166564,91,1445
4190131243,61,1443
4190138219,88,1443
4190134958,73,1440
1161093,126,1440
4190128832,88,1437
4190131114,47,1435
4190134322,65,1432
4190134304,65,1432
4190139354,90,1431
4190132622,106,1431
4190132658,47,1429
4190125855,88,1425
4190125038,57,1425
4190140046,50,1425
4190140003,82,1420
4190129509,61,1416
4190130729,38,1415
4190131684,79,1412
4190126944,44,1410
4190130459,54,1408
1167619,63,1408
30030634,58,1406
4190133500,62,1405
4190138202,50,1405
1156459,49,1400
4190136152,86,1397
4190138010,93,1396
4190138517,59,1395
4190132058,135,1395
4190129055,38,1394
1157011,141,1392
4190135005,87,1392
4190138514,48,1391
1167223,63,1390
4190127354,63,1390
1161811,72,1387
4190125423,83,1385
4190138283,46,1382
4190134369,74,1379
4190129222,70,1376
4190132861,65,1373
1167324,75,1372
4190126859,71,1363
4190139432,51,1363
4190138371,103,1360
4190135196,94,1360
4190134657,87,1358
4190126783,57,1355
4190125737,43,1353
1157942,67,1353
1162228,78,1349
1165772,57,1348
4190135774,44,1344
1165741,53,1344
4190126035,67,1341
4190138162,45,1341
1164911,65,1340
4190130525,50,1339
1152941,49,1339
4190135334,55,1334
4190139005,38,1328
4190138510,43,1328
1149210,49,1327
4190131772,62,1326
4190124212,38,1324
4190139682,82,1322
1162194,97,1320
4190134660,50,1316
4190128287,74,1311
4190134790,38,1310
4190138012,95,1308
4190133781,81,1307
4190124575,72,1307
4190125707,44,1300
4190125969,44,1300
4190134174,68,1298
4190131857,83,1298
1163725,68,1297
4190135150,45,1296
1155255,70,1295
1156927,63,1293
4190128949,38,1292
4190133519,81,1292
4190134732,61,1288
4190125051,53,1287
1161175,106,1284
4190133301,74,1282
4190128841,38,1281
1164914,66,1281
4190133002,49,1280
1162464,52,1278
4190139987,38,1276
4190138626,44,1276
4190128612,48,1275
1159044,65,1269
4190139828,38,1269
4190138515,66,1267
4190138046,75,1266
1157429,44,1264
4190136073,46,1264
4190125034,44,1263
1166468,71,1263
1155692,46,1262
4190140070,43,1260
4190132919,59,1258
1166517,48,1258
4190128135,76,1257
1160070,52,1256
1166001,55,1256
4190124983,77,1256
1156262,111,1252
1165703,43,1249
1156864,53,1245
4190131187,61,1244
4190128184,56,1244
1155053,86,1241
4190125332,61,1241
1166661,87,1240
4190131641,43,1238
4190126300,61,1238
4190125854,57,1237
4190129587,68,1237
4190129022,51,1236
4190134355,50,1235
4190124527,55,1230
1164925,78,1230
4190138534,66,1228
1152158,86,1228
4190139242,87,1227
1155687,78,1226
1156170,67,1225
1165875,76,1222
4190132427,58,1221
4190127293,59,1220
4190133103,72,1220
4190125971,52,1220
4190130599,70,1220
4190137992,59,1208
4190140058,56,1207
4190132819,87,1206
1154153,43,1206
1156959,76,1205
4190129945,72,1204
1164623,45,1204
4190135411,38,1203
4190139008,84,1202
4190128871,52,1202
4190134226,49,1200
4190138625,79,1198
4190128227,48,1193
4190134359,63,1185
4190131989,67,1183
4190131390,45,1181
4190134703,61,1180
4190132690,59,1178
4190132209,52,1177
4190132611,101,1173
1165867,122,1173
1161204,45,1173
4190132602,101,1173
1162394,69,1173
4190132603,101,1173
4190132604,101,1173
1165842,72,1172
4190128302,49,1172
1155552,73,1169
4190135803,50,1168
4190132928,72,1166
4190139395,69,1166
4190132694,58,1166
4190125753,43,1165
4190131622,56,1164
4190132820,141,1164
4190132917,43,1163
4190125518,63,1163
4190132093,48,1161
4190138677,43,1159
4190139585,49,1159
4190128145,88,1159
4190135696,43,1158
4190135621,43,1158
4190134452,46,1158
4190134886,51,1157
4190133145,75,1156
4190133472,52,1154
4190124520,52,1153
1155639,118,1152
4190128293,57,1151
4190132799,43,1147
1164804,78,1145
4190129251,52,1143
4190134647,64,1143
1164941,57,1142
4190135209,78,1141
4190134442,58,1141
4190130058,77,1141
1155528,38,1137
4190124174,38,1136
4190126106,43,1134
4190125482,77,1133
4190139875,70,1132
1149172,50,1131
1164942,57,1130
1167096,66,1128
4190128430,70,1126
4190138009,81,1124
4190132289,45,1122
4190130562,60,1122
4190126425,43,1116
4190127204,38,1116
4190133818,81,1114
4190135518,47,1114
4190133958,56,1113
1150007,64,1110
4190132894,61,1109
4190132893,61,1109
4190129211,65,1108
4190138096,44,1101
4190140031,72,1098
4190125647,59,1098
4190140175,43,1097
4190131043,51,1097
4190124221,53,1094
4190128436,52,1093
4190124448,45,1091
4190131778,47,1089
4190125832,55,1087
4190124816,55,1086
4190129684,50,1085
4190133924,69,1084
4190131602,63,1082
1158428,57,1082
1156375,50,1080
4190132857,61,1080
1158280,70,1078
4190131635,61,1078
4190138243,54,1077
4190125301,51,1075
1149530,78,1072
4190129664,79,1072
4190130276,81,1071
4190129523,43,1064
4190129455,65,1062
4190126687,76,1061
4190135282,46,1060
4190134738,48,1059
4190131553,63,1059
4190133553,44,1058
4190133281,74,1055
4190129463,55,1055
4190135112,38,1055
4190138748,57,1055
4190139653,45,1052
4190129678,51,1051
4190133162,54,1049
4190132217,59,1047
1164923,46,1046
4190134140,45,1046
4190134249,53,1045
4190130906,66,1044
4190126401,75,1043
4190133010,46,1040
4190133937,51,1038
4190134011,38,1036
4190133780,61,1035
4190133012,90,1026
4190132757,46,1022
4190125466,49,1021
4190131445,52,1019
4190134566,69,1018
4190124144,76,1017
4190139275,82,1016
4190126321,64,1012
4190124909,48,1012
4190139586,54,1010
4190132835,48,1010
4190132107,53,1005
4190132545,51,1005
4190132913,47,1001
4190129223,50,998
1160349,62,997
4190128180,50,997
4190139591,58,994
4190124742,59,991
4190130268,47,988
4190128407,38,987
4190129008,66,986
1165686,59,986
4190129477,54,983
1148729,58,980
4190132800,50,979
4190137867,51,976
4190130548,48,975
1156171,47,972
4190130306,50,971
1155613,73,969
4190129143,50,967
4190128232,80,967
4190126052,72,966
4190128787,48,964
4190138527,44,956
4190134233,62,956
4190139989,51,955
4190131884,43,950
1152495,63,947
1161752,65,947
1155009,48,946
4190133538,58,946
4190131285,49,945
4190134509,57,943
4190134259,52,940
1164924,53,940
4190131545,43,939
4190128829,44,938
4190132600,53,937
4190130905,66,934
4190138540,53,930
4190138277,43,929
4190132370,49,928
4190124622,53,927
4190133304,55,927
4190126393,54,926
4190139029,49,924
4190126058,71,921
4190128348,48,921
1164794,38,916
4190127177,62,915
1155618,58,915
4190138356,77,915
4190132889,51,913
4190140072,55,913
4190133487,47,910
1167091,144,904
4190125839,53,903
1158393,61,900
1148716,56,899
4190127686,48,898
4190139443,49,896
4190138498,50,895
4190130302,48,894
4190126142,49,893
4190125302,45,891
1168190,56,891
4190132347,50,889
4190139523,59,886
4190129753,44,885
1152459,51,882
4190128750,46,876
4190133441,76,875
4190134045,48,873
4190124866,44,871
4190132970,56,870
4190128757,44,869
1159282,73,869
4190126749,70,868
4190133047,43,864
4190134686,47,864
4190137890,55,863
4190139539,73,862
1167259,64,862
1161816,73,858
4190134269,68,854
4190132152,62,851
4190132110,64,849
4190126501,50,848
4190134360,78,847
1157569,49,846
4190127144,38,846
4190134723,49,839
4190128542,38,837
4190132178,70,835
4190134286,50,833
4190135436,50,832
1159284,59,832
4190133459,49,829
1161815,58,828
4190133644,52,822
4190128958,54,821
4190132590,45,820
4190139367,46,819
1147732,45,816
1166843,55,816
4190132595,56,814
4190126899,44,813
4190128204,52,813
1159281,67,810
1154979,62,809
4190133471,52,807
4190134086,47,806
1166465,79,806
1155523,44,804
4190126533,50,803
4190128255,44,802
4190132112,55,797
1148164,59,797
4190130728,47,794
4190132445,74,794
1161813,60,793
4190139246,62,792
1155114,72,790
4190139370,64,784
4190132814,44,783
4190133541,58,782
4190138783,65,779
4190134634,45,777
4190126306,60,777
1157047,50,774
4190124461,68,773
1225547909,70,770
4190133354,45,768
4190132432,38,768
4190132474,46,766
4190128112,52,766
4190140025,77,765
4190134848,47,764
1164931,48,764
4190131936,65,763
4190132277,55,761
4190124098,47,759
4190125903,57,757
4190133308,49,757
1161814,69,756
1155635,48,756
4190131573,47,756
1165787,52,756
4190126236,58,755
4190133715,43,754
4190139436,47,753
1164845,45,753
1155606,45,751
4190125926,43,746
4190131403,49,743
4190128136,38,741
4190138195,59,740
4190139392,52,737
4190124919,48,736
1149531,44,735
1162195,55,734
1164217,38,732
4190134949,70,731
4190131291,51,731
4190139524,46,730
4190127003,48,726
4190138471,44,725
4190133901,44,723
4190139532,48,723
1168191,52,722
1165958,51,721
4190124401,74,721
4190139607,43,720
4190126838,43,718
4190138483,43,716
1225756885,53,714
4190134480,54,713
4190127549,55,712
4190129158,48,710
1166607,45,708
4190135908,45,704
4190132886,47,703
4190132643,44,701
4190128622,52,697
4190135939,43,696
1165707,47,696
4190124881,51,692
4190126125,49,692
1150248,38,691
4190124530,68,688
4190127990,47,686
1166632,51,685
1166847,47,685
4190128678,50,681
1162377,67,673
4190124891,58,673
4190126699,43,673
4190126205,49,669
4190126751,44,666
4190135154,50,664
1164974,44,663
4190126943,60,661
4190138853,49,659
4190133593,48,653
4190132435,57,651
1161812,57,651
4190132908,38,648
1168124,57,648
4190124782,46,641
4190124333,38,640
4190132066,70,638
4190131047,46,637
4190125677,44,622
4190132578,51,619
4190138611,46,616
4190133950,77,615
4190124766,43,612
4190132118,53,609
1159283,68,608
1164952,61,605
1167222,47,596
4190134317,56,594
1157583,52,594
1168259,38,593
1164719,44,593
4190138654,52,593
4190124762,57,583
4190134115,55,582
4190132346,68,582
4190131672,59,582
4190132313,68,582
1162239,47,581
4190131954,51,579
4190135930,38,574
4190132434,70,570
1162358,46,569
1159286,58,568
1166385,49,566
4190138927,43,563
4190135832,47,560
4190132243,52,554
4190130007,46,553
4190126283,45,551
1164811,45,551
30032083,43,548
4190132544,65,546
4190139893,90,546
4190138721,45,545
4190140124,38,542
4190131743,38,535
4190128688,46,532
4190129241,38,525
4190128441,47,522
4190134066,53,511
4190139235,51,511
1164851,45,499
4190133068,48,490
4190132026,59,486
4190138772,46,484
4190127316,50,482
4190132458,59,481
4190132537,84,475
4190131287,38,473
4190138266,38,471
4190124512,48,468
4190132937,43,464
4190133955,72,462
1157519,115,460
1166137,67,459
1225514270,54,456
4190133952,70,456
1156963,64,452
4190132672,38,445
1159280,47,443
4190138911,54,442
4190134903,52,441
4190133957,75,440
4190127344,45,435
4190132400,50,433
4190124406,60,433
4190126294,56,432
4190135027,47,431
4190124489,60,422
4190127446,48,422
4190133951,59,408
1159082,38,400
4190133956,61,396
1164915,57,394
1151241,384,392
1166417,38,392
4190134093,48,385
1157457,46,385
1164906,44,381
4190127471,43,377
4190124499,45,375
4190131988,62,365
1225262712,49,360
4190135015,38,351
4190132816,51,342
4190127011,44,333
4190133954,48,315
4190138480,38,278
1155707,47,268
1151253,235,235
1161186,227,229
1151399,223,223
4190135453,45,199
1157068,190,190
4190126299,38,186
1162446,155,155
1162314,138,138
1152165,134,134
1167061,129,129
1162232,127,127
1162262,126,126
1151395,117,117
1161420,107,107
1166483,102,102
1165582,102,102
1162502,101,101
1158337,100,100
1161184,96,96
1161411,93,95
1161183,93,95
1163954,93,93
1161185,88,90
1162436,84,84
1162434,84,84
1162435,84,84
1152302,83,83
1152215,77,77
1151876,77,77
1151894,71,71
1163861,70,70
1157035,70,70
1156161,63,63
1152301,60,60
1155467,60,60
1163823,56,56
1158231,54,54
1157538,53,53
1160413,51,51
1160202,50,50
1158326,47,47
1159292,44,44
